timestamp,run_id,mode,zone_temp_c_SPACE1-1,zone_temp_c_SPACE2-1,zone_temp_c_SPACE3-1,zone_temp_c_SPACE4-1,zone_temp_c_SPACE5-1,zone_occupant_count_SPACE1-1,zone_occupant_count_SPACE2-1,zone_occupant_count_SPACE3-1,zone_occupant_count_SPACE4-1,zone_occupant_count_SPACE5-1,outdoor_temp_c,heating_setpoint_c,cooling_setpoint_c,hvac_electricity_interval_kwh,hvac_electricity_cumulative_kwh,hvac_gas_interval_kwh,hvac_gas_cumulative_kwh
1986-07-14T00:15:00,demo_final_july_week,baseline,21.364269521732513,21.35819223872294,21.348155285767742,21.501239952372018,21.524457811040985,0.0,0.0,0.0,0.0,0.0,20.025000000000002,18.0,27.0,0.0,0.0,0.0,0.0
1986-07-14T00:30:00,demo_final_july_week,baseline,21.292757646896344,21.2938799492873,21.27394235304583,21.418131845172567,21.48290213757891,0.0,0.0,0.0,0.0,0.0,19.450000000000003,18.0,27.0,0.0,0.0,0.0,0.0
1986-07-14T00:45:00,demo_final_july_week,baseline,21.211705451462404,21.221657381900318,21.18887279638627,21.32956978117241,21.443563071577554,0.0,0.0,0.0,0.0,0.0,18.875,18.0,27.0,0.0,0.0,0.0,0.0
1986-07-14T01:00:00,demo_final_july_week,baseline,21.126275758772934,21.145188734542252,21.09869356879237,21.23890173098825,21.405646842756404,0.0,0.0,0.0,0.0,0.0,18.3,18.0,27.0,0.0,0.0,0.0,0.0
1986-07-14T01:15:00,demo_final_july_week,baseline,21.053884417603694,21.07941666611457,21.022711000929498,21.160576826941842,21.36868795198187,0.0,0.0,0.0,0.0,0.0,18.175,18.0,27.0,0.0,0.0,0.0,0.0
1986-07-14T01:30:00,demo_final_july_week,baseline,20.99317102353061,21.022477397990865,20.960162506163957,21.09317008658091,21.332453746351675,0.0,0.0,0.0,0.0,0.0,18.05,18.0,27.0,0.0,0.0,0.0,0.0
1986-07-14T01:45:00,demo_final_july_week,baseline,20.938124265196123,20.969389588525456,20.903641026354443,21.03064883955915,21.297000179106593,0.0,0.0,0.0,0.0,0.0,17.925,18.0,27.0,0.0,0.0,0.0,0.0
1986-07-14T02:00:00,demo_final_july_week,baseline,20.885274700321673,20.917838383818378,20.849644992384956,20.970987422652676,21.262505054483704,0.0,0.0,0.0,0.0,0.0,17.8,18.0,27.0,0.0,0.0,0.0,0.0
1986-07-14T02:15:00,demo_final_july_week,baseline,20.83325273149563,20.86705144938134,20.79680762689874,20.913240809249533,21.22910560102338,0.0,0.0,0.0,0.0,0.0,17.650000000000002,18.0,27.0,0.0,0.0,0.0,0.0
1986-07-14T02:30:00,demo_final_july_week,baseline,20.782500198957223,20.817573650479645,20.745486452153095,20.857718629051657,21.196837035864554,0.0,0.0,0.0,0.0,0.0,17.5,18.0,27.0,0.0,0.0,0.0,0.0
1986-07-14T02:45:00,demo_final_july_week,baseline,20.73335309220213,20.769657810517394,20.695943259157584,20.804533440515772,21.165662207620148,0.0,0.0,0.0,0.0,0.0,17.349999999999998,18.0,27.0,0.0,0.0,0.0,0.0
1986-07-14T03:00:00,demo_final_july_week,baseline,20.692098795828507,20.723189082587485,20.659027464028476,20.75348080980094,21.135518681127923,0.0,0.0,0.0,0.0,0.0,17.2,18.0,27.0,0.0,0.0,0.0,0.0
1986-07-14T03:15:00,demo_final_july_week,baseline,20.659806849297564,20.682048023744272,20.629880144591883,20.708546784130746,21.106378647053276,0.0,0.0,0.0,0.0,0.0,17.2,18.0,27.0,0.0,0.0,0.0,0.0
1986-07-14T03:30:00,demo_final_july_week,baseline,20.632694395145254,20.654561026921993,20.60421196488181,20.676933724771636,21.078312718292043,0.0,0.0,0.0,0.0,0.0,17.2,18.0,27.0,0.0,0.0,0.0,0.0
1986-07-14T03:45:00,demo_final_july_week,baseline,20.608127981138892,20.63091181488833,20.580724930890916,20.650135752911922,21.051441977431946,0.0,0.0,0.0,0.0,0.0,17.2,18.0,27.0,0.0,0.0,0.0,0.0
1986-07-14T04:00:00,demo_final_july_week,baseline,20.58564318084812,20.608107342271953,20.55941097631853,20.62449876971081,21.02586532420471,0.0,0.0,0.0,0.0,0.0,17.2,18.0,27.0,0.0,0.0,0.0,0.0
1986-07-14T04:15:00,demo_final_july_week,baseline,20.571257580764474,20.59124742593327,20.54584061418757,20.605451249242297,21.001643596780323,0.0,0.0,0.0,0.0,0.0,17.474999999999998,18.0,27.0,0.0,0.0,0.0,0.0
1986-07-14T04:30:00,demo_final_july_week,baseline,20.563686306299033,20.58004648982758,20.538863469647474,20.592441882589316,20.978863402143183,0.0,0.0,0.0,0.0,0.0,17.75,18.0,27.0,0.0,0.0,0.0,0.0
1986-07-14T04:45:00,demo_final_july_week,baseline,20.572870800989417,20.638792052470496,20.63868001785737,20.602640289753456,20.95852787335605,0.0,0.0,0.0,0.0,0.0,18.025000000000002,18.0,27.0,0.0,0.0,0.0,0.0
1986-07-14T05:00:00,demo_final_july_week,baseline,20.594600187528115,20.75927807206129,20.820236811811085,20.630632474138658,20.943569717426435,0.0,0.0,0.0,0.0,0.0,18.3,18.0,27.0,0.0,0.0,0.0,0.0
1986-07-14T05:15:00,demo_final_july_week,baseline,20.62443779862516,20.920952487264767,21.038371213871173,20.67006149954241,20.934502053171393,0.0,0.0,0.0,0.0,0.0,18.575000000000003,18.0,27.0,0.0,0.0,0.0,0.0
1986-07-14T05:30:00,demo_final_july_week,baseline,20.665314827955832,21.14192091887679,21.305964462466722,20.721947476493042,20.9323618283816,0.0,0.0,0.0,0.0,0.0,18.85,18.0,27.0,0.0,0.0,0.0,0.0
1986-07-14T05:45:00,demo_final_july_week,baseline,20.72524618651556,21.365280270632223,21.54639839034304,20.80717354632337,20.93749409007184,0.0,0.0,0.0,0.0,0.0,19.125,18.0,27.0,0.0,0.0,0.0,0.0
1986-07-14T06:00:00,demo_final_july_week,baseline,20.80337156426336,21.597592681516534,21.76926762859839,20.916652813533478,20.949136997400174,0.0,0.0,0.0,0.0,0.0,19.4,18.0,27.0,0.0,0.0,0.0,0.0
1986-07-14T06:23:00,demo_final_july_week,baseline,21.000623139691697,21.00979549423123,21.325804304192058,20.999099666116557,21.000895039682995,0.0,0.0,0.0,0.0,0.0,19.7,21.0,24.0,0.09183615471624539,0.09183615471624539,0.6864931552493617,0.6864931552493617
1986-07-14T06:30:00,demo_final_july_week,baseline,21.000948065969936,21.00120597470991,21.257747381347492,20.99939298489742,21.00085452025258,0.0,0.0,0.0,0.0,0.0,20.0,21.0,24.0,0.09183615471624539,0.18367230943249077,0.5840942913364231,1.2705874465857847
1986-07-14T06:45:00,demo_final_july_week,baseline,21.001273691484528,21.00011134046327,21.331193353881684,20.999188996202527,21.000870383695577,0.0,0.0,0.0,0.0,0.0,20.3,21.0,24.0,0.09183615471624539,0.27550846414873614,0.5268542692054027,1.7974417157911873
1986-07-14T07:00:00,demo_final_july_week,baseline,21.000543547609766,21.050897812162397,21.498377109356213,20.998624483375924,21.0010058530149,0.0,0.0,0.0,0.0,0.0,20.6,21.0,24.0,0.09183615471624539,0.36734461886498154,0.453528965805702,2.2509706815968893
1986-07-14T07:15:00,demo_final_july_week,baseline,21.000176576637102,21.25115258495092,21.690162361863507,20.998880704555795,21.000809556115968,0.0,0.0,0.0,0.0,0.0,20.875,21.0,24.0,0.09183615471624539,0.45918077358122694,0.40816582139470936,2.6591365029915988
1986-07-14T07:30:00,demo_final_july_week,baseline,21.000675268577947,21.52338155384123,21.866878907712188,21.000118773808293,21.00083913415807,0.0,0.0,0.0,0.0,0.0,21.15,21.0,24.0,0.09183615471624539,0.5510169282974723,0.3656619038037263,3.024798406795325
1986-07-14T07:45:00,demo_final_july_week,baseline,20.999409227926897,21.77171946147602,22.02503904700357,21.000282742408032,21.00102264303596,0.0,0.0,0.0,0.0,0.0,21.424999999999997,21.0,24.0,0.09183615471624539,0.6428530830137177,0.3181127054349957,3.342911112230321
1986-07-14T08:00:00,demo_final_july_week,baseline,21.00029042503738,21.949061499812746,22.138209473581284,20.99959761980485,21.000021010747798,0.0,0.0,0.0,0.0,0.0,21.7,21.0,24.0,0.09183615471624539,0.7346892377299631,0.2780505745408553,3.6209616867711762
1986-07-14T08:19:00,demo_final_july_week,baseline,22.018434000721367,23.136847800349184,23.621554128480188,21.582032850030952,22.37133664400235,11.0,5.0,11.0,5.0,20.0,21.974999999999998,21.0,24.0,0.09183615471624539,0.8265253924462085,0.0,3.6209616867711762
1986-07-14T08:35:00,demo_final_july_week,baseline,22.667460451115943,23.7459529585288,23.996792832235617,21.97001855277582,22.808396773216025,11.0,5.0,11.0,5.0,20.0,22.25,21.0,24.0,0.09218243135755196,0.9187078238037605,0.0,3.6209616867711762
1986-07-14T08:53:00,demo_final_july_week,baseline,23.043613463492026,23.995465644751548,23.9989461206422,22.233701986685524,23.139751385291458,11.0,5.0,11.0,5.0,20.0,22.525000000000002,21.0,24.0,0.09377839378671908,1.0124862175904796,0.0,3.6209616867711762
1986-07-14T09:08:00,demo_final_july_week,baseline,23.385323176822087,23.998909411110414,23.9992611024792,22.47970854407266,23.423168982075595,11.0,5.0,11.0,5.0,20.0,22.8,21.0,24.0,0.09483972010237696,1.1073259376928566,0.0,3.6209616867711762
1986-07-14T09:23:00,demo_final_july_week,baseline,23.98727115492993,23.998837328512973,23.998941137459198,23.059656598691607,23.992822825159703,11.0,5.0,11.0,5.0,20.0,22.925,21.0,24.0,0.0998233565179603,1.2071492942108168,0.0,3.6209616867711762
1986-07-14T09:38:00,demo_final_july_week,baseline,23.998629822800623,23.998794892980513,23.998876981086145,23.376507657736195,23.999001319326446,11.0,5.0,11.0,5.0,20.0,23.05,21.0,24.0,0.1076079541463859,1.3147572483572028,0.0,3.6209616867711762
1986-07-14T09:53:00,demo_final_july_week,baseline,23.99885115205714,23.998754261437288,23.998817434526565,23.59334804408205,23.998982860417836,11.0,5.0,11.0,5.0,20.0,23.175,21.0,24.0,0.11108457111758388,1.4258418194747866,0.0,3.6209616867711762
1986-07-14T10:00:00,demo_final_july_week,baseline,23.99824446105192,23.99825794152339,23.99827857196653,23.745966067942476,23.99844581000021,11.0,5.0,11.0,5.0,20.0,23.3,21.0,24.0,0.11417266048749537,1.540014479962282,0.0,3.6209616867711762
1986-07-14T10:15:00,demo_final_july_week,baseline,23.998043500859527,23.99843149826005,23.99815820837767,23.939493736615173,23.997862409667867,11.0,5.0,11.0,5.0,20.0,23.450000000000003,21.0,24.0,0.11767367380906057,1.6576881537713426,0.0,3.6209616867711762
1986-07-14T10:30:00,demo_final_july_week,baseline,23.997964460318357,23.998482717351127,23.998109048581707,23.991048043515367,23.997739105480044,11.0,5.0,11.0,5.0,20.0,23.6,21.0,24.0,0.12149038605918293,1.7791785398305255,0.0,3.6209616867711762
1986-07-14T10:45:00,demo_final_july_week,baseline,23.99797644173323,23.998551272145463,23.998124420078916,23.997298973468116,23.99769982708638,11.0,5.0,11.0,5.0,20.0,23.749999999999996,21.0,24.0,0.12331755661247737,1.9024960964430029,0.0,3.6209616867711762
1986-07-14T11:00:00,demo_final_july_week,baseline,23.998022961556092,23.99861361568656,23.99815489771201,23.998057277822856,23.997692499110507,11.0,5.0,11.0,5.0,20.0,23.9,21.0,24.0,0.12443964219418159,2.0269357386371847,0.0,3.6209616867711762
1986-07-14T11:15:00,demo_final_july_week,baseline,23.99821373708497,23.99874898771479,23.998312718302593,23.99829601257425,23.997929889653214,8.8,4.0,8.8,4.0,16.0,24.025,21.0,24.0,0.1184600047699238,2.1453957434071085,0.0,3.6209616867711762
1986-07-14T11:30:00,demo_final_july_week,baseline,23.99831496569644,23.998614732877172,23.99839853785225,23.998389685271487,23.997994164355674,8.8,4.0,8.8,4.0,16.0,24.15,21.0,24.0,0.11821311261427413,2.2636088560213827,0.0,3.6209616867711762
1986-07-14T11:45:00,demo_final_july_week,baseline,23.99840024131807,23.99866034431596,23.99847207590691,23.998472969293385,23.998056077502778,8.8,4.0,8.8,4.0,16.0,24.275,21.0,24.0,0.11822513277479038,2.3818339887961733,0.0,3.6209616867711762
1986-07-14T12:00:00,demo_final_july_week,baseline,23.998463693156292,23.99870906571951,23.99852318565523,23.998532530838812,23.998111624936715,8.8,4.0,8.8,4.0,16.0,24.4,21.0,24.0,0.11823598399461516,2.5000699727907882,0.0,3.6209616867711762
1986-07-14T12:15:00,demo_final_july_week,baseline,23.998757227755235,23.998937508698212,23.998790742045337,23.998803987665028,23.99856947041092,4.4,2.0,4.4,2.0,8.0,24.549999999999997,21.0,24.0,0.10768172458562825,2.6077516973764165,0.0,3.6209616867711762
1986-07-14T12:30:00,demo_final_july_week,baseline,23.99887654201712,23.999065765458656,23.99890704234012,23.998925245445804,23.998679158838456,4.4,2.0,4.4,2.0,8.0,24.7,21.0,24.0,0.10690517687561206,2.7146568742520287,0.0,3.6209616867711762
1986-07-14T12:45:00,demo_final_july_week,baseline,23.999013077034377,23.999218944103408,23.99905429430864,23.998033429082938,23.998784603570414,4.4,2.0,4.4,2.0,8.0,24.85,21.0,24.0,0.10617555682360358,2.8208324310756323,0.0,3.6209616867711762
1986-07-14T13:00:00,demo_final_july_week,baseline,23.999116357238698,23.99930809426304,23.9991616414305,23.99905153853956,23.99887265438273,4.4,2.0,4.4,2.0,8.0,25.0,21.0,24.0,0.1059065876421634,2.9267390187177957,0.0,3.6209616867711762
1986-07-14T13:15:00,demo_final_july_week,baseline,23.998995608490873,23.999182517547293,23.99904549896085,23.999018259763037,23.998624265547054,8.8,4.0,8.8,4.0,16.0,24.85,21.0,24.0,0.11488370745746239,3.041622726175258,0.0,3.6209616867711762
1986-07-14T13:30:00,demo_final_july_week,baseline,23.99894211884616,23.99908646860183,23.99898386123462,23.99893459395317,23.99859798364247,8.8,4.0,8.8,4.0,16.0,24.7,21.0,24.0,0.1155861382598816,3.1572088644351397,0.0,3.6209616867711762
1986-07-14T13:45:00,demo_final_july_week,baseline,23.99881760875664,23.99892682392049,23.998849467913136,23.99875423288107,23.99853027868435,8.8,4.0,8.8,4.0,16.0,24.549999999999997,21.0,24.0,0.1165131104160335,3.273721974851173,0.0,3.6209616867711762
1986-07-14T14:00:00,demo_final_july_week,baseline,23.998703828703768,23.998802327345594,23.998734912983107,23.998585804602047,23.998460083689835,8.8,4.0,8.8,4.0,16.0,24.4,21.0,24.0,0.11756224999189106,3.3912842248430644,0.0,3.6209616867711762
1986-07-14T14:15:00,demo_final_july_week,baseline,23.998579711765768,23.998679113261336,23.998608599402356,23.998426403317623,23.998333450886534,11.0,5.0,11.0,5.0,20.0,24.275,21.0,24.0,0.1218197192397699,3.513103944082834,0.0,3.6209616867711762
1986-07-14T14:30:00,demo_final_july_week,baseline,23.998463634111467,23.998559550464744,23.99848826597943,23.9982818827359,23.998230220190557,11.0,5.0,11.0,5.0,20.0,24.15,21.0,24.0,0.12417083030888458,3.637274774391719,0.0,3.6209616867711762
1986-07-14T14:45:00,demo_final_july_week,baseline,23.998365381453592,23.998460747916553,23.99839072505031,23.99817295196088,23.998127896578232,11.0,5.0,11.0,5.0,20.0,24.025,21.0,24.0,0.1258013309272606,3.7630761053189796,0.0,3.6209616867711762
1986-07-14T15:00:00,demo_final_july_week,baseline,23.99830298742184,23.998401134414436,23.99833118648734,23.998121342070082,23.998047102185996,11.0,5.0,11.0,5.0,20.0,23.9,21.0,24.0,0.1271215216696873,3.890197626988667,0.0,3.6209616867711762
1986-07-14T15:15:00,demo_final_july_week,baseline,23.998349885033875,23.99844492327526,23.99838176513947,23.99843509419322,23.998118273861873,11.0,5.0,11.0,5.0,20.0,23.749999999999996,21.0,24.0,0.12408447598546074,4.014282102974128,0.0,3.6209616867711762
1986-07-14T15:30:00,demo_final_july_week,baseline,23.99833040914546,23.998427087715125,23.99836439943704,23.99847103330815,23.99807704250322,11.0,5.0,11.0,5.0,20.0,23.6,21.0,24.0,0.12503357071874843,4.139315673692876,0.0,3.6209616867711762
1986-07-14T15:45:00,demo_final_july_week,baseline,23.998330828964598,23.998417039748837,23.99835482246774,23.998521532580344,23.998034625087485,11.0,5.0,11.0,5.0,20.0,23.450000000000003,21.0,24.0,0.12464014265730325,4.263955816350179,0.0,3.6209616867711762
1986-07-14T16:00:00,demo_final_july_week,baseline,23.998338108251136,23.998413246976927,23.998351194393425,23.998579033589568,23.99800486813537,11.0,5.0,11.0,5.0,20.0,23.3,21.0,24.0,0.1239559276755709,4.387911744025749,0.0,3.6209616867711762
1986-07-14T16:15:00,demo_final_july_week,baseline,23.998523298392946,23.99857470420244,23.998528161024396,23.99875449365559,23.99826098833161,11.0,5.0,11.0,5.0,20.0,23.025000000000002,21.0,24.0,0.11505020684259756,4.502961950868347,0.0,3.6209616867711762
1986-07-14T16:30:00,demo_final_july_week,baseline,23.998543180759263,23.998567948778607,23.99852476508395,23.998794990226006,23.998241287464545,11.0,5.0,11.0,5.0,20.0,22.75,21.0,24.0,0.1129262301334422,4.615888181001789,0.0,3.6209616867711762
1986-07-14T16:45:00,demo_final_july_week,baseline,23.998517603314536,23.998540637735243,23.998499119925828,23.99874551207673,23.998188292138533,11.0,5.0,11.0,5.0,20.0,22.474999999999998,21.0,24.0,0.11162446765690942,4.727512648658698,0.0,3.6209616867711762
1986-07-14T17:00:00,demo_final_july_week,baseline,23.998498102704485,23.99852637523857,23.998485328512352,23.998693318697004,23.998141703124954,11.0,5.0,11.0,5.0,20.0,22.2,21.0,24.0,0.11040014658813962,4.8379127952468375,0.0,3.6209616867711762
1986-07-14T17:15:00,demo_final_july_week,baseline,23.99847512013781,23.973778447544348,23.998476381450327,23.998630051150858,23.998104140936366,11.0,5.0,11.0,5.0,20.0,21.924999999999997,21.0,24.0,0.10976745528735993,4.947680250534197,0.0,3.6209616867711762
1986-07-14T17:30:00,demo_final_july_week,baseline,23.998480661182427,23.90847064492237,23.998486690087717,23.998613501049302,23.998081722879864,11.0,5.0,11.0,5.0,20.0,21.65,21.0,24.0,0.10894107310352616,5.0566213236377235,0.0,3.6209616867711762
1986-07-14T17:45:00,demo_final_july_week,baseline,23.998506771960862,23.81958217464555,23.99850700763007,23.998665853955465,23.998071502365047,11.0,5.0,11.0,5.0,20.0,21.375,21.0,24.0,0.10754350419140206,5.164164827829126,0.0,3.6209616867711762
1986-07-14T18:00:00,demo_final_july_week,baseline,23.99853504562906,23.721366702438694,23.998529695154083,23.99872693839238,23.99806779851272,11.0,5.0,11.0,5.0,20.0,21.1,21.0,24.0,0.10598310688235386,5.2701479347114795,0.0,3.6209616867711762
1986-07-14T18:23:00,demo_final_july_week,baseline,23.90260689210145,23.08230803511949,23.89061631410023,23.999380250826793,23.99941242227672,5.5,2.5,5.5,2.5,10.0,20.975,21.0,24.0,0.09380910669054315,5.363957041402022,0.0,3.6209616867711762
1986-07-14T18:38:00,demo_final_july_week,baseline,23.735561677372925,22.74815726962368,23.719901677155228,23.999434162446292,23.99943913129407,5.5,2.5,5.5,2.5,10.0,20.85,21.0,24.0,0.09300861966225119,5.456965661064274,0.0,3.6209616867711762
1986-07-14T18:45:00,demo_final_july_week,baseline,23.59934527534697,22.550301361308858,23.583836943636644,23.99929830931855,23.966988196320823,5.5,2.5,5.5,2.5,10.0,20.725,21.0,24.0,0.09251598325198644,5.54948164431626,0.0,3.6209616867711762
1986-07-14T19:00:00,demo_final_july_week,baseline,23.434409905875217,22.375415495301493,23.42324072628224,23.999349100669228,23.905538765965932,5.5,2.5,5.5,2.5,10.0,20.6,21.0,24.0,0.09192342891498219,5.641405073231242,0.0,3.6209616867711762
1986-07-14T19:23:00,demo_final_july_week,baseline,22.839615596095868,21.774807921841205,22.835317840556346,23.350508953688053,23.34695296213858,0.0,0.0,0.0,0.0,0.0,20.6,21.0,24.0,0.09183615471624539,5.733241227947487,0.0,3.6209616867711762
1986-07-14T19:38:00,demo_final_july_week,baseline,22.453734025189796,21.48837356499548,22.448006427635775,22.798195184448087,22.933762203309627,0.0,0.0,0.0,0.0,0.0,20.6,21.0,24.0,0.09183615471624539,5.825077382663732,0.0,3.6209616867711762
1986-07-14T19:53:00,demo_final_july_week,baseline,22.207818254107806,21.298722781728017,22.20390931060822,22.410330818655748,22.69987298013711,0.0,0.0,0.0,0.0,0.0,20.6,21.0,24.0,0.09183615471624539,5.916913537379977,0.0,3.6209616867711762
1986-07-14T20:08:00,demo_final_july_week,baseline,21.990497215811967,21.121461886539265,21.991310855786054,22.069988937004023,22.506853340545078,0.0,0.0,0.0,0.0,0.0,20.6,21.0,24.0,0.09183615471624539,6.008749692096222,0.0,3.6209616867711762
1986-07-14T20:23:00,demo_final_july_week,baseline,22.319043053966254,21.79716317212593,22.28581670457407,22.82500006476091,22.571966135286242,0.0,0.0,0.0,0.0,0.0,20.3,18.0,27.0,0.0,6.008749692096222,0.0,3.6209616867711762
1986-07-14T20:38:00,demo_final_july_week,baseline,22.446143086687226,22.09990935267392,22.40215869212381,23.098632822352208,22.653682840573108,0.0,0.0,0.0,0.0,0.0,20.0,18.0,27.0,0.0,6.008749692096222,0.0,3.6209616867711762
1986-07-14T20:45:00,demo_final_july_week,baseline,22.439309632226998,22.167431901500564,22.39349205654998,23.102181594031855,22.656594208751685,0.0,0.0,0.0,0.0,0.0,19.7,18.0,27.0,0.0,6.008749692096222,0.0,3.6209616867711762
1986-07-14T21:00:00,demo_final_july_week,baseline,22.340386128084383,22.1250308620175,22.298332756358985,22.953685221037887,22.603891754629664,0.0,0.0,0.0,0.0,0.0,19.4,18.0,27.0,0.0,6.008749692096222,0.0,3.6209616867711762
1986-07-14T21:15:00,demo_final_july_week,baseline,22.218160228864377,22.046861300091134,22.1796849674477,22.776144115540426,22.50003472608431,0.0,0.0,0.0,0.0,0.0,19.549999999999997,18.0,27.0,0.0,6.008749692096222,0.0,3.6209616867711762
1986-07-14T21:30:00,demo_final_july_week,baseline,22.076255632680542,21.945219062606494,22.040330702415517,22.588324113279437,22.34374733389219,0.0,0.0,0.0,0.0,0.0,19.7,18.0,27.0,0.0,6.008749692096222,0.0,3.6209616867711762
1986-07-14T21:45:00,demo_final_july_week,baseline,21.95889044942877,21.860533164012576,21.92526843202439,22.426867373097284,22.20082630526502,0.0,0.0,0.0,0.0,0.0,19.85,18.0,27.0,0.0,6.008749692096222,0.0,3.6209616867711762
1986-07-14T22:00:00,demo_final_july_week,baseline,21.869757406684347,21.794483085383725,21.838353462236437,22.29128439867869,22.090891949920337,0.0,0.0,0.0,0.0,0.0,20.0,18.0,27.0,0.0,6.008749692096222,0.0,3.6209616867711762
1986-07-14T22:15:00,demo_final_july_week,baseline,21.792264487865168,21.73356541801475,21.76301915458012,22.16800587212411,22.003414458612887,0.0,0.0,0.0,0.0,0.0,20.0,18.0,27.0,0.0,6.008749692096222,0.0,3.6209616867711762
1986-07-14T22:30:00,demo_final_july_week,baseline,21.718953165633515,21.673445788019446,21.69183933347126,22.052651458247716,21.92635090879813,0.0,0.0,0.0,0.0,0.0,20.0,18.0,27.0,0.0,6.008749692096222,0.0,3.6209616867711762
1986-07-14T22:45:00,demo_final_july_week,baseline,21.65009731775049,21.61558650490479,21.625007099983726,21.94619375123027,21.854776917213076,0.0,0.0,0.0,0.0,0.0,20.0,18.0,27.0,0.0,6.008749692096222,0.0,3.6209616867711762
1986-07-14T23:00:00,demo_final_july_week,baseline,21.586786579320744,21.56131985413088,21.56366768267526,21.849351372155454,21.788071652836692,0.0,0.0,0.0,0.0,0.0,20.0,18.0,27.0,0.0,6.008749692096222,0.0,3.6209616867711762
1986-07-14T23:15:00,demo_final_july_week,baseline,21.532739220578136,21.514190434130235,21.51188451922211,21.7648525040077,21.726414579342492,0.0,0.0,0.0,0.0,0.0,20.15,18.0,27.0,0.0,6.008749692096222,0.0,3.6209616867711762
1986-07-14T23:30:00,demo_final_july_week,baseline,21.487826030251238,21.473611550454617,21.468874540213108,21.69158631322468,21.66962781825651,0.0,0.0,0.0,0.0,0.0,20.3,18.0,27.0,0.0,6.008749692096222,0.0,3.6209616867711762
1986-07-14T23:45:00,demo_final_july_week,baseline,21.449682547523675,21.43802891800122,21.432421758015494,21.627502436738318,21.6172992230443,0.0,0.0,0.0,0.0,0.0,20.450000000000003,18.0,27.0,0.0,6.008749692096222,0.0,3.6209616867711762
1986-07-15T00:00:00,demo_final_july_week,baseline,21.416801274119482,21.40668145678728,21.401198728007575,21.571336285236473,21.569042174031285,0.0,0.0,0.0,0.0,0.0,20.6,18.0,27.0,0.0,6.008749692096222,0.0,3.6209616867711762
1986-07-15T00:15:00,demo_final_july_week,baseline,21.37910525323197,21.371222973777623,21.364469015148597,21.51428637413316,21.524630453827978,0.0,0.0,0.0,0.0,0.0,20.450000000000003,18.0,27.0,0.0,6.008749692096222,0.0,3.6209616867711762
1986-07-15T00:30:00,demo_final_july_week,baseline,21.336467640982118,21.33182949038428,21.322049833269812,21.45611510039305,21.483586563898495,0.0,0.0,0.0,0.0,0.0,20.3,18.0,27.0,0.0,6.008749692096222,0.0,3.6209616867711762
1986-07-15T00:45:00,demo_final_july_week,baseline,21.292359564602336,21.29136097034061,21.277664901231795,21.399320638458075,21.445396666909687,0.0,0.0,0.0,0.0,0.0,20.15,18.0,27.0,0.0,6.008749692096222,0.0,3.6209616867711762
1986-07-15T01:00:00,demo_final_july_week,baseline,21.248649566094016,21.251115677853164,21.233369292766422,21.344886726422786,21.409607658078915,0.0,0.0,0.0,0.0,0.0,20.0,18.0,27.0,0.0,6.008749692096222,0.0,3.6209616867711762
1986-07-15T01:15:00,demo_final_july_week,baseline,21.210487605921823,21.21547164989077,21.194872015698646,21.2969490894398,21.37587441046417,0.0,0.0,0.0,0.0,0.0,20.0,18.0,27.0,0.0,6.008749692096222,0.0,3.6209616867711762
1986-07-15T01:30:00,demo_final_july_week,baseline,21.17733927065484,21.183870178799218,21.16170639288687,21.25466614006166,21.34399797244512,0.0,0.0,0.0,0.0,0.0,20.0,18.0,27.0,0.0,6.008749692096222,0.0,3.6209616867711762
1986-07-15T01:45:00,demo_final_july_week,baseline,21.14714083244679,21.154608838358172,21.131648233956767,21.21610823382262,21.313879074664023,0.0,0.0,0.0,0.0,0.0,20.0,18.0,27.0,0.0,6.008749692096222,0.0,3.6209616867711762
1986-07-15T02:00:00,demo_final_july_week,baseline,21.118854488588962,21.126951494377497,21.10354551383354,21.18036317308358,21.285455585757283,0.0,0.0,0.0,0.0,0.0,20.0,18.0,27.0,0.0,6.008749692096222,0.0,3.6209616867711762
1986-07-15T02:15:00,demo_final_july_week,baseline,21.086747643299336,21.09570392485163,21.070754387219765,21.142058486530335,21.25863808893985,0.0,0.0,0.0,0.0,0.0,19.85,18.0,27.0,0.0,6.008749692096222,0.0,3.6209616867711762
1986-07-15T02:30:00,demo_final_july_week,baseline,21.051077555863014,21.061156996478083,21.033438240269014,21.10138765475556,21.23324809140957,0.0,0.0,0.0,0.0,0.0,19.7,18.0,27.0,0.0,6.008749692096222,0.0,3.6209616867711762
1986-07-15T02:45:00,demo_final_july_week,baseline,21.013969987558724,21.02520109832741,20.994064592814425,21.060128225320653,21.209053558263033,0.0,0.0,0.0,0.0,0.0,19.549999999999997,18.0,27.0,0.0,6.008749692096222,0.0,3.6209616867711762
1986-07-15T03:00:00,demo_final_july_week,baseline,20.976525003092956,20.988708369350785,20.953981736370952,21.019037486994186,21.185826494179146,0.0,0.0,0.0,0.0,0.0,19.4,18.0,27.0,0.0,6.008749692096222,0.0,3.6209616867711762
1986-07-15T03:15:00,demo_final_july_week,baseline,20.940382726578218,20.953498411271703,20.915599841416956,20.979835627304404,21.163388633912714,0.0,0.0,0.0,0.0,0.0,19.275,18.0,27.0,0.0,6.008749692096222,0.0,3.6209616867711762
1986-07-15T03:30:00,demo_final_july_week,baseline,20.905447874561794,20.919440730908875,20.878857896048217,20.94231156616248,21.141635267251928,0.0,0.0,0.0,0.0,0.0,19.15,18.0,27.0,0.0,6.008749692096222,0.0,3.6209616867711762
1986-07-15T03:45:00,demo_final_july_week,baseline,20.871128470505,20.88588758001793,20.842919207221158,20.905749257258943,21.120513732561083,0.0,0.0,0.0,0.0,0.0,19.025,18.0,27.0,0.0,6.008749692096222,0.0,3.6209616867711762
1986-07-15T04:00:00,demo_final_july_week,baseline,20.837127880012392,20.85255379055539,20.807342646604674,20.869803564705826,21.09999188112409,0.0,0.0,0.0,0.0,0.0,18.9,18.0,27.0,0.0,6.008749692096222,0.0,3.6209616867711762
1986-07-15T04:15:00,demo_final_july_week,baseline,20.80766502358491,20.822919227717808,20.77651361512983,20.837910244129926,21.080053519536992,0.0,0.0,0.0,0.0,0.0,18.9,18.0,27.0,0.0,6.008749692096222,0.0,3.6209616867711762
1986-07-15T04:30:00,demo_final_july_week,baseline,20.782646509189806,20.79682832149313,20.750345900746538,20.80986136637879,21.0608301366083,0.0,0.0,0.0,0.0,0.0,18.9,18.0,27.0,0.0,6.008749692096222,0.0,3.6209616867711762
1986-07-15T04:45:00,demo_final_july_week,baseline,20.775678082663564,20.86694435222718,20.875691365983307,20.807355894105598,21.043309613349187,0.0,0.0,0.0,0.0,0.0,18.9,18.0,27.0,0.0,6.008749692096222,0.0,3.6209616867711762
1986-07-15T05:00:00,demo_final_july_week,baseline,20.78599648379429,21.047316918461814,21.155983882035162,20.82804261897955,21.03133126602903,0.0,0.0,0.0,0.0,0.0,18.9,18.0,27.0,0.0,6.008749692096222,0.0,3.6209616867711762
1986-07-15T05:23:00,demo_final_july_week,baseline,20.826878079322373,21.338175453422714,21.54954652236526,20.88284515247424,21.02937263376746,0.0,0.0,0.0,0.0,0.0,19.325,18.0,27.0,0.0,6.008749692096222,0.0,3.6209616867711762
1986-07-15T05:38:00,demo_final_july_week,baseline,20.886230850717293,21.64161628428124,21.912241238069992,20.955525427029347,21.03969041674412,0.0,0.0,0.0,0.0,0.0,19.75,18.0,27.0,0.0,6.008749692096222,0.0,3.6209616867711762
1986-07-15T05:53:00,demo_final_july_week,baseline,20.969362092931856,22.055648492240188,22.361047448497853,21.050319769107002,21.060111939549575,0.0,0.0,0.0,0.0,0.0,20.175,18.0,27.0,0.0,6.008749692096222,0.0,3.6209616867711762
1986-07-15T06:08:00,demo_final_july_week,baseline,21.068719412088488,22.52752573162543,22.826764915549724,21.163633147462622,21.085992769404875,0.0,0.0,0.0,0.0,0.0,20.6,18.0,27.0,0.0,6.008749692096222,0.0,3.6209616867711762
1986-07-15T06:23:00,demo_final_july_week,baseline,21.000594188863534,21.634930686038025,22.481585188258425,20.999369991937005,21.00088934307966,0.0,0.0,0.0,0.0,0.0,21.0,21.0,24.0,0.09183615471624539,6.100585846812467,0.4197495339775167,4.040711220748693
1986-07-15T06:30:00,demo_final_july_week,baseline,21.00052170162274,21.713369343205507,22.51556107225067,21.00061812518336,21.00099817123808,0.0,0.0,0.0,0.0,0.0,21.4,21.0,24.0,0.09183615471624539,6.192422001528712,0.4728789657870617,4.513590186535755
1986-07-15T06:45:00,demo_final_july_week,baseline,21.0013398904989,21.91435995724197,22.607658767404345,21.000289523773173,21.00088891742576,0.0,0.0,0.0,0.0,0.0,21.799999999999997,21.0,24.0,0.09183615471624539,6.284258156244957,0.3792668452842094,4.892857031819964
1986-07-15T07:00:00,demo_final_july_week,baseline,20.999773759801187,22.11524604871555,22.7149582211229,21.000848055038425,21.000433685700624,0.0,0.0,0.0,0.0,0.0,22.2,21.0,24.0,0.09183615471624539,6.376094310961202,0.34844916828703737,5.241306200107001
1986-07-15T07:15:00,demo_final_july_week,baseline,21.0010618182522,22.189751635934048,22.734798719280622,20.99970600321627,21.00067049639306,0.0,0.0,0.0,0.0,0.0,22.75,21.0,24.0,0.09183615471624539,6.467930465677447,0.3158270370695104,5.557133237176512
1986-07-15T07:30:00,demo_final_july_week,baseline,21.000678190174618,22.211508642096803,22.705972940475387,21.000051328719152,21.000523111846213,0.0,0.0,0.0,0.0,0.0,23.299999999999997,21.0,24.0,0.09183615471624539,6.559766620393692,0.28011344419691897,5.837246681373431
1986-07-15T07:45:00,demo_final_july_week,baseline,21.000915684404543,22.29777315830089,22.721295594683895,21.0007312750834,21.00104283792734,0.0,0.0,0.0,0.0,0.0,23.849999999999998,21.0,24.0,0.09183615471624539,6.651602775109937,0.23690857727766274,6.074155258651094
1986-07-15T08:00:00,demo_final_july_week,baseline,21.00023100152902,22.401174368678763,22.762767192944818,20.999722624362494,21.00053745027772,0.0,0.0,0.0,0.0,0.0,24.4,21.0,24.0,0.09183615471624539,6.743438929826182,0.19065147209054023,6.2648067307416335
1986-07-15T08:20:00,demo_final_july_week,baseline,22.141180180569574,23.51781627403375,23.990574407581803,21.67986826616378,22.388814625207072,11.0,5.0,11.0,5.0,20.0,24.699999999999996,21.0,24.0,0.09225379733911468,6.835692727165297,0.0,6.2648067307416335
1986-07-15T08:35:00,demo_final_july_week,baseline,22.885036377890145,23.998662861148887,23.99957393071839,22.120361487997936,22.951035336928463,11.0,5.0,11.0,5.0,20.0,25.0,21.0,24.0,0.09399314799823924,6.929685875163536,0.0,6.2648067307416335
1986-07-15T08:53:00,demo_final_july_week,baseline,23.308033078931267,23.998478040217854,23.999331345568773,22.421425613465516,23.30955018064937,11.0,5.0,11.0,5.0,20.0,25.300000000000004,21.0,24.0,0.09580012538381652,7.025486000547353,0.0,6.2648067307416335
1986-07-15T09:08:00,demo_final_july_week,baseline,23.656778596699574,23.99901030182375,23.999187162820917,22.68844807393032,23.547214168980585,11.0,5.0,11.0,5.0,20.0,25.6,21.0,24.0,0.0967603710614387,7.122246371608792,0.0,6.2648067307416335
1986-07-15T09:23:00,demo_final_july_week,baseline,23.997563072310285,23.998604114083797,23.99871659944418,23.309810130881353,23.995143057462474,11.0,5.0,11.0,5.0,20.0,26.150000000000002,21.0,24.0,0.10572925656327357,7.227975628172066,0.0,6.2648067307416335
1986-07-15T09:38:00,demo_final_july_week,baseline,23.99878642338718,23.998682145116184,23.99873813610063,23.66911506863845,23.998948397888878,11.0,5.0,11.0,5.0,20.0,26.700000000000003,21.0,24.0,0.11330179729964972,7.3412774254717155,0.0,6.2648067307416335
1986-07-15T09:45:00,demo_final_july_week,baseline,23.998187607867536,23.998176059755803,23.99820280907044,23.88891779755078,23.998482593553906,11.0,5.0,11.0,5.0,20.0,27.25,21.0,24.0,0.11755597431907293,7.458833399790788,0.0,6.2648067307416335
1986-07-15T10:00:00,demo_final_july_week,baseline,23.99796934530513,23.998382746644886,23.998134173795822,23.984999489007027,23.99787558480025,11.0,5.0,11.0,5.0,20.0,27.8,21.0,24.0,0.1230978344206014,7.58193123421139,0.0,6.2648067307416335
1986-07-15T10:15:00,demo_final_july_week,baseline,23.99790076159453,23.998454952227828,23.9981166001179,23.996466721848403,23.997713586207656,11.0,5.0,11.0,5.0,20.0,28.075000000000003,21.0,24.0,0.12814392049561749,7.710075154707007,0.0,6.2648067307416335
1986-07-15T10:30:00,demo_final_july_week,baseline,23.997903061451467,23.998489235295743,23.99810289739167,23.997858278511895,23.99765400968149,11.0,5.0,11.0,5.0,20.0,28.35,21.0,24.0,0.13225456714595502,7.842329721852962,0.0,6.2648067307416335
1986-07-15T10:45:00,demo_final_july_week,baseline,23.997930843771808,23.998515392116296,23.99810087766597,23.998025616956987,23.99763519193331,11.0,5.0,11.0,5.0,20.0,28.624999999999996,21.0,24.0,0.13574795883787125,7.978077680690833,0.0,6.2648067307416335
1986-07-15T11:00:00,demo_final_july_week,baseline,23.997971245672485,23.998543371306898,23.998107138836914,23.998064812682156,23.997636708095317,11.0,5.0,11.0,5.0,20.0,28.9,21.0,24.0,0.13866172595108378,8.116739406641917,0.0,6.2648067307416335
1986-07-15T11:15:00,demo_final_july_week,baseline,23.998135357244678,23.998660738942554,23.998234327634062,23.99821600423929,23.997875694924055,8.8,4.0,8.8,4.0,16.0,29.324999999999996,21.0,24.0,0.1326732402058161,8.249412646847734,0.0,6.2648067307416335
1986-07-15T11:30:00,demo_final_july_week,baseline,23.998248423847382,23.998775555074506,23.9983359812108,23.9983327636925,23.997952533831217,8.8,4.0,8.8,4.0,16.0,29.75,21.0,24.0,0.13359813612402288,8.383010782971757,0.0,6.2648067307416335
1986-07-15T11:45:00,demo_final_july_week,baseline,23.998342285190695,23.998870373547728,23.998413261716816,23.998421386192398,23.998017993066707,8.8,4.0,8.8,4.0,16.0,30.175000000000004,21.0,24.0,0.13501558084559198,8.518026363817349,0.0,6.2648067307416335
1986-07-15T12:00:00,demo_final_july_week,baseline,23.998418315490657,23.998928928578643,23.998472647990443,23.99848895041811,23.998079563709506,8.8,4.0,8.8,4.0,16.0,30.6,21.0,24.0,0.13577100466517897,8.653797368482527,0.0,6.2648067307416335
1986-07-15T12:15:00,demo_final_july_week,baseline,23.998695118852126,23.998931521384193,23.998726253745843,23.998745745608723,23.998525686093757,4.4,2.0,4.4,2.0,8.0,30.875000000000004,21.0,24.0,0.12113931744402155,8.774936685926548,0.0,6.2648067307416335
1986-07-15T12:30:00,demo_final_july_week,baseline,23.99886023659578,23.99905771652025,23.9988868136169,23.99890969334163,23.99865220890889,4.4,2.0,4.4,2.0,8.0,31.15,21.0,24.0,0.1206003599821054,8.895537045908654,0.0,6.2648067307416335
1986-07-15T12:45:00,demo_final_july_week,baseline,23.999020373708248,23.999206365563467,23.999045153674174,23.999070235644222,23.998761995053957,4.4,2.0,4.4,2.0,8.0,31.424999999999997,21.0,24.0,0.12042444287675438,9.015961488785408,0.0,6.2648067307416335
1986-07-15T13:00:00,demo_final_july_week,baseline,23.999134858524506,23.999289702720095,23.99915551501146,23.99916869395895,23.998852981442436,4.4,2.0,4.4,2.0,8.0,31.7,21.0,24.0,0.12078789377473448,9.136749382560142,0.0,6.2648067307416335
1986-07-15T13:15:00,demo_final_july_week,baseline,23.99902892440106,23.999157585219017,23.999044633606392,23.99904234113624,23.998622494325204,8.8,4.0,8.8,4.0,16.0,31.7,21.0,24.0,0.13597042968245537,9.272719812242597,0.0,6.2648067307416335
1986-07-15T13:30:00,demo_final_july_week,baseline,23.998918230532624,23.999005095445877,23.998924016444814,23.99889627119487,23.99857203542143,8.8,4.0,8.8,4.0,16.0,31.7,21.0,24.0,0.13784656065433312,9.41056637289693,0.0,6.2648067307416335
1986-07-15T13:45:00,demo_final_july_week,baseline,23.998768941575968,23.99883374390912,23.998769037229863,23.998713681643245,23.99849715648188,8.8,4.0,8.8,4.0,16.0,31.7,21.0,24.0,0.13940768884330046,9.549974061740231,0.0,6.2648067307416335
1986-07-15T14:00:00,demo_final_july_week,baseline,23.998662252922827,23.998726516261886,23.99866230982975,23.998586692217867,23.99842953176787,8.8,4.0,8.8,4.0,16.0,31.7,21.0,24.0,0.14092979839401046,9.690903860134242,0.0,6.2648067307416335
1986-07-15T14:15:00,demo_final_july_week,baseline,23.998564891323024,23.99863763951179,23.998568542067474,23.998482127742225,23.998310885942967,11.0,5.0,11.0,5.0,20.0,31.7,21.0,24.0,0.14656423769886182,9.837468097833103,0.0,6.2648067307416335
1986-07-15T14:30:00,demo_final_july_week,baseline,23.99845875458818,23.998533468773793,23.998464690502985,23.99836328198231,23.998209728031323,11.0,5.0,11.0,5.0,20.0,31.7,21.0,24.0,0.14858852375493237,9.986056621588036,0.0,6.2648067307416335
1986-07-15T14:45:00,demo_final_july_week,baseline,23.99836455106544,23.998442204051564,23.998374864954858,23.998260815861133,23.99811305315314,11.0,5.0,11.0,5.0,20.0,31.7,21.0,24.0,0.1498506110514424,10.135907232639479,0.0,6.2648067307416335
1986-07-15T15:00:00,demo_final_july_week,baseline,23.998307021556492,23.998390635529603,23.998323091622723,23.998205953303163,23.998039160444293,11.0,5.0,11.0,5.0,20.0,31.7,21.0,24.0,0.1506407651068846,10.286547997746363,0.0,6.2648067307416335
1986-07-15T15:15:00,demo_final_july_week,baseline,23.99834951313578,23.99843478052141,23.998370629344535,23.998503152156346,23.998112641264125,11.0,5.0,11.0,5.0,20.0,31.825,21.0,24.0,0.14530992157583342,10.431857919322196,0.0,6.2648067307416335
1986-07-15T15:30:00,demo_final_july_week,baseline,23.998337288440748,23.99842748858319,23.998363187793135,23.998538122390755,23.998081807047512,11.0,5.0,11.0,5.0,20.0,31.950000000000003,21.0,24.0,0.1460595380624739,10.57791745738467,0.0,6.2648067307416335
1986-07-15T15:45:00,demo_final_july_week,baseline,23.99833312244209,23.998418580445215,23.998354371424583,23.99858100233982,23.998045102551824,11.0,5.0,11.0,5.0,20.0,32.075,21.0,24.0,0.1448154058928121,10.722732863277482,0.0,6.2648067307416335
1986-07-15T16:00:00,demo_final_july_week,baseline,23.998359466877712,23.998426586218063,23.998362953203863,23.998668729782676,23.998024686448378,11.0,5.0,11.0,5.0,20.0,32.2,21.0,24.0,0.14180739111098628,10.86454025438847,0.0,6.2648067307416335
1986-07-15T16:15:00,demo_final_july_week,baseline,23.998533295466057,23.998578148674063,23.998525394134834,23.998850912838012,23.99827510282008,11.0,5.0,11.0,5.0,20.0,32.2,21.0,24.0,0.12825530095408652,10.992795555342555,0.0,6.2648067307416335
1986-07-15T16:30:00,demo_final_july_week,baseline,23.998555083530846,23.998580688231794,23.9985305450951,23.998909895569355,23.998268652656478,11.0,5.0,11.0,5.0,20.0,32.2,21.0,24.0,0.12450098721562862,11.117296542558183,0.0,6.2648067307416335
1986-07-15T16:45:00,demo_final_july_week,baseline,23.998540638708278,23.998557433795106,23.998508205971103,23.998918102792228,23.998226416137015,11.0,5.0,11.0,5.0,20.0,32.2,21.0,24.0,0.12088157269150106,11.238178115249683,0.0,6.2648067307416335
1986-07-15T17:00:00,demo_final_july_week,baseline,23.998518644422738,23.99853850466962,23.998488970554025,23.99867503979383,23.998185610012897,11.0,5.0,11.0,5.0,20.0,32.2,21.0,24.0,0.11803356019234101,11.356211675442024,0.0,6.2648067307416335
1986-07-15T17:15:00,demo_final_july_week,baseline,23.99853018774732,23.998551733799438,23.99850527603308,23.998645611694116,23.998160843941253,11.0,5.0,11.0,5.0,20.0,31.5,21.0,24.0,0.1145658109191749,11.470777486361198,0.0,6.2648067307416335
1986-07-15T17:30:00,demo_final_july_week,baseline,23.99855508051804,23.998576301517463,23.99853331991243,23.998682006016562,23.998147671296454,11.0,5.0,11.0,5.0,20.0,30.8,21.0,24.0,0.11113065128459429,11.581908137645792,0.0,6.2648067307416335
1986-07-15T17:45:00,demo_final_july_week,baseline,23.99855656571802,23.998577201904915,23.99853611983986,23.998676101081607,23.998135262380888,11.0,5.0,11.0,5.0,20.0,30.099999999999998,21.0,24.0,0.10868467565491563,11.690592813300707,0.0,6.2648067307416335
1986-07-15T18:00:00,demo_final_july_week,baseline,23.998551368455132,23.998571211422856,23.998531388797815,23.99865661058215,23.99812444448712,11.0,5.0,11.0,5.0,20.0,29.4,21.0,24.0,0.10661167780174903,11.797204491102457,0.0,6.2648067307416335
1986-07-15T18:23:00,demo_final_july_week,baseline,23.99934482046835,23.53527152574397,23.999332512101336,23.614935780319108,23.999396092226608,5.5,2.5,5.5,2.5,10.0,29.275,21.0,24.0,0.09414557629068984,11.891350067393146,0.0,6.2648067307416335
1986-07-15T18:38:00,demo_final_july_week,baseline,23.999418693558397,23.27572353870669,23.999410521527178,23.34411162022681,23.999443817558774,5.5,2.5,5.5,2.5,10.0,29.15,21.0,24.0,0.09301342992039537,11.984363497313542,0.0,6.2648067307416335
1986-07-15T18:45:00,demo_final_july_week,baseline,23.999247720659618,23.12386905530658,23.99923927359636,23.170314926246082,23.9849832787851,5.5,2.5,5.5,2.5,10.0,29.025,21.0,24.0,0.09229681365988107,12.076660310973423,0.0,6.2648067307416335
1986-07-15T19:00:00,demo_final_july_week,baseline,23.965515983420318,22.985688323345535,23.999276941927132,22.99776999301228,23.943229291877593,5.5,2.5,5.5,2.5,10.0,28.9,21.0,24.0,0.09193287251067588,12.168593183484099,0.0,6.2648067307416335
1986-07-15T19:23:00,demo_final_july_week,baseline,23.414160474279903,22.39351089653601,23.50000089395103,22.372313410370044,23.40291184099276,0.0,0.0,0.0,0.0,0.0,27.224999999999998,21.0,24.0,0.09183615471624539,12.260429338200344,0.0,6.2648067307416335
1986-07-15T19:38:00,demo_final_july_week,baseline,23.00349606136813,22.011629397764683,23.09668521793729,21.965024102658848,23.006800469875717,0.0,0.0,0.0,0.0,0.0,25.549999999999997,21.0,24.0,0.09183615471624539,12.35226549291659,0.0,6.2648067307416335
1986-07-15T19:53:00,demo_final_july_week,baseline,22.705516407803824,21.731925060426356,22.797921025689366,21.730821726394534,22.79037960417115,0.0,0.0,0.0,0.0,0.0,23.875,21.0,24.0,0.09183615471624539,12.444101647632836,0.0,6.2648067307416335
1986-07-15T20:00:00,demo_final_july_week,baseline,22.48497701408237,21.565360579403656,22.577047115659614,21.54496554507033,22.659735935606086,0.0,0.0,0.0,0.0,0.0,22.2,21.0,24.0,0.09183615471624539,12.535937802349082,0.0,6.2648067307416335
1986-07-15T20:23:00,demo_final_july_week,baseline,22.79005644204809,22.24527462198146,22.848282992434783,22.30719931988599,22.716716738443747,0.0,0.0,0.0,0.0,0.0,22.349999999999998,18.0,27.0,0.0,12.535937802349082,0.0,6.2648067307416335
1986-07-15T20:38:00,demo_final_july_week,baseline,22.94338160714151,22.64167710491936,22.985944295227387,22.712423800738836,22.805054747886064,0.0,0.0,0.0,0.0,0.0,22.5,18.0,27.0,0.0,12.535937802349082,0.0,6.2648067307416335
1986-07-15T20:45:00,demo_final_july_week,baseline,22.956479058099205,22.74401442717919,22.99183697770589,22.814827885412367,22.81044601430261,0.0,0.0,0.0,0.0,0.0,22.650000000000002,18.0,27.0,0.0,12.535937802349082,0.0,6.2648067307416335
1986-07-15T21:00:00,demo_final_july_week,baseline,22.88865200633913,22.730441645757526,22.92008190849298,22.792969191811057,22.767548865393167,0.0,0.0,0.0,0.0,0.0,22.8,18.0,27.0,0.0,12.535937802349082,0.0,6.2648067307416335
1986-07-15T21:15:00,demo_final_july_week,baseline,22.790103000497574,22.662632340388196,22.815572698606257,22.718943159874375,22.67497223972267,0.0,0.0,0.0,0.0,0.0,23.075000000000003,18.0,27.0,0.0,12.535937802349082,0.0,6.2648067307416335
1986-07-15T21:30:00,demo_final_july_week,baseline,22.663696389309102,22.56411944382784,22.680411838833205,22.615681027297732,22.52875179718766,0.0,0.0,0.0,0.0,0.0,23.35,18.0,27.0,0.0,12.535937802349082,0.0,6.2648067307416335
1986-07-15T21:45:00,demo_final_july_week,baseline,22.558344545354135,22.480818417504643,22.565263193636355,22.527625148767278,22.394703680412565,0.0,0.0,0.0,0.0,0.0,23.624999999999996,18.0,27.0,0.0,12.535937802349082,0.0,6.2648067307416335
1986-07-15T22:00:00,demo_final_july_week,baseline,22.480182771330494,22.415317089217076,22.477300121667852,22.457220862406267,22.292913123293292,0.0,0.0,0.0,0.0,0.0,23.9,18.0,27.0,0.0,12.535937802349082,0.0,6.2648067307416335
1986-07-15T22:15:00,demo_final_july_week,baseline,22.423466288066383,22.363227698013695,22.412000299659276,22.400424867219137,22.213071758932035,0.0,0.0,0.0,0.0,0.0,24.324999999999996,18.0,27.0,0.0,12.535937802349082,0.0,6.2648067307416335
1986-07-15T22:30:00,demo_final_july_week,baseline,22.380586063183994,22.319862661826683,22.361574661373872,22.352751987858568,22.14332178381434,0.0,0.0,0.0,0.0,0.0,24.75,18.0,27.0,0.0,12.535937802349082,0.0,6.2648067307416335
1986-07-15T22:45:00,demo_final_july_week,baseline,22.347785270272386,22.2835554902106,22.321781522800325,22.312558464509927,22.07901296930434,0.0,0.0,0.0,0.0,0.0,25.175000000000004,18.0,27.0,0.0,12.535937802349082,0.0,6.2648067307416335
1986-07-15T23:00:00,demo_final_july_week,baseline,22.324004604908293,22.25426108057185,22.29133246309707,22.279768803272724,22.01983782084165,0.0,0.0,0.0,0.0,0.0,25.6,18.0,27.0,0.0,12.535937802349082,0.0,6.2648067307416335
1986-07-15T23:15:00,demo_final_july_week,baseline,22.29811280123563,22.225438418002074,22.261464810119314,22.247820525859947,21.96618953449498,0.0,0.0,0.0,0.0,0.0,25.6,18.0,27.0,0.0,12.535937802349082,0.0,6.2648067307416335
1986-07-15T23:30:00,demo_final_july_week,baseline,22.26980856083001,22.19724824432207,22.231792450578524,22.21685128218858,21.91796744809176,0.0,0.0,0.0,0.0,0.0,25.6,18.0,27.0,0.0,12.535937802349082,0.0,6.2648067307416335
1986-07-15T23:45:00,demo_final_july_week,baseline,22.242536828110595,22.171501071208098,22.204570275593476,22.188644167988787,21.87447338391545,0.0,0.0,0.0,0.0,0.0,25.6,18.0,27.0,0.0,12.535937802349082,0.0,6.2648067307416335
1986-07-16T00:00:00,demo_final_july_week,baseline,22.21780835798312,22.148725979070825,22.18073236552765,22.163699521731793,21.835005409369224,0.0,0.0,0.0,0.0,0.0,25.6,18.0,27.0,0.0,12.535937802349082,0.0,6.2648067307416335
1986-07-16T00:15:00,demo_final_july_week,baseline,22.1731209252775,22.10957033752304,22.136324188940502,22.12263500339581,21.798956290726274,0.0,0.0,0.0,0.0,0.0,24.900000000000002,18.0,27.0,0.0,12.535937802349082,0.0,6.2648067307416335
1986-07-16T00:30:00,demo_final_july_week,baseline,22.108899061528977,22.05480466358025,22.071602738157157,22.06619545060335,21.765573733450353,0.0,0.0,0.0,0.0,0.0,24.200000000000003,18.0,27.0,0.0,12.535937802349082,0.0,6.2648067307416335
1986-07-16T00:45:00,demo_final_july_week,baseline,22.033938410167465,21.991413943764144,21.99569536010423,22.001340196182888,21.734003447312745,0.0,0.0,0.0,0.0,0.0,23.5,18.0,27.0,0.0,12.535937802349082,0.0,6.2648067307416335
1986-07-16T01:00:00,demo_final_july_week,baseline,21.95326675492522,21.922738050386545,21.913829243416696,21.931384528909728,21.70343765612346,0.0,0.0,0.0,0.0,0.0,22.8,18.0,27.0,0.0,12.535937802349082,0.0,6.2648067307416335
1986-07-16T01:15:00,demo_final_july_week,baseline,21.883612880912438,21.861340541548667,21.84232404397258,21.868869955926247,21.673289630775937,0.0,0.0,0.0,0.0,0.0,22.650000000000002,18.0,27.0,0.0,12.535937802349082,0.0,6.2648067307416335
1986-07-16T01:30:00,demo_final_july_week,baseline,21.82414768894932,21.8060908420767,21.78042567320152,21.812645851780434,21.643353749159452,0.0,0.0,0.0,0.0,0.0,22.5,18.0,27.0,0.0,12.535937802349082,0.0,6.2648067307416335
1986-07-16T01:45:00,demo_final_july_week,baseline,21.768850303411092,21.752624444726468,21.722337153551017,21.758330081948156,21.613688356551563,0.0,0.0,0.0,0.0,0.0,22.349999999999998,18.0,27.0,0.0,12.535937802349082,0.0,6.2648067307416335
1986-07-16T02:00:00,demo_final_july_week,baseline,21.714755378643908,21.699284788347768,21.66521343899477,21.704250553646293,21.584439285344494,0.0,0.0,0.0,0.0,0.0,22.2,18.0,27.0,0.0,12.535937802349082,0.0,6.2648067307416335
1986-07-16T02:15:00,demo_final_july_week,baseline,21.678896247878814,21.660716722172886,21.62665616035611,21.66503717448269,21.555786610547134,0.0,0.0,0.0,0.0,0.0,22.625,18.0,27.0,0.0,12.535937802349082,0.0,6.2648067307416335
1986-07-16T02:30:00,demo_final_july_week,baseline,21.661184746212463,21.636558795600145,21.606655029148996,21.64031657458948,21.528056712045363,0.0,0.0,0.0,0.0,0.0,23.049999999999997,18.0,27.0,0.0,12.535937802349082,0.0,6.2648067307416335
1986-07-16T02:45:00,demo_final_july_week,baseline,21.654882826859218,21.62148950315931,21.59830444641335,21.62475716871457,21.501662975148534,0.0,0.0,0.0,0.0,0.0,23.474999999999998,18.0,27.0,0.0,12.535937802349082,0.0,6.2648067307416335
1986-07-16T03:00:00,demo_final_july_week,baseline,21.65597356610647,21.612844308555214,21.59746185850649,21.615685332139492,21.477000521158608,0.0,0.0,0.0,0.0,0.0,23.9,18.0,27.0,0.0,12.535937802349082,0.0,6.2648067307416335
1986-07-16T03:15:00,demo_final_july_week,baseline,21.650967826494075,21.60064944504,21.591046247255083,21.603120617913735,21.454320807521952,0.0,0.0,0.0,0.0,0.0,23.9,18.0,27.0,0.0,12.535937802349082,0.0,6.2648067307416335
1986-07-16T03:30:00,demo_final_july_week,baseline,21.640051545369268,21.585472339480003,21.579196920470814,21.587621988541827,21.43360937781008,0.0,0.0,0.0,0.0,0.0,23.9,18.0,27.0,0.0,12.535937802349082,0.0,6.2648067307416335
1986-07-16T03:45:00,demo_final_july_week,baseline,21.627796238545635,21.570645877640064,21.56628584823088,21.572515571874664,21.41476896566513,0.0,0.0,0.0,0.0,0.0,23.9,18.0,27.0,0.0,12.535937802349082,0.0,6.2648067307416335
1986-07-16T04:00:00,demo_final_july_week,baseline,21.616357676294374,21.557321516574618,21.55435242002507,21.55894735986499,21.39747131123414,0.0,0.0,0.0,0.0,0.0,23.9,18.0,27.0,0.0,12.535937802349082,0.0,6.2648067307416335
1986-07-16T04:15:00,demo_final_july_week,baseline,21.60569353618675,21.545092979084554,21.543269614455316,21.546506553860564,21.38144493202385,0.0,0.0,0.0,0.0,0.0,23.9,18.0,27.0,0.0,12.535937802349082,0.0,6.2648067307416335
1986-07-16T04:30:00,demo_final_july_week,baseline,21.595437580838716,21.533540868817894,21.53263871823158,21.534769782313987,21.36652731881897,0.0,0.0,0.0,0.0,0.0,23.9,18.0,27.0,0.0,12.535937802349082,0.0,6.2648067307416335
1986-07-16T04:45:00,demo_final_july_week,baseline,21.601248837938996,21.638138731264508,21.70939341157199,21.54639659210626,21.353856645739935,0.0,0.0,0.0,0.0,0.0,23.9,18.0,27.0,0.0,12.535937802349082,0.0,6.2648067307416335
1986-07-16T05:08:00,demo_final_july_week,baseline,21.629126283920993,21.93929482618517,22.16684625555405,21.587943585359987,21.348301064084414,0.0,0.0,0.0,0.0,0.0,23.9,18.0,27.0,0.0,12.535937802349082,0.0,6.2648067307416335
1986-07-16T05:23:00,demo_final_july_week,baseline,21.684242205524136,22.291947187395163,22.64313785266004,21.655580584367826,21.356496804644834,0.0,0.0,0.0,0.0,0.0,24.324999999999996,18.0,27.0,0.0,12.535937802349082,0.0,6.2648067307416335
1986-07-16T05:38:00,demo_final_july_week,baseline,21.759683733328572,22.68185988109826,23.100880801700946,21.74392397978206,21.37798763458648,0.0,0.0,0.0,0.0,0.0,24.75,18.0,27.0,0.0,12.535937802349082,0.0,6.2648067307416335
1986-07-16T05:53:00,demo_final_july_week,baseline,21.850619846120296,23.125158049596504,23.56705257445282,21.849265955885468,21.41123191583131,0.0,0.0,0.0,0.0,0.0,25.175000000000004,18.0,27.0,0.0,12.535937802349082,0.0,6.2648067307416335
1986-07-16T06:08:00,demo_final_july_week,baseline,21.96714652218609,23.650845495398638,24.069876845068432,21.97951389416453,21.455145215373342,0.0,0.0,0.0,0.0,0.0,25.6,18.0,27.0,0.0,12.535937802349082,0.0,6.2648067307416335
1986-07-16T06:20:00,demo_final_july_week,baseline,21.263800137664237,22.517977084920325,23.574283908758133,21.00189049952027,21.00280273797026,0.0,0.0,0.0,0.0,0.0,25.875000000000004,21.0,24.0,0.09183615471624539,12.627773957065328,0.05594054532653233,6.3207472760681656
1986-07-16T06:38:00,demo_final_july_week,baseline,21.152664413503555,22.701121767630703,23.699254853784897,21.001146991776114,21.00051383453896,0.0,0.0,0.0,0.0,0.0,26.15,21.0,24.0,0.09183615471624539,12.719610111781574,0.1420855401501822,6.462832816218348
1986-07-16T06:45:00,demo_final_july_week,baseline,21.128348726793575,22.93326141433304,23.838371438999598,21.00061347169774,20.99996215860178,0.0,0.0,0.0,0.0,0.0,26.424999999999997,21.0,24.0,0.09183615471624539,12.81144626649782,0.13997436214017897,6.6028071783585265
1986-07-16T07:08:00,demo_final_july_week,baseline,21.159258095435145,23.320564091996005,23.99827716569671,21.00089706026038,21.000294800189526,0.0,0.0,0.0,0.0,0.0,26.7,21.0,24.0,0.09205144426750149,12.90349771076532,0.12253220274567397,6.725339381104201
1986-07-16T07:23:00,demo_final_july_week,baseline,21.22516657549758,23.67357588192963,23.999819634005483,21.000072116748978,20.999876378346823,0.0,0.0,0.0,0.0,0.0,27.099999999999998,21.0,24.0,0.092520296830547,12.996018007595866,0.10614696815733392,6.831486349261534
1986-07-16T07:38:00,demo_final_july_week,baseline,21.318471075805626,23.99252882674415,23.99988331026287,20.999595469279637,21.000180835318528,0.0,0.0,0.0,0.0,0.0,27.5,21.0,24.0,0.09286827061490609,13.088886278210772,0.09020164630916838,6.921687995570703
1986-07-16T07:45:00,demo_final_july_week,baseline,21.397872493059726,23.99915192089959,23.999852793931925,20.999775939284543,21.000701082990254,0.0,0.0,0.0,0.0,0.0,27.900000000000002,21.0,24.0,0.09369851652457051,13.182584794735343,0.0737774206079731,6.995465416178676
1986-07-16T08:00:00,demo_final_july_week,baseline,21.506983159126108,23.999871242733256,23.99988083527804,21.000307186014616,21.00027513405687,0.0,0.0,0.0,0.0,0.0,28.3,21.0,24.0,0.094102826389083,13.276687621124426,0.05610873542554549,7.051574151604221
1986-07-16T08:19:00,demo_final_july_week,baseline,23.037320627556955,23.999708488541298,23.999759573658658,21.916318602775927,22.667535732481852,11.0,5.0,11.0,5.0,20.0,28.725,21.0,24.0,0.10208405606541752,13.378771677189842,0.0,7.051574151604221
1986-07-16T08:34:00,demo_final_july_week,baseline,23.60255352862425,23.999538392102608,23.99959780714202,22.38704667884749,23.38008693219069,11.0,5.0,11.0,5.0,20.0,29.15,21.0,24.0,0.10357176394040891,13.48234344113025,0.0,7.051574151604221
1986-07-16T08:53:00,demo_final_july_week,baseline,23.991613699317803,23.99904338106771,23.99914827787531,22.692080250886697,23.70514974215315,11.0,5.0,11.0,5.0,20.0,29.575,21.0,24.0,0.1043911632207324,13.586734604350983,0.0,7.051574151604221
1986-07-16T09:00:00,demo_final_july_week,baseline,23.998433306278763,23.99863317865451,23.998642711638055,22.892665117384148,23.867761475781382,11.0,5.0,11.0,5.0,20.0,30.0,21.0,24.0,0.10692313097967249,13.693657735330655,0.0,7.051574151604221
1986-07-16T09:23:00,demo_final_july_week,baseline,23.99877721372605,23.998753953416188,23.998689621816762,23.55233369271351,23.99871557068879,11.0,5.0,11.0,5.0,20.0,30.275,21.0,24.0,0.12853536197487395,13.82219309730553,0.0,7.051574151604221
1986-07-16T09:38:00,demo_final_july_week,baseline,23.9986919070022,23.998934485632926,23.998758592081433,23.884958151547767,23.99872164567649,11.0,5.0,11.0,5.0,20.0,30.55,21.0,24.0,0.1325546906385769,13.954747787944106,0.0,7.051574151604221
1986-07-16T09:45:00,demo_final_july_week,baseline,23.99807936223638,23.99863952335284,23.998288225981963,23.984712703683126,23.997968782467975,11.0,5.0,11.0,5.0,20.0,30.825000000000003,21.0,24.0,0.13657811525866512,14.09132590320277,0.0,7.051574151604221
1986-07-16T10:00:00,demo_final_july_week,baseline,23.997984940789216,23.99860018672714,23.99823454330975,23.996517629541636,23.997793720868774,11.0,5.0,11.0,5.0,20.0,31.1,21.0,24.0,0.14016257391606185,14.231488477118832,0.0,7.051574151604221
1986-07-16T10:15:00,demo_final_july_week,baseline,23.997993159088583,23.998597980225714,23.998222035324563,23.997929112736472,23.997716947162534,11.0,5.0,11.0,5.0,20.0,31.250000000000004,21.0,24.0,0.1433943000241554,14.374882777142988,0.0,7.051574151604221
1986-07-16T10:30:00,demo_final_july_week,baseline,23.998025072465317,23.998605826057233,23.998213193960616,23.99807715012938,23.997694177772807,11.0,5.0,11.0,5.0,20.0,31.4,21.0,24.0,0.14563009558498122,14.520512872727968,0.0,7.051574151604221
1986-07-16T10:45:00,demo_final_july_week,baseline,23.99806057154159,23.99862756492602,23.99820989781349,23.99810902841835,23.997698219491994,11.0,5.0,11.0,5.0,20.0,31.549999999999997,21.0,24.0,0.1470665033908782,14.667579376118846,0.0,7.051574151604221
1986-07-16T11:00:00,demo_final_july_week,baseline,23.998094610961612,23.998657015294654,23.998213287414213,23.998141756436077,23.997720442428154,11.0,5.0,11.0,5.0,20.0,31.7,21.0,24.0,0.14784359862968513,14.81542297474853,0.0,7.051574151604221
1986-07-16T11:15:00,demo_final_july_week,baseline,23.998240860517885,23.99876276812534,23.998327443089504,23.99828734278108,23.997951350845632,8.8,4.0,8.8,4.0,16.0,31.825,21.0,24.0,0.13870384704040367,14.954126821788934,0.0,7.051574151604221
1986-07-16T11:30:00,demo_final_july_week,baseline,23.998338830150963,23.998865901665393,23.998410495214355,23.998386704567753,23.998030133434927,8.8,4.0,8.8,4.0,16.0,31.950000000000003,21.0,24.0,0.13837989960847913,15.092506721397413,0.0,7.051574151604221
1986-07-16T11:45:00,demo_final_july_week,baseline,23.998424839738774,23.998944600263364,23.998481225290533,23.99846962937313,23.99809423059804,8.8,4.0,8.8,4.0,16.0,32.075,21.0,24.0,0.13811687873346368,15.230623600130876,0.0,7.051574151604221
1986-07-16T12:00:00,demo_final_july_week,baseline,23.998486104536,23.998984705594875,23.998526966242864,23.99852551209591,23.99814688295725,8.8,4.0,8.8,4.0,16.0,32.2,21.0,24.0,0.13791142138503143,15.368535021515907,0.0,7.051574151604221
1986-07-16T12:15:00,demo_final_july_week,baseline,23.998736395717685,23.99915660031659,23.998765640416494,23.998772652891834,23.998568437978122,4.4,2.0,4.4,2.0,8.0,32.35,21.0,24.0,0.12206771985735276,15.490602741373259,0.0,7.051574151604221
1986-07-16T12:30:00,demo_final_july_week,baseline,23.99888856313281,23.999283895493303,23.998912939074078,23.998924572675964,23.998691095022433,4.4,2.0,4.4,2.0,8.0,32.5,21.0,24.0,0.12123005721078395,15.611832798584043,0.0,7.051574151604221
1986-07-16T12:45:00,demo_final_july_week,baseline,23.999037493654946,23.999261299558928,23.999057481502945,23.999072474078737,23.998795872507593,4.4,2.0,4.4,2.0,8.0,32.65,21.0,24.0,0.12119255273245542,15.733025351316499,0.0,7.051574151604221
1986-07-16T13:00:00,demo_final_july_week,baseline,23.999145068573448,23.999304853778636,23.999159694942342,23.99916496772558,23.998882678218568,4.4,2.0,4.4,2.0,8.0,32.8,21.0,24.0,0.12151694945730257,15.854542300773801,0.0,7.051574151604221
1986-07-16T13:15:00,demo_final_july_week,baseline,23.99903129419776,23.99915966018139,23.999040934634774,23.99903015560182,23.998656111163942,8.8,4.0,8.8,4.0,16.0,32.925,21.0,24.0,0.13726932080019263,15.991811621573994,0.0,7.051574151604221
1986-07-16T13:30:00,demo_final_july_week,baseline,23.998908343881208,23.998998196862576,23.998911996633286,23.998873357067623,23.99859652733251,8.8,4.0,8.8,4.0,16.0,33.05,21.0,24.0,0.13960800355527125,16.131419625129265,0.0,7.051574151604221
1986-07-16T13:45:00,demo_final_july_week,baseline,23.99875723485955,23.998830077969124,23.998759589244035,23.99868895164823,23.99851635688215,8.8,4.0,8.8,4.0,16.0,33.175,21.0,24.0,0.1416266649977193,16.273046290126985,0.0,7.051574151604221
1986-07-16T14:00:00,demo_final_july_week,baseline,23.998647111926427,23.99872185372307,23.998651254594638,23.998555582695666,23.998441820577955,8.8,4.0,8.8,4.0,16.0,33.3,21.0,24.0,0.14364856924962385,16.41669485937661,0.0,7.051574151604221
1986-07-16T14:15:00,demo_final_july_week,baseline,23.9985501144812,23.998632655130056,23.9985569897655,23.9984478335718,23.998319524690086,11.0,5.0,11.0,5.0,20.0,33.3,21.0,24.0,0.15005256082648158,16.56674742020309,0.0,7.051574151604221
1986-07-16T14:30:00,demo_final_july_week,baseline,23.99844312636365,23.99852468945103,23.998449926043715,23.998328516436192,23.998213518733174,11.0,5.0,11.0,5.0,20.0,33.3,21.0,24.0,0.15268274795876108,16.71943016816185,0.0,7.051574151604221
1986-07-16T14:45:00,demo_final_july_week,baseline,23.998345323500676,23.998432908131605,23.998360561690287,23.99822157371356,23.998112440523307,11.0,5.0,11.0,5.0,20.0,33.3,21.0,24.0,0.15456459781785498,16.873994765979706,0.0,7.051574151604221
1986-07-16T15:00:00,demo_final_july_week,baseline,23.99828820248542,23.998383869310985,23.99831214968764,23.998167688952854,23.998035595156168,11.0,5.0,11.0,5.0,20.0,33.3,21.0,24.0,0.15573608807540287,17.02973085405511,0.0,7.051574151604221
1986-07-16T15:15:00,demo_final_july_week,baseline,23.998339016017116,23.998436701315992,23.998370688822693,23.998453013101873,23.998106648806502,11.0,5.0,11.0,5.0,20.0,33.175,21.0,24.0,0.15029784653722025,17.18002870059233,0.0,7.051574151604221
1986-07-16T15:30:00,demo_final_july_week,baseline,23.998340827040575,23.99844240196689,23.998378179318745,23.998508371892882,23.998077882186003,11.0,5.0,11.0,5.0,20.0,33.05,21.0,24.0,0.15056075856913856,17.33058945916147,0.0,7.051574151604221
1986-07-16T15:45:00,demo_final_july_week,baseline,23.998323346325456,23.99842471063309,23.998360861837387,23.998518846290775,23.998037889882372,11.0,5.0,11.0,5.0,20.0,32.925,21.0,24.0,0.15084280992115537,17.481432269082624,0.0,7.051574151604221
1986-07-16T16:00:00,demo_final_july_week,baseline,23.99831146620023,23.998410148945833,23.99834632055524,23.99853026380507,23.998006696016237,11.0,5.0,11.0,5.0,20.0,32.8,21.0,24.0,0.15086101212612082,17.632293281208746,0.0,7.051574151604221
1986-07-16T16:15:00,demo_final_july_week,baseline,23.998450306317128,23.998537648811624,23.998483369856896,23.99865838314743,23.998241506942833,11.0,5.0,11.0,5.0,20.0,32.8,21.0,24.0,0.13849208047323575,17.77078536168198,0.0,7.051574151604221
1986-07-16T16:30:00,demo_final_july_week,baseline,23.998443974115887,23.99852494483814,23.998471600049598,23.998657144669444,23.998221717005855,11.0,5.0,11.0,5.0,20.0,32.8,21.0,24.0,0.1379804325018213,17.9087657941838,0.0,7.051574151604221
1986-07-16T16:45:00,demo_final_july_week,baseline,23.998413930026995,23.998487916020554,23.99843354848259,23.998638129736314,23.998166798703707,11.0,5.0,11.0,5.0,20.0,32.8,21.0,24.0,0.13671338352287732,18.045479177706678,0.0,7.051574151604221
1986-07-16T17:00:00,demo_final_july_week,baseline,23.99839909765294,23.99846466244723,23.998408739193323,23.998644309173677,23.99811954992566,11.0,5.0,11.0,5.0,20.0,32.8,21.0,24.0,0.13506703392693697,18.180546211633615,0.0,7.051574151604221
1986-07-16T17:15:00,demo_final_july_week,baseline,23.998407704531957,23.99846236377778,23.998406260018875,23.998671987536618,23.998088486282686,11.0,5.0,11.0,5.0,20.0,32.525,21.0,24.0,0.13280601652635457,18.31335222815997,0.0,7.051574151604221
1986-07-16T17:30:00,demo_final_july_week,baseline,23.99842429889051,23.998468716177552,23.99841321902066,23.998701058733584,23.998070552684283,11.0,5.0,11.0,5.0,20.0,32.25,21.0,24.0,0.13032365403210805,18.44367588219208,0.0,7.051574151604221
1986-07-16T17:45:00,demo_final_july_week,baseline,23.99845554360978,23.998489539577413,23.99843565455848,23.998751802595404,23.99806493837938,11.0,5.0,11.0,5.0,20.0,31.974999999999998,21.0,24.0,0.12670789802559596,18.570383780217675,0.0,7.051574151604221
1986-07-16T18:00:00,demo_final_july_week,baseline,23.998478320877865,23.998506495175494,23.998454039912264,23.998793756330755,23.998066283423153,11.0,5.0,11.0,5.0,20.0,31.7,21.0,24.0,0.12333692780594288,18.69372070802362,0.0,7.051574151604221
1986-07-16T18:15:00,demo_final_july_week,baseline,23.999012746611296,23.790762205711744,23.99901243832021,23.999221730398883,23.99900462196996,5.5,2.5,5.5,2.5,10.0,31.424999999999997,21.0,24.0,0.10144062409509412,18.795161332118713,0.0,7.051574151604221
1986-07-16T18:30:00,demo_final_july_week,baseline,23.999115191403686,23.551819488058776,23.99911543608407,23.999306365028442,23.99909708939661,5.5,2.5,5.5,2.5,10.0,31.15,21.0,24.0,0.09865829806113671,18.89381963017985,0.0,7.051574151604221
1986-07-16T18:45:00,demo_final_july_week,baseline,23.99920346985924,23.36741832220822,23.999201198805572,23.99939221263067,23.9991466960636,5.5,2.5,5.5,2.5,10.0,30.875000000000004,21.0,24.0,0.09668970881100135,18.99050933899085,0.0,7.051574151604221
1986-07-16T19:00:00,demo_final_july_week,baseline,23.9992800441865,23.218943367815275,23.999272675302816,23.999484222688626,23.99918342150141,5.5,2.5,5.5,2.5,10.0,30.6,21.0,24.0,0.09483057535832952,19.08533991434918,0.0,7.051574151604221
1986-07-16T19:23:00,demo_final_july_week,baseline,23.7519059323241,22.66832390091453,23.71411927321377,23.937467312270112,23.51940259471523,0.0,0.0,0.0,0.0,0.0,30.450000000000003,21.0,24.0,0.09183615471624539,19.177176069065425,0.0,7.051574151604221
1986-07-16T19:38:00,demo_final_july_week,baseline,23.50638284711031,22.338347684982022,23.453259370702025,23.503133771502135,23.156139306740666,0.0,0.0,0.0,0.0,0.0,30.3,21.0,24.0,0.09183615471624539,19.26901222378167,0.0,7.051574151604221
1986-07-16T19:53:00,demo_final_july_week,baseline,23.31276468810149,22.12330367010415,23.260978452337877,23.105189626879675,22.95566731712825,0.0,0.0,0.0,0.0,0.0,30.15,21.0,24.0,0.09183615471624539,19.360848378497913,0.0,7.051574151604221
1986-07-16T20:08:00,demo_final_july_week,baseline,23.137040614211514,21.931718274918396,23.08939713971958,22.80430566893624,22.792300253721297,0.0,0.0,0.0,0.0,0.0,30.0,21.0,24.0,0.09183615471624539,19.452684533214157,0.0,7.051574151604221
1986-07-16T20:20:00,demo_final_july_week,baseline,23.672416298381417,23.050287490498363,23.576927035769803,23.779713486103226,22.934848695399886,0.0,0.0,0.0,0.0,0.0,29.725,18.0,27.0,0.0,19.452684533214157,0.0,7.051574151604221
1986-07-16T20:35:00,demo_final_july_week,baseline,23.82210899597093,23.336707606473894,23.718040472530546,24.204892986143587,23.031975876918157,0.0,0.0,0.0,0.0,0.0,29.45,18.0,27.0,0.0,19.452684533214157,0.0,7.051574151604221
1986-07-16T20:45:00,demo_final_july_week,baseline,23.858416823579088,23.454468483343092,23.75150597792173,24.278737804812774,23.04943025302009,0.0,0.0,0.0,0.0,0.0,29.174999999999997,18.0,27.0,0.0,19.452684533214157,0.0,7.051574151604221
1986-07-16T21:00:00,demo_final_july_week,baseline,23.804652738327036,23.443423347190734,23.701515989501296,24.217566170366045,23.02566042557715,0.0,0.0,0.0,0.0,0.0,28.9,18.0,27.0,0.0,19.452684533214157,0.0,7.051574151604221
1986-07-16T21:15:00,demo_final_july_week,baseline,23.708280177219578,23.389879118109633,23.60982402517498,24.082611133899807,22.950567976420846,0.0,0.0,0.0,0.0,0.0,28.624999999999996,18.0,27.0,0.0,19.452684533214157,0.0,7.051574151604221
1986-07-16T21:30:00,demo_final_july_week,baseline,23.57513303202713,23.304794646447515,23.480825816729904,23.916714563712826,22.819899840598644,0.0,0.0,0.0,0.0,0.0,28.35,18.0,27.0,0.0,19.452684533214157,0.0,7.051574151604221
1986-07-16T21:45:00,demo_final_july_week,baseline,23.45567767426203,23.227753064310427,23.36550073859763,23.768188077911432,22.69935561752709,0.0,0.0,0.0,0.0,0.0,28.075000000000003,18.0,27.0,0.0,19.452684533214157,0.0,7.051574151604221
1986-07-16T22:00:00,demo_final_july_week,baseline,23.356957838116106,23.16162032965098,23.271206970076506,23.63819875969601,22.609035345239263,0.0,0.0,0.0,0.0,0.0,27.8,18.0,27.0,0.0,19.452684533214157,0.0,7.051574151604221
1986-07-16T22:15:00,demo_final_july_week,baseline,23.27018492110776,23.098953691493165,23.18826819658063,23.51762449553697,22.53863204319854,0.0,0.0,0.0,0.0,0.0,27.650000000000002,18.0,27.0,0.0,19.452684533214157,0.0,7.051574151604221
1986-07-16T22:30:00,demo_final_july_week,baseline,23.188398727586485,23.03596250223555,23.109542529775815,23.402466356694305,22.476203321619874,0.0,0.0,0.0,0.0,0.0,27.5,18.0,27.0,0.0,19.452684533214157,0.0,7.051574151604221
1986-07-16T22:45:00,demo_final_july_week,baseline,23.109791735194293,22.972858099996078,23.033446250176226,23.29296114293783,22.416976756413337,0.0,0.0,0.0,0.0,0.0,27.349999999999998,18.0,27.0,0.0,19.452684533214157,0.0,7.051574151604221
1986-07-16T23:00:00,demo_final_july_week,baseline,23.034596893433953,22.910663065529253,22.96039833819188,23.189831843336037,22.360546241475557,0.0,0.0,0.0,0.0,0.0,27.2,18.0,27.0,0.0,19.452684533214157,0.0,7.051574151604221
1986-07-16T23:15:00,demo_final_july_week,baseline,22.959344212525693,22.847214332509495,22.887259547638962,23.09041656620071,22.307281695976272,0.0,0.0,0.0,0.0,0.0,26.924999999999997,18.0,27.0,0.0,19.452684533214157,0.0,7.051574151604221
1986-07-16T23:30:00,demo_final_july_week,baseline,22.883872106380966,22.782731580362434,22.81386540936606,22.994409258456137,22.257074123736267,0.0,0.0,0.0,0.0,0.0,26.65,18.0,27.0,0.0,19.452684533214157,0.0,7.051574151604221
1986-07-16T23:45:00,demo_final_july_week,baseline,22.809276940783498,22.718212004993497,22.741217242970865,22.902319655802398,22.20948723138546,0.0,0.0,0.0,0.0,0.0,26.375000000000004,18.0,27.0,0.0,19.452684533214157,0.0,7.051574151604221
1986-07-17T00:00:00,demo_final_july_week,baseline,22.736106385516464,22.654137968806854,22.66982650368101,22.81418266916291,22.164087147844125,0.0,0.0,0.0,0.0,0.0,26.1,18.0,27.0,0.0,19.452684533214157,0.0,7.051574151604221
1986-07-17T00:15:00,demo_final_july_week,baseline,22.66892481554481,22.5936700536497,22.603599882034388,22.732732682309237,22.120576175418087,0.0,0.0,0.0,0.0,0.0,25.975,18.0,27.0,0.0,19.452684533214157,0.0,7.051574151604221
1986-07-17T00:30:00,demo_final_july_week,baseline,22.607011676884028,22.536603108190747,22.54228069545027,22.65739103981013,22.078801150614698,0.0,0.0,0.0,0.0,0.0,25.85,18.0,27.0,0.0,19.452684533214157,0.0,7.051574151604221
1986-07-17T00:45:00,demo_final_july_week,baseline,22.548859551123616,22.481850723698486,22.484284051657184,22.58674316612306,22.0387912109791,0.0,0.0,0.0,0.0,0.0,25.725,18.0,27.0,0.0,19.452684533214157,0.0,7.051574151604221
1986-07-17T01:00:00,demo_final_july_week,baseline,22.49300379248295,22.42879013479085,22.428570592871008,22.519863540699095,22.000421663474352,0.0,0.0,0.0,0.0,0.0,25.6,18.0,27.0,0.0,19.452684533214157,0.0,7.051574151604221
1986-07-17T01:15:00,demo_final_july_week,baseline,22.438440155088763,22.37691648410613,22.37431084259975,22.455984417103558,21.96357503783411,0.0,0.0,0.0,0.0,0.0,25.450000000000003,18.0,27.0,0.0,19.452684533214157,0.0,7.051574151604221
1986-07-17T01:30:00,demo_final_july_week,baseline,22.38518229403274,22.326253077637567,22.321439791697006,22.394894252890662,21.928158769446153,0.0,0.0,0.0,0.0,0.0,25.3,18.0,27.0,0.0,19.452684533214157,0.0,7.051574151604221
1986-07-17T01:45:00,demo_final_july_week,baseline,22.333416347768136,22.276893374406793,22.270057643850254,22.336480312579354,21.894086148773727,0.0,0.0,0.0,0.0,0.0,25.15,18.0,27.0,0.0,19.452684533214157,0.0,7.051574151604221
1986-07-17T02:00:00,demo_final_july_week,baseline,22.283137786652063,22.228811927045133,22.220136306957386,22.280538072509955,21.861269480124058,0.0,0.0,0.0,0.0,0.0,25.0,18.0,27.0,0.0,19.452684533214157,0.0,7.051574151604221
1986-07-17T02:15:00,demo_final_july_week,baseline,22.233965472554132,22.181626586410257,22.17118709736285,22.226530620089385,21.82962288501693,0.0,0.0,0.0,0.0,0.0,24.85,18.0,27.0,0.0,19.452684533214157,0.0,7.051574151604221
1986-07-17T02:30:00,demo_final_july_week,baseline,22.18578241689861,22.135263267385767,22.123097948568407,22.17424756557956,21.799063552388287,0.0,0.0,0.0,0.0,0.0,24.7,18.0,27.0,0.0,19.452684533214157,0.0,7.051574151604221
1986-07-17T02:45:00,demo_final_july_week,baseline,22.138599677584686,22.08976670779303,22.075925914113576,22.12361436813011,21.76951382059074,0.0,0.0,0.0,0.0,0.0,24.549999999999997,18.0,27.0,0.0,19.452684533214157,0.0,7.051574151604221
1986-07-17T03:00:00,demo_final_july_week,baseline,22.092402738033766,22.045137231852244,22.029684933433096,22.07452771466878,21.740902563541294,0.0,0.0,0.0,0.0,0.0,24.4,18.0,27.0,0.0,19.452684533214157,0.0,7.051574151604221
1986-07-17T03:15:00,demo_final_july_week,baseline,22.048648702839035,22.00268805671113,21.9860133411044,22.02821094812017,21.713171928035994,0.0,0.0,0.0,0.0,0.0,24.275,18.0,27.0,0.0,19.452684533214157,0.0,7.051574151604221
1986-07-17T03:30:00,demo_final_july_week,baseline,22.006982112205794,21.962098030564942,21.944581445170478,21.9842630541744,21.68628935817572,0.0,0.0,0.0,0.0,0.0,24.15,18.0,27.0,0.0,19.452684533214157,0.0,7.051574151604221
1986-07-17T03:45:00,demo_final_july_week,baseline,21.966701574753884,21.92277717959527,21.904626214835524,21.94202648746812,21.660236040085298,0.0,0.0,0.0,0.0,0.0,24.025,18.0,27.0,0.0,19.452684533214157,0.0,7.051574151604221
1986-07-17T04:00:00,demo_final_july_week,baseline,21.927469387824328,21.88447224323287,21.865763444929343,21.901190029494785,21.634993104935113,0.0,0.0,0.0,0.0,0.0,23.9,18.0,27.0,0.0,19.452684533214157,0.0,7.051574151604221
1986-07-17T04:15:00,demo_final_july_week,baseline,21.88779965931271,21.845905548360033,21.82638143126329,21.860425368550537,21.61053007759657,0.0,0.0,0.0,0.0,0.0,23.749999999999996,18.0,27.0,0.0,19.452684533214157,0.0,7.051574151604221
1986-07-17T04:30:00,demo_final_july_week,baseline,21.847959858930302,21.807320606079355,21.78671949318809,21.81993307358259,21.586789532264206,0.0,0.0,0.0,0.0,0.0,23.6,18.0,27.0,0.0,19.452684533214157,0.0,7.051574151604221
1986-07-17T04:45:00,demo_final_july_week,baseline,21.823022022087297,21.83948904298944,21.85283774676607,21.802822495747186,21.564667566381136,0.0,0.0,0.0,0.0,0.0,23.450000000000003,18.0,27.0,0.0,19.452684533214157,0.0,7.051574151604221
1986-07-17T05:00:00,demo_final_july_week,baseline,21.81096677123078,21.926367344998216,21.989834679959436,21.805905623798466,21.546740917236658,0.0,0.0,0.0,0.0,0.0,23.3,18.0,27.0,0.0,19.452684533214157,0.0,7.051574151604221
1986-07-17T05:15:00,demo_final_july_week,baseline,21.823238706919362,22.042515762931654,22.14608057183302,21.83452643275243,21.534723333456274,0.0,0.0,0.0,0.0,0.0,23.725,18.0,27.0,0.0,19.452684533214157,0.0,7.051574151604221
1986-07-17T05:30:00,demo_final_july_week,baseline,21.86183566352881,22.201515488666704,22.334638035780667,21.888250582621712,21.52900584363806,0.0,0.0,0.0,0.0,0.0,24.15,18.0,27.0,0.0,19.452684533214157,0.0,7.051574151604221
1986-07-17T05:45:00,demo_final_july_week,baseline,21.92200802964819,22.427781389692658,22.584144635513326,21.964937328437735,21.530100137943872,0.0,0.0,0.0,0.0,0.0,24.575,18.0,27.0,0.0,19.452684533214157,0.0,7.051574151604221
1986-07-17T06:08:00,demo_final_july_week,baseline,22.015963216572572,22.78444918709714,22.948030208361704,22.083095683185398,21.541194087033062,0.0,0.0,0.0,0.0,0.0,25.0,18.0,27.0,0.0,19.452684533214157,0.0,7.051574151604221
1986-07-17T06:20:00,demo_final_july_week,baseline,21.303110109107802,21.66650141799903,22.4830854096475,21.002659921376207,21.03198729655586,0.0,0.0,0.0,0.0,0.0,25.55,21.0,24.0,0.09183615471624539,19.5445206879304,0.041520995443072674,7.093095147047294
1986-07-17T06:38:00,demo_final_july_week,baseline,21.189253880864275,21.772818757359413,22.581662997171616,21.001300080230695,21.000671556432533,0.0,0.0,0.0,0.0,0.0,26.1,21.0,24.0,0.09183615471624539,19.636356842646645,0.12055846880654342,7.213653615853838
1986-07-17T06:45:00,demo_final_july_week,baseline,21.166653671809947,21.945671147322024,22.720085514297878,20.99968393493572,21.000226744846003,0.0,0.0,0.0,0.0,0.0,26.65,21.0,24.0,0.09183615471624539,19.72819299736289,0.14561995470858344,7.359273570562421
1986-07-17T07:00:00,demo_final_july_week,baseline,21.19511572094991,22.21579976809504,22.934508482679828,21.000861532460025,21.000038516709086,0.0,0.0,0.0,0.0,0.0,27.2,21.0,24.0,0.09183615471624539,19.820029152079133,0.11052596122371988,7.469799531786141
1986-07-17T07:15:00,demo_final_july_week,baseline,21.267587961136766,22.50841104174481,23.15382107464328,20.99941794638535,20.99990542461573,0.0,0.0,0.0,0.0,0.0,27.75,21.0,24.0,0.09183615471624539,19.911865306795377,0.11009746886821156,7.579897000654353
1986-07-17T07:38:00,demo_final_july_week,baseline,21.390320674018827,22.93825538039688,23.438701886817743,21.000593825685446,21.000062235952285,0.0,0.0,0.0,0.0,0.0,28.299999999999997,21.0,24.0,0.09183615471624539,20.00370146151162,0.09370203868967328,7.673599039344026
1986-07-17T07:53:00,demo_final_july_week,baseline,21.51735234775103,23.292488200205206,23.648341691402692,21.00082664757363,21.000076070024,0.0,0.0,0.0,0.0,0.0,28.849999999999998,21.0,24.0,0.09183615471624539,20.095537616227865,0.07528447299993714,7.748883512343963
1986-07-17T08:08:00,demo_final_july_week,baseline,21.654308546717516,23.6323693433559,23.808103180637122,21.00092088158133,21.000376801541673,0.0,0.0,0.0,0.0,0.0,29.4,21.0,24.0,0.09183615471624539,20.18737377094411,0.05556257635772285,7.8044460887016855
1986-07-17T08:19:00,demo_final_july_week,baseline,23.172726303926286,23.99976991741034,23.999808199454744,22.057365134255413,22.6297267587469,11.0,5.0,11.0,5.0,20.0,29.824999999999996,21.0,24.0,0.09771767914177096,20.28509145008588,0.0,7.8044460887016855
1986-07-17T08:34:00,demo_final_july_week,baseline,23.760159056755988,23.99939157150158,23.99952219863781,22.58739328201528,23.338066104400493,11.0,5.0,11.0,5.0,20.0,30.25,21.0,24.0,0.1001016371269496,20.38519308721283,0.0,7.8044460887016855
1986-07-17T08:53:00,demo_final_july_week,baseline,23.997976143718805,23.99894777620183,23.999067602865864,22.915423409962337,23.670569003829254,11.0,5.0,11.0,5.0,20.0,30.675000000000004,21.0,24.0,0.10274414465909558,20.487937231871925,0.0,7.8044460887016855
1986-07-17T09:08:00,demo_final_july_week,baseline,23.999123289830994,23.998913913756542,23.998910710285177,23.198553030741746,23.904639869638693,11.0,5.0,11.0,5.0,20.0,31.1,21.0,24.0,0.10537174049896428,20.593308972370888,0.0,7.8044460887016855
1986-07-17T09:23:00,demo_final_july_week,baseline,23.998621277263315,23.99878925357502,23.99861641960071,23.8209654739146,23.998614136924306,11.0,5.0,11.0,5.0,20.0,31.250000000000004,21.0,24.0,0.12742736238936214,20.72073633476025,0.0,7.8044460887016855
1986-07-17T09:30:00,demo_final_july_week,baseline,23.997953506173904,23.998444476639246,23.99809452177999,23.97650079899258,23.997893121309218,11.0,5.0,11.0,5.0,20.0,31.4,21.0,24.0,0.13442286175729942,20.85515919651755,0.0,7.8044460887016855
1986-07-17T09:45:00,demo_final_july_week,baseline,23.99784015441687,23.998448162448675,23.998070380148548,23.995249783306623,23.997744179199387,11.0,5.0,11.0,5.0,20.0,31.549999999999997,21.0,24.0,0.13885502236230943,20.99401421887986,0.0,7.8044460887016855
1986-07-17T10:00:00,demo_final_july_week,baseline,23.997887327683017,23.998514275221325,23.99813169312163,23.997721430529072,23.997643251143614,11.0,5.0,11.0,5.0,20.0,31.7,21.0,24.0,0.14300802322520698,21.13702224210507,0.0,7.8044460887016855
1986-07-17T10:15:00,demo_final_july_week,baseline,23.9979459163775,23.998542585156418,23.998150598082443,23.99800662043424,23.997603624965137,11.0,5.0,11.0,5.0,20.0,31.825,21.0,24.0,0.14756448255075852,21.284586724655828,0.0,7.8044460887016855
1986-07-17T10:30:00,demo_final_july_week,baseline,23.997997975606026,23.998560230007783,23.99815306350046,23.99805596831793,23.997607887183385,11.0,5.0,11.0,5.0,20.0,31.950000000000003,21.0,24.0,0.15072001450952346,21.435306739165352,0.0,7.8044460887016855
1986-07-17T10:45:00,demo_final_july_week,baseline,23.99804093611355,23.99858887304783,24.009831487263764,23.998089670186975,23.99763207509689,11.0,5.0,11.0,5.0,20.0,32.075,21.0,24.0,0.15303957769159413,21.588346316856946,0.0,7.8044460887016855
1986-07-17T11:00:00,demo_final_july_week,baseline,23.998078052296258,23.99862135629551,24.038708160098107,23.99812480365372,23.997668825808166,11.0,5.0,11.0,5.0,20.0,32.2,21.0,24.0,0.15444064017246467,21.74278695702941,0.0,7.8044460887016855
1986-07-17T11:15:00,demo_final_july_week,baseline,23.998211084073446,23.998714625447114,24.00500416427242,23.998252878283424,23.997904737865614,8.8,4.0,8.8,4.0,16.0,32.475,21.0,24.0,0.14705513942784385,21.889842096457254,0.0,7.8044460887016855
1986-07-17T11:30:00,demo_final_july_week,baseline,23.99831074718998,23.99881491226593,23.999470749608008,23.99835372891359,23.997989789159863,8.8,4.0,8.8,4.0,16.0,32.75,21.0,24.0,0.14736357270355482,22.03720566916081,0.0,7.8044460887016855
1986-07-17T11:45:00,demo_final_july_week,baseline,23.99840446004801,23.99889902205934,24.008715768362702,23.998452837019197,23.99806222974738,8.8,4.0,8.8,4.0,16.0,33.025,21.0,24.0,0.1480355090368162,22.185241178197625,0.0,7.8044460887016855
1986-07-17T12:00:00,demo_final_july_week,baseline,23.998470205115687,23.998944560620476,24.030016941262268,23.998521223340184,23.998122109272916,8.8,4.0,8.8,4.0,16.0,33.3,21.0,24.0,0.14813589495701648,22.33337707315464,0.0,7.8044460887016855
1986-07-17T12:15:00,demo_final_july_week,baseline,23.998721934077373,23.999121039908914,24.003695867159742,23.998763341615778,23.998544459191677,4.4,2.0,4.4,2.0,8.0,33.3,21.0,24.0,0.13037638035630944,22.46375345351095,0.0,7.8044460887016855
1986-07-17T12:30:00,demo_final_july_week,baseline,23.998901386248264,23.99912934627283,23.999693918611325,23.998946363514204,23.99868136132809,4.4,2.0,4.4,2.0,8.0,33.3,21.0,24.0,0.1291053245347785,22.592858778045727,0.0,7.8044460887016855
1986-07-17T12:45:00,demo_final_july_week,baseline,23.999068407184105,23.99925018636383,23.99920704690373,23.999113551920274,23.998795649999654,4.4,2.0,4.4,2.0,8.0,33.3,21.0,24.0,0.1282818040464113,22.72114058209214,0.0,7.8044460887016855
1986-07-17T13:00:00,demo_final_july_week,baseline,23.999187068543364,23.999326617751674,23.99922178005012,23.99921688938357,23.99889159659682,4.4,2.0,4.4,2.0,8.0,33.3,21.0,24.0,0.12789402220463483,22.849034604296776,0.0,7.8044460887016855
1986-07-17T13:15:00,demo_final_july_week,baseline,23.999082472285615,23.999190836162423,24.0011674664742,23.99909211380218,23.99867991282487,8.8,4.0,8.8,4.0,16.0,33.3,21.0,24.0,0.14472432460204848,22.993758928898824,0.0,7.8044460887016855
1986-07-17T13:30:00,demo_final_july_week,baseline,23.998948881961255,23.9990188080361,24.008661583378338,23.9989247066664,23.998619650663116,8.8,4.0,8.8,4.0,16.0,33.3,21.0,24.0,0.14582795652850958,23.139586885427335,0.0,7.8044460887016855
1986-07-17T13:45:00,demo_final_july_week,baseline,23.99878693674002,23.998841426067973,24.019075484891943,23.99873106922068,23.998537339348136,8.8,4.0,8.8,4.0,16.0,33.3,21.0,24.0,0.1471472836517756,23.28673416907911,0.0,7.8044460887016855
1986-07-17T14:00:00,demo_final_july_week,baseline,23.99867195822347,23.99873078370114,24.02903751753056,23.998596112555994,23.998461335047065,8.8,4.0,8.8,4.0,16.0,33.3,21.0,24.0,0.14859926181923874,23.43533343089835,0.0,7.8044460887016855
1986-07-17T14:15:00,demo_final_july_week,baseline,23.9985727529546,23.998643246015224,24.079313779940772,23.998490548669537,23.998340672632654,11.0,5.0,11.0,5.0,20.0,33.449999999999996,21.0,24.0,0.15405738715388637,23.589390818052237,0.0,7.8044460887016855
1986-07-17T14:30:00,demo_final_july_week,baseline,23.99845613521459,23.99852989917958,24.125021303157467,23.998361224383466,23.998231827969434,11.0,5.0,11.0,5.0,20.0,33.599999999999994,21.0,24.0,0.15660550371951112,23.74599632177175,0.0,7.8044460887016855
1986-07-17T14:45:00,demo_final_july_week,baseline,23.998354512752982,23.998430682577915,24.14278207820703,23.998255975057123,23.998127299826027,11.0,5.0,11.0,5.0,20.0,33.75,21.0,24.0,0.1584463563302731,23.904442678102022,0.0,7.8044460887016855
1986-07-17T15:00:00,demo_final_july_week,baseline,23.998293719929396,23.998374256957327,24.1399780172142,23.998205234885596,23.998046608087915,11.0,5.0,11.0,5.0,20.0,33.9,21.0,24.0,0.15987318856349308,24.064315866665517,0.0,7.8044460887016855
1986-07-17T15:15:00,demo_final_july_week,baseline,23.998335483411832,23.998413742067086,24.065013163363865,23.99849270925567,23.998108418831833,11.0,5.0,11.0,5.0,20.0,33.75,21.0,24.0,0.15562829165668124,24.2199441583222,0.0,7.8044460887016855
1986-07-17T15:30:00,demo_final_july_week,baseline,23.998336317885833,23.99841511682685,24.00939211676851,23.99855007753274,23.998076864677074,11.0,5.0,11.0,5.0,20.0,33.599999999999994,21.0,24.0,0.15576288976512814,24.375707048087328,0.0,7.8044460887016855
1986-07-17T15:45:00,demo_final_july_week,baseline,23.998343135319875,23.998411974067213,24.000126959194574,23.998594190986662,23.998042735931325,11.0,5.0,11.0,5.0,20.0,33.449999999999996,21.0,24.0,0.15391789697381966,24.529624945061148,0.0,7.8044460887016855
1986-07-17T16:00:00,demo_final_july_week,baseline,23.998347574508,23.998411736125664,23.998619964824524,23.99862298236248,23.998018564286298,11.0,5.0,11.0,5.0,20.0,33.3,21.0,24.0,0.15239086409912284,24.68201580916027,0.0,7.8044460887016855
1986-07-17T16:15:00,demo_final_july_week,baseline,23.99849611375093,23.998549029434162,23.99853330602122,23.99875452432514,23.998258052004996,11.0,5.0,11.0,5.0,20.0,33.175,21.0,24.0,0.13806838721941447,24.820084196379685,0.0,7.8044460887016855
1986-07-17T16:30:00,demo_final_july_week,baseline,23.998496565617533,23.998544973603728,23.99850090003221,23.998758191688086,23.99824510945074,11.0,5.0,11.0,5.0,20.0,33.05,21.0,24.0,0.13589598946125808,24.955980185840943,0.0,7.8044460887016855
1986-07-17T16:45:00,demo_final_july_week,baseline,23.998469853458797,23.998517005012037,23.998469774395165,23.998736226499748,23.99819573630462,11.0,5.0,11.0,5.0,20.0,32.925,21.0,24.0,0.13313402185458328,25.089114207695527,0.0,7.8044460887016855
1986-07-17T17:00:00,demo_final_july_week,baseline,23.998456710631316,23.99850354548195,23.998455089444928,23.998735115438883,23.998153052481822,11.0,5.0,11.0,5.0,20.0,32.8,21.0,24.0,0.13013949649369447,25.21925370418922,0.0,7.8044460887016855
1986-07-17T17:15:00,demo_final_july_week,baseline,23.998469312334173,23.998514085630944,23.998466198923612,23.998758741306737,23.998126877783523,11.0,5.0,11.0,5.0,20.0,32.375,21.0,24.0,0.12661125524241268,25.345864959431633,0.0,7.8044460887016855
1986-07-17T17:30:00,demo_final_july_week,baseline,23.998490129417632,23.998532725027783,23.998486050018556,23.998787614742017,23.998113347123287,11.0,5.0,11.0,5.0,20.0,31.95,21.0,24.0,0.1230211719108004,25.468886131342433,0.0,7.8044460887016855
1986-07-17T17:45:00,demo_final_july_week,baseline,23.998508535939628,23.998547443468766,23.998501928930114,23.9988218645035,23.998107703677963,11.0,5.0,11.0,5.0,20.0,31.525000000000002,21.0,24.0,0.11947466596710488,25.588360797309537,0.0,7.8044460887016855
1986-07-17T18:00:00,demo_final_july_week,baseline,23.998531743483877,23.998564025466127,23.998519906344498,23.998880364962883,23.99810893347545,11.0,5.0,11.0,5.0,20.0,31.1,21.0,24.0,0.11564828257679881,25.704009079886337,0.0,7.8044460887016855
1986-07-17T18:15:00,demo_final_july_week,baseline,23.999069564961985,23.796825078469453,23.999064491629625,23.999297816802283,23.999045325362328,5.5,2.5,5.5,2.5,10.0,31.1,21.0,24.0,0.09752008458159646,25.801529164467933,0.0,7.8044460887016855
1986-07-17T18:30:00,demo_final_july_week,baseline,23.999141477542565,23.55143042192336,23.999138280713225,23.999223671582197,23.99912495001903,5.5,2.5,5.5,2.5,10.0,31.1,21.0,24.0,0.09519249949399791,25.89672166396193,0.0,7.8044460887016855
1986-07-17T18:45:00,demo_final_july_week,baseline,23.999200338971534,23.3601679332175,23.999199758974616,23.9906251019498,23.999169285886676,5.5,2.5,5.5,2.5,10.0,31.1,21.0,24.0,0.09377643257580537,25.990498096537735,0.0,7.8044460887016855
1986-07-17T19:00:00,demo_final_july_week,baseline,23.99921643922073,23.21018563149144,23.999218993182566,23.859984208129326,23.99541948714431,5.5,2.5,5.5,2.5,10.0,31.1,21.0,24.0,0.09300687890385548,26.083504975441592,0.0,7.8044460887016855
1986-07-17T19:23:00,demo_final_july_week,baseline,23.67197729749043,22.650511387263407,23.692210442292048,23.233321964805686,23.485401658930208,0.0,0.0,0.0,0.0,0.0,30.675000000000004,21.0,24.0,0.09183615471624539,26.175341130157836,0.0,7.8044460887016855
1986-07-17T19:38:00,demo_final_july_week,baseline,23.39254471354728,22.311324078319664,23.41198234538152,22.767506711600657,23.10445166531079,0.0,0.0,0.0,0.0,0.0,30.25,21.0,24.0,0.09183615471624539,26.26717728487408,0.0,7.8044460887016855
1986-07-17T19:53:00,demo_final_july_week,baseline,23.185171633060328,22.083092660239178,23.200232483634647,22.44252740519695,22.898068597634733,0.0,0.0,0.0,0.0,0.0,29.824999999999996,21.0,24.0,0.09183615471624539,26.359013439590324,0.0,7.8044460887016855
1986-07-17T20:00:00,demo_final_july_week,baseline,23.037005252932467,21.925526336890588,23.049283223974275,22.24732057446396,22.775116155989394,0.0,0.0,0.0,0.0,0.0,29.4,21.0,24.0,0.09183615471624539,26.45084959430657,0.0,7.8044460887016855
1986-07-17T20:20:00,demo_final_july_week,baseline,23.530245541205193,22.994202516180934,23.493723297209772,23.167200293069804,22.875739950996437,0.0,0.0,0.0,0.0,0.0,29.4,18.0,27.0,0.0,26.45084959430657,0.0,7.8044460887016855
1986-07-17T20:35:00,demo_final_july_week,baseline,23.689712946056517,23.280381622157662,23.639012239791818,23.60553663667797,22.966572332906964,0.0,0.0,0.0,0.0,0.0,29.4,18.0,27.0,0.0,26.45084959430657,0.0,7.8044460887016855
1986-07-17T20:45:00,demo_final_july_week,baseline,23.7380764535828,23.401969087983552,23.67988837718029,23.715173477141256,22.981015282368546,0.0,0.0,0.0,0.0,0.0,29.4,18.0,27.0,0.0,26.45084959430657,0.0,7.8044460887016855
1986-07-17T21:00:00,demo_final_july_week,baseline,23.705348161151864,23.40048098405293,23.644241210570616,23.71481565635308,22.955113697969775,0.0,0.0,0.0,0.0,0.0,29.4,18.0,27.0,0.0,26.45084959430657,0.0,7.8044460887016855
1986-07-17T21:15:00,demo_final_july_week,baseline,23.613469984375595,23.344391561842496,23.55135638318546,23.629168560958426,22.879727304987,0.0,0.0,0.0,0.0,0.0,28.724999999999998,18.0,27.0,0.0,26.45084959430657,0.0,7.8044460887016855
1986-07-17T21:30:00,demo_final_july_week,baseline,23.468345288548395,23.245158832067144,23.40560599018101,23.496430085569855,22.749702198229954,0.0,0.0,0.0,0.0,0.0,28.049999999999997,18.0,27.0,0.0,26.45084959430657,0.0,7.8044460887016855
1986-07-17T21:45:00,demo_final_july_week,baseline,23.328287252293727,23.148247315468346,23.265491984837585,23.370766368588175,22.630112819872068,0.0,0.0,0.0,0.0,0.0,27.375,18.0,27.0,0.0,26.45084959430657,0.0,7.8044460887016855
1986-07-17T22:00:00,demo_final_july_week,baseline,23.20463372417579,23.059167334392363,23.142538983845235,23.256585232654015,22.540608891535484,0.0,0.0,0.0,0.0,0.0,26.7,18.0,27.0,0.0,26.45084959430657,0.0,7.8044460887016855
1986-07-17T22:15:00,demo_final_july_week,baseline,23.101882586812746,22.980486113182458,23.040199875378274,23.154888016753265,22.470583143806085,0.0,0.0,0.0,0.0,0.0,26.549999999999997,18.0,27.0,0.0,26.45084959430657,0.0,7.8044460887016855
1986-07-17T22:30:00,demo_final_july_week,baseline,23.012149799998188,22.907266723591878,22.95048513887942,23.060566004263396,22.408026350660535,0.0,0.0,0.0,0.0,0.0,26.4,18.0,27.0,0.0,26.45084959430657,0.0,7.8044460887016855
1986-07-17T22:45:00,demo_final_july_week,baseline,22.92866979333746,22.836000482750435,22.866904894525668,22.97033353499348,22.348270403097093,0.0,0.0,0.0,0.0,0.0,26.250000000000004,18.0,27.0,0.0,26.45084959430657,0.0,7.8044460887016855
1986-07-17T23:00:00,demo_final_july_week,baseline,22.849250411430816,22.766229335556286,22.787429367915678,22.88374232329791,22.291068761178842,0.0,0.0,0.0,0.0,0.0,26.1,18.0,27.0,0.0,26.45084959430657,0.0,7.8044460887016855
1986-07-17T23:15:00,demo_final_july_week,baseline,22.77811690772512,22.70181691550477,22.716023748397,22.80437213478172,22.236945531400618,0.0,0.0,0.0,0.0,0.0,26.1,18.0,27.0,0.0,26.45084959430657,0.0,7.8044460887016855
1986-07-17T23:30:00,demo_final_july_week,baseline,22.715098356480997,22.642751160586293,22.652539771464287,22.732132104107126,22.18598391542237,0.0,0.0,0.0,0.0,0.0,26.1,18.0,27.0,0.0,26.45084959430657,0.0,7.8044460887016855
1986-07-17T23:45:00,demo_final_july_week,baseline,22.658009596482493,22.58779173207131,22.59493124558951,22.665748565102238,22.137958410129073,0.0,0.0,0.0,0.0,0.0,26.1,18.0,27.0,0.0,26.45084959430657,0.0,7.8044460887016855
1986-07-18T00:00:00,demo_final_july_week,baseline,22.605445022403106,22.53630299617201,22.541867662402122,22.6042774371567,22.092628603128194,0.0,0.0,0.0,0.0,0.0,26.1,18.0,27.0,0.0,26.45084959430657,0.0,7.8044460887016855
1986-07-18T00:15:00,demo_final_july_week,baseline,22.553810491369884,22.485941648876068,22.49004401285496,22.545121379534052,22.049920064173627,0.0,0.0,0.0,0.0,0.0,25.975,18.0,27.0,0.0,26.45084959430657,0.0,7.8044460887016855
1986-07-18T00:30:00,demo_final_july_week,baseline,22.502774333270157,22.436555711019903,22.439086557709224,22.48802507604428,22.00958534280058,0.0,0.0,0.0,0.0,0.0,25.85,18.0,27.0,0.0,26.45084959430657,0.0,7.8044460887016855
1986-07-18T00:45:00,demo_final_july_week,baseline,22.453224356870958,22.388751874799922,22.389755887685972,22.43349628320595,21.971379050889283,0.0,0.0,0.0,0.0,0.0,25.725,18.0,27.0,0.0,26.45084959430657,0.0,7.8044460887016855
1986-07-18T01:00:00,demo_final_july_week,baseline,22.405565410329892,22.342738997458895,22.342392008733537,22.381627387868622,21.935098296224467,0.0,0.0,0.0,0.0,0.0,25.6,18.0,27.0,0.0,26.45084959430657,0.0,7.8044460887016855
1986-07-18T01:15:00,demo_final_july_week,baseline,22.357984452737927,22.29693061315277,22.29503978849071,22.33072023465721,21.900569517341584,0.0,0.0,0.0,0.0,0.0,25.450000000000003,18.0,27.0,0.0,26.45084959430657,0.0,7.8044460887016855
1986-07-18T01:30:00,demo_final_july_week,baseline,22.31058809474205,22.251433034427375,22.247769129061535,22.28078713071909,21.867618663885246,0.0,0.0,0.0,0.0,0.0,25.3,18.0,27.0,0.0,26.45084959430657,0.0,7.8044460887016855
1986-07-18T01:45:00,demo_final_july_week,baseline,22.26391867542967,22.206678090308646,22.201164410153577,22.23217610864698,21.83607835012035,0.0,0.0,0.0,0.0,0.0,25.15,18.0,27.0,0.0,26.45084959430657,0.0,7.8044460887016855
1986-07-18T02:00:00,demo_final_july_week,baseline,22.218176824221647,22.162784269941646,22.155461970410943,22.184931209943286,21.805799251426425,0.0,0.0,0.0,0.0,0.0,25.0,18.0,27.0,0.0,26.45084959430657,0.0,7.8044460887016855
1986-07-18T02:15:00,demo_final_july_week,baseline,22.1779966706749,22.123289449852653,22.115149913967283,22.142533228656912,21.77667309389291,0.0,0.0,0.0,0.0,0.0,25.0,18.0,27.0,0.0,26.45084959430657,0.0,7.8044460887016855
1986-07-18T02:30:00,demo_final_july_week,baseline,22.14297758685882,22.087788638964703,22.079869227588947,22.104511067215604,21.74866897263383,0.0,0.0,0.0,0.0,0.0,25.0,18.0,27.0,0.0,26.45084959430657,0.0,7.8044460887016855
1986-07-18T02:45:00,demo_final_july_week,baseline,22.111182893499528,22.054885916008374,22.04776658226864,22.069414973893807,21.721805542194637,0.0,0.0,0.0,0.0,0.0,25.0,18.0,27.0,0.0,26.45084959430657,0.0,7.8044460887016855
1986-07-18T03:00:00,demo_final_july_week,baseline,22.08156972542468,22.02395054565214,22.017838940562413,22.036572204359913,21.696111035829283,0.0,0.0,0.0,0.0,0.0,25.0,18.0,27.0,0.0,26.45084959430657,0.0,7.8044460887016855
1986-07-18T03:15:00,demo_final_july_week,baseline,22.049570745292534,21.991621014015788,21.985754913448837,22.002578247479285,21.671580280638853,0.0,0.0,0.0,0.0,0.0,24.85,18.0,27.0,0.0,26.45084959430657,0.0,7.8044460887016855
1986-07-18T03:30:00,demo_final_july_week,baseline,22.015383656296454,21.958142551100178,21.95167661979598,21.96765457776839,21.648133038461513,0.0,0.0,0.0,0.0,0.0,24.7,18.0,27.0,0.0,26.45084959430657,0.0,7.8044460887016855
1986-07-18T03:45:00,demo_final_july_week,baseline,21.980610982291584,21.924632645654444,21.917101976525956,21.932892387413297,21.625640688258287,0.0,0.0,0.0,0.0,0.0,24.549999999999997,18.0,27.0,0.0,26.45084959430657,0.0,7.8044460887016855
1986-07-18T04:00:00,demo_final_july_week,baseline,21.94602351973843,21.89150039398161,21.88274936118399,21.898674044997506,21.603967025177358,0.0,0.0,0.0,0.0,0.0,24.4,18.0,27.0,0.0,26.45084959430657,0.0,7.8044460887016855
1986-07-18T04:15:00,demo_final_july_week,baseline,21.91247303275543,21.85926030760038,21.849299111066607,21.86549163341204,21.58299857515202,0.0,0.0,0.0,0.0,0.0,24.275,18.0,27.0,0.0,26.45084959430657,0.0,7.8044460887016855
1986-07-18T04:30:00,demo_final_july_week,baseline,21.87949721811133,21.827310535955775,21.81632634947423,21.832723181341912,21.5626565024493,0.0,0.0,0.0,0.0,0.0,24.15,18.0,27.0,0.0,26.45084959430657,0.0,7.8044460887016855
1986-07-18T04:45:00,demo_final_july_week,baseline,21.86073862681908,21.86769374805238,21.893079596240845,21.821688631139263,21.54383621866479,0.0,0.0,0.0,0.0,0.0,24.025,18.0,27.0,0.0,26.45084959430657,0.0,7.8044460887016855
1986-07-18T05:00:00,demo_final_july_week,baseline,21.854072959276582,21.96805210799779,22.0495618947418,21.828735904975478,21.529201609901435,0.0,0.0,0.0,0.0,0.0,23.9,18.0,27.0,0.0,26.45084959430657,0.0,7.8044460887016855
1986-07-18T05:15:00,demo_final_july_week,baseline,21.87086201349336,22.106829216029755,22.237828168011564,21.859893509413627,21.52066766919935,0.0,0.0,0.0,0.0,0.0,24.324999999999996,18.0,27.0,0.0,26.45084959430657,0.0,7.8044460887016855
1986-07-18T05:30:00,demo_final_july_week,baseline,21.909647094640842,22.269360601806063,22.431881323387557,21.912354383710696,21.51859730215704,0.0,0.0,0.0,0.0,0.0,24.75,18.0,27.0,0.0,26.45084959430657,0.0,7.8044460887016855
1986-07-18T05:45:00,demo_final_july_week,baseline,21.972042986095364,22.5250154595332,22.714234477082638,21.987488495561145,21.523161622161854,0.0,0.0,0.0,0.0,0.0,25.175000000000004,18.0,27.0,0.0,26.45084959430657,0.0,7.8044460887016855
1986-07-18T06:08:00,demo_final_july_week,baseline,22.06923116638629,22.930463643557722,23.128261956389327,22.103406502417428,21.538756286720375,0.0,0.0,0.0,0.0,0.0,25.6,18.0,27.0,0.0,26.45084959430657,0.0,7.8044460887016855
1986-07-18T06:20:00,demo_final_july_week,baseline,21.338511322493666,21.772328976324292,22.62037153676537,21.00137478680776,21.03387195358869,0.0,0.0,0.0,0.0,0.0,26.000000000000004,21.0,24.0,0.09183615471624539,26.542685749022812,0.04139184881183647,7.845837937513522
1986-07-18T06:38:00,demo_final_july_week,baseline,21.222643605914907,21.924935658036095,22.75651993905,21.001784375560458,21.000811500812258,0.0,0.0,0.0,0.0,0.0,26.4,21.0,24.0,0.09183615471624539,26.634521903739056,0.12005437833372798,7.96589231584725
1986-07-18T06:45:00,demo_final_july_week,baseline,21.19719223578711,22.13216637101662,22.918597816222153,21.001135353687214,21.000224484602555,0.0,0.0,0.0,0.0,0.0,26.799999999999997,21.0,24.0,0.09183615471624539,26.7263580584553,0.14445773461869743,8.110350050465946
1986-07-18T07:08:00,demo_final_july_week,baseline,21.227958711321737,22.496359095156887,23.195660555287226,21.000035994781747,21.000395849619697,0.0,0.0,0.0,0.0,0.0,27.2,21.0,24.0,0.09183615471624539,26.818194213171545,0.12306401132643074,8.233414061792377
1986-07-18T07:23:00,demo_final_july_week,baseline,21.306141954786725,22.847962045877345,23.442738212856792,20.99948755536059,21.000516148996443,0.0,0.0,0.0,0.0,0.0,27.625,21.0,24.0,0.09183615471624539,26.91003036788779,0.10932645352895122,8.342740515321328
1986-07-18T07:38:00,demo_final_july_week,baseline,21.40180994038242,23.219535504787153,23.662237929797715,21.000642438162554,21.00024041815409,0.0,0.0,0.0,0.0,0.0,28.049999999999997,21.0,24.0,0.09183615471624539,27.001866522604033,0.09276116932708324,8.435501684648411
1986-07-18T07:53:00,demo_final_july_week,baseline,21.50851174390255,23.56839563181185,23.83191779555771,21.000461377448598,21.000431804231606,0.0,0.0,0.0,0.0,0.0,28.474999999999998,21.0,24.0,0.09183615471624539,27.093702677320277,0.07524088887155897,8.51074257351997
1986-07-18T08:08:00,demo_final_july_week,baseline,21.628172805087654,23.90100180413809,23.9567291527203,21.000543820328215,21.00047903108982,0.0,0.0,0.0,0.0,0.0,28.9,21.0,24.0,0.09183615471624539,27.18553883203652,0.05666996002105714,8.567412533541027
1986-07-18T08:19:00,demo_final_july_week,baseline,23.128066105327125,23.99974239297132,23.999763275128547,22.011833580829915,22.64401026925678,11.0,5.0,11.0,5.0,20.0,29.174999999999997,21.0,24.0,0.09899161998794154,27.284530452024462,0.0,8.567412533541027
1986-07-18T08:34:00,demo_final_july_week,baseline,23.69524991839295,23.999542226246277,23.99959168227265,22.512364270130846,23.35366244201887,11.0,5.0,11.0,5.0,20.0,29.45,21.0,24.0,0.10100122407989531,27.385531676104357,0.0,8.567412533541027
1986-07-18T08:53:00,demo_final_july_week,baseline,23.994842968021658,23.999227349631383,23.999267368229283,22.82595841377685,23.685129944411774,11.0,5.0,11.0,5.0,20.0,29.725,21.0,24.0,0.10296383942213466,27.48849551552649,0.0,8.567412533541027
1986-07-18T09:00:00,demo_final_july_week,baseline,23.99866648129549,23.998693544623457,23.998697155526663,23.02937707896201,23.85441413632741,11.0,5.0,11.0,5.0,20.0,30.0,21.0,24.0,0.10578214792092368,27.594277663447414,0.0,8.567412533541027
1986-07-18T09:23:00,demo_final_july_week,baseline,23.998782691292718,23.99873935239064,23.998690996532027,23.701419501728502,23.998716019383362,11.0,5.0,11.0,5.0,20.0,30.425,21.0,24.0,0.12721197068844717,27.72148963413586,0.0,8.567412533541027
1986-07-18T09:38:00,demo_final_july_week,baseline,23.998693510838173,23.998908498279153,23.998742615645785,23.99321166729501,23.998743090152537,11.0,5.0,11.0,5.0,20.0,30.85,21.0,24.0,0.13256805191000992,27.85405768604587,0.0,8.567412533541027
1986-07-18T09:45:00,demo_final_july_week,baseline,23.998077728105947,23.99859206618364,23.99824976052057,23.997594449522413,23.997993180802215,11.0,5.0,11.0,5.0,20.0,31.275,21.0,24.0,0.13850481601815198,27.992562502064022,0.0,8.567412533541027
1986-07-18T10:00:00,demo_final_july_week,baseline,23.997974283263492,23.998559586028502,23.99818938786504,23.99810538944401,23.997806205029708,11.0,5.0,11.0,5.0,20.0,31.7,21.0,24.0,0.14263277979788216,28.135195281861904,0.0,8.567412533541027
1986-07-18T10:15:00,demo_final_july_week,baseline,23.997981066150647,23.99856592755618,23.998179338094562,23.998082303620766,23.997718571380695,11.0,5.0,11.0,5.0,20.0,31.825,21.0,24.0,0.1470525588598612,28.282247840721766,0.0,8.567412533541027
1986-07-18T10:30:00,demo_final_july_week,baseline,23.998014521034317,23.998577425530748,23.998175348869353,23.998073098397647,23.997689154157968,11.0,5.0,11.0,5.0,20.0,31.950000000000003,21.0,24.0,0.15001306756571992,28.432260908287486,0.0,8.567412533541027
1986-07-18T10:45:00,demo_final_july_week,baseline,23.998054035738615,23.998602117975185,23.998179994710544,23.99810213396426,23.99769433388315,11.0,5.0,11.0,5.0,20.0,32.075,21.0,24.0,0.15194282622434802,28.584203734511835,0.0,8.567412533541027
1986-07-18T11:00:00,demo_final_july_week,baseline,23.99808937034653,23.99863130461132,23.998188106564236,23.998140455790878,23.99771153533956,11.0,5.0,11.0,5.0,20.0,32.2,21.0,24.0,0.15319789984000665,28.73740163435184,0.0,8.567412533541027
1986-07-18T11:15:00,demo_final_july_week,baseline,23.998235459522544,23.998743473031855,23.998308083120556,23.998287568600638,23.99794298183729,8.8,4.0,8.8,4.0,16.0,32.475,21.0,24.0,0.14394436647191566,28.881346000823758,0.0,8.567412533541027
1986-07-18T11:30:00,demo_final_july_week,baseline,23.99833717458936,23.998851284140425,23.99839826362124,23.9983915698592,23.99802445154271,8.8,4.0,8.8,4.0,16.0,32.75,21.0,24.0,0.144050918228996,29.025396919052753,0.0,8.567412533541027
1986-07-18T11:45:00,demo_final_july_week,baseline,23.99843058524029,23.998937175794055,23.99848154405042,23.998484506297288,23.99809305540211,8.8,4.0,8.8,4.0,16.0,33.025,21.0,24.0,0.14381230431567327,29.169209223368426,0.0,8.567412533541027
1986-07-18T12:00:00,demo_final_july_week,baseline,23.998497055264096,23.99898303962313,23.99853725129598,23.998547940418522,23.998150347184243,8.8,4.0,8.8,4.0,16.0,33.3,21.0,24.0,0.14350023693391628,29.312709460302344,0.0,8.567412533541027
1986-07-18T12:15:00,demo_final_july_week,baseline,23.99875154913303,23.999158961044408,23.998777187454127,23.99879181899871,23.998570243884984,4.4,2.0,4.4,2.0,8.0,33.3,21.0,24.0,0.1257302148044961,29.43843967510684,0.0,8.567412533541027
1986-07-18T12:30:00,demo_final_july_week,baseline,23.9989171032618,23.999296480687764,23.998938984484795,23.99895616777381,23.99869919359175,4.4,2.0,4.4,2.0,8.0,33.3,21.0,24.0,0.12431178415315024,29.56275145925999,0.0,8.567412533541027
1986-07-18T12:45:00,demo_final_july_week,baseline,23.99906966831971,23.99927908139927,23.99908886146722,23.999107941831387,23.99880726402107,4.4,2.0,4.4,2.0,8.0,33.3,21.0,24.0,0.12374972040523059,29.686501179665218,0.0,8.567412533541027
1986-07-18T13:00:00,demo_final_july_week,baseline,23.999175801691443,23.999322549412764,23.999191179762228,23.99920034614656,23.998896221291588,4.4,2.0,4.4,2.0,8.0,33.3,21.0,24.0,0.1235307058830369,29.810031885548256,0.0,8.567412533541027
1986-07-18T13:15:00,demo_final_july_week,baseline,23.99906702522235,23.999184150597927,23.999078789693023,23.999071923538757,23.99867904879518,8.8,4.0,8.8,4.0,16.0,33.3,21.0,24.0,0.13929003785599423,29.94932192340425,0.0,8.567412533541027
1986-07-18T13:30:00,demo_final_july_week,baseline,23.998942341983398,23.99902548772144,23.998949934331343,23.998914292989856,23.99862128792589,8.8,4.0,8.8,4.0,16.0,33.3,21.0,24.0,0.14094125581040473,30.090263179214652,0.0,8.567412533541027
1986-07-18T13:45:00,demo_final_july_week,baseline,23.998787776237616,23.99885665957402,23.998794405900956,23.998725505849013,23.998540357852566,8.8,4.0,8.8,4.0,16.0,33.3,21.0,24.0,0.14240458773753592,30.232667766952186,0.0,8.567412533541027
1986-07-18T14:00:00,demo_final_july_week,baseline,23.998677071968178,23.998749080201783,23.998685371992902,23.998589617227683,23.99846538552426,8.8,4.0,8.8,4.0,16.0,33.3,21.0,24.0,0.1438929370438826,30.37656070399607,0.0,8.567412533541027
1986-07-18T14:15:00,demo_final_july_week,baseline,23.998573790541734,23.998654228205524,23.99858438445223,23.99847237986874,23.998340023920576,11.0,5.0,11.0,5.0,20.0,33.3,21.0,24.0,0.14993830848611203,30.526499012482184,0.0,8.567412533541027
1986-07-18T14:30:00,demo_final_july_week,baseline,23.998459631542353,23.998542474765927,23.998472323949798,23.998341723280323,23.99823076551947,11.0,5.0,11.0,5.0,20.0,33.3,21.0,24.0,0.15236536469823583,30.67886437718042,0.0,8.567412533541027
1986-07-18T14:45:00,demo_final_july_week,baseline,23.99835343679861,23.998438002423445,23.998368359373327,23.99822618374508,23.998124202703597,11.0,5.0,11.0,5.0,20.0,33.3,21.0,24.0,0.15430380186117154,30.833168179041593,0.0,8.567412533541027
1986-07-18T15:00:00,demo_final_july_week,baseline,23.998286074314407,23.998373313649005,23.998302504224142,23.998420519183966,23.998041131899935,11.0,5.0,11.0,5.0,20.0,33.3,21.0,24.0,0.1565532129689664,30.98972139201056,0.0,8.567412533541027
1986-07-18T15:15:00,demo_final_july_week,baseline,23.99832360722361,23.99840949277812,23.99834158169537,23.99850249294802,23.998107205136485,11.0,5.0,11.0,5.0,20.0,33.449999999999996,21.0,24.0,0.15164783961941722,31.141369231629977,0.0,8.567412533541027
1986-07-18T15:30:00,demo_final_july_week,baseline,23.99831987849475,23.99840402456303,23.99833596816073,23.998526554704306,23.998074665552593,11.0,5.0,11.0,5.0,20.0,33.599999999999994,21.0,24.0,0.15279099346001176,31.29416022508999,0.0,8.567412533541027
1986-07-18T15:45:00,demo_final_july_week,baseline,23.998303244087612,23.99838709289219,23.998319115393496,23.998534245562702,23.99803236686192,11.0,5.0,11.0,5.0,20.0,33.75,21.0,24.0,0.1534272441055781,31.447587469195568,0.0,8.567412533541027
1986-07-18T16:00:00,demo_final_july_week,baseline,23.998294723124577,23.998377608180984,23.998310012578248,23.998547951289225,23.998000823973126,11.0,5.0,11.0,5.0,20.0,33.9,21.0,24.0,0.15363698612330623,31.601224455318874,0.0,8.567412533541027
1986-07-18T16:15:00,demo_final_july_week,baseline,23.99845341484653,23.998522950801423,23.998467876060435,23.998688862576223,23.998238998617946,11.0,5.0,11.0,5.0,20.0,33.474999999999994,21.0,24.0,0.1398766474543502,31.741101102773225,0.0,8.567412533541027
1986-07-18T16:30:00,demo_final_july_week,baseline,23.99846597549467,23.998526578409944,23.998475648718188,23.998701334831416,23.998223734459316,11.0,5.0,11.0,5.0,20.0,33.05,21.0,24.0,0.1382587700759914,31.879359872849218,0.0,8.567412533541027
1986-07-18T16:45:00,demo_final_july_week,baseline,23.99845157172225,23.9985047925711,23.99845532469952,23.99869297079477,23.99817481999316,11.0,5.0,11.0,5.0,20.0,32.625,21.0,24.0,0.13584403145680302,32.01520390430602,0.0,8.567412533541027
1986-07-18T17:00:00,demo_final_july_week,baseline,23.99844655454965,23.99849283488404,23.998443453648427,23.998702839750532,23.998132464918008,11.0,5.0,11.0,5.0,20.0,32.2,21.0,24.0,0.1330088550519072,32.148212759357925,0.0,8.567412533541027
1986-07-18T17:15:00,demo_final_july_week,baseline,23.99844654171478,23.99848774097724,23.998436933552274,23.998722223137875,23.998103357718126,11.0,5.0,11.0,5.0,20.0,32.075,21.0,24.0,0.1302406617654119,32.27845342112334,0.0,8.567412533541027
1986-07-18T17:30:00,demo_final_july_week,baseline,23.99845521100242,23.998491925192546,23.998440047200962,23.998747564175275,23.99808788301493,11.0,5.0,11.0,5.0,20.0,31.950000000000003,21.0,24.0,0.12731443061880607,32.40576785174214,0.0,8.567412533541027
1986-07-18T17:45:00,demo_final_july_week,baseline,23.998482415465435,23.998510299015706,23.998458570560853,23.998807893942065,23.998085308354028,11.0,5.0,11.0,5.0,20.0,31.825,21.0,24.0,0.12336291727909231,32.529130769021236,0.0,8.567412533541027
1986-07-18T18:00:00,demo_final_july_week,baseline,23.998498654491858,23.99852378911937,23.998472761710747,23.998848370999887,23.99808678629227,11.0,5.0,11.0,5.0,20.0,31.7,21.0,24.0,0.11983963803538433,32.64897040705662,0.0,8.567412533541027
1986-07-18T18:15:00,demo_final_july_week,baseline,23.999040537731016,23.805686234734143,23.999032807452615,23.999267293858193,23.99902469199926,5.5,2.5,5.5,2.5,10.0,31.424999999999997,21.0,24.0,0.09944892080690348,32.74841932786353,0.0,8.567412533541027
1986-07-18T18:30:00,demo_final_july_week,baseline,23.99914074867669,23.56832422600543,23.999134284796668,23.999362710462766,23.999114719079994,5.5,2.5,5.5,2.5,10.0,31.15,21.0,24.0,0.09659181773340311,32.845011145596935,0.0,8.567412533541027
1986-07-18T18:45:00,demo_final_july_week,baseline,23.999220638577558,23.375475640732567,23.999216264669194,23.999434994381165,23.999162864211893,5.5,2.5,5.5,2.5,10.0,30.875000000000004,21.0,24.0,0.09479947552740094,32.93981062112434,0.0,8.567412533541027
1986-07-18T19:00:00,demo_final_july_week,baseline,23.999280328149275,23.21729018179711,23.999277813162408,23.99936209436049,23.999197439549928,5.5,2.5,5.5,2.5,10.0,30.6,21.0,24.0,0.09343956736015321,33.03325018848449,0.0,8.567412533541027
1986-07-18T19:23:00,demo_final_july_week,baseline,23.69536121423054,22.65439519368122,23.69111713802048,23.53508798449703,23.502628102615727,0.0,0.0,0.0,0.0,0.0,30.300000000000004,21.0,24.0,0.09183615471624539,33.125086343200735,0.0,8.567412533541027
1986-07-18T19:38:00,demo_final_july_week,baseline,23.4250254683424,22.315711873816532,23.41495177721456,23.054368424609375,23.128603205530542,0.0,0.0,0.0,0.0,0.0,30.0,21.0,24.0,0.09183615471624539,33.21692249791698,0.0,8.567412533541027
1986-07-18T19:53:00,demo_final_july_week,baseline,23.221595836938317,22.091151655267282,23.21086992756802,22.717075166654233,22.92353261485304,0.0,0.0,0.0,0.0,0.0,29.699999999999996,21.0,24.0,0.09183615471624539,33.30875865263323,0.0,8.567412533541027
1986-07-18T20:00:00,demo_final_july_week,baseline,23.076758961608203,21.938184028888855,23.067416538526466,22.489306154610702,22.80042929107537,0.0,0.0,0.0,0.0,0.0,29.4,21.0,24.0,0.09183615471624539,33.40059480734948,0.0,8.567412533541027
1986-07-18T20:20:00,demo_final_july_week,baseline,23.573234104802776,23.01182138439761,23.517907899075702,23.411129175405225,22.9029836091413,0.0,0.0,0.0,0.0,0.0,29.275,18.0,27.0,0.0,33.40059480734948,0.0,8.567412533541027
1986-07-18T20:35:00,demo_final_july_week,baseline,23.728079097966017,23.297543307139343,23.663036198028042,23.83857701238184,22.994298841456047,0.0,0.0,0.0,0.0,0.0,29.15,18.0,27.0,0.0,33.40059480734948,0.0,8.567412533541027
1986-07-18T20:45:00,demo_final_july_week,baseline,23.77182798793904,23.418082223240148,23.70305905932523,23.93319513507996,23.008812850399188,0.0,0.0,0.0,0.0,0.0,29.025,18.0,27.0,0.0,33.40059480734948,0.0,8.567412533541027
1986-07-18T21:00:00,demo_final_july_week,baseline,23.731129525914078,23.4141652713778,23.66451848129742,23.90906973280042,22.98240842691856,0.0,0.0,0.0,0.0,0.0,28.9,18.0,27.0,0.0,33.40059480734948,0.0,8.567412533541027
1986-07-18T21:15:00,demo_final_july_week,baseline,23.637575258562002,23.359168454039363,23.572728296903374,23.803618760603644,22.906175254332336,0.0,0.0,0.0,0.0,0.0,28.474999999999998,18.0,27.0,0.0,33.40059480734948,0.0,8.567412533541027
1986-07-18T21:30:00,demo_final_july_week,baseline,23.49732995749428,23.264316723395133,23.43243122913587,23.656393583199034,22.77512132063842,0.0,0.0,0.0,0.0,0.0,28.049999999999997,18.0,27.0,0.0,33.40059480734948,0.0,8.567412533541027
1986-07-18T21:45:00,demo_final_july_week,baseline,23.365702584719678,23.173526667594977,23.300149469697104,23.51995899509308,22.654493001694508,0.0,0.0,0.0,0.0,0.0,27.625,18.0,27.0,0.0,33.40059480734948,0.0,8.567412533541027
1986-07-18T22:00:00,demo_final_july_week,baseline,23.252408959702638,23.09190344465346,23.186474222429073,23.397857891922044,22.56407157275089,0.0,0.0,0.0,0.0,0.0,27.2,18.0,27.0,0.0,33.40059480734948,0.0,8.567412533541027
1986-07-18T22:15:00,demo_final_july_week,baseline,23.158957468298425,23.021208435295467,23.093839106502127,23.290592567382333,22.493365376003972,0.0,0.0,0.0,0.0,0.0,27.075,18.0,27.0,0.0,33.40059480734948,0.0,8.567412533541027
1986-07-18T22:30:00,demo_final_july_week,baseline,23.07772176634395,22.95671797296962,23.014433027172267,23.19305817981857,22.430454009722144,0.0,0.0,0.0,0.0,0.0,26.95,18.0,27.0,0.0,33.40059480734948,0.0,8.567412533541027
1986-07-18T22:45:00,demo_final_july_week,baseline,23.002894324770278,22.89503884858169,22.94193423324667,23.101860001991934,22.370720242658706,0.0,0.0,0.0,0.0,0.0,26.825,18.0,27.0,0.0,33.40059480734948,0.0,8.567412533541027
1986-07-18T23:00:00,demo_final_july_week,baseline,22.932586928703337,22.835514439512938,22.874161400481867,23.016210141317636,22.313930792275627,0.0,0.0,0.0,0.0,0.0,26.7,18.0,27.0,0.0,33.40059480734948,0.0,8.567412533541027
1986-07-18T23:15:00,demo_final_july_week,baseline,22.864434863294473,22.776349489416642,22.80812470405668,22.934016406111407,22.260566258878974,0.0,0.0,0.0,0.0,0.0,26.549999999999997,18.0,27.0,0.0,33.40059480734948,0.0,8.567412533541027
1986-07-18T23:30:00,demo_final_july_week,baseline,22.798493897661675,22.7179223763605,22.743805460466778,22.855348086434255,22.210578299191003,0.0,0.0,0.0,0.0,0.0,26.4,18.0,27.0,0.0,33.40059480734948,0.0,8.567412533541027
1986-07-18T23:45:00,demo_final_july_week,baseline,22.735227306756578,22.660989198748595,22.681889193926498,22.780663988546262,22.163559232052087,0.0,0.0,0.0,0.0,0.0,26.250000000000004,18.0,27.0,0.0,33.40059480734948,0.0,8.567412533541027
1986-07-19T00:00:00,demo_final_july_week,baseline,22.674650003338925,22.605803833521893,22.622548671933956,22.70994244362692,22.119089836649774,0.0,0.0,0.0,0.0,0.0,26.1,18.0,27.0,0.0,33.40059480734948,0.0,8.567412533541027
1986-07-19T00:15:00,demo_final_july_week,baseline,22.73215962913802,22.659361540760866,22.68136364233126,22.74995197782911,22.217471366745706,0.0,0.0,0.0,0.0,0.0,25.975,18.0,27.0,0.0,33.40059480734948,0.0,8.567412533541027
1986-07-19T00:30:00,demo_final_july_week,baseline,22.77958087284425,22.69863490578065,22.730385158306767,22.777399887119014,22.322024796343502,0.0,0.0,0.0,0.0,0.0,25.85,18.0,27.0,0.0,33.40059480734948,0.0,8.567412533541027
1986-07-19T00:45:00,demo_final_july_week,baseline,22.778898115438107,22.693385525896108,22.730843025312435,22.761832566194894,22.370219153170066,0.0,0.0,0.0,0.0,0.0,25.725,18.0,27.0,0.0,33.40059480734948,0.0,8.567412533541027
1986-07-19T01:00:00,demo_final_july_week,baseline,22.753708017545073,22.668956494193832,22.706670140485315,22.728192922439383,22.376535421359566,0.0,0.0,0.0,0.0,0.0,25.6,18.0,27.0,0.0,33.40059480734948,0.0,8.567412533541027
1986-07-19T01:15:00,demo_final_july_week,baseline,22.72000335624001,22.639271309943247,22.674082458761617,22.69071509833867,22.368003347601242,0.0,0.0,0.0,0.0,0.0,25.300000000000004,18.0,27.0,0.0,33.40059480734948,0.0,8.567412533541027
1986-07-19T01:30:00,demo_final_july_week,baseline,22.6828558260335,22.607195446420796,22.638102153126994,22.651946832217735,22.35730895556482,0.0,0.0,0.0,0.0,0.0,25.0,18.0,27.0,0.0,33.40059480734948,0.0,8.567412533541027
1986-07-19T01:45:00,demo_final_july_week,baseline,22.642621118885504,22.57221275901418,22.598991350416746,22.611117385272543,22.346057825358336,0.0,0.0,0.0,0.0,0.0,24.699999999999996,18.0,27.0,0.0,33.40059480734948,0.0,8.567412533541027
1986-07-19T02:00:00,demo_final_july_week,baseline,22.599293169442983,22.534210298752864,22.556703661039883,22.56800385379042,22.333049037714577,0.0,0.0,0.0,0.0,0.0,24.4,18.0,27.0,0.0,33.40059480734948,0.0,8.567412533541027
1986-07-19T02:15:00,demo_final_july_week,baseline,22.56217199556573,22.500457892585217,22.52023900169105,22.529818328766588,22.31725166158049,0.0,0.0,0.0,0.0,0.0,24.4,18.0,27.0,0.0,33.40059480734948,0.0,8.567412533541027
1986-07-19T02:30:00,demo_final_july_week,baseline,22.531398208461898,22.47095384996454,22.48982959717415,22.496467512646,22.298855490241966,0.0,0.0,0.0,0.0,0.0,24.4,18.0,27.0,0.0,33.40059480734948,0.0,8.567412533541027
1986-07-19T02:45:00,demo_final_july_week,baseline,22.503866947616743,22.44348063508441,22.462534677396054,22.465649533324807,22.278883392914736,0.0,0.0,0.0,0.0,0.0,24.4,18.0,27.0,0.0,33.40059480734948,0.0,8.567412533541027
1986-07-19T03:00:00,demo_final_july_week,baseline,22.477892982355023,22.417076796227455,22.43674243158354,22.43633656288256,22.258191294517985,0.0,0.0,0.0,0.0,0.0,24.4,18.0,27.0,0.0,33.40059480734948,0.0,8.567412533541027
1986-07-19T03:15:00,demo_final_july_week,baseline,22.44961323796199,22.388979651204696,22.408676716984964,22.405702594711734,22.237261301221892,0.0,0.0,0.0,0.0,0.0,24.275,18.0,27.0,0.0,33.40059480734948,0.0,8.567412533541027
1986-07-19T03:30:00,demo_final_july_week,baseline,22.418994676040466,22.359106271979993,22.378080431678214,22.37362498387581,22.216320711855598,0.0,0.0,0.0,0.0,0.0,24.15,18.0,27.0,0.0,33.40059480734948,0.0,8.567412533541027
1986-07-19T03:45:00,demo_final_july_week,baseline,22.39015214365546,22.32900917466219,22.34688689151418,22.34161829367693,22.195484728743008,0.0,0.0,0.0,0.0,0.0,24.025,18.0,27.0,0.0,33.40059480734948,0.0,8.567412533541027
1986-07-19T04:00:00,demo_final_july_week,baseline,22.35878391666498,22.298847598135616,22.315493871165586,22.30979986979342,22.174821838572797,0.0,0.0,0.0,0.0,0.0,23.9,18.0,27.0,0.0,33.40059480734948,0.0,8.567412533541027
1986-07-19T04:15:00,demo_final_july_week,baseline,22.32812627884563,22.269506804592726,22.285063275809293,22.279020733673548,22.154368867047772,0.0,0.0,0.0,0.0,0.0,23.749999999999996,18.0,27.0,0.0,33.40059480734948,0.0,8.567412533541027
1986-07-19T04:30:00,demo_final_july_week,baseline,22.29763823899576,22.240787409450007,22.257717520229846,22.249051965457706,22.13417629344803,0.0,0.0,0.0,0.0,0.0,23.6,18.0,27.0,0.0,33.40059480734948,0.0,8.567412533541027
1986-07-19T04:45:00,demo_final_july_week,baseline,22.28349324645032,22.29048077835268,22.347289309696862,22.24143505239426,22.11526452889796,0.0,0.0,0.0,0.0,0.0,23.450000000000003,18.0,27.0,0.0,33.40059480734948,0.0,8.567412533541027
1986-07-19T05:00:00,demo_final_july_week,baseline,22.281339837063292,22.430170018685715,22.557528422780386,22.257659394599973,22.10063068747645,0.0,0.0,0.0,0.0,0.0,23.3,18.0,27.0,0.0,33.40059480734948,0.0,8.567412533541027
1986-07-19T05:15:00,demo_final_july_week,baseline,22.30129380473845,22.62039675007594,22.81145661659421,22.299736456156758,22.092774448319,0.0,0.0,0.0,0.0,0.0,23.575000000000003,18.0,27.0,0.0,33.40059480734948,0.0,8.567412533541027
1986-07-19T05:30:00,demo_final_july_week,baseline,22.34233245626172,22.82554319490962,23.051293888077566,22.36361287012463,22.0921810359275,0.0,0.0,0.0,0.0,0.0,23.85,18.0,27.0,0.0,33.40059480734948,0.0,8.567412533541027
1986-07-19T05:45:00,demo_final_july_week,baseline,22.40037175083333,23.086163765505674,23.329033352699096,22.445252425342204,22.09840626086291,0.0,0.0,0.0,0.0,0.0,24.124999999999996,18.0,27.0,0.0,33.40059480734948,0.0,8.567412533541027
1986-07-19T06:08:00,demo_final_july_week,baseline,22.496537115484582,23.544629247166434,23.787795953605436,22.568866248236542,22.11539616963346,0.0,0.0,0.0,0.0,0.0,24.4,18.0,27.0,0.0,33.40059480734948,0.0,8.567412533541027
1986-07-19T06:23:00,demo_final_july_week,baseline,22.617507104154367,24.043486755712824,24.254368554642,22.710469321995106,22.142067352903663,0.0,0.0,0.0,0.0,0.0,25.099999999999998,18.0,27.0,0.0,33.40059480734948,0.0,8.567412533541027
1986-07-19T06:38:00,demo_final_july_week,baseline,22.77213072101912,24.65159739108247,24.775061468691483,22.879739913182487,22.179791419321486,0.0,0.0,0.0,0.0,0.0,25.799999999999997,18.0,27.0,0.0,33.40059480734948,0.0,8.567412533541027
1986-07-19T06:53:00,demo_final_july_week,baseline,22.935451159610206,25.20554301159291,25.196042042032815,23.057910142754988,22.228531806092207,0.0,0.0,0.0,0.0,0.0,26.5,18.0,27.0,0.0,33.40059480734948,0.0,8.567412533541027
1986-07-19T07:08:00,demo_final_july_week,baseline,23.104932220626697,25.71088009903435,25.528854830324526,23.242741372110565,22.285993323296253,0.0,0.0,0.0,0.0,0.0,27.2,18.0,27.0,0.0,33.40059480734948,0.0,8.567412533541027
1986-07-19T07:23:00,demo_final_july_week,baseline,23.265745251399885,26.180421934567445,25.79443605950166,23.42195911265685,22.349621219534328,0.0,0.0,0.0,0.0,0.0,27.474999999999998,18.0,27.0,0.0,33.40059480734948,0.0,8.567412533541027
1986-07-19T07:38:00,demo_final_july_week,baseline,23.42379444158801,26.61717357526819,26.003720802996767,23.599245361392626,22.417021722217605,0.0,0.0,0.0,0.0,0.0,27.75,18.0,27.0,0.0,33.40059480734948,0.0,8.567412533541027
1986-07-19T07:53:00,demo_final_july_week,baseline,23.569083766908026,26.933576996581678,26.114649346132957,23.77594663723806,22.486067388846223,0.0,0.0,0.0,0.0,0.0,28.025000000000002,18.0,27.0,0.0,33.40059480734948,0.0,8.567412533541027
1986-07-19T08:00:00,demo_final_july_week,baseline,23.685713005661327,27.161845656018052,26.178845738622417,23.916455394686572,22.540112388636572,0.0,0.0,0.0,0.0,0.0,28.3,18.0,27.0,0.0,33.40059480734948,0.0,8.567412533541027
1986-07-19T08:15:00,demo_final_july_week,baseline,23.841607658184735,27.42158460310316,26.243342457835112,24.09685725838362,22.60453634168366,0.0,0.0,0.0,0.0,0.0,28.875,18.0,27.0,0.0,33.40059480734948,0.0,8.567412533541027
1986-07-19T08:30:00,demo_final_july_week,baseline,24.006189359205322,27.65466689675152,26.294851906116723,24.280593714222373,22.667447046068112,0.0,0.0,0.0,0.0,0.0,29.450000000000003,18.0,27.0,0.0,33.40059480734948,0.0,8.567412533541027
1986-07-19T08:45:00,demo_final_july_week,baseline,24.18502609502332,27.887062313168148,26.35218995602592,24.47932674233142,22.730648870357374,0.0,0.0,0.0,0.0,0.0,30.025000000000002,18.0,27.0,0.0,33.40059480734948,0.0,8.567412533541027
1986-07-19T09:00:00,demo_final_july_week,baseline,24.376315906626385,28.119993664916905,26.41754093753863,24.690876097838714,22.79494478873572,0.0,0.0,0.0,0.0,0.0,30.6,18.0,27.0,0.0,33.40059480734948,0.0,8.567412533541027
1986-07-19T09:15:00,demo_final_july_week,baseline,24.56055303813643,28.296207082420764,26.476377830211508,24.91440553560495,22.86065863097085,0.0,0.0,0.0,0.0,0.0,30.875000000000004,18.0,27.0,0.0,33.40059480734948,0.0,8.567412533541027
1986-07-19T09:30:00,demo_final_july_week,baseline,24.74017855286286,28.448517969289647,26.533019086602568,25.137931439237544,22.92763958609493,0.0,0.0,0.0,0.0,0.0,31.15,18.0,27.0,0.0,33.40059480734948,0.0,8.567412533541027
1986-07-19T09:45:00,demo_final_july_week,baseline,24.916864889363616,28.594551073468295,26.583843529296022,25.354968591367154,22.997650351797947,0.0,0.0,0.0,0.0,0.0,31.424999999999997,18.0,27.0,0.0,33.40059480734948,0.0,8.567412533541027
1986-07-19T10:00:00,demo_final_july_week,baseline,25.091285252005495,28.73153563234941,26.63517555720016,25.560876629100086,23.069631312228896,0.0,0.0,0.0,0.0,0.0,31.7,18.0,27.0,0.0,33.40059480734948,0.0,8.567412533541027
1986-07-19T10:15:00,demo_final_july_week,baseline,25.2662236223742,28.855218953037863,26.70508790421619,25.764733301054186,23.143022503568293,0.0,0.0,0.0,0.0,0.0,31.974999999999998,18.0,27.0,0.0,33.40059480734948,0.0,8.567412533541027
1986-07-19T10:30:00,demo_final_july_week,baseline,25.441733469421884,28.963384022354674,26.794663806777926,25.963722146695932,23.217476860356427,0.0,0.0,0.0,0.0,0.0,32.25,18.0,27.0,0.0,33.40059480734948,0.0,8.567412533541027
1986-07-19T10:45:00,demo_final_july_week,baseline,25.60149861176212,29.013095538185112,26.878557438104203,26.14421569314516,23.29301766995977,0.0,0.0,0.0,0.0,0.0,32.525,18.0,27.0,0.0,33.40059480734948,0.0,8.567412533541027
1986-07-19T11:00:00,demo_final_july_week,baseline,25.74170799191597,29.002978223468478,26.948890309706957,26.29843930945297,23.368697963470453,0.0,0.0,0.0,0.0,0.0,32.8,18.0,27.0,0.0,33.40059480734948,0.0,8.567412533541027
1986-07-19T11:15:00,demo_final_july_week,baseline,25.857779764353538,28.942818122892458,27.000245510427042,26.42848027541555,23.444615728489065,0.0,0.0,0.0,0.0,0.0,32.8,18.0,27.0,0.0,33.40059480734948,0.0,8.567412533541027
1986-07-19T11:30:00,demo_final_july_week,baseline,25.953341468572315,28.847064938070027,27.036967540680646,26.534869206049937,23.5155517854956,0.0,0.0,0.0,0.0,0.0,32.8,18.0,27.0,0.0,33.40059480734948,0.0,8.567412533541027
1986-07-19T11:45:00,demo_final_july_week,baseline,26.05210704568262,28.763103550837158,27.0609560758455,26.623379547076123,23.579974498924233,0.0,0.0,0.0,0.0,0.0,32.8,18.0,27.0,0.0,33.40059480734948,0.0,8.567412533541027
1986-07-19T12:00:00,demo_final_july_week,baseline,26.161120025968653,28.68542255082039,27.10077421695399,26.715048963360598,23.639360411373023,0.0,0.0,0.0,0.0,0.0,32.8,18.0,27.0,0.0,33.40059480734948,0.0,8.567412533541027
1986-07-19T12:15:00,demo_final_july_week,baseline,26.279562100830727,28.59945785514861,27.15943521851167,26.821461303260346,23.695753304039407,0.0,0.0,0.0,0.0,0.0,32.925,18.0,27.0,0.0,33.40059480734948,0.0,8.567412533541027
1986-07-19T12:30:00,demo_final_july_week,baseline,26.4023447105839,28.48862795552651,27.214460261233217,26.915885697141473,23.750508974277707,0.0,0.0,0.0,0.0,0.0,33.05,18.0,27.0,0.0,33.40059480734948,0.0,8.567412533541027
1986-07-19T12:45:00,demo_final_july_week,baseline,26.504284552307336,28.34336447826705,27.246014051152784,26.986538891340533,23.803532682268806,0.0,0.0,0.0,0.0,0.0,33.175,18.0,27.0,0.0,33.40059480734948,0.0,8.567412533541027
1986-07-19T13:00:00,demo_final_july_week,baseline,26.581049213614687,28.200700231373126,27.258876970585874,27.063963027119147,23.853874715339074,0.0,0.0,0.0,0.0,0.0,33.3,18.0,27.0,0.0,33.40059480734948,0.0,8.567412533541027
1986-07-19T13:15:00,demo_final_july_week,baseline,26.64380937519736,28.07834761573269,27.263599734169627,27.17066369395799,23.900953468605174,0.0,0.0,0.0,0.0,0.0,33.574999999999996,18.0,27.0,0.0,33.40059480734948,0.0,8.567412533541027
1986-07-19T13:30:00,demo_final_july_week,baseline,26.699050469526696,27.971987564364145,27.26301893251739,27.303978594222297,23.944687143731304,0.0,0.0,0.0,0.0,0.0,33.849999999999994,18.0,27.0,0.0,33.40059480734948,0.0,8.567412533541027
1986-07-19T13:45:00,demo_final_july_week,baseline,26.762981680862982,27.885315942230534,27.272185704085572,27.481862373336952,23.98540832265285,0.0,0.0,0.0,0.0,0.0,34.125,18.0,27.0,0.0,33.40059480734948,0.0,8.567412533541027
1986-07-19T14:00:00,demo_final_july_week,baseline,26.838502704520465,27.81984697014291,27.29325773909374,27.71120798277409,24.024105202819058,0.0,0.0,0.0,0.0,0.0,34.4,18.0,27.0,0.0,33.40059480734948,0.0,8.567412533541027
1986-07-19T14:15:00,demo_final_july_week,baseline,26.918803665531087,27.7682824819791,27.31887630276005,27.986081326315883,24.0619307333825,0.0,0.0,0.0,0.0,0.0,34.55,18.0,27.0,0.0,33.40059480734948,0.0,8.567412533541027
1986-07-19T14:38:00,demo_final_july_week,baseline,27.016779239422522,27.718258775146673,27.349818699034916,28.376222386723832,24.106015134825174,0.0,0.0,0.0,0.0,0.0,34.7,18.0,27.0,0.0,33.40059480734948,0.0,8.567412533541027
1986-07-19T14:53:00,demo_final_july_week,baseline,27.082879994725396,27.664444202877174,27.357092543978606,28.696778397432055,24.14674560126614,0.0,0.0,0.0,0.0,0.0,34.85,18.0,27.0,0.0,33.40059480734948,0.0,8.567412533541027
1986-07-19T15:00:00,demo_final_july_week,baseline,27.122688757051687,27.61570087513607,27.351522008736776,28.930856640115934,24.177452204953344,0.0,0.0,0.0,0.0,0.0,35.0,18.0,27.0,0.0,33.40059480734948,0.0,8.567412533541027
1986-07-19T15:15:00,demo_final_july_week,baseline,27.1415202068354,27.539316707844844,27.31787180445082,29.17138076479138,24.212211641956998,0.0,0.0,0.0,0.0,0.0,34.725,18.0,27.0,0.0,33.40059480734948,0.0,8.567412533541027
1986-07-19T15:30:00,demo_final_july_week,baseline,27.13206036915835,27.44649741585564,27.25913679069111,29.365545386560058,24.242133442817103,0.0,0.0,0.0,0.0,0.0,34.45,18.0,27.0,0.0,33.40059480734948,0.0,8.567412533541027
1986-07-19T15:45:00,demo_final_july_week,baseline,27.11543778465123,27.354374896226627,27.196157576031535,29.5619986682388,24.267429690767187,0.0,0.0,0.0,0.0,0.0,34.175,18.0,27.0,0.0,33.40059480734948,0.0,8.567412533541027
1986-07-19T16:00:00,demo_final_july_week,baseline,27.09725448422002,27.267399388098443,27.135405883490098,29.769005490334177,24.288294542654963,0.0,0.0,0.0,0.0,0.0,33.9,18.0,27.0,0.0,33.40059480734948,0.0,8.567412533541027
1986-07-19T16:15:00,demo_final_july_week,baseline,27.058935853124858,27.180383736848725,27.07214876257353,29.929851712846812,24.30497634009983,0.0,0.0,0.0,0.0,0.0,33.625,18.0,27.0,0.0,33.40059480734948,0.0,8.567412533541027
1986-07-19T16:30:00,demo_final_july_week,baseline,27.00911468383299,27.092226372203555,27.005220068921822,30.077780465760164,24.31729481901529,0.0,0.0,0.0,0.0,0.0,33.349999999999994,18.0,27.0,0.0,33.40059480734948,0.0,8.567412533541027
1986-07-19T16:45:00,demo_final_july_week,baseline,26.93031973413714,26.98687539505473,26.91777013797405,30.119361636991563,24.324972462309958,0.0,0.0,0.0,0.0,0.0,33.074999999999996,18.0,27.0,0.0,33.40059480734948,0.0,8.567412533541027
1986-07-19T17:00:00,demo_final_july_week,baseline,26.80822236462043,26.859481558686507,26.804598264671288,29.97689543400974,24.326576406011082,0.0,0.0,0.0,0.0,0.0,32.8,18.0,27.0,0.0,33.40059480734948,0.0,8.567412533541027
1986-07-19T17:15:00,demo_final_july_week,baseline,26.662316146558705,26.71952397141183,26.676424267135737,29.70840135514505,24.320165317644758,0.0,0.0,0.0,0.0,0.0,32.525,18.0,27.0,0.0,33.40059480734948,0.0,8.567412533541027
1986-07-19T17:38:00,demo_final_july_week,baseline,26.46350091784548,26.5387616159427,26.508264828577243,29.218810660872993,24.301008322036072,0.0,0.0,0.0,0.0,0.0,32.25,18.0,27.0,0.0,33.40059480734948,0.0,8.567412533541027
1986-07-19T17:53:00,demo_final_july_week,baseline,26.27744928027092,26.359704037186226,26.33534079126716,28.768969607617784,24.271304832151905,0.0,0.0,0.0,0.0,0.0,31.974999999999998,18.0,27.0,0.0,33.40059480734948,0.0,8.567412533541027
1986-07-19T18:08:00,demo_final_july_week,baseline,26.08875053412241,26.166832676252806,26.146905264288133,28.312854415373046,24.232206135792715,0.0,0.0,0.0,0.0,0.0,31.7,18.0,27.0,0.0,33.40059480734948,0.0,8.567412533541027
1986-07-19T18:23:00,demo_final_july_week,baseline,25.889294089641446,25.956816543332202,25.93927288876773,27.82574835930814,24.183736832191542,0.0,0.0,0.0,0.0,0.0,31.424999999999997,18.0,27.0,0.0,33.40059480734948,0.0,8.567412533541027
1986-07-19T18:38:00,demo_final_july_week,baseline,25.681108970838714,25.728423094376268,25.711344741182003,27.34439268954887,24.126324951168453,0.0,0.0,0.0,0.0,0.0,31.15,18.0,27.0,0.0,33.40059480734948,0.0,8.567412533541027
1986-07-19T18:53:00,demo_final_july_week,baseline,25.494593449038838,25.528738153002674,25.513664271903806,26.932257638429903,24.061639878607128,0.0,0.0,0.0,0.0,0.0,30.875000000000004,18.0,27.0,0.0,33.40059480734948,0.0,8.567412533541027
1986-07-19T19:08:00,demo_final_july_week,baseline,25.325239534152878,25.351031224871097,25.34027571354332,26.570049672862677,23.99251683982468,0.0,0.0,0.0,0.0,0.0,30.6,18.0,27.0,0.0,33.40059480734948,0.0,8.567412533541027
1986-07-19T19:23:00,demo_final_july_week,baseline,25.12594129302498,25.153390215440865,25.1395629575547,26.2089644535874,23.921172793940194,0.0,0.0,0.0,0.0,0.0,29.35,18.0,27.0,0.0,33.40059480734948,0.0,8.567412533541027
1986-07-19T19:38:00,demo_final_july_week,baseline,24.908796848992182,24.94280363646104,24.919507070076257,25.853606128992283,23.84857624063459,0.0,0.0,0.0,0.0,0.0,28.1,18.0,27.0,0.0,33.40059480734948,0.0,8.567412533541027
1986-07-19T19:53:00,demo_final_july_week,baseline,24.690749488317064,24.73559146435432,24.700758229637508,25.52200903627491,23.774664347509372,0.0,0.0,0.0,0.0,0.0,26.85,18.0,27.0,0.0,33.40059480734948,0.0,8.567412533541027
1986-07-19T20:08:00,demo_final_july_week,baseline,24.471790599584065,24.530191079004357,24.483024808349313,25.20953534224686,23.6994132105187,0.0,0.0,0.0,0.0,0.0,25.6,18.0,27.0,0.0,33.40059480734948,0.0,8.567412533541027
1986-07-19T20:15:00,demo_final_july_week,baseline,24.329643837437516,24.39110528664933,24.340449163944903,24.99673872680473,23.64043341602919,0.0,0.0,0.0,0.0,0.0,25.450000000000003,18.0,27.0,0.0,33.40059480734948,0.0,8.567412533541027
1986-07-19T20:30:00,demo_final_july_week,baseline,24.172974974379002,24.23439655272268,24.182203867466455,24.75937936592854,23.565470245735472,0.0,0.0,0.0,0.0,0.0,25.3,18.0,27.0,0.0,33.40059480734948,0.0,8.567412533541027
1986-07-19T20:45:00,demo_final_july_week,baseline,24.033450572926853,24.09106664802269,24.040519671488504,24.54709611097093,23.491659142717985,0.0,0.0,0.0,0.0,0.0,25.15,18.0,27.0,0.0,33.40059480734948,0.0,8.567412533541027
1986-07-19T21:00:00,demo_final_july_week,baseline,23.901790922428667,23.954543916307273,23.90652776648757,24.350576526366627,23.4188686885021,0.0,0.0,0.0,0.0,0.0,25.0,18.0,27.0,0.0,33.40059480734948,0.0,8.567412533541027
1986-07-19T21:15:00,demo_final_july_week,baseline,23.777110460433327,23.824928124031388,23.77956086258008,24.16857885585844,23.347306768114763,0.0,0.0,0.0,0.0,0.0,24.85,18.0,27.0,0.0,33.40059480734948,0.0,8.567412533541027
1986-07-19T21:30:00,demo_final_july_week,baseline,23.659915798245432,23.70280331175156,23.660114977191856,24.00090875130207,23.27731472487544,0.0,0.0,0.0,0.0,0.0,24.7,18.0,27.0,0.0,33.40059480734948,0.0,8.567412533541027
1986-07-19T21:45:00,demo_final_july_week,baseline,23.549923555595672,23.58786896824425,23.5478609405322,23.846494193490038,23.209266494908245,0.0,0.0,0.0,0.0,0.0,24.549999999999997,18.0,27.0,0.0,33.40059480734948,0.0,8.567412533541027
1986-07-19T22:00:00,demo_final_july_week,baseline,23.446219447406975,23.479302606026327,23.44187761254281,23.703713320378444,23.14324528486044,0.0,0.0,0.0,0.0,0.0,24.4,18.0,27.0,0.0,33.40059480734948,0.0,8.567412533541027
1986-07-19T22:15:00,demo_final_july_week,baseline,23.35331318248052,23.380910857417547,23.347071202524685,23.57564767079968,23.07930076116878,0.0,0.0,0.0,0.0,0.0,24.4,18.0,27.0,0.0,33.40059480734948,0.0,8.567412533541027
1986-07-19T22:30:00,demo_final_july_week,baseline,23.270360847312862,23.291904396238614,23.26263982732033,23.460883400222194,23.01755225258121,0.0,0.0,0.0,0.0,0.0,24.4,18.0,27.0,0.0,33.40059480734948,0.0,8.567412533541027
1986-07-19T22:45:00,demo_final_july_week,baseline,23.19477491242315,23.210129522139216,23.18585089907071,23.356749351924655,22.95814548733924,0.0,0.0,0.0,0.0,0.0,24.4,18.0,27.0,0.0,33.40059480734948,0.0,8.567412533541027
1986-07-19T23:00:00,demo_final_july_week,baseline,23.124970680400715,23.134338854446064,23.115079663845226,23.26155390677977,22.90119443417901,0.0,0.0,0.0,0.0,0.0,24.4,18.0,27.0,0.0,33.40059480734948,0.0,8.567412533541027
1986-07-19T23:15:00,demo_final_july_week,baseline,23.062499547742867,23.064807362303537,23.05039455927622,23.17519133657891,22.84675941860728,0.0,0.0,0.0,0.0,0.0,24.549999999999997,18.0,27.0,0.0,33.40059480734948,0.0,8.567412533541027
1986-07-19T23:30:00,demo_final_july_week,baseline,23.007174035113227,23.00124859074386,22.991592194668012,23.097033236687714,22.794862313909697,0.0,0.0,0.0,0.0,0.0,24.7,18.0,27.0,0.0,33.40059480734948,0.0,8.567412533541027
1986-07-19T23:45:00,demo_final_july_week,baseline,22.95780013901684,22.943083996456924,22.938078285257706,23.026202140634492,22.745503313263278,0.0,0.0,0.0,0.0,0.0,24.85,18.0,27.0,0.0,33.40059480734948,0.0,8.567412533541027
1986-07-20T00:00:00,demo_final_july_week,baseline,22.913459206756116,22.889870498231346,22.889315737572907,22.96199840360195,22.698670277346885,0.0,0.0,0.0,0.0,0.0,25.0,18.0,27.0,0.0,33.40059480734948,0.0,8.567412533541027
1986-07-20T00:15:00,demo_final_july_week,baseline,22.867716293928176,22.837810131622188,22.84063031099032,22.9003978279312,22.654319842936314,0.0,0.0,0.0,0.0,0.0,24.85,18.0,27.0,0.0,33.40059480734948,0.0,8.567412533541027
1986-07-20T00:30:00,demo_final_july_week,baseline,22.819619034893275,22.786199612767806,22.79107351247189,22.840501623858174,22.61233165778947,0.0,0.0,0.0,0.0,0.0,24.7,18.0,27.0,0.0,33.40059480734948,0.0,8.567412533541027
1986-07-20T00:45:00,demo_final_july_week,baseline,22.771423302682596,22.736401660910577,22.742380726064578,22.783268723178942,22.57252133047841,0.0,0.0,0.0,0.0,0.0,24.549999999999997,18.0,27.0,0.0,33.40059480734948,0.0,8.567412533541027
1986-07-20T01:00:00,demo_final_july_week,baseline,22.72437134066883,22.688281601724295,22.694945424658577,22.72892996229138,22.534682066397597,0.0,0.0,0.0,0.0,0.0,24.4,18.0,27.0,0.0,33.40059480734948,0.0,8.567412533541027
1986-07-20T01:15:00,demo_final_july_week,baseline,22.67856052449243,22.641576232047374,22.648576053681346,22.676924921793468,22.498722405871867,0.0,0.0,0.0,0.0,0.0,24.275,18.0,27.0,0.0,33.40059480734948,0.0,8.567412533541027
1986-07-20T01:30:00,demo_final_july_week,baseline,22.63369481547786,22.596046580373464,22.603081710308622,22.626768059187146,22.46685198861835,0.0,0.0,0.0,0.0,0.0,24.15,18.0,27.0,0.0,33.40059480734948,0.0,8.567412533541027
1986-07-20T01:45:00,demo_final_july_week,baseline,22.589650402205766,22.551592778515204,22.558446146255587,22.578265557174277,22.434214439122513,0.0,0.0,0.0,0.0,0.0,24.025,18.0,27.0,0.0,33.40059480734948,0.0,8.567412533541027
1986-07-20T02:00:00,demo_final_july_week,baseline,22.546414930675905,22.508152009311452,22.5146749404352,22.53130391199946,22.401314621150778,0.0,0.0,0.0,0.0,0.0,23.9,18.0,27.0,0.0,33.40059480734948,0.0,8.567412533541027
1986-07-20T02:15:00,demo_final_july_week,baseline,22.503296270010235,22.46516505615761,22.4711226688728,22.485265293758825,22.368822503970545,0.0,0.0,0.0,0.0,0.0,23.749999999999996,18.0,27.0,0.0,33.40059480734948,0.0,8.567412533541027
1986-07-20T02:30:00,demo_final_july_week,baseline,22.46029975764465,22.422598491452042,22.42777153367445,22.44005318887349,22.337031772663085,0.0,0.0,0.0,0.0,0.0,23.6,18.0,27.0,0.0,33.40059480734948,0.0,8.567412533541027
1986-07-20T02:45:00,demo_final_july_week,baseline,22.417670215279447,22.38058095181531,22.384827869457084,22.39574005929229,22.306008842344635,0.0,0.0,0.0,0.0,0.0,23.450000000000003,18.0,27.0,0.0,33.40059480734948,0.0,8.567412533541027
1986-07-20T03:00:00,demo_final_july_week,baseline,22.37553072287231,22.339149045322653,22.34239281511779,22.352315554872032,22.275752456346233,0.0,0.0,0.0,0.0,0.0,23.3,18.0,27.0,0.0,33.40059480734948,0.0,8.567412533541027
1986-07-20T03:15:00,demo_final_july_week,baseline,22.33515358914193,22.299336571582664,22.301762320071095,22.310773204521887,22.246256031490198,0.0,0.0,0.0,0.0,0.0,23.175,18.0,27.0,0.0,33.40059480734948,0.0,8.567412533541027
1986-07-20T03:30:00,demo_final_july_week,baseline,22.29611394947443,22.2608270076442,22.262541103418936,22.27052229756864,22.217517804072436,0.0,0.0,0.0,0.0,0.0,23.05,18.0,27.0,0.0,33.40059480734948,0.0,8.567412533541027
1986-07-20T03:45:00,demo_final_july_week,baseline,22.25802217199398,22.222921943638624,22.224030258068833,22.231556099846998,22.18953167697842,0.0,0.0,0.0,0.0,0.0,22.925,18.0,27.0,0.0,33.40059480734948,0.0,8.567412533541027
1986-07-20T04:00:00,demo_final_july_week,baseline,22.220510508486335,22.18594746502923,22.186417412374517,22.19330276901027,22.162284087366658,0.0,0.0,0.0,0.0,0.0,22.8,18.0,27.0,0.0,33.40059480734948,0.0,8.567412533541027
1986-07-20T04:15:00,demo_final_july_week,baseline,22.18170021930226,22.147640946095404,22.147020898164048,22.153988063678202,22.13574421407952,0.0,0.0,0.0,0.0,0.0,22.650000000000002,18.0,27.0,0.0,33.40059480734948,0.0,8.567412533541027
1986-07-20T04:30:00,demo_final_july_week,baseline,22.14187646661688,22.108195281320686,22.10594876106722,22.113746906159363,22.109853442665816,0.0,0.0,0.0,0.0,0.0,22.5,18.0,27.0,0.0,33.40059480734948,0.0,8.567412533541027
1986-07-20T04:45:00,demo_final_july_week,baseline,22.122197736182677,22.146744438400177,22.18419535590534,22.09443416101531,22.085599802841475,0.0,0.0,0.0,0.0,0.0,22.349999999999998,18.0,27.0,0.0,33.40059480734948,0.0,8.567412533541027
1986-07-20T05:00:00,demo_final_july_week,baseline,22.106840565239747,22.24846109474581,22.346687918265097,22.09276464984846,22.065491905096028,0.0,0.0,0.0,0.0,0.0,22.2,18.0,27.0,0.0,33.40059480734948,0.0,8.567412533541027
1986-07-20T05:15:00,demo_final_july_week,baseline,22.1071564436684,22.388005967925928,22.538712169575827,22.11134508484267,22.05110003949265,0.0,0.0,0.0,0.0,0.0,22.349999999999998,18.0,27.0,0.0,33.40059480734948,0.0,8.567412533541027
1986-07-20T05:30:00,demo_final_july_week,baseline,22.128647093920055,22.57836521064659,22.767609755185813,22.149821702532964,22.04291888734148,0.0,0.0,0.0,0.0,0.0,22.5,18.0,27.0,0.0,33.40059480734948,0.0,8.567412533541027
1986-07-20T05:45:00,demo_final_july_week,baseline,22.17063672409709,22.836761506420082,23.049295835258715,22.2108092818336,22.04158429103618,0.0,0.0,0.0,0.0,0.0,22.650000000000002,18.0,27.0,0.0,33.40059480734948,0.0,8.567412533541027
1986-07-20T06:08:00,demo_final_july_week,baseline,22.2426309417831,23.229170681541614,23.438140393303065,22.311299292463993,22.050120840293733,0.0,0.0,0.0,0.0,0.0,22.8,18.0,27.0,0.0,33.40059480734948,0.0,8.567412533541027
1986-07-20T06:23:00,demo_final_july_week,baseline,22.329275191972076,23.64257995537471,23.814756949639907,22.424614594384902,22.06818523386175,0.0,0.0,0.0,0.0,0.0,23.075000000000003,18.0,27.0,0.0,33.40059480734948,0.0,8.567412533541027
1986-07-20T06:38:00,demo_final_july_week,baseline,22.431344156881416,24.09727714680784,24.189626811660226,22.55451398490609,22.09546835629984,0.0,0.0,0.0,0.0,0.0,23.35,18.0,27.0,0.0,33.40059480734948,0.0,8.567412533541027
1986-07-20T06:53:00,demo_final_july_week,baseline,22.55064462740542,24.580075368513445,24.54942292359719,22.704854134186522,22.13141557166212,0.0,0.0,0.0,0.0,0.0,23.624999999999996,18.0,27.0,0.0,33.40059480734948,0.0,8.567412533541027
1986-07-20T07:08:00,demo_final_july_week,baseline,22.684972920995044,25.084385906911265,24.8879487749532,22.872201754348055,22.17556175487453,0.0,0.0,0.0,0.0,0.0,23.9,18.0,27.0,0.0,33.40059480734948,0.0,8.567412533541027
1986-07-20T07:23:00,demo_final_july_week,baseline,22.83884644602274,25.61120666356271,25.20854320260006,23.05848182989039,22.227269992971845,0.0,0.0,0.0,0.0,0.0,24.324999999999996,18.0,27.0,0.0,33.40059480734948,0.0,8.567412533541027
1986-07-20T07:38:00,demo_final_july_week,baseline,23.00839697544755,26.1521725369205,25.504075082428262,23.259381432747777,22.285972511287945,0.0,0.0,0.0,0.0,0.0,24.75,18.0,27.0,0.0,33.40059480734948,0.0,8.567412533541027
1986-07-20T07:53:00,demo_final_july_week,baseline,23.19254483179973,26.730827917310602,25.780245529995184,23.4580983507173,22.3509089229386,0.0,0.0,0.0,0.0,0.0,25.175000000000004,18.0,27.0,0.0,33.40059480734948,0.0,8.567412533541027
1986-07-20T08:08:00,demo_final_july_week,baseline,23.376117583356677,27.27433603917126,25.99239205219213,23.651541791462044,22.42127298368114,0.0,0.0,0.0,0.0,0.0,25.6,18.0,27.0,0.0,33.40059480734948,0.0,8.567412533541027
1986-07-20T08:23:00,demo_final_july_week,baseline,23.553402605756506,27.778026974818534,26.140094831351785,23.837818175032638,22.495270073260535,0.0,0.0,0.0,0.0,0.0,25.875000000000004,18.0,27.0,0.0,33.40059480734948,0.0,8.567412533541027
1986-07-20T08:38:00,demo_final_july_week,baseline,23.729624102122685,28.251723296835227,26.23721348809821,24.01986068450388,22.571247691679005,0.0,0.0,0.0,0.0,0.0,26.15,18.0,27.0,0.0,33.40059480734948,0.0,8.567412533541027
1986-07-20T08:53:00,demo_final_july_week,baseline,23.90460118805892,28.660329204408,26.285047469508466,24.19986209609467,22.6480082179992,0.0,0.0,0.0,0.0,0.0,26.424999999999997,18.0,27.0,0.0,33.40059480734948,0.0,8.567412533541027
1986-07-20T09:08:00,demo_final_july_week,baseline,24.077523995709818,29.00904207664126,26.29548562932576,24.376547971234874,22.724626355071678,0.0,0.0,0.0,0.0,0.0,26.7,18.0,27.0,0.0,33.40059480734948,0.0,8.567412533541027
1986-07-20T09:23:00,demo_final_july_week,baseline,24.24866932059784,29.305861488439024,26.281790348154104,24.549812691126863,22.800470604558463,0.0,0.0,0.0,0.0,0.0,26.974999999999998,18.0,27.0,0.0,33.40059480734948,0.0,8.567412533541027
1986-07-20T09:30:00,demo_final_july_week,baseline,24.381092462996754,29.50162976252571,26.259917694561214,24.68354942568872,22.859378093475396,0.0,0.0,0.0,0.0,0.0,27.25,18.0,27.0,0.0,33.40059480734948,0.0,8.567412533541027
1986-07-20T09:45:00,demo_final_july_week,baseline,24.540374940067156,29.693751139568086,26.222684585726135,24.838708095026135,22.92910568678458,0.0,0.0,0.0,0.0,0.0,27.525000000000002,18.0,27.0,0.0,33.40059480734948,0.0,8.567412533541027
1986-07-20T10:00:00,demo_final_july_week,baseline,24.69303863557849,29.827176192735678,26.190657773624952,24.986112229368814,22.998660816617626,0.0,0.0,0.0,0.0,0.0,27.8,18.0,27.0,0.0,33.40059480734948,0.0,8.567412533541027
1986-07-20T10:15:00,demo_final_july_week,baseline,24.842885199536408,29.90783496588663,26.18178788812603,25.125934394503126,23.068852598166803,0.0,0.0,0.0,0.0,0.0,28.075000000000003,18.0,27.0,0.0,33.40059480734948,0.0,8.567412533541027
1986-07-20T10:30:00,demo_final_july_week,baseline,24.99082249698382,29.939204385685766,26.193499562701803,25.263096869740203,23.13926501003439,0.0,0.0,0.0,0.0,0.0,28.35,18.0,27.0,0.0,33.40059480734948,0.0,8.567412533541027
1986-07-20T10:45:00,demo_final_july_week,baseline,25.134289924360722,29.916866429752993,26.216411011574202,25.395438252961217,23.20964346201618,0.0,0.0,0.0,0.0,0.0,28.624999999999996,18.0,27.0,0.0,33.40059480734948,0.0,8.567412533541027
1986-07-20T11:00:00,demo_final_july_week,baseline,25.27234614940626,29.843174185709202,26.249649553006606,25.5222526746829,23.280209887283753,0.0,0.0,0.0,0.0,0.0,28.9,18.0,27.0,0.0,33.40059480734948,0.0,8.567412533541027
1986-07-20T11:15:00,demo_final_july_week,baseline,25.396810200776567,29.717436410199735,26.278574572137344,25.638275281009847,23.350204590517745,0.0,0.0,0.0,0.0,0.0,28.9,18.0,27.0,0.0,33.40059480734948,0.0,8.567412533541027
1986-07-20T11:30:00,demo_final_july_week,baseline,25.50826724220607,29.546884165212578,26.307742860170812,25.745077151757762,23.41621531061746,0.0,0.0,0.0,0.0,0.0,28.9,18.0,27.0,0.0,33.40059480734948,0.0,8.567412533541027
1986-07-20T11:45:00,demo_final_july_week,baseline,25.611886485700385,29.343521859074244,26.33461043542583,25.843867996701753,23.47737961526156,0.0,0.0,0.0,0.0,0.0,28.9,18.0,27.0,0.0,33.40059480734948,0.0,8.567412533541027
1986-07-20T12:00:00,demo_final_july_week,baseline,25.70093435923146,29.10217954249367,26.348565343094457,25.92164202296263,23.5342508275732,0.0,0.0,0.0,0.0,0.0,28.9,18.0,27.0,0.0,33.40059480734948,0.0,8.567412533541027
1986-07-20T12:15:00,demo_final_july_week,baseline,25.783670636271715,28.83621498949545,26.360865781723938,25.990794026590372,23.587159838999998,0.0,0.0,0.0,0.0,0.0,28.9,18.0,27.0,0.0,33.40059480734948,0.0,8.567412533541027
1986-07-20T12:30:00,demo_final_july_week,baseline,25.865821083335593,28.561578512002672,26.37775396818831,26.05892028812431,23.6364397465649,0.0,0.0,0.0,0.0,0.0,28.9,18.0,27.0,0.0,33.40059480734948,0.0,8.567412533541027
1986-07-20T12:45:00,demo_final_july_week,baseline,25.93834611494557,28.29046851179626,26.39253964649653,26.120151393525695,23.682433368061186,0.0,0.0,0.0,0.0,0.0,28.9,18.0,27.0,0.0,33.40059480734948,0.0,8.567412533541027
1986-07-20T13:00:00,demo_final_july_week,baseline,25.998552049355542,28.05336503611293,26.40266031292977,26.20025984905853,23.7253573326996,0.0,0.0,0.0,0.0,0.0,28.9,18.0,27.0,0.0,33.40059480734948,0.0,8.567412533541027
1986-07-20T13:15:00,demo_final_july_week,baseline,26.051969170525624,27.85607036285065,26.412697430806343,26.324584928621803,23.7656227868541,0.0,0.0,0.0,0.0,0.0,29.025,18.0,27.0,0.0,33.40059480734948,0.0,8.567412533541027
1986-07-20T13:30:00,demo_final_july_week,baseline,26.106777328348212,27.698395156695263,26.43308304675663,26.499722338271695,23.8039623860868,0.0,0.0,0.0,0.0,0.0,29.15,18.0,27.0,0.0,33.40059480734948,0.0,8.567412533541027
1986-07-20T13:45:00,demo_final_july_week,baseline,26.163131211496857,27.56017962992675,26.454518328440578,26.71647351845288,23.84115402808809,0.0,0.0,0.0,0.0,0.0,29.275,18.0,27.0,0.0,33.40059480734948,0.0,8.567412533541027
1986-07-20T14:00:00,demo_final_july_week,baseline,26.219381209961536,27.435999209273554,26.471546465917076,26.969945102360533,23.877533524293895,0.0,0.0,0.0,0.0,0.0,29.4,18.0,27.0,0.0,33.40059480734948,0.0,8.567412533541027
1986-07-20T14:15:00,demo_final_july_week,baseline,26.271685251191954,27.32272669438405,26.48194568525268,27.255913917774553,23.91315527810215,0.0,0.0,0.0,0.0,0.0,29.4,18.0,27.0,0.0,33.40059480734948,0.0,8.567412533541027
1986-07-20T14:38:00,demo_final_july_week,baseline,26.32852940626155,27.199611781269017,26.48737118092954,27.635775784383213,23.95346770833601,0.0,0.0,0.0,0.0,0.0,29.4,18.0,27.0,0.0,33.40059480734948,0.0,8.567412533541027
1986-07-20T14:53:00,demo_final_july_week,baseline,26.37310347595528,27.10254421144967,26.487248755726885,27.985588332773315,23.989434875833144,0.0,0.0,0.0,0.0,0.0,29.4,18.0,27.0,0.0,33.40059480734948,0.0,8.567412533541027
1986-07-20T15:08:00,demo_final_july_week,baseline,26.411800232908938,27.01511370105801,26.483499953907273,28.336065469449927,24.022759607208336,0.0,0.0,0.0,0.0,0.0,29.4,18.0,27.0,0.0,33.40059480734948,0.0,8.567412533541027
1986-07-20T15:23:00,demo_final_july_week,baseline,26.44141633385902,26.929966342014016,26.47113489806637,28.679785217386943,24.05391591565035,0.0,0.0,0.0,0.0,0.0,29.275,18.0,27.0,0.0,33.40059480734948,0.0,8.567412533541027
1986-07-20T15:38:00,demo_final_july_week,baseline,26.463441828651455,26.848007557009698,26.452438205362935,29.012649915440722,24.08277758609217,0.0,0.0,0.0,0.0,0.0,29.15,18.0,27.0,0.0,33.40059480734948,0.0,8.567412533541027
1986-07-20T15:45:00,demo_final_july_week,baseline,26.468360624127673,26.777513183735877,26.425802014885317,29.242690462646085,24.10311356237939,0.0,0.0,0.0,0.0,0.0,29.025,18.0,27.0,0.0,33.40059480734948,0.0,8.567412533541027
1986-07-20T16:00:00,demo_final_july_week,baseline,26.461293181563796,26.684680263673286,26.380923588821574,29.48939033771683,24.125867915056794,0.0,0.0,0.0,0.0,0.0,28.9,18.0,27.0,0.0,33.40059480734948,0.0,8.567412533541027
1986-07-20T16:15:00,demo_final_july_week,baseline,26.427868648653877,26.58036925071181,26.31612769011103,29.679282618544484,24.144080847277007,0.0,0.0,0.0,0.0,0.0,28.474999999999998,18.0,27.0,0.0,33.40059480734948,0.0,8.567412533541027
1986-07-20T16:30:00,demo_final_july_week,baseline,26.353122436330057,26.461390142921317,26.22976429069275,29.7690413935135,24.157124181898816,0.0,0.0,0.0,0.0,0.0,28.049999999999997,18.0,27.0,0.0,33.40059480734948,0.0,8.567412533541027
1986-07-20T16:45:00,demo_final_july_week,baseline,26.24850283602568,26.328007550180722,26.12361646003799,29.780800631399885,24.163744815517664,0.0,0.0,0.0,0.0,0.0,27.625,18.0,27.0,0.0,33.40059480734948,0.0,8.567412533541027
1986-07-20T17:00:00,demo_final_july_week,baseline,26.122533777319727,26.18168734249669,26.000364636082207,29.73018770610319,24.16280518005635,0.0,0.0,0.0,0.0,0.0,27.2,18.0,27.0,0.0,33.40059480734948,0.0,8.567412533541027
1986-07-20T17:15:00,demo_final_july_week,baseline,25.98633427030915,26.029493039320894,25.869530232562646,29.625878154127527,24.153707456393263,0.0,0.0,0.0,0.0,0.0,27.075,18.0,27.0,0.0,33.40059480734948,0.0,8.567412533541027
1986-07-20T17:30:00,demo_final_july_week,baseline,25.84040338038548,25.87161000996,25.7318519168116,29.46474000329712,24.136200456496073,0.0,0.0,0.0,0.0,0.0,26.95,18.0,27.0,0.0,33.40059480734948,0.0,8.567412533541027
1986-07-20T17:45:00,demo_final_july_week,baseline,25.68339486319081,25.705991718200323,25.58469223133411,29.24180062985584,24.110404689739337,0.0,0.0,0.0,0.0,0.0,26.825,18.0,27.0,0.0,33.40059480734948,0.0,8.567412533541027
1986-07-20T18:08:00,demo_final_july_week,baseline,25.47479731358112,25.49456970973234,25.393187138706732,28.836074202930188,24.07019654607933,0.0,0.0,0.0,0.0,0.0,26.7,18.0,27.0,0.0,33.40059480734948,0.0,8.567412533541027
1986-07-20T18:23:00,demo_final_july_week,baseline,25.273009551218532,25.294235747941684,25.203164003109286,28.414386710313146,24.02274964976359,0.0,0.0,0.0,0.0,0.0,26.275,18.0,27.0,0.0,33.40059480734948,0.0,8.567412533541027
1986-07-20T18:38:00,demo_final_july_week,baseline,25.070689772314726,25.090244789061547,25.00664733111497,27.961967928503313,23.968437058604245,0.0,0.0,0.0,0.0,0.0,25.85,18.0,27.0,0.0,33.40059480734948,0.0,8.567412533541027
1986-07-20T18:53:00,demo_final_july_week,baseline,24.872882333190688,24.888117750025643,24.810215523012847,27.55551625153753,23.907040699045023,0.0,0.0,0.0,0.0,0.0,25.425,18.0,27.0,0.0,33.40059480734948,0.0,8.567412533541027
1986-07-20T19:08:00,demo_final_july_week,baseline,24.67178292317834,24.685190473649854,24.611433689322386,27.105295277685308,23.839674738888384,0.0,0.0,0.0,0.0,0.0,25.0,18.0,27.0,0.0,33.40059480734948,0.0,8.567412533541027
1986-07-20T19:23:00,demo_final_july_week,baseline,24.476550618383303,24.48682880085885,24.416760829101925,26.644100845797343,23.7671816676404,0.0,0.0,0.0,0.0,0.0,24.725,18.0,27.0,0.0,33.40059480734948,0.0,8.567412533541027
1986-07-20T19:38:00,demo_final_july_week,baseline,24.281451574971825,24.285260467814545,24.21771913523482,26.123576061889533,23.6902754503734,0.0,0.0,0.0,0.0,0.0,24.45,18.0,27.0,0.0,33.40059480734948,0.0,8.567412533541027
1986-07-20T19:53:00,demo_final_july_week,baseline,24.101718503338283,24.102483609744663,24.037261746214035,25.679863521956023,23.6096559128679,0.0,0.0,0.0,0.0,0.0,24.174999999999997,18.0,27.0,0.0,33.40059480734948,0.0,8.567412533541027
1986-07-20T20:08:00,demo_final_july_week,baseline,23.935399206729,23.93530245095704,23.872703435690802,25.30110645093851,23.52715190067638,0.0,0.0,0.0,0.0,0.0,23.9,18.0,27.0,0.0,33.40059480734948,0.0,8.567412533541027
1986-07-20T20:23:00,demo_final_july_week,baseline,23.773278763674778,23.77502732379262,23.713787680344932,24.956352358320665,23.444528832121375,0.0,0.0,0.0,0.0,0.0,23.474999999999998,18.0,27.0,0.0,33.40059480734948,0.0,8.567412533541027
1986-07-20T20:38:00,demo_final_july_week,baseline,23.616545672670185,23.621956853619164,23.560931794766528,24.643641373490546,23.36280161968604,0.0,0.0,0.0,0.0,0.0,23.049999999999997,18.0,27.0,0.0,33.40059480734948,0.0,8.567412533541027
1986-07-20T20:45:00,demo_final_july_week,baseline,23.498052968212967,23.506340128690187,23.44567352411308,24.41768250225833,23.300559805946442,0.0,0.0,0.0,0.0,0.0,22.625,18.0,27.0,0.0,33.40059480734948,0.0,8.567412533541027
1986-07-20T21:00:00,demo_final_july_week,baseline,23.35566135842872,23.36893386291725,23.30722233849394,24.159427888095756,23.223222151245473,0.0,0.0,0.0,0.0,0.0,22.2,18.0,27.0,0.0,33.40059480734948,0.0,8.567412533541027
1986-07-20T21:15:00,demo_final_july_week,baseline,23.219975573849688,23.23798201248049,23.174845715382084,23.924938902889842,23.148577988152642,0.0,0.0,0.0,0.0,0.0,21.799999999999997,18.0,27.0,0.0,33.40059480734948,0.0,8.567412533541027
1986-07-20T21:30:00,demo_final_july_week,baseline,23.088403453949148,23.11078267319966,23.045949777194828,23.70745149694816,23.075745526824043,0.0,0.0,0.0,0.0,0.0,21.4,18.0,27.0,0.0,33.40059480734948,0.0,8.567412533541027
1986-07-20T21:45:00,demo_final_july_week,baseline,22.960270409596568,22.986836166810175,22.92002796542698,23.50460544645388,23.004415664101327,0.0,0.0,0.0,0.0,0.0,21.0,18.0,27.0,0.0,33.40059480734948,0.0,8.567412533541027
1986-07-20T22:00:00,demo_final_july_week,baseline,22.835607790512302,22.866227492744418,22.797214108677913,23.315357763207516,22.934613977821176,0.0,0.0,0.0,0.0,0.0,20.6,18.0,27.0,0.0,33.40059480734948,0.0,8.567412533541027
1986-07-20T22:15:00,demo_final_july_week,baseline,22.72140532645754,22.754326104093057,22.684359271072125,23.143920626559026,22.86643456314026,0.0,0.0,0.0,0.0,0.0,20.450000000000003,18.0,27.0,0.0,33.40059480734948,0.0,8.567412533541027
1986-07-20T22:30:00,demo_final_july_week,baseline,22.61730723095502,22.650675587557764,22.58118354270896,22.988662066062762,22.80010103413875,0.0,0.0,0.0,0.0,0.0,20.3,18.0,27.0,0.0,33.40059480734948,0.0,8.567412533541027
1986-07-20T22:45:00,demo_final_july_week,baseline,22.520136915634666,22.55287565104269,22.48464319742497,22.846115973318714,22.735672910528944,0.0,0.0,0.0,0.0,0.0,20.15,18.0,27.0,0.0,33.40059480734948,0.0,8.567412533541027
1986-07-20T23:00:00,demo_final_july_week,baseline,22.427995960278828,22.459676438685985,22.39291962247137,22.71412019223593,22.673216879537325,0.0,0.0,0.0,0.0,0.0,20.0,18.0,27.0,0.0,33.40059480734948,0.0,8.567412533541027
1986-07-20T23:15:00,demo_final_july_week,baseline,22.34382025701857,22.373566194171794,22.308805557750762,22.59436476654911,22.612824038220232,0.0,0.0,0.0,0.0,0.0,20.0,18.0,27.0,0.0,33.40059480734948,0.0,8.567412533541027
1986-07-20T23:30:00,demo_final_july_week,baseline,22.267213859318936,22.29418548764106,22.231961484339422,22.485792454332536,22.554587391125338,0.0,0.0,0.0,0.0,0.0,20.0,18.0,27.0,0.0,33.40059480734948,0.0,8.567412533541027
1986-07-20T23:45:00,demo_final_july_week,baseline,22.19650604364114,22.22024516692298,22.16083582648,22.386523752191863,22.498579871833225,0.0,0.0,0.0,0.0,0.0,20.0,18.0,27.0,0.0,33.40059480734948,0.0,8.567412533541027
1986-07-21T00:00:00,demo_final_july_week,baseline,22.13060211063779,22.150977633383913,22.09440835560684,22.295280791819717,22.444845183563,0.0,0.0,0.0,0.0,0.0,20.0,18.0,27.0,0.0,33.40059480734948,0.0,8.567412533541027
