timestamp,run_id,mode,zone_temp_c_SPACE1-1,zone_temp_c_SPACE2-1,zone_temp_c_SPACE3-1,zone_temp_c_SPACE4-1,zone_temp_c_SPACE5-1,zone_occupant_count_SPACE1-1,zone_occupant_count_SPACE2-1,zone_occupant_count_SPACE3-1,zone_occupant_count_SPACE4-1,zone_occupant_count_SPACE5-1,outdoor_temp_c,heating_setpoint_c,cooling_setpoint_c,hvac_electricity_interval_kwh,hvac_electricity_cumulative_kwh,hvac_gas_interval_kwh,hvac_gas_cumulative_kwh
1986-07-14T00:15:00,demo_final_july_week,mcp,21.364269521732513,21.35819223872294,21.348155285767742,21.501239952372018,21.524457811040985,0.0,0.0,0.0,0.0,0.0,20.025000000000002,18.0,27.0,0.0,0.0,0.0,0.0
1986-07-14T00:30:00,demo_final_july_week,mcp,21.292757646896344,21.2938799492873,21.27394235304583,21.418131845172567,21.48290213757891,0.0,0.0,0.0,0.0,0.0,19.450000000000003,18.0,26.5,0.0,0.0,0.0,0.0
1986-07-14T00:45:00,demo_final_july_week,mcp,21.211705451462404,21.221657381900318,21.18887279638627,21.32956978117241,21.443563071577554,0.0,0.0,0.0,0.0,0.0,18.875,18.0,26.5,0.0,0.0,0.0,0.0
1986-07-14T01:00:00,demo_final_july_week,mcp,21.126275758772934,21.145188734542252,21.09869356879237,21.23890173098825,21.405646842756404,0.0,0.0,0.0,0.0,0.0,18.3,18.0,26.5,0.0,0.0,0.0,0.0
1986-07-14T01:15:00,demo_final_july_week,mcp,21.053884417603694,21.07941666611457,21.022711000929498,21.160576826941842,21.36868795198187,0.0,0.0,0.0,0.0,0.0,18.175,18.0,26.5,0.0,0.0,0.0,0.0
1986-07-14T01:30:00,demo_final_july_week,mcp,20.99317102353061,21.022477397990865,20.960162506163957,21.09317008658091,21.332453746351675,0.0,0.0,0.0,0.0,0.0,18.05,18.0,26.5,0.0,0.0,0.0,0.0
1986-07-14T01:45:00,demo_final_july_week,mcp,20.938124265196123,20.969389588525456,20.903641026354443,21.03064883955915,21.297000179106593,0.0,0.0,0.0,0.0,0.0,17.925,18.0,26.5,0.0,0.0,0.0,0.0
1986-07-14T02:00:00,demo_final_july_week,mcp,20.885274700321673,20.917838383818378,20.849644992384956,20.970987422652676,21.262505054483704,0.0,0.0,0.0,0.0,0.0,17.8,18.0,26.5,0.0,0.0,0.0,0.0
1986-07-14T02:15:00,demo_final_july_week,mcp,20.83325273149563,20.86705144938134,20.79680762689874,20.913240809249533,21.22910560102338,0.0,0.0,0.0,0.0,0.0,17.650000000000002,18.0,26.5,0.0,0.0,0.0,0.0
1986-07-14T02:30:00,demo_final_july_week,mcp,20.782500198957223,20.817573650479645,20.745486452153095,20.857718629051657,21.196837035864554,0.0,0.0,0.0,0.0,0.0,17.5,18.0,26.5,0.0,0.0,0.0,0.0
1986-07-14T02:45:00,demo_final_july_week,mcp,20.73335309220213,20.769657810517394,20.695943259157584,20.804533440515772,21.165662207620148,0.0,0.0,0.0,0.0,0.0,17.349999999999998,18.0,26.5,0.0,0.0,0.0,0.0
1986-07-14T03:00:00,demo_final_july_week,mcp,20.692098795828507,20.723189082587485,20.659027464028476,20.75348080980094,21.135518681127923,0.0,0.0,0.0,0.0,0.0,17.2,18.0,26.5,0.0,0.0,0.0,0.0
1986-07-14T03:15:00,demo_final_july_week,mcp,20.659806849297564,20.682048023744272,20.629880144591883,20.708546784130746,21.106378647053276,0.0,0.0,0.0,0.0,0.0,17.2,18.0,26.5,0.0,0.0,0.0,0.0
1986-07-14T03:30:00,demo_final_july_week,mcp,20.632694395145254,20.654561026921993,20.60421196488181,20.676933724771636,21.078312718292043,0.0,0.0,0.0,0.0,0.0,17.2,18.0,26.5,0.0,0.0,0.0,0.0
1986-07-14T03:45:00,demo_final_july_week,mcp,20.608127981138892,20.63091181488833,20.580724930890916,20.650135752911922,21.051441977431946,0.0,0.0,0.0,0.0,0.0,17.2,18.0,26.5,0.0,0.0,0.0,0.0
1986-07-14T04:00:00,demo_final_july_week,mcp,20.58564318084812,20.608107342271953,20.55941097631853,20.62449876971081,21.02586532420471,0.0,0.0,0.0,0.0,0.0,17.2,18.0,26.5,0.0,0.0,0.0,0.0
1986-07-14T04:15:00,demo_final_july_week,mcp,20.571257580764474,20.59124742593327,20.54584061418757,20.605451249242297,21.001643596780323,0.0,0.0,0.0,0.0,0.0,17.474999999999998,18.0,26.5,0.0,0.0,0.0,0.0
1986-07-14T04:30:00,demo_final_july_week,mcp,20.563686306299033,20.58004648982758,20.538863469647474,20.592441882589316,20.978863402143183,0.0,0.0,0.0,0.0,0.0,17.75,18.0,26.5,0.0,0.0,0.0,0.0
1986-07-14T04:45:00,demo_final_july_week,mcp,20.572870800989417,20.638792052470496,20.63868001785737,20.602640289753456,20.95852787335605,0.0,0.0,0.0,0.0,0.0,18.025000000000002,18.0,26.5,0.0,0.0,0.0,0.0
1986-07-14T05:00:00,demo_final_july_week,mcp,20.594600187528115,20.75927807206129,20.820236811811085,20.630632474138658,20.943569717426435,0.0,0.0,0.0,0.0,0.0,18.3,18.0,26.5,0.0,0.0,0.0,0.0
1986-07-14T05:15:00,demo_final_july_week,mcp,20.62443779862516,20.920952487264767,21.038371213871173,20.67006149954241,20.934502053171393,0.0,0.0,0.0,0.0,0.0,18.575000000000003,18.0,26.5,0.0,0.0,0.0,0.0
1986-07-14T05:30:00,demo_final_july_week,mcp,20.665314827955832,21.14192091887679,21.305964462466722,20.721947476493042,20.9323618283816,0.0,0.0,0.0,0.0,0.0,18.85,18.0,26.5,0.0,0.0,0.0,0.0
1986-07-14T05:45:00,demo_final_july_week,mcp,20.72524618651556,21.365280270632223,21.54639839034304,20.80717354632337,20.93749409007184,0.0,0.0,0.0,0.0,0.0,19.125,18.0,26.5,0.0,0.0,0.0,0.0
1986-07-14T06:00:00,demo_final_july_week,mcp,20.80337156426336,21.597592681516534,21.76926762859839,20.916652813533478,20.949136997400174,0.0,0.0,0.0,0.0,0.0,19.4,18.0,26.5,0.0,0.0,0.0,0.0
1986-07-14T06:20:00,demo_final_july_week,mcp,20.19908484523886,20.54190407678769,21.26364806263446,19.711385552335646,20.597512650201775,0.0,0.0,0.0,0.0,0.0,19.7,18.0,26.5,0.09183615471624539,0.09183615471624539,0.0,0.0
1986-07-14T06:38:00,demo_final_july_week,mcp,20.23656565582006,20.640669830659444,21.276512186184185,19.780531668778984,20.460007779475553,0.0,0.0,0.0,0.0,0.0,20.0,18.0,26.5,0.09183615471624539,0.18367230943249077,0.0,0.0
1986-07-14T06:45:00,demo_final_july_week,mcp,20.258962928783905,20.752299258912426,21.35392938837253,19.8000090388926,20.40914174413798,0.0,0.0,0.0,0.0,0.0,20.3,18.0,26.5,0.09183615471624539,0.27550846414873614,0.0,0.0
1986-07-14T07:00:00,demo_final_july_week,mcp,20.30131298238508,20.934941077159888,21.491743227651607,19.83320259003834,20.37961440430911,0.0,0.0,0.0,0.0,0.0,20.6,18.0,26.5,0.09183615471624539,0.36734461886498154,0.0,0.0
1986-07-14T07:15:00,demo_final_july_week,mcp,20.357663471905624,21.180899332839886,21.6694169066698,19.871012879560347,20.374536479615863,0.0,0.0,0.0,0.0,0.0,20.875,18.0,26.5,0.09183615471624539,0.45918077358122694,0.0,0.0
1986-07-14T07:30:00,demo_final_july_week,mcp,20.42440912153078,21.45535660636826,21.840594530668643,19.923775752899935,20.375435767853148,0.0,0.0,0.0,0.0,0.0,21.15,18.0,26.5,0.09183615471624539,0.5510169282974723,0.0,0.0
1986-07-14T07:45:00,demo_final_july_week,mcp,20.50133603892003,21.70368412362775,21.973352742753455,19.995995309419833,20.381276657852485,0.0,0.0,0.0,0.0,0.0,21.424999999999997,18.0,26.5,0.09183615471624539,0.6428530830137177,0.0,0.0
1986-07-14T08:00:00,demo_final_july_week,mcp,20.57942344794097,21.884734408916593,22.079654541914497,20.082238823203397,20.392914249205134,0.0,0.0,0.0,0.0,0.0,21.7,18.0,26.5,0.09183615471624539,0.7346892377299631,0.0,0.0
1986-07-14T08:19:00,demo_final_july_week,mcp,21.81078307546427,23.078392976885116,23.565750002475973,21.22929564271017,21.788657049401895,11.0,5.0,11.0,5.0,20.0,21.974999999999998,18.0,26.5,0.09183615471624539,0.8265253924462085,0.0,0.0
1986-07-14T08:34:00,demo_final_july_week,mcp,22.51038635065261,23.68433783359453,24.103427724638227,21.676774998632858,22.677980158667527,11.0,5.0,11.0,5.0,20.0,22.25,18.0,26.5,0.09183615471624539,0.9183615471624539,0.0,0.0
1986-07-14T08:53:00,demo_final_july_week,mcp,22.908937271373382,24.162704586694783,24.4607879347701,21.999725500664162,23.015100584676237,11.0,5.0,11.0,5.0,20.0,22.525000000000002,20.0,26.0,0.09183615471624539,1.0101977018786992,0.0,0.0
1986-07-14T09:08:00,demo_final_july_week,mcp,23.25130392477283,24.58268505792275,24.71099463708847,22.276915644164358,23.297098081881067,11.0,5.0,11.0,5.0,20.0,22.8,20.0,26.0,0.09183615471624539,1.1020338565949446,0.0,0.0
1986-07-14T09:20:00,demo_final_july_week,mcp,24.034558180064995,25.38944517755302,25.394234888749885,22.950266602043374,24.040154897137775,11.0,5.0,11.0,5.0,20.0,22.925,20.0,26.0,0.09183615471624539,1.19387001131119,0.0,0.0
1986-07-14T09:38:00,demo_final_july_week,mcp,24.39528238695967,25.832610533532947,25.648305665469113,23.233511158963175,24.410911830980375,11.0,5.0,11.0,5.0,20.0,23.05,20.0,26.0,0.09183615471624539,1.2857061660274354,0.0,0.0
1986-07-14T09:53:00,demo_final_july_week,mcp,24.734871559654,25.996558642214556,25.861525204703664,23.497912742532616,24.72421620157328,11.0,5.0,11.0,5.0,20.0,23.175,20.0,26.0,0.09212708957177342,1.3778332555992088,0.0,0.0
1986-07-14T10:08:00,demo_final_july_week,mcp,25.003840938596248,25.998319541652613,25.996961985702285,23.727701790262866,24.959155039107323,11.0,5.0,11.0,5.0,20.0,23.3,20.0,26.0,0.09250861331350685,1.4703418689127157,0.0,0.0
1986-07-14T10:23:00,demo_final_july_week,mcp,25.265740851938254,25.99838703457677,25.99858298728711,23.951550511476977,25.18346742104218,11.0,5.0,11.0,5.0,20.0,23.450000000000003,20.0,26.0,0.09324823659630184,1.5635901055090176,0.0,0.0
1986-07-14T10:38:00,demo_final_july_week,mcp,25.50164954314184,25.998242086924673,25.99838960106507,24.15246180299831,25.377050933548094,11.0,5.0,11.0,5.0,20.0,23.6,20.0,26.0,0.09374626343208269,1.6573363689411003,0.0,0.0
1986-07-14T10:53:00,demo_final_july_week,mcp,25.690345271944725,25.99827897326554,25.99830275094572,24.305513579194773,25.545035354147007,11.0,5.0,11.0,5.0,20.0,23.749999999999996,20.0,26.0,0.09393582136932699,1.7512721903104271,0.0,0.0
1986-07-14T11:08:00,demo_final_july_week,mcp,25.844770213328694,25.998327475782688,25.99826316137488,24.426426564405627,25.69306797892014,11.0,5.0,11.0,5.0,20.0,23.9,20.0,26.0,0.09400613779721627,1.8452783281076435,0.0,0.0
1986-07-14T11:23:00,demo_final_july_week,mcp,25.854073684258704,25.99848119977453,25.99840624815421,24.405628537661823,25.703325541226558,8.8,4.0,8.8,4.0,16.0,24.025,20.0,26.0,0.09344111428893298,1.9387194423965766,0.0,0.0
1986-07-14T11:30:00,demo_final_july_week,mcp,25.893882276137145,25.998047053063917,25.997749581455647,24.429852216261995,25.74208927191369,8.8,4.0,8.8,4.0,16.0,24.15,20.0,26.0,0.09330647007944531,2.032025912476022,0.0,0.0
1986-07-14T11:45:00,demo_final_july_week,mcp,25.9578989898814,25.99810100293955,25.997730621749696,24.477306439358337,25.801679978149412,8.8,4.0,8.8,4.0,16.0,24.275,20.0,26.0,0.09320379719658477,2.1252297096726065,0.0,0.0
1986-07-14T12:00:00,demo_final_july_week,mcp,25.995393804982378,25.99819811270023,25.997774622356438,24.53431452656181,25.87176565853878,8.8,4.0,8.8,4.0,16.0,24.4,20.5,26.0,0.09325193315468447,2.218481642827291,0.0,0.0
1986-07-14T12:15:00,demo_final_july_week,mcp,25.90183543534993,25.89214360570515,25.99818886558539,24.415104250482997,25.758451166197837,4.4,2.0,4.4,2.0,8.0,24.549999999999997,20.5,26.0,0.0922040507750297,2.310685693602321,0.0,0.0
1986-07-14T12:30:00,demo_final_july_week,mcp,25.83061568943074,25.723856219771026,25.99837656828257,24.31974565242698,25.64974752443112,4.4,2.0,4.4,2.0,8.0,24.7,20.5,26.0,0.09218329237403651,2.4028689859763572,0.0,0.0
1986-07-14T12:45:00,demo_final_july_week,mcp,25.81822000703702,25.539735148296746,25.99853337448854,24.281538561811736,25.607315205853016,4.4,2.0,4.4,2.0,8.0,24.85,20.5,26.0,0.09211553210360905,2.494984518079966,0.0,0.0
1986-07-14T13:00:00,demo_final_july_week,mcp,25.836538134217143,25.386129531979822,25.998647020282284,24.291818985888316,25.605473424648874,4.4,2.0,4.4,2.0,8.0,25.0,20.5,26.0,0.09208100523048099,2.587065523310447,0.0,0.0
1986-07-14T13:15:00,demo_final_july_week,mcp,25.988472087205793,25.412568348633464,25.998459721048274,24.502228224061863,25.788502302483295,8.8,4.0,8.8,4.0,16.0,24.85,20.5,26.0,0.09278492352115925,2.679850446831606,0.0,0.0
1986-07-14T13:30:00,demo_final_july_week,mcp,25.997608221554607,25.419717981647512,25.998432217108366,24.709123037945925,25.958756775319312,8.8,4.0,8.8,4.0,16.0,24.7,20.5,26.0,0.09326172843029001,2.773112175261896,0.0,0.0
1986-07-14T13:45:00,demo_final_july_week,mcp,25.99822165166387,25.380375153104815,25.99833225820524,24.894872281132184,25.996973683290168,8.8,4.0,8.8,4.0,16.0,24.549999999999997,20.5,26.0,0.09373235753061934,2.8668445327925154,0.0,0.0
1986-07-14T14:00:00,demo_final_july_week,mcp,25.998137804044454,25.33217257938972,25.998238442370113,25.11150234838612,25.998270789711125,8.8,4.0,8.8,4.0,16.0,24.4,20.5,26.0,0.09399123305056516,2.9608357658430804,0.0,0.0
1986-07-14T14:15:00,demo_final_july_week,mcp,25.997967551690884,25.33517737121562,25.99807851312632,25.40890147708863,25.998094059082867,11.0,5.0,11.0,5.0,20.0,24.275,20.5,26.0,0.09494932043933108,3.0557850862824116,0.0,0.0
1986-07-14T14:38:00,demo_final_july_week,mcp,25.99848536303033,25.36022206062984,25.99855133993875,25.803661634558765,25.998341988625782,11.0,5.0,11.0,5.0,20.0,24.15,20.5,26.0,0.09536982299523467,3.151154909277646,0.0,0.0
1986-07-14T14:45:00,demo_final_july_week,mcp,25.99775505777813,25.357347917898064,25.997859643055723,25.974988574436228,25.997347772926855,11.0,5.0,11.0,5.0,20.0,24.025,20.5,26.0,0.09582930306498573,3.246984212342632,0.0,0.0
1986-07-14T15:00:00,demo_final_july_week,mcp,25.99763588564856,25.341155286876095,25.997757018967622,25.994517981713873,25.997217290713955,11.0,5.0,11.0,5.0,20.0,23.9,20.5,26.0,0.09658402927131567,3.3435682416139474,0.0,0.0
1986-07-14T15:15:00,demo_final_july_week,mcp,25.99772580408317,25.266418248244822,25.9978500697518,25.99707849247028,25.997428942190528,11.0,5.0,11.0,5.0,20.0,23.749999999999996,20.5,26.0,0.0957654336067643,3.4393336752207118,0.0,0.0
1986-07-14T15:30:00,demo_final_july_week,mcp,25.9976704836637,25.196769740761535,25.997797969353904,25.9972652363748,25.99735488288888,11.0,5.0,11.0,5.0,20.0,23.6,20.5,26.0,0.09611249331200333,3.535446168532715,0.0,0.0
1986-07-14T15:45:00,demo_final_july_week,mcp,25.99767850092803,25.141037290738712,25.9977824118291,25.997345819368533,25.997287110732486,11.0,5.0,11.0,5.0,20.0,23.450000000000003,20.5,26.0,0.09611024193648462,3.6315564104691997,0.0,0.0
1986-07-14T16:08:00,demo_final_july_week,mcp,25.500945364833008,25.085977332089133,25.50073628982003,25.506759854450852,25.499560868500893,11.0,5.0,11.0,5.0,20.0,23.3,20.0,25.5,0.10690981826133752,3.7384662287305375,0.0,0.0
1986-07-14T16:15:00,demo_final_july_week,mcp,25.498241253483304,24.92621014657039,25.498255394297722,25.499253294722788,25.497949571096918,11.0,5.0,11.0,5.0,20.0,23.025000000000002,20.0,25.5,0.09540187913095426,3.8338681078614916,0.0,0.0
1986-07-14T16:30:00,demo_final_july_week,mcp,25.49784809587755,24.76691980273498,25.49783117451016,25.49800871535292,25.497207285530877,11.0,5.0,11.0,5.0,20.0,22.75,20.0,25.5,0.09759206958129682,3.9314601774427884,0.0,0.0
1986-07-14T16:45:00,demo_final_july_week,mcp,25.498025786472834,24.65852974553476,25.498009271220415,25.49797143894455,25.497411188209902,11.0,5.0,11.0,5.0,20.0,22.474999999999998,20.0,25.5,0.09625450917565045,4.027714686618439,0.0,0.0
1986-07-14T17:00:00,demo_final_july_week,mcp,25.498096627255723,24.5593437847882,25.498086874913618,25.497924695923786,25.497459779624936,11.0,5.0,11.0,5.0,20.0,22.2,20.0,25.5,0.09553612235879792,4.123250808977237,0.0,0.0
1986-07-14T17:15:00,demo_final_july_week,mcp,25.49811837679347,24.453295362110627,25.49813243129413,25.49782295791934,25.497482162019736,11.0,5.0,11.0,5.0,20.0,21.924999999999997,20.0,25.5,0.09510547458188616,4.218356283559123,0.0,0.0
1986-07-14T17:30:00,demo_final_july_week,mcp,25.498163332284044,24.33958060276819,25.498187034817807,25.497780040473643,25.497499212114512,11.0,5.0,11.0,5.0,20.0,21.65,20.0,25.5,0.0945813409869671,4.31293762454609,0.0,0.0
1986-07-14T17:45:00,demo_final_july_week,mcp,25.47744537438673,24.22108575025715,25.472133014896375,25.497831893384227,25.49751313373333,11.0,5.0,11.0,5.0,20.0,21.375,20.0,25.5,0.09407785865448286,4.407015483200573,0.0,0.0
1986-07-14T18:00:00,demo_final_july_week,mcp,25.39988094417153,24.098785094960398,25.395324057055642,25.497903680124182,25.497525109259243,11.0,5.0,11.0,5.0,20.0,21.1,20.0,25.5,0.09381118387884782,4.500826667079421,0.0,0.0
1986-07-14T18:23:00,demo_final_july_week,mcp,24.73192305750211,23.44011635730756,24.729598459627375,25.49898804378817,25.030713725774223,5.5,2.5,5.5,2.5,10.0,20.975,20.0,25.5,0.09198064599457045,4.592807313073991,0.0,0.0
1986-07-14T18:38:00,demo_final_july_week,mcp,24.33030282310677,23.087278742534405,24.326027126274465,25.3781987325221,24.691971335237238,5.5,2.5,5.5,2.5,10.0,20.85,20.0,25.5,0.09183615471624539,4.684643467790236,0.0,0.0
1986-07-14T18:53:00,demo_final_july_week,mcp,24.086978026315375,22.858098738871828,24.083332673382206,25.112058316011275,24.51592580277085,5.5,2.5,5.5,2.5,10.0,20.725,20.0,25.5,0.09183615471624539,4.776479622506481,0.0,0.0
1986-07-14T19:08:00,demo_final_july_week,mcp,23.85081872264642,22.63421273725842,23.851458032049464,24.74077958829954,24.368744785236075,5.5,2.5,5.5,2.5,10.0,20.6,20.0,25.5,0.09183615471624539,4.868315777222726,0.0,0.0
1986-07-14T19:20:00,demo_final_july_week,mcp,23.18238813373932,21.996563587890066,23.188102490484347,23.84704498776049,23.71377287823348,0.0,0.0,0.0,0.0,0.0,20.6,20.0,25.5,0.09183615471624539,4.960151931938971,0.0,0.0
1986-07-14T19:35:00,demo_final_july_week,mcp,22.791751798122416,21.70715039395881,22.794399306009236,23.206646703469378,23.30221392750975,0.0,0.0,0.0,0.0,0.0,20.6,20.0,25.5,0.09183615471624539,5.051988086655216,0.0,0.0
1986-07-14T19:53:00,demo_final_july_week,mcp,22.510520047310322,21.48538779121009,22.515087263040357,22.75613636282352,23.041430075310544,0.0,0.0,0.0,0.0,0.0,20.6,20.0,25.5,0.09183615471624539,5.143824241371461,0.0,0.0
1986-07-14T20:08:00,demo_final_july_week,mcp,22.269468957303527,21.307083043413552,22.27739325051863,22.38726038927765,22.81498968012937,0.0,0.0,0.0,0.0,0.0,20.6,19.0,23.5,0.09183615471624539,5.235660396087706,0.0,0.0
1986-07-14T20:23:00,demo_final_july_week,mcp,22.596976540997282,21.989605027355008,22.5696951806229,23.145172405781697,22.871677513367235,0.0,0.0,0.0,0.0,0.0,20.3,19.0,23.5,0.0,5.235660396087706,0.0,0.0
1986-07-14T20:38:00,demo_final_july_week,mcp,22.70898324836208,22.307223302551034,22.670241976239904,23.42212500956312,22.93739140941205,0.0,0.0,0.0,0.0,0.0,20.0,19.0,23.5,0.0,5.235660396087706,0.0,0.0
1986-07-14T20:45:00,demo_final_july_week,mcp,22.68862616694473,22.373984052420017,22.647629351746957,23.41327938681268,22.926638502885606,0.0,0.0,0.0,0.0,0.0,19.7,19.0,23.5,0.0,5.235660396087706,0.0,0.0
1986-07-14T21:00:00,demo_final_july_week,mcp,22.571857646429585,22.324675933327626,22.53418579934941,23.243081027911877,22.855168563640667,0.0,0.0,0.0,0.0,0.0,19.4,19.0,23.5,0.0,5.235660396087706,0.0,0.0
1986-07-14T21:15:00,demo_final_july_week,mcp,22.4337432730457,22.236925256785227,22.39926256971544,23.04336119932322,22.733965959236368,0.0,0.0,0.0,0.0,0.0,19.549999999999997,19.0,23.0,0.0,5.235660396087706,0.0,0.0
1986-07-14T21:30:00,demo_final_july_week,mcp,22.277528903660436,22.125974476758387,22.245245409323513,22.8355155416931,22.562033842821226,0.0,0.0,0.0,0.0,0.0,19.7,19.0,23.0,0.0,5.235660396087706,0.0,0.0
1986-07-14T21:45:00,demo_final_july_week,mcp,22.146943476180986,22.032463569674047,22.116576146201123,22.656294857659034,22.404876614524063,0.0,0.0,0.0,0.0,0.0,19.85,19.0,23.0,0.0,5.235660396087706,0.0,0.0
1986-07-14T22:00:00,demo_final_july_week,mcp,22.045312208517153,21.95778210675156,22.017087890511103,22.504414973389434,22.28182544340552,0.0,0.0,0.0,0.0,0.0,20.0,19.0,23.0,0.0,5.235660396087706,0.0,0.0
1986-07-14T22:15:00,demo_final_july_week,mcp,21.956544373766018,21.88850557858903,21.930266716436993,22.366126210519752,22.182300777644887,0.0,0.0,0.0,0.0,0.0,20.0,19.0,23.0,0.0,5.235660396087706,0.0,0.0
1986-07-14T22:30:00,demo_final_july_week,mcp,21.872951430986173,21.82033133632316,21.848515287880627,22.23695467878288,22.094106205640568,0.0,0.0,0.0,0.0,0.0,20.0,19.0,23.0,0.0,5.235660396087706,0.0,0.0
1986-07-14T22:45:00,demo_final_july_week,mcp,21.794487801316105,21.754743956343546,21.77188507901535,22.117791940668475,22.012199916854744,0.0,0.0,0.0,0.0,0.0,20.0,19.0,23.0,0.0,5.235660396087706,0.0,0.0
1986-07-14T23:00:00,demo_final_july_week,mcp,21.72222961911329,21.693154545101198,21.70144807159348,22.009268569010878,21.93588822125475,0.0,0.0,0.0,0.0,0.0,20.0,19.0,23.0,0.0,5.235660396087706,0.0,0.0
1986-07-14T23:15:00,demo_final_july_week,mcp,21.659912631630213,21.638978657690586,21.64118775797879,21.914006357693925,21.86529583879554,0.0,0.0,0.0,0.0,0.0,20.15,19.0,23.0,0.0,5.235660396087706,0.0,0.0
1986-07-14T23:30:00,demo_final_july_week,mcp,21.607306231203793,21.591674778130976,21.590290334121935,21.830817966464515,21.80019326564047,0.0,0.0,0.0,0.0,0.0,20.3,19.0,23.0,0.0,5.235660396087706,0.0,0.0
1986-07-14T23:45:00,demo_final_july_week,mcp,21.56198740263123,21.549720581800656,21.546503303599955,21.757584458221217,21.74011813654002,0.0,0.0,0.0,0.0,0.0,20.450000000000003,19.0,23.0,0.0,5.235660396087706,0.0,0.0
1986-07-15T00:00:00,demo_final_july_week,mcp,21.52241469574503,21.51234570786198,21.508454276976565,21.692974152097506,21.684637164702924,0.0,0.0,0.0,0.0,0.0,20.6,19.0,23.0,0.0,5.235660396087706,0.0,0.0
1986-07-15T00:15:00,demo_final_july_week,mcp,21.478386011649878,21.47109164914326,21.46527170146295,21.628025086475382,21.633374035020356,0.0,0.0,0.0,0.0,0.0,20.450000000000003,19.0,23.0,0.0,5.235660396087706,0.0,0.0
1986-07-15T00:30:00,demo_final_july_week,mcp,21.42981364243606,21.426191536569007,21.416806784951863,21.562521735002612,21.585890994528995,0.0,0.0,0.0,0.0,0.0,20.3,19.0,23.0,0.0,5.235660396087706,0.0,0.0
1986-07-15T00:45:00,demo_final_july_week,mcp,21.38018280676904,21.380535763037138,21.36679656970891,21.498957844646114,21.541695904356327,0.0,0.0,0.0,0.0,0.0,20.15,19.0,23.0,0.0,5.235660396087706,0.0,0.0
1986-07-15T01:00:00,demo_final_july_week,mcp,21.331428730620445,21.335501802181618,21.31736196127655,21.438367322993415,21.500416765111883,0.0,0.0,0.0,0.0,0.0,20.0,19.0,23.0,0.0,5.235660396087706,0.0,0.0
1986-07-15T01:15:00,demo_final_july_week,mcp,21.288596022230095,21.29537566663986,21.274107520597322,21.38476416283406,21.4615934822482,0.0,0.0,0.0,0.0,0.0,20.0,19.0,23.0,0.0,5.235660396087706,0.0,0.0
1986-07-15T01:30:00,demo_final_july_week,mcp,21.251052742826623,21.25952052537892,21.23646907472981,21.337198232442574,21.42493803205728,0.0,0.0,0.0,0.0,0.0,20.0,19.0,23.0,0.0,5.235660396087706,0.0,0.0
1986-07-15T01:45:00,demo_final_july_week,mcp,21.216706271978847,21.226217620323084,21.20219231465677,21.293701722805,21.39031802622016,0.0,0.0,0.0,0.0,0.0,20.0,19.0,23.0,0.0,5.235660396087706,0.0,0.0
1986-07-15T02:00:00,demo_final_july_week,mcp,21.184515637287333,21.194732445474266,21.170120776736997,21.253347749267554,21.357660153118818,0.0,0.0,0.0,0.0,0.0,20.0,19.0,23.0,0.0,5.235660396087706,0.0,0.0
1986-07-15T02:15:00,demo_final_july_week,mcp,21.148729961909186,21.159856663479292,21.133591791976066,21.210732803463145,21.32686308050384,0.0,0.0,0.0,0.0,0.0,19.85,19.0,23.0,0.0,5.235660396087706,0.0,0.0
1986-07-15T02:30:00,demo_final_july_week,mcp,21.109616877639382,21.121888784105785,21.092777550484147,21.16604864889852,21.29773217876022,0.0,0.0,0.0,0.0,0.0,19.7,19.0,23.0,0.0,5.235660396087706,0.0,0.0
1986-07-15T02:45:00,demo_final_july_week,mcp,21.069288921082066,21.082709485056277,21.05013199705622,21.121052221152244,21.270018579146655,0.0,0.0,0.0,0.0,0.0,19.549999999999997,19.0,23.0,0.0,5.235660396087706,0.0,0.0
1986-07-15T03:00:00,demo_final_july_week,mcp,21.028823371065037,21.043174568817776,21.00698069869349,21.076473424167464,21.24347903980416,0.0,0.0,0.0,0.0,0.0,19.4,19.0,23.0,0.0,5.235660396087706,0.0,0.0
1986-07-15T03:15:00,demo_final_july_week,mcp,20.989837834263493,21.00508787115101,20.965711381454696,21.034007154192036,21.21792181005664,0.0,0.0,0.0,0.0,0.0,19.275,19.0,23.0,0.0,5.235660396087706,0.0,0.0
1986-07-15T03:30:00,demo_final_july_week,mcp,20.952224144899834,20.96830923821163,20.926249805008403,20.99342498903225,21.193229858211804,0.0,0.0,0.0,0.0,0.0,19.15,19.0,23.0,0.0,5.235660396087706,0.0,0.0
1986-07-15T03:45:00,demo_final_july_week,mcp,20.915381238055605,20.932183329476384,20.88774978990477,20.953996792972543,21.169338976995604,0.0,0.0,0.0,0.0,0.0,19.025,19.0,23.0,0.0,5.235660396087706,0.0,0.0
1986-07-15T04:00:00,demo_final_july_week,mcp,20.879003284222478,20.89641710650854,20.849760722759626,20.91536385182837,21.146206170924998,0.0,0.0,0.0,0.0,0.0,18.9,19.0,23.0,0.0,5.235660396087706,0.0,0.0
1986-07-15T04:15:00,demo_final_july_week,mcp,20.847312492683518,20.864491812995084,20.81667042523287,20.880959108383962,21.123805186400162,0.0,0.0,0.0,0.0,0.0,18.9,19.0,23.0,0.0,5.235660396087706,0.0,0.0
1986-07-15T04:30:00,demo_final_july_week,mcp,20.820102186720437,20.83614124021337,20.788279911020787,20.850457489225004,21.102156227041387,0.0,0.0,0.0,0.0,0.0,18.9,19.0,23.0,0.0,5.235660396087706,0.0,0.0
1986-07-15T04:45:00,demo_final_july_week,mcp,20.811118222730414,20.904169143275794,20.911566110297443,20.84570269574551,21.0824081678623,0.0,0.0,0.0,0.0,0.0,18.9,19.0,23.0,0.0,5.235660396087706,0.0,0.0
1986-07-15T05:00:00,demo_final_july_week,mcp,20.819596006648826,21.08261907241921,21.190692568422573,20.86433409188309,21.068398132784115,0.0,0.0,0.0,0.0,0.0,18.9,19.0,23.0,0.0,5.235660396087706,0.0,0.0
1986-07-15T05:23:00,demo_final_july_week,mcp,20.858313319652712,21.371368651121223,21.58205807784959,20.916737836338783,21.064121943721357,0.0,0.0,0.0,0.0,0.0,19.325,19.0,23.0,0.0,5.235660396087706,0.0,0.0
1986-07-15T05:38:00,demo_final_july_week,mcp,20.915844955919038,21.673078588987092,21.94280526727085,20.98743729341004,21.07242015285567,0.0,0.0,0.0,0.0,0.0,19.75,19.0,23.0,0.0,5.235660396087706,0.0,0.0
1986-07-15T05:53:00,demo_final_july_week,mcp,20.99739266779703,22.085581576709984,22.390041780942326,21.080489196936586,21.091109975159963,0.0,0.0,0.0,0.0,0.0,20.175,19.0,23.0,0.0,5.235660396087706,0.0,0.0
1986-07-15T06:08:00,demo_final_july_week,mcp,21.09527878242057,22.555985594521005,22.85428485559227,21.192177731506323,21.121158986729075,0.0,0.0,0.0,0.0,0.0,20.6,19.0,23.0,0.0,5.235660396087706,0.0,0.0
1986-07-15T06:20:00,demo_final_july_week,mcp,20.464503435025676,21.550658827533166,22.43851729382528,19.921911255259694,20.772700077338794,0.0,0.0,0.0,0.0,0.0,21.0,19.0,23.0,0.09183615471624539,5.327496550803951,0.0,0.0
1986-07-15T06:38:00,demo_final_july_week,mcp,20.472993687766582,21.822387265617923,22.578595193420963,19.95836831550749,20.606296190777197,0.0,0.0,0.0,0.0,0.0,21.4,19.0,23.0,0.09183615471624539,5.419332705520196,0.0,0.0
1986-07-15T06:45:00,demo_final_july_week,mcp,20.492887817113584,21.98192633272184,22.663123249248653,19.970651834318065,20.553996288228557,0.0,0.0,0.0,0.0,0.0,21.799999999999997,19.0,23.0,0.09183615471624539,5.511168860236441,0.0,0.0
1986-07-15T07:00:00,demo_final_july_week,mcp,20.536784871399124,22.13791203778794,22.74175787450917,19.998753508078636,20.53066958319274,0.0,0.0,0.0,0.0,0.0,22.2,19.0,23.0,0.09183615471624539,5.603005014952686,0.0,0.0
1986-07-15T07:15:00,demo_final_july_week,mcp,20.5820529348195,22.194215772625746,22.739344297213,20.028550355449816,20.53360402707043,0.0,0.0,0.0,0.0,0.0,22.75,19.0,23.0,0.09183615471624539,5.694841169668931,0.0,0.0
1986-07-15T07:30:00,demo_final_july_week,mcp,20.633287635312097,22.21205563039286,22.699756652535942,20.069588445794686,20.536046113321106,0.0,0.0,0.0,0.0,0.0,23.299999999999997,19.5,23.0,0.09183615471624539,5.786677324385176,0.0,0.0
1986-07-15T07:45:00,demo_final_july_week,mcp,20.709148223238174,22.294995204145863,22.708706394641304,20.14139692990792,20.53726434407011,0.0,0.0,0.0,0.0,0.0,23.849999999999998,19.5,23.0,0.09183615471624539,5.878513479101421,0.0,0.0
1986-07-15T08:00:00,demo_final_july_week,mcp,20.79917890302784,22.393956436603403,22.74428329174088,20.238212992064195,20.541583805052152,0.0,0.0,0.0,0.0,0.0,24.4,19.5,23.0,0.09183615471624539,5.970349633817666,0.0,0.0
1986-07-15T08:20:00,demo_final_july_week,mcp,22.028982165073266,22.999127328890612,22.99971855900344,21.3907215749367,21.888422089300157,11.0,5.0,11.0,5.0,20.0,24.699999999999996,19.5,23.0,0.09687318182200022,6.067222815639666,0.0,0.0
1986-07-15T08:34:00,demo_final_july_week,mcp,22.778674295732475,22.99970137400744,22.999700254557283,21.883855229685985,22.74330861035713,11.0,5.0,11.0,5.0,20.0,25.0,20.0,23.0,0.0994603360811468,6.166683151720813,0.0,0.0
1986-07-15T08:50:00,demo_final_july_week,mcp,22.99936946457521,22.99951771424341,22.999511867152048,22.232808424822483,22.999089836299575,11.0,5.0,11.0,5.0,20.0,25.300000000000004,20.0,23.0,0.10384637075362482,6.270529522474438,0.0,0.0
1986-07-15T09:08:00,demo_final_july_week,mcp,22.999197366133146,22.999284535578703,22.999273298147184,22.52401456275854,22.99927436474857,11.0,5.0,11.0,5.0,20.0,25.6,20.0,23.0,0.11223602527609845,6.3827655477505365,0.0,0.0
1986-07-15T09:23:00,demo_final_july_week,mcp,22.9989695330489,22.99900214584478,23.106212806813353,22.988329043293312,22.99879520778468,11.0,5.0,11.0,5.0,20.0,26.150000000000002,20.0,23.0,0.1394017262592877,6.522167274009824,0.0,0.0
1986-07-15T09:38:00,demo_final_july_week,mcp,23.496044094708072,23.489676403544486,23.49416215889657,23.448181175259087,23.497376855988392,11.0,5.0,11.0,5.0,20.0,26.700000000000003,21.5,23.5,0.12274369687444338,6.6449109708842675,0.0,0.0
1986-07-15T09:45:00,demo_final_july_week,mcp,23.497935846323777,23.496862132660617,23.497657986675552,23.491986354733537,23.497800424201973,11.0,5.0,11.0,5.0,20.0,27.25,21.5,23.5,0.14303572832185613,6.787946699206124,0.0,0.0
1986-07-15T10:00:00,demo_final_july_week,mcp,23.4982845716133,23.49832952157411,23.498311726828412,23.497494461433213,23.49811037772369,11.0,5.0,11.0,5.0,20.0,27.8,21.5,23.5,0.13661292411449247,6.924559623320617,0.0,0.0
1986-07-15T10:15:00,demo_final_july_week,mcp,23.49821217448941,23.498562322587507,23.498320875945424,23.498152715363695,23.497977535438377,11.0,5.0,11.0,5.0,20.0,28.075000000000003,21.5,23.5,0.1465436629294912,7.071103286250108,0.0,0.0
1986-07-15T10:30:00,demo_final_july_week,mcp,23.498171521217365,23.498603931602606,23.50068390400664,23.498201143815802,23.49791146144995,11.0,5.0,11.0,5.0,20.0,28.35,21.5,23.5,0.15242451341637922,7.2235277996664875,0.0,0.0
1986-07-15T10:45:00,demo_final_july_week,mcp,23.498171380206646,23.4986341116555,23.532432991346898,23.498221672717772,23.497884845300884,11.0,5.0,11.0,5.0,20.0,28.624999999999996,21.5,23.5,0.15636660656383727,7.379894406230325,0.0,0.0
1986-07-15T11:00:00,demo_final_july_week,mcp,23.49819441479679,23.4986699158077,23.579925934254895,23.498256169151833,23.497885818700297,11.0,5.0,11.0,5.0,20.0,28.9,21.5,23.5,0.15954049649599134,7.539434902726317,0.0,0.0
1986-07-15T11:15:00,demo_final_july_week,mcp,23.498328113465334,23.49877449161054,23.54308753693163,23.498389718560006,23.49808586545773,8.8,4.0,8.8,4.0,16.0,29.324999999999996,21.5,23.5,0.15260035742029043,7.692035260146607,0.0,0.0
1986-07-15T11:30:00,demo_final_july_week,mcp,23.49843686321671,23.49888846909342,23.51688706949788,23.498504950236914,23.49816939955792,8.8,4.0,8.8,4.0,16.0,29.75,21.5,23.5,0.15354947397195143,7.8455847341185585,0.0,0.0
1986-07-15T11:45:00,demo_final_july_week,mcp,23.498525271837767,23.498976136741145,23.541584987054897,23.498589615287635,23.498237611974716,8.8,4.0,8.8,4.0,16.0,30.175000000000004,21.5,23.5,0.15456935940032251,8.000154093518882,0.0,0.0
1986-07-15T12:00:00,demo_final_july_week,mcp,23.498591328613355,23.49902529534695,23.583317917814085,23.498648724989753,23.49829335457015,8.8,4.0,8.8,4.0,16.0,30.6,21.5,23.5,0.15502546767264988,8.155179561191531,0.0,0.0
1986-07-15T12:15:00,demo_final_july_week,mcp,23.498826176113827,23.499186470959536,23.512480530271063,23.49886777670488,23.49866722343831,4.4,2.0,4.4,2.0,8.0,30.875000000000004,21.5,23.5,0.135990168236544,8.291169729428075,0.0,0.0
1986-07-15T12:30:00,demo_final_july_week,mcp,23.498997449649494,23.499333284150982,23.501158011992445,23.49903921460334,23.498800536137527,4.4,2.0,4.4,2.0,8.0,31.15,21.5,23.5,0.13412561705598272,8.425295346484058,0.0,0.0
1986-07-15T12:45:00,demo_final_july_week,mcp,23.49914572873894,23.499336254939127,23.499494949925253,23.49918770891736,23.498909566422277,4.4,2.0,4.4,2.0,8.0,31.424999999999997,21.5,23.5,0.13428365226839947,8.559578998752457,0.0,0.0
1986-07-15T13:00:00,demo_final_july_week,mcp,23.49924325620509,23.4993745066007,23.49930670508609,23.499271292032613,23.4989964627278,4.4,2.0,4.4,2.0,8.0,31.7,21.5,23.5,0.13465858460408212,8.69423758335654,0.0,0.0
1986-07-15T13:15:00,demo_final_july_week,mcp,23.499144625059337,23.499244073937756,23.58209730570272,23.499154978646192,23.49881296728662,8.8,4.0,8.8,4.0,16.0,31.7,21.5,23.5,0.15378101745700967,8.84801860081355,0.0,0.0
1986-07-15T13:30:00,demo_final_july_week,mcp,23.49901362625611,23.49907680171691,23.65359905329807,23.49899348106377,23.49874356479245,8.8,4.0,8.8,4.0,16.0,31.7,21.5,23.5,0.15550240161217704,9.003521002425726,0.0,0.0
1986-07-15T13:45:00,demo_final_july_week,mcp,23.49886562163743,23.49891477378615,23.689310901182317,23.498818784283568,23.49865588886573,8.8,4.0,8.8,4.0,16.0,31.7,21.5,23.5,0.15722358891336902,9.160744591339096,0.0,0.0
1986-07-15T14:00:00,demo_final_july_week,mcp,23.49877059297137,23.498824259477665,23.708534096386412,23.49870966037256,23.49858211523007,8.8,4.0,8.8,4.0,16.0,31.7,21.5,23.5,0.15902725217483496,9.319771843513932,0.0,0.0
1986-07-15T14:15:00,demo_final_july_week,mcp,23.504724510253425,23.49875537690909,23.761593495871807,23.49862821412765,23.498471851174003,11.0,5.0,11.0,5.0,20.0,31.7,21.5,23.5,0.16523549087822237,9.485007334392154,0.0,0.0
1986-07-15T14:30:00,demo_final_july_week,mcp,23.523186380343947,23.4986611927729,23.80287171658065,23.498522267039032,23.499706110454,11.0,5.0,11.0,5.0,20.0,31.7,21.5,23.5,0.1671045165779786,9.652111850970133,0.0,0.0
1986-07-15T14:45:00,demo_final_july_week,mcp,23.540903415185728,23.49857255418468,23.8132178016994,23.49864900910326,23.510420543906157,11.0,5.0,11.0,5.0,20.0,31.7,21.5,23.5,0.16875818970796647,9.8208700406781,0.0,0.0
1986-07-15T15:00:00,demo_final_july_week,mcp,23.55102529544609,23.498522782986463,23.802085208803177,23.498637285700273,23.5262531762262,11.0,5.0,11.0,5.0,20.0,31.7,21.5,23.5,0.1703263152154129,9.991196355893512,0.0,0.0
1986-07-15T15:15:00,demo_final_july_week,mcp,23.50761818308063,23.498545570174795,23.72890704131146,23.49866107922057,23.501547706481194,11.0,5.0,11.0,5.0,20.0,31.825,21.5,23.5,0.16879133095665522,10.159987686850167,0.0,0.0
1986-07-15T15:30:00,demo_final_july_week,mcp,23.500039397010752,23.49854737458825,23.665443973868694,23.498671767125973,23.498616349043225,11.0,5.0,11.0,5.0,20.0,31.950000000000003,21.5,23.5,0.16843461968150708,10.328422306531674,0.0,0.0
1986-07-15T15:45:00,demo_final_july_week,mcp,23.49873030959494,23.49854446633628,23.616658975528356,23.498711079292658,23.49823705737577,11.0,5.0,11.0,5.0,20.0,32.075,21.5,23.5,0.16835171516083974,10.496774021692515,0.0,0.0
1986-07-15T16:00:00,demo_final_july_week,mcp,23.498536469761333,23.498554911965574,23.563511415811107,23.498787218073247,23.498185669406784,11.0,5.0,11.0,5.0,20.0,32.2,21.5,23.5,0.16497912731690176,10.661753149009417,0.0,0.0
1986-07-15T16:15:00,demo_final_july_week,mcp,23.498659373513178,23.498693701155762,23.508879786872694,23.49895045737436,23.498400798987575,11.0,5.0,11.0,5.0,20.0,32.2,21.5,23.5,0.14672517365775783,10.808478322667176,0.0,0.0
1986-07-15T16:30:00,demo_final_july_week,mcp,23.49868835297051,23.498711175710604,23.50021632350087,23.499014882537928,23.498408869298046,11.0,5.0,11.0,5.0,20.0,32.2,21.5,23.5,0.14110106769752445,10.9495793903647,0.0,0.0
1986-07-15T16:53:00,demo_final_july_week,mcp,23.044171944626946,23.00754988550617,23.2059439435643,23.01072693992089,23.21581014311191,11.0,5.0,11.0,5.0,20.0,32.2,21.5,23.0,0.17055377180220166,11.120133162166901,0.0,0.0
1986-07-15T17:00:00,demo_final_july_week,mcp,23.006029804134553,23.0000817993604,23.07753634215689,23.001027961862523,23.102182639305997,11.0,5.0,11.0,5.0,20.0,32.2,21.5,23.0,0.15737030246885364,11.277503464635755,0.0,0.0
1986-07-15T17:15:00,demo_final_july_week,mcp,22.99983644970114,22.998925658047394,23.01133587927167,22.999385647274035,23.010759355903893,11.0,5.0,11.0,5.0,20.0,31.5,21.5,23.0,0.1520026979772191,11.429506162612974,0.0,0.0
1986-07-15T17:30:00,demo_final_july_week,mcp,22.99892846519109,22.998834434706527,23.000681423616964,22.999185697537765,22.999780978782567,11.0,5.0,11.0,5.0,20.0,30.8,21.5,23.0,0.14253696896627496,11.572043131579248,0.0,0.0
1986-07-15T17:45:00,demo_final_july_week,mcp,22.998824850262576,22.998841189797947,22.999060676745334,22.99915430170462,22.998531650188653,11.0,5.0,11.0,5.0,20.0,30.099999999999998,21.5,23.0,0.13620501895408604,11.708248150533334,0.0,0.0
1986-07-15T18:00:00,demo_final_july_week,mcp,22.998810092493613,22.99883533675489,22.998828296682817,22.998947695134053,22.99842630724726,11.0,5.0,11.0,5.0,20.0,29.4,21.5,23.0,0.1309851858421728,11.839233336375507,0.0,0.0
1986-07-15T18:15:00,demo_final_july_week,mcp,22.999248658156255,22.999258658425198,22.999241695306306,22.99929660757876,22.9991319061123,5.5,2.5,5.5,2.5,10.0,29.275,21.5,23.0,0.10250823002492217,11.94174156640043,0.0,0.0
1986-07-15T18:30:00,demo_final_july_week,mcp,22.999302886094778,22.934062750199395,22.999296980042537,22.96520824514681,22.999208108150906,5.5,2.5,5.5,2.5,10.0,29.15,21.5,23.0,0.0999410919767672,12.041682658377196,0.0,0.0
1986-07-15T18:53:00,demo_final_july_week,mcp,23.460934941305265,22.78814897152415,23.489531893244628,22.81045796829899,23.35225239951968,5.5,2.5,5.5,2.5,10.0,29.025,21.0,23.5,0.09200940210879335,12.13369206048599,0.0,0.0
1986-07-15T19:00:00,demo_final_july_week,mcp,23.496976407951113,22.691054386695978,23.498796386538597,22.6922343721044,23.475272609197702,5.5,2.5,5.5,2.5,10.0,28.9,21.0,23.5,0.09288988670572909,12.226581947191718,0.0,0.0
1986-07-15T19:23:00,demo_final_july_week,mcp,23.06492704868437,22.129773839371353,23.12954869358008,22.101593535493993,23.052089792073797,0.0,0.0,0.0,0.0,0.0,27.224999999999998,21.0,23.5,0.09183615471624539,12.318418101907964,0.0,0.0
1986-07-15T19:38:00,demo_final_july_week,mcp,22.70512158138664,21.775460698882625,22.79038416622104,21.780902873910293,22.696978801257494,0.0,0.0,0.0,0.0,0.0,25.549999999999997,21.0,23.5,0.09183615471624539,12.41025425662421,0.0,0.0
1986-07-15T19:53:00,demo_final_july_week,mcp,22.44699960473031,21.563231402805606,22.53271366479179,21.55126719689584,22.51880379658387,0.0,0.0,0.0,0.0,0.0,23.875,21.0,23.0,0.09183615471624539,12.502090411340456,0.0,0.0
1986-07-15T20:00:00,demo_final_july_week,mcp,22.25169410719689,21.40458860534921,22.337167302024813,21.378777547805825,22.4126303686203,0.0,0.0,0.0,0.0,0.0,22.2,21.0,23.0,0.09183615471624539,12.593926566056702,0.0,0.0
1986-07-15T20:23:00,demo_final_july_week,mcp,22.57087769873523,22.07982785370432,22.62435010962331,22.13599550848659,22.48834000194806,0.0,0.0,0.0,0.0,0.0,22.349999999999998,21.0,23.0,0.0,12.593926566056702,0.0,0.0
1986-07-15T20:38:00,demo_final_july_week,mcp,22.740304021135678,22.465416909733122,22.779132787462856,22.532231270388834,22.59313384749477,0.0,0.0,0.0,0.0,0.0,22.5,21.0,23.0,0.0,12.593926566056702,0.0,0.0
1986-07-15T20:45:00,demo_final_july_week,mcp,22.766990466928792,22.571000201855,22.7991436997822,22.63859732955482,22.611863410031205,0.0,0.0,0.0,0.0,0.0,22.650000000000002,18.0,26.0,0.0,12.593926566056702,0.0,0.0
1986-07-15T21:00:00,demo_final_july_week,mcp,22.715681896888736,22.567140182531293,22.744277346995577,22.626517682738854,22.585240414711034,0.0,0.0,0.0,0.0,0.0,22.8,18.0,26.0,0.0,12.593926566056702,0.0,0.0
1986-07-15T21:15:00,demo_final_july_week,mcp,22.631251430422527,22.510309615010662,22.654166355874164,22.56353254189457,22.5069698985291,0.0,0.0,0.0,0.0,0.0,23.075000000000003,18.0,26.0,0.0,12.593926566056702,0.0,0.0
1986-07-15T21:30:00,demo_final_july_week,mcp,22.517059922014575,22.421538153250953,22.531478461605552,22.470261142281288,22.373284640994274,0.0,0.0,0.0,0.0,0.0,23.35,18.0,26.0,0.0,12.593926566056702,0.0,0.0
1986-07-15T21:45:00,demo_final_july_week,mcp,22.422619988296084,22.347012137046494,22.427469840962306,22.391290105474425,22.25041522390522,0.0,0.0,0.0,0.0,0.0,23.624999999999996,18.0,26.0,0.0,12.593926566056702,0.0,0.0
1986-07-15T22:00:00,demo_final_july_week,mcp,22.354344778838115,22.289790182295743,22.34958529344236,22.32944877289874,22.15873935580196,0.0,0.0,0.0,0.0,0.0,23.9,18.0,26.5,0.0,12.593926566056702,0.0,0.0
1986-07-15T22:15:00,demo_final_july_week,mcp,22.3066205442247,22.245574540976396,22.293441922746112,22.280775311686117,22.08810838555336,0.0,0.0,0.0,0.0,0.0,24.324999999999996,18.0,26.5,0.0,12.593926566056702,0.0,0.0
1986-07-15T22:30:00,demo_final_july_week,mcp,22.27192070467557,22.209607878613784,22.251337714517568,22.24072599623174,22.026765913005935,0.0,0.0,0.0,0.0,0.0,24.75,18.0,26.5,0.0,12.593926566056702,0.0,0.0
1986-07-15T22:45:00,demo_final_july_week,mcp,22.246574579184653,22.180197525172318,22.219121723976677,22.207635464979525,21.970148728295445,0.0,0.0,0.0,0.0,0.0,25.175000000000004,18.0,26.5,0.0,12.593926566056702,0.0,0.0
1986-07-15T23:00:00,demo_final_july_week,mcp,22.22970047784497,22.15741582023861,22.1956876705739,22.181546182877607,21.91814047530273,0.0,0.0,0.0,0.0,0.0,25.6,18.0,26.5,0.0,12.593926566056702,0.0,0.0
1986-07-15T23:15:00,demo_final_july_week,mcp,22.210137747260216,22.134673448235137,22.172259510124704,22.155846050262237,21.871124758874952,0.0,0.0,0.0,0.0,0.0,25.6,18.0,26.5,0.0,12.593926566056702,0.0,0.0
1986-07-15T23:30:00,demo_final_july_week,mcp,22.187598795310095,22.112031121479546,22.1483801155437,22.13057268533965,21.82889676131587,0.0,0.0,0.0,0.0,0.0,25.6,18.0,26.5,0.0,12.593926566056702,0.0,0.0
1986-07-15T23:45:00,demo_final_july_week,mcp,22.16551709041493,22.091407773907843,22.126437869147967,22.107620155720564,21.79088267350653,0.0,0.0,0.0,0.0,0.0,25.6,18.0,26.5,0.0,12.593926566056702,0.0,0.0
1986-07-16T00:00:00,demo_final_july_week,mcp,22.145554832617485,22.073416597888627,22.107476326345864,22.087575121566086,21.756492615171133,0.0,0.0,0.0,0.0,0.0,25.6,18.0,26.5,0.0,12.593926566056702,0.0,0.0
1986-07-16T00:15:00,demo_final_july_week,mcp,22.105312961850238,22.03873556031575,22.06759243409557,22.051087421496906,21.725171910141025,0.0,0.0,0.0,0.0,0.0,24.900000000000002,18.0,26.5,0.0,12.593926566056702,0.0,0.0
1986-07-16T00:30:00,demo_final_july_week,mcp,22.045223552915996,21.988145014304973,22.007062891896062,21.998912925188275,21.69619280576949,0.0,0.0,0.0,0.0,0.0,24.200000000000003,18.0,26.5,0.0,12.593926566056702,0.0,0.0
1986-07-16T00:45:00,demo_final_july_week,mcp,21.97409171644267,21.928647862438307,21.935039145659303,21.938030148542563,21.668722290662696,0.0,0.0,0.0,0.0,0.0,23.5,18.0,26.5,0.0,12.593926566056702,0.0,0.0
1986-07-16T01:00:00,demo_final_july_week,mcp,21.896971030067284,21.86360678979421,21.856777228585234,21.87177845983939,21.641976176893337,0.0,0.0,0.0,0.0,0.0,22.8,18.0,26.5,0.0,12.593926566056702,0.0,0.0
1986-07-16T01:15:00,demo_final_july_week,mcp,21.830617172099632,21.805605967743734,21.788622349658592,21.812721119431465,21.61539148081198,0.0,0.0,0.0,0.0,0.0,22.650000000000002,18.0,26.5,0.0,12.593926566056702,0.0,0.0
1986-07-16T01:30:00,demo_final_july_week,mcp,21.77422574643757,21.753533784968464,21.72984417233376,21.759727500321812,21.588783786931206,0.0,0.0,0.0,0.0,0.0,22.5,18.0,26.5,0.0,12.593926566056702,0.0,0.0
1986-07-16T01:45:00,demo_final_july_week,mcp,21.721795598945718,21.70304191637276,21.674665612125377,21.70843255974813,21.56223003373718,0.0,0.0,0.0,0.0,0.0,22.349999999999998,18.0,26.5,0.0,12.593926566056702,0.0,0.0
1986-07-16T02:00:00,demo_final_july_week,mcp,21.670377854147837,21.652488253138138,21.620258590316254,21.657179462289076,21.53589270149578,0.0,0.0,0.0,0.0,0.0,22.2,18.0,24.5,0.0,12.593926566056702,0.0,0.0
1986-07-16T02:15:00,demo_final_july_week,mcp,21.63703886415469,21.61654336887914,21.584257131467375,21.620624622797838,21.509967058551045,0.0,0.0,0.0,0.0,0.0,22.625,18.0,24.5,0.0,12.593926566056702,0.0,0.0
1986-07-16T02:30:00,demo_final_july_week,mcp,21.6217020252997,21.594856909170883,21.566663039978664,21.5984063906297,21.484793552414164,0.0,0.0,0.0,0.0,0.0,23.049999999999997,18.0,24.5,0.0,12.593926566056702,0.0,0.0
1986-07-16T02:45:00,demo_final_july_week,mcp,21.61763262142086,21.582113077622864,21.560574816538175,21.58519941557138,21.460798528232683,0.0,0.0,0.0,0.0,0.0,23.474999999999998,18.0,24.5,0.0,12.593926566056702,0.0,0.0
1986-07-16T03:00:00,demo_final_july_week,mcp,21.620819612774323,21.575654781743427,21.561856244683714,21.578337993985258,21.43838891913823,0.0,0.0,0.0,0.0,0.0,23.9,18.0,24.5,0.0,12.593926566056702,0.0,0.0
1986-07-16T03:15:00,demo_final_july_week,mcp,21.617861061120355,21.5656004392049,21.557514044753184,21.56793445343017,21.417934578783836,0.0,0.0,0.0,0.0,0.0,23.9,18.0,24.5,0.0,12.593926566056702,0.0,0.0
1986-07-16T03:30:00,demo_final_july_week,mcp,21.60888873332344,21.55245834055691,21.54763388775405,21.554488853705266,21.39935153442028,0.0,0.0,0.0,0.0,0.0,23.9,18.0,24.5,0.0,12.593926566056702,0.0,0.0
1986-07-16T03:45:00,demo_final_july_week,mcp,21.59835435955003,21.539440413481252,21.536468280948355,21.541206429016327,21.382392144782713,0.0,0.0,0.0,0.0,0.0,23.9,18.0,24.5,0.0,12.593926566056702,0.0,0.0
1986-07-16T04:00:00,demo_final_july_week,mcp,21.58849030879006,21.527778422924275,21.526131980381802,21.529313965628795,21.366804811601135,0.0,0.0,0.0,0.0,0.0,23.9,18.0,24.5,0.0,12.593926566056702,0.0,0.0
1986-07-16T04:15:00,demo_final_july_week,mcp,21.57931520833154,21.517125357659516,21.516558895639946,21.518460311364088,21.3523915586217,0.0,0.0,0.0,0.0,0.0,23.9,18.0,24.5,0.0,12.593926566056702,0.0,0.0
1986-07-16T04:30:00,demo_final_july_week,mcp,21.570474356039114,21.507070448652303,21.507362329928984,21.508230943623325,21.339011625492038,0.0,0.0,0.0,0.0,0.0,23.9,18.0,24.5,0.0,12.593926566056702,0.0,0.0
1986-07-16T04:45:00,demo_final_july_week,mcp,21.57763754947232,21.61310123149452,21.68549670453921,21.521294382435713,21.32780876746391,0.0,0.0,0.0,0.0,0.0,23.9,18.0,24.5,0.0,12.593926566056702,0.0,0.0
1986-07-16T05:08:00,demo_final_july_week,mcp,21.607031271451444,21.915881439654427,22.144509108217736,21.56446176675216,21.32386639008338,0.0,0.0,0.0,0.0,0.0,23.9,18.0,24.5,0.0,12.593926566056702,0.0,0.0
1986-07-16T05:23:00,demo_final_july_week,mcp,21.663404011430575,22.26970382327773,22.621923012567052,21.633426644556277,21.333450758577847,0.0,0.0,0.0,0.0,0.0,24.324999999999996,18.0,24.5,0.0,12.593926566056702,0.0,0.0
1986-07-16T05:38:00,demo_final_july_week,mcp,21.740002800274684,22.660759399925954,23.080750168687107,21.72299978014607,21.35620460930017,0.0,0.0,0.0,0.0,0.0,24.75,18.0,24.5,0.0,12.593926566056702,0.0,0.0
1986-07-16T05:53:00,demo_final_july_week,mcp,21.831991875956373,23.10516394573896,23.547977585354463,21.829465954151452,21.39058979400345,0.0,0.0,0.0,0.0,0.0,25.175000000000004,18.0,24.5,0.0,12.593926566056702,0.0,0.0
1986-07-16T06:08:00,demo_final_july_week,mcp,21.949257094747786,23.631487712172724,24.051377852420668,21.96053203862628,21.435284930031326,0.0,0.0,0.0,0.0,0.0,25.6,18.5,23.0,0.0,12.593926566056702,0.0,0.0
1986-07-16T06:20:00,demo_final_july_week,mcp,21.255710745971115,22.428877661079976,22.995173126969657,20.579495172572756,20.96942175659755,0.0,0.0,0.0,0.0,0.0,25.875000000000004,18.5,23.0,0.09504283060492964,12.688969396661632,0.0,0.0
1986-07-16T06:38:00,demo_final_july_week,mcp,21.136416675654427,22.65774364598568,22.999819764706288,20.49221154648847,20.826713051142374,0.0,0.0,0.0,0.0,0.0,26.15,18.5,23.0,0.09332783065772024,12.782297227319352,0.0,0.0
1986-07-16T06:45:00,demo_final_july_week,mcp,21.11134670313829,22.914246129221446,22.999818585752738,20.474623763903256,20.779203271957588,0.0,0.0,0.0,0.0,0.0,26.424999999999997,18.5,23.0,0.09478424385064921,12.877081471170001,0.0,0.0
1986-07-16T07:00:00,demo_final_july_week,mcp,21.135835917239216,22.990655193121828,22.999848595652413,20.486770858319375,20.755544719588645,0.0,0.0,0.0,0.0,0.0,26.7,18.5,23.0,0.09580174122211156,12.972883212392112,0.0,0.0
1986-07-16T07:15:00,demo_final_july_week,mcp,21.194403708572587,22.99881941613179,22.999882524408733,20.512356954015374,20.760388721492955,0.0,0.0,0.0,0.0,0.0,27.099999999999998,18.5,23.0,0.09685266434445822,13.069735876736571,0.0,0.0
1986-07-16T07:30:00,demo_final_july_week,mcp,21.273336426104052,22.999794005792342,22.999909822453766,20.549899664834907,20.76793541648966,0.0,0.0,0.0,0.0,0.0,27.5,18.5,23.0,0.09791136856662185,13.167647245303193,0.0,0.0
1986-07-16T07:45:00,demo_final_july_week,mcp,21.367215640953056,22.99991801325216,22.999926819573854,20.600104269044202,20.776683269801484,0.0,0.0,0.0,0.0,0.0,27.900000000000002,18.5,23.0,0.09861669093991302,13.266263936243107,0.0,0.0
1986-07-16T08:00:00,demo_final_july_week,mcp,21.469412458877695,22.99994381249163,22.999944823957243,20.66075574217221,20.788551034573867,0.0,0.0,0.0,0.0,0.0,28.3,18.5,23.0,0.09904237107991316,13.365306307323019,0.0,0.0
1986-07-16T08:19:00,demo_final_july_week,mcp,22.989868765957667,22.999710008963746,23.139028827254922,21.75608445904992,22.169596070332975,11.0,5.0,11.0,5.0,20.0,28.725,18.5,23.0,0.1097848659263119,13.47509117324933,0.0,0.0
1986-07-16T08:34:00,demo_final_july_week,mcp,22.99970832139167,22.999436265305025,23.20044017486613,22.239633233878116,22.998615484329203,11.0,5.0,11.0,5.0,20.0,29.15,18.5,23.0,0.11770859789544309,13.592799771144774,0.0,0.0
1986-07-16T08:53:00,demo_final_july_week,mcp,22.99934710516933,22.999080830759492,23.210324987187594,22.56459597299248,22.99894957273599,11.0,5.0,11.0,5.0,20.0,29.575,18.5,23.0,0.12896009926994653,13.72175987041472,0.0,0.0
1986-07-16T09:00:00,demo_final_july_week,mcp,22.998910704106823,23.068777832866292,23.195594993646374,22.77321273957173,22.999004742418858,11.0,5.0,11.0,5.0,20.0,30.0,18.5,23.0,0.13115896530946727,13.852918835724187,0.0,0.0
1986-07-16T09:15:00,demo_final_july_week,mcp,22.998345363838194,23.352488946095892,23.39556469601808,22.966932512683584,22.99829163660912,11.0,5.0,11.0,5.0,20.0,30.275,20.0,23.0,0.16195703148893145,14.014875867213119,0.0,0.0
1986-07-16T09:30:00,demo_final_july_week,mcp,22.998201934064205,23.518550549735227,23.577481677531225,22.993537683747988,23.00625946876228,11.0,5.0,11.0,5.0,20.0,30.55,20.0,23.0,0.17011923994000128,14.18499510715312,0.0,0.0
1986-07-16T09:45:00,demo_final_july_week,mcp,22.998243358004075,23.56333871588958,23.626380436781755,22.997596283370513,23.05493085019932,11.0,5.0,11.0,5.0,20.0,30.825000000000003,20.0,23.0,0.17345815179590143,14.358453258949023,0.0,0.0
1986-07-16T10:00:00,demo_final_july_week,mcp,22.998323815649123,23.564183185640672,23.615964192121425,22.998258869373622,23.126863638764206,11.0,5.0,11.0,5.0,20.0,31.1,20.0,23.0,0.1767580585763198,14.535211317525343,0.0,0.0
1986-07-16T10:15:00,demo_final_july_week,mcp,22.998376735265804,23.544570605563248,23.61855605202898,22.998393639242718,23.20265191502061,11.0,5.0,11.0,5.0,20.0,31.250000000000004,20.0,23.0,0.17975010707731792,14.714961424602661,0.0,0.0
1986-07-16T10:30:00,demo_final_july_week,mcp,23.02235087025564,23.494051617712703,23.63360030666317,22.998446511885554,23.26838111407035,11.0,5.0,11.0,5.0,20.0,31.4,20.0,23.0,0.1812633539387559,14.896224778541416,0.0,0.0
1986-07-16T10:45:00,demo_final_july_week,mcp,23.076063684666703,23.40896390729991,23.648756960911072,22.998482025709333,23.322612670913216,11.0,5.0,11.0,5.0,20.0,31.549999999999997,20.0,23.0,0.1819462410073258,15.078171019548742,0.0,0.0
1986-07-16T11:00:00,demo_final_july_week,mcp,23.139315821690552,23.294405939189712,23.661425658906687,22.998507284977624,23.368643279615238,11.0,5.0,11.0,5.0,20.0,31.7,20.0,23.0,0.18254579133478596,15.260716810883528,0.0,0.0
1986-07-16T11:15:00,demo_final_july_week,mcp,23.111705318301922,23.089844608599037,23.58800147237644,22.998586510313338,23.30032073708127,8.8,4.0,8.8,4.0,16.0,31.825,20.0,23.0,0.181506676121271,15.4422234870048,0.0,0.0
1986-07-16T11:30:00,demo_final_july_week,mcp,23.100929791120063,23.019692305937472,23.53632823032841,22.99867661453381,23.237912422468902,8.8,4.0,8.8,4.0,16.0,31.950000000000003,20.0,23.0,0.17882747904940796,15.621050966054208,0.0,0.0
1986-07-16T11:45:00,demo_final_july_week,mcp,23.12881379700479,23.003638248537616,23.531321731797835,22.99876566608202,23.22432739264137,8.8,4.0,8.8,4.0,16.0,32.075,20.0,23.0,0.17683494518789483,15.797885911242103,0.0,0.0
1986-07-16T12:00:00,demo_final_july_week,mcp,23.16903980436758,23.000108684666586,23.54689568981903,22.998821943277807,23.237941704845607,8.8,4.0,8.8,4.0,16.0,32.2,20.0,23.0,0.1745320233799498,15.972417934622053,0.0,0.0
1986-07-16T12:23:00,demo_final_july_week,mcp,23.495962337412028,23.492222819257197,23.499923966043717,23.49466533696504,23.49842759519142,4.4,2.0,4.4,2.0,8.0,32.35,20.5,23.5,0.12953727949466554,16.101955214116717,0.0,0.0
1986-07-16T12:30:00,demo_final_july_week,mcp,23.498654462467506,23.498289552536207,23.49923138721517,23.498501705040177,23.49885530674125,4.4,2.0,4.4,2.0,8.0,32.5,20.5,23.5,0.13767710056962082,16.23963231468634,0.0,0.0
1986-07-16T12:45:00,demo_final_july_week,mcp,23.4991736748927,23.499358502191583,23.49921343652712,23.499195894352727,23.499044000191144,4.4,2.0,4.4,2.0,8.0,32.65,20.5,23.5,0.13084040992391185,16.370472724610252,0.0,0.0
1986-07-16T13:00:00,demo_final_july_week,mcp,23.499267384810093,23.499395609843234,23.499261675149054,23.499286552613462,23.499075993215158,4.4,2.0,4.4,2.0,8.0,32.8,20.5,23.5,0.13332906466322664,16.503801789273478,0.0,0.0
1986-07-16T13:15:00,demo_final_july_week,mcp,23.499145084382224,23.499242293971793,23.56343801468106,23.499143397406478,23.498870900462574,8.8,4.0,8.8,4.0,16.0,32.925,20.5,23.5,0.15370714292017812,16.657508932193657,0.0,0.0
1986-07-16T13:30:00,demo_final_july_week,mcp,23.499002513619875,23.499068501969315,23.630982254633413,23.498970952650946,23.49878099840862,8.8,4.0,8.8,4.0,16.0,33.05,20.5,23.5,0.15624828296244342,16.8137572151561,0.0,0.0
1986-07-16T13:45:00,demo_final_july_week,mcp,23.49885400776415,23.4989106604898,23.67532284861373,23.49879545983275,23.49868059941175,8.8,4.0,8.8,4.0,16.0,33.175,20.5,23.5,0.15870107230582728,16.97245828746193,0.0,0.0
1986-07-16T14:00:00,demo_final_july_week,mcp,23.504424482417,23.498820417616002,23.70487334204683,23.49868230088718,23.498596528153513,8.8,4.0,8.8,4.0,16.0,33.3,20.5,23.5,0.16102450257950657,17.133482790041437,0.0,0.0
1986-07-16T14:15:00,demo_final_july_week,mcp,23.566307643986523,23.49875195635962,23.767450998548558,23.498599574603602,23.498480736537307,11.0,5.0,11.0,5.0,20.0,33.3,20.5,23.5,0.166331196602694,17.299813986644132,0.0,0.0
1986-07-16T14:30:00,demo_final_july_week,mcp,23.62626758650063,23.498654938298678,23.819869784179556,23.49849417507403,23.50622765927759,11.0,5.0,11.0,5.0,20.0,33.3,20.5,23.5,0.16838422824503294,17.468198214889163,0.0,0.0
1986-07-16T14:45:00,demo_final_july_week,mcp,23.665149158820935,23.49856316775283,23.83816250448742,23.498605298523977,23.52412267149703,11.0,5.0,11.0,5.0,20.0,33.3,20.5,23.5,0.17099776407739065,17.639195978966555,0.0,0.0
1986-07-16T15:00:00,demo_final_july_week,mcp,23.68749151196934,23.49851289134595,23.829849530586205,23.498593549972718,23.54496398353218,11.0,5.0,11.0,5.0,20.0,33.3,20.5,23.5,0.17312340368315102,17.812319382649704,0.0,0.0
1986-07-16T15:15:00,demo_final_july_week,mcp,23.642821909264487,23.49854012222104,23.74741565236093,23.498625290234944,23.50381433933563,11.0,5.0,11.0,5.0,20.0,33.175,20.5,23.5,0.17287949570481867,17.985198878354524,0.0,0.0
1986-07-16T15:30:00,demo_final_july_week,mcp,23.601998617550827,23.498550817638886,23.664324921822722,23.498649078448338,23.498873387016044,11.0,5.0,11.0,5.0,20.0,33.05,20.5,23.5,0.17281356932203468,18.15801244767656,0.0,0.0
1986-07-16T15:45:00,demo_final_july_week,mcp,23.58267953893934,23.498540547925394,23.605800639676207,23.49865492582404,23.498247916982386,11.0,5.0,11.0,5.0,20.0,32.925,20.5,23.5,0.17515589960500025,18.333168347281557,0.0,0.0
1986-07-16T16:00:00,demo_final_july_week,mcp,23.566848976206952,23.498530300802088,23.555798934005068,23.498660248022137,23.498159533694054,11.0,5.0,11.0,5.0,20.0,32.8,20.5,23.5,0.1763111372529847,18.50947948453454,0.0,0.0
1986-07-16T16:15:00,demo_final_july_week,mcp,23.510071592615216,23.49864135753807,23.507627287032086,23.498766553616782,23.498355517257867,11.0,5.0,11.0,5.0,20.0,32.8,20.5,23.5,0.16144789031147241,18.670927374846013,0.0,0.0
1986-07-16T16:30:00,demo_final_july_week,mcp,23.5004641584301,23.498648114059787,23.499977386893345,23.498790893471696,23.498353797750372,11.0,5.0,11.0,5.0,20.0,32.8,20.5,23.5,0.1594804730891794,18.83040784793519,0.0,0.0
1986-07-16T16:45:00,demo_final_july_week,mcp,23.498850295088236,23.498617635030026,23.498766298219497,23.49877615047511,23.4983093722794,11.0,5.0,11.0,5.0,20.0,32.8,20.5,23.5,0.1580522790270838,18.988460126962277,0.0,0.0
1986-07-16T17:00:00,demo_final_july_week,mcp,23.498583450537215,23.498596041215798,23.498572249957117,23.49877684755989,23.498269779786472,11.0,5.0,11.0,5.0,20.0,32.8,20.5,23.5,0.15542996705104817,19.143890094013326,0.0,0.0
1986-07-16T17:15:00,demo_final_july_week,mcp,23.498556432531178,23.498596723383258,23.49855067582781,23.498803437143604,23.498247264646675,11.0,5.0,11.0,5.0,20.0,32.525,20.5,23.5,0.15220626285737512,19.296096356870702,0.0,0.0
1986-07-16T17:30:00,demo_final_july_week,mcp,23.498567070100336,23.49860361256679,23.498555775843553,23.498829628220705,23.498235309212593,11.0,5.0,11.0,5.0,20.0,32.25,20.5,23.5,0.14870436318612237,19.444800720056826,0.0,0.0
1986-07-16T17:45:00,demo_final_july_week,mcp,23.498594776271542,23.498623356246334,23.498576621935523,23.498875187019127,23.49823466968709,11.0,5.0,11.0,5.0,20.0,31.974999999999998,20.5,23.5,0.14367498600437154,19.588475706061196,0.0,0.0
1986-07-16T18:00:00,demo_final_july_week,mcp,23.498613691033288,23.498637876604338,23.498592231425828,23.498910312363424,23.49823846589836,11.0,5.0,11.0,5.0,20.0,31.7,20.5,23.5,0.13897351618261994,19.727449222243816,0.0,0.0
1986-07-16T18:15:00,demo_final_july_week,mcp,23.499094755986256,23.446123048230152,23.499090937328443,23.49931618119715,23.499040292158963,5.5,2.5,5.5,2.5,10.0,31.424999999999997,20.5,23.5,0.10724143061328112,19.8346906528571,0.0,0.0
1986-07-16T18:30:00,demo_final_july_week,mcp,23.499208258735553,23.32183088559541,23.49920361751215,23.49942270568956,23.49913776613857,5.5,2.5,5.5,2.5,10.0,31.15,20.5,23.5,0.10366262898965034,19.938353281846748,0.0,0.0
1986-07-16T18:45:00,demo_final_july_week,mcp,23.49928862405453,23.177475320955345,23.499282237396162,23.49948770692399,23.49918514010192,5.5,2.5,5.5,2.5,10.0,30.875000000000004,20.5,23.5,0.10108293392622077,20.03943621577297,0.0,0.0
1986-07-16T19:00:00,demo_final_july_week,mcp,23.499352276325425,23.040978730417116,23.499342603565864,23.499549098990748,23.499218944860086,5.5,2.5,5.5,2.5,10.0,30.6,20.5,23.5,0.09867119761670279,20.138107413389672,0.0,0.0
1986-07-16T19:23:00,demo_final_july_week,mcp,23.447198944412612,22.505442885236203,23.406232018698315,23.4998427064569,23.183007908179327,0.0,0.0,0.0,0.0,0.0,30.450000000000003,20.5,23.5,0.09222143897272202,20.230328852362394,0.0,0.0
1986-07-16T19:38:00,demo_final_july_week,mcp,23.28739661774582,22.188051222763196,23.23090581048481,23.245582314121776,22.918139314788764,0.0,0.0,0.0,0.0,0.0,30.3,20.5,23.5,0.09183615471624539,20.322165007078638,0.0,0.0
1986-07-16T19:53:00,demo_final_july_week,mcp,23.12132567530197,21.98575934269568,23.066455770927046,22.928216292747138,22.752762915881856,0.0,0.0,0.0,0.0,0.0,30.15,20.5,23.5,0.09183615471624539,20.414001161794882,0.0,0.0
1986-07-16T20:00:00,demo_final_july_week,mcp,22.997813585597868,21.85026343001246,22.94731074473736,22.691836462664757,22.648225328178313,0.0,0.0,0.0,0.0,0.0,30.0,20.5,23.5,0.09183615471624539,20.505837316511126,0.0,0.0
1986-07-16T20:20:00,demo_final_july_week,mcp,23.516873565237294,22.92581065780211,23.419310067697314,23.62725368533256,22.77327835292566,0.0,0.0,0.0,0.0,0.0,29.725,20.5,23.5,0.0,20.505837316511126,0.0,0.0
1986-07-16T20:35:00,demo_final_july_week,mcp,23.68015851485833,23.215565401318614,23.57417468874007,24.048021542160406,22.883086911151516,0.0,0.0,0.0,0.0,0.0,29.45,20.5,23.5,0.0,20.505837316511126,0.0,0.0
1986-07-16T20:45:00,demo_final_july_week,mcp,23.725918998800385,23.337040360319786,23.617180631467708,24.127972134128395,22.90933481759052,0.0,0.0,0.0,0.0,0.0,29.174999999999997,20.5,23.5,0.0,20.505837316511126,0.0,0.0
1986-07-16T21:00:00,demo_final_july_week,mcp,23.683110462797522,23.333002783629855,23.57832519662674,24.076971661536106,22.896664212385552,0.0,0.0,0.0,0.0,0.0,28.9,20.5,23.5,0.0,20.505837316511126,0.0,0.0
1986-07-16T21:15:00,demo_final_july_week,mcp,23.596261334114143,23.286223916351837,23.49630132075607,23.953171326773116,22.83137144165458,0.0,0.0,0.0,0.0,0.0,28.624999999999996,20.5,23.5,0.0,20.505837316511126,0.0,0.0
1986-07-16T21:30:00,demo_final_july_week,mcp,23.471686326331717,23.207335399461147,23.375989881941532,23.797266106136053,22.709485658631042,0.0,0.0,0.0,0.0,0.0,28.35,20.5,23.5,0.0,20.505837316511126,0.0,0.0
1986-07-16T21:45:00,demo_final_july_week,mcp,23.35997524883087,23.13611546811396,23.268509323250274,23.65756113032451,22.596868435699886,0.0,0.0,0.0,0.0,0.0,28.075000000000003,20.5,23.5,0.0,20.505837316511126,0.0,0.0
1986-07-16T22:00:00,demo_final_july_week,mcp,23.268233619366217,23.07551937692239,23.181286164124963,23.53561623077821,22.513726401916834,0.0,0.0,0.0,0.0,0.0,27.8,20.5,23.5,0.0,20.505837316511126,0.0,0.0
1986-07-16T22:15:00,demo_final_july_week,mcp,23.187755624569462,23.018082629819318,23.10472769224102,23.42246286512483,22.449844454243443,0.0,0.0,0.0,0.0,0.0,27.650000000000002,18.0,26.0,0.0,20.505837316511126,0.0,0.0
1986-07-16T22:30:00,demo_final_july_week,mcp,23.111676247672488,22.959994933352963,23.031786863037052,23.314122671108166,22.393363097003697,0.0,0.0,0.0,0.0,0.0,27.5,18.0,26.0,0.0,20.505837316511126,0.0,0.0
1986-07-16T22:45:00,demo_final_july_week,mcp,23.03826907819336,22.901475509002978,22.96096152287702,23.210857347069613,22.339580573887364,0.0,0.0,0.0,0.0,0.0,27.349999999999998,18.0,26.0,0.0,20.505837316511126,0.0,0.0
1986-07-16T23:00:00,demo_final_july_week,mcp,22.967829697304378,22.843566374354456,22.89273418169856,23.11343966001253,22.2881491996564,0.0,0.0,0.0,0.0,0.0,27.2,18.0,26.0,0.0,20.505837316511126,0.0,0.0
1986-07-16T23:15:00,demo_final_july_week,mcp,22.896935934362368,22.784122377176775,22.824014355412057,23.01925987252595,22.239487599897345,0.0,0.0,0.0,0.0,0.0,26.924999999999997,18.0,24.5,0.0,20.505837316511126,0.0,0.0
1986-07-16T23:30:00,demo_final_july_week,mcp,22.82546893123475,22.72338104087953,22.754680869321284,22.928058982382662,22.193528162690576,0.0,0.0,0.0,0.0,0.0,26.65,18.0,24.5,0.0,20.505837316511126,0.0,0.0
1986-07-16T23:45:00,demo_final_july_week,mcp,22.75456321100296,22.66235745732619,22.685773571693854,22.840387936707412,22.149870195655534,0.0,0.0,0.0,0.0,0.0,26.375000000000004,18.0,24.5,0.0,20.505837316511126,0.0,0.0
1986-07-17T00:00:00,demo_final_july_week,mcp,22.684799266520937,22.601551230718194,22.617837079510533,22.75631825749281,22.108110657615153,0.0,0.0,0.0,0.0,0.0,26.1,18.0,24.5,0.0,20.505837316511126,0.0,0.0
1986-07-17T00:15:00,demo_final_july_week,mcp,22.62087191881129,22.544237849631802,22.55490862443948,22.678721656812854,22.068080361239545,0.0,0.0,0.0,0.0,0.0,25.975,18.0,24.5,0.0,20.505837316511126,0.0,0.0
1986-07-17T00:30:00,demo_final_july_week,mcp,22.562017342487646,22.49015701185182,22.4966872586499,22.606973756123697,22.02958089878671,0.0,0.0,0.0,0.0,0.0,25.85,18.0,24.5,0.0,20.505837316511126,0.0,0.0
1986-07-17T00:45:00,demo_final_july_week,mcp,22.506596758464223,22.43809302826107,22.441461031371965,22.539536015348904,21.99250637139854,0.0,0.0,0.0,0.0,0.0,25.725,18.0,24.5,0.0,20.505837316511126,0.0,0.0
1986-07-17T01:00:00,demo_final_july_week,mcp,22.453233329102286,22.387507114971307,22.38827514890027,22.475581735854604,21.956814731997774,0.0,0.0,0.0,0.0,0.0,25.6,18.0,24.5,0.0,20.505837316511126,0.0,0.0
1986-07-17T01:15:00,demo_final_july_week,mcp,22.40099394556744,22.337959607437,22.336371850943856,22.41442044511487,21.92246784533594,0.0,0.0,0.0,0.0,0.0,25.450000000000003,18.0,24.5,0.0,20.505837316511126,0.0,0.0
1986-07-17T01:30:00,demo_final_july_week,mcp,22.34991400791648,22.289488897568607,22.28570884537069,22.355863792067684,21.889402617841974,0.0,0.0,0.0,0.0,0.0,25.3,18.0,24.5,0.0,20.505837316511126,0.0,0.0
1986-07-17T01:45:00,demo_final_july_week,mcp,22.300184793372193,22.242189817954337,22.236391761197762,22.29980674747976,21.85753794544761,0.0,0.0,0.0,0.0,0.0,25.15,18.0,24.5,0.0,20.505837316511126,0.0,0.0
1986-07-17T02:00:00,demo_final_july_week,mcp,22.25180907834652,22.1960424609661,22.188399803386677,22.246056016625,21.826790363915578,0.0,0.0,0.0,0.0,0.0,25.0,18.0,24.5,0.0,20.505837316511126,0.0,0.0
1986-07-17T02:15:00,demo_final_july_week,mcp,22.20441493290685,22.15067285109929,22.141253605847478,22.194087947867217,21.797082175673566,0.0,0.0,0.0,0.0,0.0,24.85,18.0,24.5,0.0,20.505837316511126,0.0,0.0
1986-07-17T02:30:00,demo_final_july_week,mcp,22.15789568755964,22.106015658252343,22.094851522534363,22.14370538330249,21.76834041164373,0.0,0.0,0.0,0.0,0.0,24.7,18.0,24.5,0.0,20.505837316511126,0.0,0.0
1986-07-17T02:45:00,demo_final_july_week,mcp,22.112271771339795,22.062123420258448,22.049260071660846,22.094845450217992,21.740496652377157,0.0,0.0,0.0,0.0,0.0,24.549999999999997,18.0,24.5,0.0,20.505837316511126,0.0,0.0
1986-07-17T03:00:00,demo_final_july_week,mcp,22.06753667497991,22.019003280039488,22.004501294350792,22.047414990182485,21.713487843083215,0.0,0.0,0.0,0.0,0.0,24.4,18.0,24.5,0.0,20.505837316511126,0.0,0.0
1986-07-17T03:15:00,demo_final_july_week,mcp,22.025156435179376,21.97797580387416,21.962222424807262,22.002647585792616,21.687263298651853,0.0,0.0,0.0,0.0,0.0,24.275,18.0,24.5,0.0,20.505837316511126,0.0,0.0
1986-07-17T03:30:00,demo_final_july_week,mcp,21.984782707476768,21.938726125910062,21.922100958905055,21.96015107773249,21.661797044231786,0.0,0.0,0.0,0.0,0.0,24.15,18.0,24.5,0.0,20.505837316511126,0.0,0.0
1986-07-17T03:45:00,demo_final_july_week,mcp,21.94571901159801,21.90066907242681,21.883378937304908,21.919274892820034,21.637076384779007,0.0,0.0,0.0,0.0,0.0,24.025,18.0,24.5,0.0,20.505837316511126,0.0,0.0
1986-07-17T04:00:00,demo_final_july_week,mcp,21.90763205829311,21.863555790387686,21.845676704823187,21.879714085111786,21.613088118478757,0.0,0.0,0.0,0.0,0.0,23.9,18.0,24.5,0.0,20.505837316511126,0.0,0.0
1986-07-17T04:15:00,demo_final_july_week,mcp,21.869039047564076,21.82611212689334,21.807385833965725,21.84014549653986,21.589806890478364,0.0,0.0,0.0,0.0,0.0,23.749999999999996,18.0,24.5,0.0,20.505837316511126,0.0,0.0
1986-07-17T04:30:00,demo_final_july_week,mcp,21.83021120205398,21.788585326826027,21.76874948776353,21.800774820020276,21.567180046140503,0.0,0.0,0.0,0.0,0.0,23.6,18.0,24.5,0.0,20.505837316511126,0.0,0.0
1986-07-17T04:45:00,demo_final_july_week,mcp,21.806219509880325,21.821748652918103,21.83583190393643,21.78471237505912,21.546102554158626,0.0,0.0,0.0,0.0,0.0,23.450000000000003,18.0,24.5,0.0,20.505837316511126,0.0,0.0
1986-07-17T05:00:00,demo_final_july_week,mcp,21.79505536584711,21.909566168147812,21.973738648667997,21.788779773918268,21.529159229903986,0.0,0.0,0.0,0.0,0.0,23.3,18.0,24.5,0.0,20.505837316511126,0.0,0.0
1986-07-17T05:15:00,demo_final_july_week,mcp,21.808172753601298,22.02660599155904,22.130846942693672,21.818330316041095,21.51807068148031,0.0,0.0,0.0,0.0,0.0,23.725,18.0,24.5,0.0,20.505837316511126,0.0,0.0
1986-07-17T05:30:00,demo_final_july_week,mcp,21.847649552761496,22.1864518484801,22.320222618376707,21.872933137409124,21.51323195240755,0.0,0.0,0.0,0.0,0.0,24.15,18.0,24.5,0.0,20.505837316511126,0.0,0.0
1986-07-17T05:45:00,demo_final_july_week,mcp,21.908580362718556,22.413524544055687,22.570509039752604,21.95045354941115,21.51516217364077,0.0,0.0,0.0,0.0,0.0,24.575,18.0,24.5,0.0,20.505837316511126,0.0,0.0
1986-07-17T06:08:00,demo_final_july_week,mcp,22.003350304853367,22.770993022841314,22.935152882064106,22.069544388696578,21.527165429867317,0.0,0.0,0.0,0.0,0.0,25.0,18.0,24.5,0.0,20.505837316511126,0.0,0.0
1986-07-17T06:20:00,demo_final_july_week,mcp,21.29244785464653,21.655844619705892,22.472138595335945,20.65308419810733,21.019818826012276,0.0,0.0,0.0,0.0,0.0,25.55,18.0,24.5,0.09183615471624539,20.59767347122737,0.0,0.0
1986-07-17T06:38:00,demo_final_july_week,mcp,21.179343453034612,21.764165171500302,22.571550698402906,20.57829178884143,20.855529408192577,0.0,0.0,0.0,0.0,0.0,26.1,18.0,24.5,0.09183615471624539,20.689509625943614,0.0,0.0
1986-07-17T06:45:00,demo_final_july_week,mcp,21.156750677013484,21.937642168003347,22.710028591919407,20.56509009057371,20.793733518692246,0.0,0.0,0.0,0.0,0.0,26.65,18.0,24.5,0.09183615471624539,20.78134578065986,0.0,0.0
1986-07-17T07:00:00,demo_final_july_week,mcp,21.185286264600908,22.207806629937682,22.923521723045493,20.58901183697629,20.75581566678256,0.0,0.0,0.0,0.0,0.0,27.2,18.0,24.5,0.09183615471624539,20.873181935376103,0.0,0.0
1986-07-17T07:15:00,demo_final_july_week,mcp,21.24741090785407,22.499870101221426,23.140853415665724,20.628053481715693,20.751320396525667,0.0,0.0,0.0,0.0,0.0,27.75,18.0,24.5,0.09183615471624539,20.965018090092347,0.0,0.0
1986-07-17T07:38:00,demo_final_july_week,mcp,21.371116741829113,22.928777654548973,23.422831081248173,20.69774930865009,20.75102594546854,0.0,0.0,0.0,0.0,0.0,28.299999999999997,18.0,24.5,0.09183615471624539,21.05685424480859,0.0,0.0
1986-07-17T07:53:00,demo_final_july_week,mcp,21.49803939995691,23.28214566133232,23.630027696551366,20.775974070473623,20.761333804922934,0.0,0.0,0.0,0.0,0.0,28.849999999999998,18.0,24.5,0.09183615471624539,21.148690399524835,0.0,0.0
1986-07-17T08:08:00,demo_final_july_week,mcp,21.630551510309687,23.621069619932967,23.787741852771564,20.86456426828391,20.779273164003893,0.0,0.0,0.0,0.0,0.0,29.4,18.0,24.5,0.09183615471624539,21.24052655424108,0.0,0.0
1986-07-17T08:19:00,demo_final_july_week,mcp,23.14850710111583,24.49967269065494,24.499815814206595,21.96845859077878,22.16428144007246,11.0,5.0,11.0,5.0,20.0,29.824999999999996,18.0,24.5,0.09443303591269923,21.33495959015378,0.0,0.0
1986-07-17T08:34:00,demo_final_july_week,mcp,23.73894990708619,24.499408969867712,24.499564154460458,22.51397543811067,23.136006846812112,11.0,5.0,11.0,5.0,20.0,30.25,20.0,24.5,0.09719014568323377,21.43214973583701,0.0,0.0
1986-07-17T08:50:00,demo_final_july_week,mcp,24.155785925281197,24.499078855117727,24.499305891096224,22.868618941437436,23.539587139079,11.0,5.0,11.0,5.0,20.0,30.675000000000004,20.0,24.5,0.09846170718990171,21.530611443026913,0.0,0.0
1986-07-17T09:08:00,demo_final_july_week,mcp,24.48175127168941,24.498844787818726,24.49897103463196,23.15380182533526,23.833934888698444,11.0,5.0,11.0,5.0,20.0,31.1,20.0,24.5,0.09956724146852726,21.63017868449544,0.0,0.0
1986-07-17T09:23:00,demo_final_july_week,mcp,24.49829113223951,24.498703650992837,24.498606430528294,23.787606775532204,24.49254042925208,11.0,5.0,11.0,5.0,20.0,31.250000000000004,20.0,24.5,0.10851158106040355,21.738690265555846,0.0,0.0
1986-07-17T09:38:00,demo_final_july_week,mcp,24.49860271611451,24.498794033032567,24.498613945712588,24.143245768022304,24.498894786772098,11.0,5.0,11.0,5.0,20.0,31.4,20.0,24.5,0.11727143191826167,21.855961697474108,0.0,0.0
1986-07-17T09:45:00,demo_final_july_week,mcp,24.497928669442203,24.498412205523728,24.498049451336836,24.35371930010954,24.498470607808493,11.0,5.0,11.0,5.0,20.0,31.549999999999997,20.0,24.5,0.12017357769387715,21.976135275167984,0.0,0.0
1986-07-17T10:00:00,demo_final_july_week,mcp,24.497798671080613,24.498400408585063,24.498005550532866,24.481160677014532,24.49786944133503,11.0,5.0,11.0,5.0,20.0,31.7,20.0,24.5,0.12309546989979989,22.099230745067782,0.0,0.0
1986-07-17T10:15:00,demo_final_july_week,mcp,24.497770502104338,24.498418975541103,24.497993494132366,24.495879037483956,24.497633584076663,11.0,5.0,11.0,5.0,20.0,31.825,20.0,24.5,0.12726345917543563,22.226494204243217,0.0,0.0
1986-07-17T10:30:00,demo_final_july_week,mcp,24.497793708839463,24.49844013862984,24.497986609878293,24.497672664236042,24.497531907692988,11.0,5.0,11.0,5.0,20.0,31.950000000000003,20.0,24.5,0.12990555354233843,22.356399757785557,0.0,0.0
1986-07-17T10:45:00,demo_final_july_week,mcp,24.49782585909862,24.49846596435786,24.49797835864317,24.497872840501447,24.497485765884637,11.0,5.0,11.0,5.0,20.0,32.075,20.0,24.5,0.13224044940620297,22.48864020719176,0.0,0.0
1986-07-17T11:00:00,demo_final_july_week,mcp,24.49786074149464,24.498495122005703,24.497976957080628,24.497908514020985,24.49747137980713,11.0,5.0,11.0,5.0,20.0,32.2,20.0,24.5,0.13408441577286256,22.622724622964622,0.0,0.0
1986-07-17T11:15:00,demo_final_july_week,mcp,24.498016962652432,24.49860304600553,24.49809467374432,24.49805567856148,24.497718657844842,8.8,4.0,8.8,4.0,16.0,32.475,20.0,24.5,0.1283955471918676,22.75112017015649,0.0,0.0
1986-07-17T11:30:00,demo_final_july_week,mcp,24.49811665324864,24.498701863385485,24.498177440739116,24.498157560483893,24.497783143470425,8.8,4.0,8.8,4.0,16.0,32.75,20.0,24.5,0.1292422852780606,22.88036245543455,0.0,0.0
1986-07-17T11:53:00,demo_final_july_week,mcp,24.019955835634814,24.01057019072733,24.226957194770822,24.00676859104509,24.01457459939231,8.8,4.0,8.8,4.0,16.0,33.025,20.5,24.0,0.1638295385665464,23.044191994001096,0.0,0.0
1986-07-17T12:00:00,demo_final_july_week,mcp,24.0017654829838,24.00098107722883,24.1700383562219,23.999759922916855,23.999520852564622,8.8,4.0,8.8,4.0,16.0,33.3,20.5,24.0,0.14824509926522775,23.192437093266324,0.0,0.0
1986-07-17T12:15:00,demo_final_july_week,mcp,23.999070169836024,23.99940555722412,24.026618019483834,23.998825368708832,23.998386772301856,4.4,2.0,4.4,2.0,8.0,33.3,20.5,24.0,0.13602023673602787,23.32845733000235,0.0,0.0
1986-07-17T12:30:00,demo_final_july_week,mcp,23.99890076156238,23.99932604832003,24.00326484384588,23.99892835442627,23.998472272031332,4.4,2.0,4.4,2.0,8.0,33.3,20.5,24.0,0.13261021402612677,23.461067544028477,0.0,0.0
1986-07-17T12:45:00,demo_final_july_week,mcp,23.999062875896158,23.999304972111926,23.99975239474145,23.999118128109647,23.99866685729997,4.4,2.0,4.4,2.0,8.0,33.3,20.5,24.0,0.1309296162703586,23.591997160298835,0.0,0.0
1986-07-17T13:00:00,demo_final_july_week,mcp,23.999190372299,23.99934494434194,23.999305815171304,23.99922726651842,23.9988106158146,4.4,2.0,4.4,2.0,8.0,33.3,20.5,24.0,0.12984418457391717,23.72184134487275,0.0,0.0
1986-07-17T13:15:00,demo_final_july_week,mcp,23.999091950833066,23.99920193381379,24.021926708478013,23.999105254741323,23.99862352100347,8.8,4.0,8.8,4.0,16.0,33.3,20.5,24.0,0.14622733396976534,23.868068678842516,0.0,0.0
1986-07-17T13:30:00,demo_final_july_week,mcp,23.99895385109799,23.999022749443622,24.03901272165691,23.998931487165013,23.998581646580423,8.8,4.0,8.8,4.0,16.0,33.3,20.5,24.0,0.1470305937933586,24.015099272635876,0.0,0.0
1986-07-17T13:45:00,demo_final_july_week,mcp,23.998792479385422,23.998846818857324,24.04744727591241,23.99873825515105,23.99851478893443,8.8,4.0,8.8,4.0,16.0,33.3,20.5,24.0,0.14817264561395152,24.163271918249826,0.0,0.0
1986-07-17T14:00:00,demo_final_july_week,mcp,23.998677338029598,23.998736626965805,24.052880359230336,23.99860309806178,23.9984485013528,8.8,4.0,8.8,4.0,16.0,33.3,20.5,24.0,0.14947555761642234,24.31274747586625,0.0,0.0
1986-07-17T14:15:00,demo_final_july_week,mcp,23.998578710616428,23.99864962874749,24.0998957059642,23.998497910011615,23.998334870983857,11.0,5.0,11.0,5.0,20.0,33.449999999999996,20.5,24.0,0.15485921717026974,24.46760669303652,0.0,0.0
1986-07-17T14:30:00,demo_final_july_week,mcp,23.99846144005655,23.99853526409797,24.14330608093286,23.998367520249857,23.998230072436385,11.0,5.0,11.0,5.0,20.0,33.599999999999994,20.5,24.0,0.15731029449651104,24.62491698753303,0.0,0.0
1986-07-17T14:45:00,demo_final_july_week,mcp,23.99835901206387,23.998435019531854,24.158966093239762,23.99826107238321,23.998128016955206,11.0,5.0,11.0,5.0,20.0,33.75,20.5,24.0,0.15906580448258284,24.783982792015614,0.0,0.0
1986-07-17T15:00:00,demo_final_july_week,mcp,23.99829771444342,23.998378075330017,24.154251503748725,23.998209603503863,23.998048937322036,11.0,5.0,11.0,5.0,20.0,33.9,20.5,24.0,0.16041930580444203,24.944402097820056,0.0,0.0
1986-07-17T15:15:00,demo_final_july_week,mcp,23.998338896135238,23.998417050890872,24.0776121742024,23.998495158993478,23.99811114642174,11.0,5.0,11.0,5.0,20.0,33.75,20.5,24.0,0.15610465807666188,25.100506755896717,0.0,0.0
1986-07-17T15:30:00,demo_final_july_week,mcp,23.998339137286496,23.99841787937225,24.011536340724117,23.998552153328887,23.99807998108355,11.0,5.0,11.0,5.0,20.0,33.599999999999994,20.5,24.0,0.15642974978025131,25.25693650567697,0.0,0.0
1986-07-17T15:45:00,demo_final_july_week,mcp,23.998345413868016,23.99841425931767,24.000480160767324,23.998596030445885,23.99804601767656,11.0,5.0,11.0,5.0,20.0,33.449999999999996,20.5,24.0,0.15436072013792193,25.41129722581489,0.0,0.0
1986-07-17T16:00:00,demo_final_july_week,mcp,23.998349646650425,23.99841385220245,23.998676979317477,23.99862482221546,23.99802199784808,11.0,5.0,11.0,5.0,20.0,33.3,20.5,24.0,0.1528209636878919,25.564118189502782,0.0,0.0
1986-07-17T16:15:00,demo_final_july_week,mcp,23.998497989385374,23.99855096796035,23.99854274702046,23.99875639950288,23.99826071077367,11.0,5.0,11.0,5.0,20.0,33.175,20.5,24.0,0.13836549527246697,25.70248368477525,0.0,0.0
1986-07-17T16:30:00,demo_final_july_week,mcp,23.99849848321131,23.998546956102906,23.99850388993269,23.99876012336239,23.9982478693757,11.0,5.0,11.0,5.0,20.0,33.05,20.5,24.0,0.13614678732756727,25.838630472102817,0.0,0.0
1986-07-17T16:45:00,demo_final_july_week,mcp,23.99847108766741,23.998518299513975,23.998471321012474,23.998737239380233,23.99819814399775,11.0,5.0,11.0,5.0,20.0,32.925,20.5,24.0,0.13333628358382327,25.97196675568664,0.0,0.0
1986-07-17T17:00:00,demo_final_july_week,mcp,23.998458228952252,23.99850511237738,23.998456814933416,23.99873654185896,23.998155673953768,11.0,5.0,11.0,5.0,20.0,32.8,20.5,24.0,0.13031323011766388,26.102279985804305,0.0,0.0
1986-07-17T17:15:00,demo_final_july_week,mcp,23.998470719808985,23.99851553515919,23.998467765347225,23.998760071904105,23.998129422587052,11.0,5.0,11.0,5.0,20.0,32.375,20.5,24.0,0.12675422750918575,26.22903421331349,0.0,0.0
1986-07-17T17:30:00,demo_final_july_week,mcp,23.99849134397595,23.998533974242665,23.998487391029506,23.998788693567707,23.99811575042066,11.0,5.0,11.0,5.0,20.0,31.95,20.5,24.0,0.12313822257150357,26.352172435884995,0.0,0.0
1986-07-17T17:45:00,demo_final_july_week,mcp,23.998509562327826,23.9985485014463,23.998503065226632,23.998822693565437,23.998109932367157,11.0,5.0,11.0,5.0,20.0,31.525000000000002,20.5,24.0,0.11957020966804174,26.471742645553036,0.0,0.0
1986-07-17T18:00:00,demo_final_july_week,mcp,23.99853261002408,23.998564926562132,23.9985208755633,23.998880985616687,23.998110980749253,11.0,5.0,11.0,5.0,20.0,31.1,20.5,24.0,0.11572518737613977,26.587467832929175,0.0,0.0
1986-07-17T18:15:00,demo_final_july_week,mcp,23.999069976901552,23.798045646360027,23.999064934895586,23.999298301725744,23.999045487838252,5.5,2.5,5.5,2.5,10.0,31.1,20.5,24.0,0.09754986821611887,26.685017701145295,0.0,0.0
1986-07-17T18:30:00,demo_final_july_week,mcp,23.99914193311797,23.55342242616038,23.999138755963394,23.99922444060285,23.999125088422087,5.5,2.5,5.5,2.5,10.0,31.1,20.5,24.0,0.09521579137641453,26.78023349252171,0.0,0.0
1986-07-17T18:45:00,demo_final_july_week,mcp,23.81672832894689,23.349563522245617,23.816554176936044,23.824135152771863,23.810390744503536,5.5,2.5,5.5,2.5,10.0,31.1,20.5,23.8,0.09786030986242351,26.878093802384132,0.0,0.0
1986-07-17T19:00:00,demo_final_july_week,mcp,23.800554795072465,23.210769035209577,23.800523052508385,23.751545534539954,23.79967146844929,5.5,2.5,5.5,2.5,10.0,31.1,20.5,23.8,0.0937996945542798,26.971893496938414,0.0,0.0
1986-07-17T19:23:00,demo_final_july_week,mcp,23.588888505133664,22.65038387990967,23.608010194173822,23.19332326082657,23.38541828389103,0.0,0.0,0.0,0.0,0.0,30.675000000000004,20.5,23.8,0.09183615471624539,27.063729651654658,0.0,0.0
1986-07-17T19:38:00,demo_final_july_week,mcp,23.353599633482347,22.306833414623352,23.372126210737935,22.74155241362155,23.058022623424975,0.0,0.0,0.0,0.0,0.0,30.25,20.5,23.8,0.09183615471624539,27.155565806370902,0.0,0.0
1986-07-17T19:53:00,demo_final_july_week,mcp,23.152568676991,22.07679932878663,23.16688180166842,22.44021109453814,22.864257546286435,0.0,0.0,0.0,0.0,0.0,29.824999999999996,20.5,23.8,0.09183615471624539,27.247401961087146,0.0,0.0
1986-07-17T20:00:00,demo_final_july_week,mcp,23.00603631759215,21.918678911869456,23.01764452577849,22.237571647232446,22.744531599865297,0.0,0.0,0.0,0.0,0.0,29.4,20.5,23.8,0.09183615471624539,27.33923811580339,0.0,0.0
1986-07-17T20:20:00,demo_final_july_week,mcp,23.50578580102125,22.986086241949778,23.46870396866549,23.156083306154773,22.851413912386075,0.0,0.0,0.0,0.0,0.0,29.4,20.5,23.8,0.0,27.33923811580339,0.0,0.0
1986-07-17T20:35:00,demo_final_july_week,mcp,23.669606527500168,23.272381531870764,23.618422856462256,23.593240080531555,22.94667720310281,0.0,0.0,0.0,0.0,0.0,29.4,20.5,23.8,0.0,27.33923811580339,0.0,0.0
1986-07-17T20:45:00,demo_final_july_week,mcp,23.72053122754638,23.3941256968078,23.661901779399034,23.703255750782628,22.963622018166998,0.0,0.0,0.0,0.0,0.0,29.4,20.5,23.8,0.0,27.33923811580339,0.0,0.0
1986-07-17T21:00:00,demo_final_july_week,mcp,23.690295411942778,23.393047236500365,23.628799458567745,23.704090935507057,22.94025552311527,0.0,0.0,0.0,0.0,0.0,29.4,20.5,23.4,0.0,27.33923811580339,0.0,0.0
1986-07-17T21:15:00,demo_final_july_week,mcp,23.600341192031177,23.33740107324026,23.5378848757569,23.61956909862648,22.86673400979274,0.0,0.0,0.0,0.0,0.0,28.724999999999998,20.5,23.4,0.0,27.33923811580339,0.0,0.0
1986-07-17T21:30:00,demo_final_july_week,mcp,23.45686479630254,23.238611189435844,23.393823692438314,23.487719563939503,22.738261936274682,0.0,0.0,0.0,0.0,0.0,28.049999999999997,20.5,23.4,0.0,27.33923811580339,0.0,0.0
1986-07-17T21:45:00,demo_final_july_week,mcp,23.31822208137262,23.142135911181946,23.25516079099217,23.362828083163226,22.62001786568418,0.0,0.0,0.0,0.0,0.0,27.375,20.5,23.4,0.0,27.33923811580339,0.0,0.0
1986-07-17T22:00:00,demo_final_july_week,mcp,23.195759748385843,23.053477928860957,23.13343013504257,23.249359936253313,22.53166655783632,0.0,0.0,0.0,0.0,0.0,26.7,20.5,23.4,0.0,27.33923811580339,0.0,0.0
1986-07-17T22:15:00,demo_final_july_week,mcp,23.09400909012872,22.975197030768758,23.03211859004579,23.148313165007185,22.462617496598817,0.0,0.0,0.0,0.0,0.0,26.549999999999997,20.5,23.4,0.0,27.33923811580339,0.0,0.0
1986-07-17T22:30:00,demo_final_july_week,mcp,23.005126330226734,22.90235247339247,22.943277445704098,23.05457239796328,22.400890922756638,0.0,0.0,0.0,0.0,0.0,26.4,20.5,23.4,0.0,27.33923811580339,0.0,0.0
1986-07-17T22:45:00,demo_final_july_week,mcp,22.922376921600062,22.831434735187983,22.860448345591625,22.964856731505233,22.341848329619733,0.0,0.0,0.0,0.0,0.0,26.250000000000004,20.5,23.4,0.0,27.33923811580339,0.0,0.0
1986-07-17T23:00:00,demo_final_july_week,mcp,22.84359010416137,22.7619863544764,22.78162333782411,22.8787268961605,22.285265913436987,0.0,0.0,0.0,0.0,0.0,26.1,20.5,23.4,0.0,27.33923811580339,0.0,0.0
1986-07-17T23:15:00,demo_final_july_week,mcp,22.773006308149615,22.697871418566613,22.71078323497138,22.799770335311674,22.231684086804062,0.0,0.0,0.0,0.0,0.0,26.1,20.5,23.4,0.0,27.33923811580339,0.0,0.0
1986-07-17T23:30:00,demo_final_july_week,mcp,22.710467531407563,22.639080115498782,22.64779287128072,22.72790226594832,22.181198296375282,0.0,0.0,0.0,0.0,0.0,26.1,20.5,23.4,0.0,27.33923811580339,0.0,0.0
1986-07-17T23:45:00,demo_final_july_week,mcp,22.653800859825346,22.584374083543004,22.59061854551184,22.661853069288746,22.133592911121074,0.0,0.0,0.0,0.0,0.0,26.1,20.5,23.4,0.0,27.33923811580339,0.0,0.0
1986-07-18T00:00:00,demo_final_july_week,mcp,22.601609877940252,22.533119227649994,22.537939201250044,22.600683768398174,22.0886357238774,0.0,0.0,0.0,0.0,0.0,26.1,18.0,23.4,0.0,27.33923811580339,0.0,0.0
1986-07-18T00:15:00,demo_final_july_week,mcp,22.550308492579546,22.482974117655328,22.486458052185395,22.541801826986763,22.046258758840324,0.0,0.0,0.0,0.0,0.0,25.975,18.0,23.4,0.0,27.33923811580339,0.0,0.0
1986-07-18T00:30:00,demo_final_july_week,mcp,22.499569240062147,22.433787737086664,22.435805785022968,22.48495444524321,22.006220488281777,0.0,0.0,0.0,0.0,0.0,25.85,18.0,23.4,0.0,27.33923811580339,0.0,0.0
1986-07-18T00:45:00,demo_final_july_week,mcp,22.45028418826519,22.386168054071028,22.386747405597205,22.4306518691046,21.968280386609447,0.0,0.0,0.0,0.0,0.0,25.725,18.0,23.4,0.0,27.33923811580339,0.0,0.0
1986-07-18T01:00:00,demo_final_july_week,mcp,22.40286251947051,22.34032534387592,22.339627362936792,22.378989043870774,21.93223946775459,0.0,0.0,0.0,0.0,0.0,25.6,18.0,23.4,0.0,27.33923811580339,0.0,0.0
1986-07-18T01:15:00,demo_final_july_week,mcp,22.355494739311222,22.294674305399962,22.292494175998236,22.328269971596978,21.897927378005413,0.0,0.0,0.0,0.0,0.0,25.450000000000003,18.0,23.4,0.0,27.33923811580339,0.0,0.0
1986-07-18T01:30:00,demo_final_july_week,mcp,22.30829033384988,22.249322272729952,22.24542071211473,22.278508775140715,21.86517280655983,0.0,0.0,0.0,0.0,0.0,25.3,18.0,23.4,0.0,27.33923811580339,0.0,0.0
1986-07-18T01:45:00,demo_final_july_week,mcp,22.261794259128703,22.204702106897216,22.198994035646646,22.230055181507865,21.83381073034162,0.0,0.0,0.0,0.0,0.0,25.15,18.0,23.4,0.0,27.33923811580339,0.0,0.0
1986-07-18T02:00:00,demo_final_july_week,mcp,22.21620942149539,22.160933245945426,22.15345282049837,22.182954736127606,21.803693862201058,0.0,0.0,0.0,0.0,0.0,25.0,18.0,23.4,0.0,27.33923811580339,0.0,0.0
1986-07-18T02:15:00,demo_final_july_week,mcp,22.176171457346157,22.12155414443908,22.113286739934953,22.140689228898264,21.774715686803823,0.0,0.0,0.0,0.0,0.0,25.0,18.0,23.4,0.0,27.33923811580339,0.0,0.0
1986-07-18T02:30:00,demo_final_july_week,mcp,22.141281849339688,22.08616086003924,22.078138926168698,22.102789051207008,21.74684682293479,0.0,0.0,0.0,0.0,0.0,25.0,18.0,23.4,0.0,27.33923811580339,0.0,0.0
1986-07-18T02:45:00,demo_final_july_week,mcp,22.10960554905515,22.053358265426805,22.046157719081563,22.067805595699514,21.72010725775922,0.0,0.0,0.0,0.0,0.0,25.0,18.0,23.4,0.0,27.33923811580339,0.0,0.0
1986-07-18T03:00:00,demo_final_july_week,mcp,22.080100825404994,22.02251617573401,22.016341257467566,22.035066938032912,21.694526396992025,0.0,0.0,0.0,0.0,0.0,25.0,18.0,23.4,0.0,27.33923811580339,0.0,0.0
1986-07-18T03:15:00,demo_final_july_week,mcp,22.048201794537672,21.99027389439677,21.98435962667265,22.001169648486396,21.670100103123556,0.0,0.0,0.0,0.0,0.0,24.85,18.0,23.4,0.0,27.33923811580339,0.0,0.0
1986-07-18T03:30:00,demo_final_july_week,mcp,22.014106444734676,21.956876746455862,21.950375282996408,21.966335446872606,21.646749054309012,0.0,0.0,0.0,0.0,0.0,24.7,18.0,23.4,0.0,27.33923811580339,0.0,0.0
1986-07-18T03:45:00,demo_final_july_week,mcp,21.979417911005356,21.923442563349592,21.915886785634402,21.93165602757248,21.62434543434826,0.0,0.0,0.0,0.0,0.0,24.549999999999997,18.0,23.4,0.0,27.33923811580339,0.0,0.0
1986-07-18T04:00:00,demo_final_july_week,mcp,21.944907819113816,21.89038093223092,21.881613359175137,21.897514407871405,21.60275374478109,0.0,0.0,0.0,0.0,0.0,24.4,18.0,23.4,0.0,27.33923811580339,0.0,0.0
1986-07-18T04:15:00,demo_final_july_week,mcp,21.911428591667985,21.85820675166075,21.84823603827302,21.864403189068824,21.58186113436297,0.0,0.0,0.0,0.0,0.0,24.275,18.0,23.4,0.0,27.33923811580339,0.0,0.0
1986-07-18T04:30:00,demo_final_july_week,mcp,21.8785185939607,21.826318591784677,21.815330599629178,21.83170093676257,21.561589320195573,0.0,0.0,0.0,0.0,0.0,24.15,18.0,23.4,0.0,27.33923811580339,0.0,0.0
1986-07-18T04:45:00,demo_final_july_week,mcp,21.859820634474474,21.86675933457252,21.892146446307382,21.820727770626696,21.542833943676193,0.0,0.0,0.0,0.0,0.0,24.025,18.0,23.4,0.0,27.33923811580339,0.0,0.0
1986-07-18T05:00:00,demo_final_july_week,mcp,21.853211069233282,21.96717157850267,22.0486868223351,21.827832174061733,21.52825955093239,0.0,0.0,0.0,0.0,0.0,23.9,18.0,23.4,0.0,27.33923811580339,0.0,0.0
1986-07-18T05:15:00,demo_final_july_week,mcp,21.87005245748366,22.105999290345586,22.237006968259568,21.859043189869585,21.519781681996484,0.0,0.0,0.0,0.0,0.0,24.324999999999996,18.0,23.4,0.0,27.33923811580339,0.0,0.0
1986-07-18T05:30:00,demo_final_july_week,mcp,21.90888630640023,22.26857820884836,22.431110165037133,21.911554015661054,21.51776361289013,0.0,0.0,0.0,0.0,0.0,24.75,18.0,23.4,0.0,27.33923811580339,0.0,0.0
1986-07-18T05:45:00,demo_final_july_week,mcp,21.971327834612765,22.524278040130675,22.713510522103864,21.986735047770836,21.522376968048608,0.0,0.0,0.0,0.0,0.0,25.175000000000004,18.0,23.4,0.0,27.33923811580339,0.0,0.0
1986-07-18T06:08:00,demo_final_july_week,mcp,22.06856616314785,22.929771428274172,23.127584807900625,22.10270513011155,21.53802437107296,0.0,0.0,0.0,0.0,0.0,25.6,18.0,23.4,0.0,27.33923811580339,0.0,0.0
1986-07-18T06:20:00,demo_final_july_week,mcp,21.337991785454868,21.77179828604859,22.619843909144286,20.668498488182788,21.03328907277574,0.0,0.0,0.0,0.0,0.0,26.000000000000004,18.0,23.4,0.09183615471624539,27.431074270519634,0.0,0.0
1986-07-18T06:38:00,demo_final_july_week,mcp,21.22205112098418,21.924493303293342,22.755926469384157,20.582840061502278,20.870900693157598,0.0,0.0,0.0,0.0,0.0,26.4,18.0,23.4,0.09183615471624539,27.522910425235878,0.0,0.0
1986-07-18T06:45:00,demo_final_july_week,mcp,21.196017303063044,22.131580444515265,22.917428040620642,20.56387583084615,20.808334053266265,0.0,0.0,0.0,0.0,0.0,26.799999999999997,18.0,23.4,0.09183615471624539,27.614746579952122,0.0,0.0
1986-07-18T07:08:00,demo_final_july_week,mcp,21.224643257983022,22.494930849962458,23.1923559819526,20.57407644562031,20.76870017696253,0.0,0.0,0.0,0.0,0.0,27.2,18.0,23.4,0.09183615471624539,27.706582734668366,0.0,0.0
1986-07-18T07:23:00,demo_final_july_week,mcp,21.299549111370226,22.84473555238432,23.39714151016623,20.615572411348957,20.76836596395175,0.0,0.0,0.0,0.0,0.0,27.625,18.0,23.4,0.09197449675523588,27.7985572314236,0.0,0.0
1986-07-18T07:38:00,demo_final_july_week,mcp,21.391444366589532,23.216513249815012,23.399822415032496,20.67499171469208,20.77212117123543,0.0,0.0,0.0,0.0,0.0,28.049999999999997,18.0,23.4,0.0926601030338847,27.891217334457487,0.0,0.0
1986-07-18T07:45:00,demo_final_july_week,mcp,21.471083786029737,23.382484291789844,23.39986334442502,20.727737433757017,20.779797662926278,0.0,0.0,0.0,0.0,0.0,28.474999999999998,18.0,23.4,0.09327056409738217,27.984487898554868,0.0,0.0
1986-07-18T08:00:00,demo_final_july_week,mcp,21.579686500679035,23.397952811196824,23.39988642150357,20.798717031478915,20.79394662156821,0.0,0.0,0.0,0.0,0.0,28.9,18.0,23.4,0.09427896496385527,28.078766863518723,0.0,0.0
1986-07-18T08:19:00,demo_final_july_week,mcp,23.103004105358348,23.399735401689153,23.399767314928464,21.907528410617992,22.18040360570567,11.0,5.0,11.0,5.0,20.0,29.174999999999997,18.0,23.4,0.10352887287001766,28.182295736388742,0.0,0.0
1986-07-18T08:34:00,demo_final_july_week,mcp,23.39979033250843,23.399597711647335,23.3996288689389,22.420456165125124,23.14312978354066,11.0,5.0,11.0,5.0,20.0,29.45,18.0,23.4,0.10704765197883356,28.289343388367577,0.0,0.0
1986-07-18T08:53:00,demo_final_july_week,mcp,23.39935162060943,23.399138745148147,23.399196699813213,22.74661329905933,23.395637586887997,11.0,5.0,11.0,5.0,20.0,29.725,18.0,23.4,0.11410197993697568,28.403445368304553,0.0,0.0
1986-07-18T09:00:00,demo_final_july_week,mcp,23.39896819937305,23.398746078363015,23.398713467157453,22.95524243132226,23.39898893493208,11.0,5.0,11.0,5.0,20.0,30.0,20.0,23.4,0.12110276266283289,28.524548130967386,0.0,0.0
1986-07-18T09:23:00,demo_final_july_week,mcp,23.39877608305352,23.398850572017857,23.644289443754964,23.392598762744935,23.398815775260935,11.0,5.0,11.0,5.0,20.0,30.425,20.0,23.4,0.14909307901863042,28.673641209986016,0.0,0.0
1986-07-18T09:30:00,demo_final_july_week,mcp,23.39820925630301,23.429370154568538,23.71801910815402,23.397467230042853,23.398089768156954,11.0,5.0,11.0,5.0,20.0,30.85,20.0,23.4,0.15816838503570776,28.831809595021724,0.0,0.0
1986-07-18T09:45:00,demo_final_july_week,mcp,23.39812849775896,23.48134371900987,23.75273160405301,23.398180707762585,23.397950087148278,11.0,5.0,11.0,5.0,20.0,31.275,20.0,23.4,0.16304213359876918,28.994851728620493,0.0,0.0
1986-07-18T10:00:00,demo_final_july_week,mcp,23.39816958001473,23.514323027481222,23.75803230525541,23.398248473473497,23.39792185631511,11.0,5.0,11.0,5.0,20.0,31.7,20.0,23.4,0.16834204604645508,29.163193774666947,0.0,0.0
1986-07-18T10:15:00,demo_final_july_week,mcp,23.39821408565002,23.51511717272953,23.78009885234095,23.398263965338543,23.39791269521971,11.0,5.0,11.0,5.0,20.0,31.825,20.0,23.4,0.17308039131394698,29.336274165980893,0.0,0.0
1986-07-18T10:30:00,demo_final_july_week,mcp,23.398253986704677,23.482669256768656,23.810666870682006,23.398294531810965,23.398813466440014,11.0,5.0,11.0,5.0,20.0,31.950000000000003,20.0,23.4,0.17686424530628936,29.513138411287184,0.0,0.0
1986-07-18T10:45:00,demo_final_july_week,mcp,23.398288122728324,23.41864920310621,23.835993684622956,23.398331481689148,23.42131204611436,11.0,5.0,11.0,5.0,20.0,32.075,20.0,23.4,0.17892473354648955,29.69206314483367,0.0,0.0
1986-07-18T11:00:00,demo_final_july_week,mcp,23.39831973149029,23.40336891500063,23.855350573530444,23.39836711953462,23.45801668775901,11.0,5.0,11.0,5.0,20.0,32.2,20.0,23.4,0.17891463388956838,29.87097777872324,0.0,0.0
1986-07-18T11:15:00,demo_final_july_week,mcp,23.39842899070804,23.399862283180553,23.789200904996505,23.398475678240544,23.405266089654592,8.8,4.0,8.8,4.0,16.0,32.475,20.0,23.4,0.17203143257907658,30.043009211302316,0.0,0.0
1986-07-18T11:30:00,demo_final_july_week,mcp,23.398536614525664,23.399185879689444,23.74787746446434,23.398584152221424,23.3990847686442,8.8,4.0,8.8,4.0,16.0,32.75,20.0,23.4,0.16919244610986198,30.212201657412177,0.0,0.0
1986-07-18T11:45:00,demo_final_july_week,mcp,23.398626218222212,23.399097778805093,23.747367230662416,23.398672738233714,23.398410337445416,8.8,4.0,8.8,4.0,16.0,33.025,20.0,23.4,0.16944104443509275,30.38164270184727,0.0,0.0
1986-07-18T12:00:00,demo_final_july_week,mcp,23.40176047639616,23.39910034006675,23.76051291592113,23.39872848070919,23.39838670767381,8.8,4.0,8.8,4.0,16.0,33.3,20.0,23.4,0.1682367256642614,30.54987942751153,0.0,0.0
1986-07-18T12:15:00,demo_final_july_week,mcp,23.399384151025505,23.399231835702658,23.58632900709949,23.39892369655065,23.398720484045647,4.4,2.0,4.4,2.0,8.0,33.3,20.5,23.4,0.14704457881056818,30.6969240063221,0.0,0.0
1986-07-18T12:30:00,demo_final_july_week,mcp,23.399138503690583,23.39937762691271,23.451621969491654,23.399092431617756,23.398857215989953,4.4,2.0,4.4,2.0,8.0,33.3,20.5,23.4,0.14521244349698115,30.84213644981908,0.0,0.0
1986-07-18T12:45:00,demo_final_july_week,mcp,23.399216875939644,23.399486498505265,23.407932701680032,23.399237124275594,23.39896940646512,4.4,2.0,4.4,2.0,8.0,33.3,20.5,23.4,0.14355946099789196,30.985695910816972,0.0,0.0
1986-07-18T13:00:00,demo_final_july_week,mcp,23.399297732272263,23.399531317768297,23.400731545664573,23.399317215728818,23.399056803054613,4.4,2.0,4.4,2.0,8.0,33.3,20.5,23.4,0.14283340766611513,31.128529318483086,0.0,0.0
1986-07-18T13:15:00,demo_final_july_week,mcp,23.423137644286257,23.399436254417243,23.557234823743435,23.39921605369839,23.398900938622916,8.8,4.0,8.8,4.0,16.0,33.3,20.5,23.4,0.16069184661789568,31.28922116510098,0.0,0.0
1986-07-18T13:30:00,demo_final_july_week,mcp,23.45478767523684,23.39915212059859,23.66965870639425,23.399043724876293,23.3988232014198,8.8,4.0,8.8,4.0,16.0,33.3,20.5,23.4,0.16194123981868208,31.45116240491966,0.0,0.0
1986-07-18T13:45:00,demo_final_july_week,mcp,23.48419317843047,23.39896828587098,23.705359292271748,23.39886396052136,23.398728386697467,8.8,4.0,8.8,4.0,16.0,33.3,20.5,23.4,0.1632739667918425,31.614436371711502,0.0,0.0
1986-07-18T14:00:00,demo_final_july_week,mcp,23.510759508934292,23.398871682861362,23.713443140088287,23.39874676582917,23.398645845925007,8.8,4.0,8.8,4.0,16.0,33.3,20.5,23.4,0.16480153463259672,31.7792379063441,0.0,0.0
1986-07-18T14:15:00,demo_final_july_week,mcp,23.575994666290697,23.398805828628383,23.76051365385011,23.398664980916514,23.438873374447464,11.0,5.0,11.0,5.0,20.0,33.3,20.5,23.4,0.1681833954854078,31.947421301829507,0.0,0.0
1986-07-18T14:30:00,demo_final_july_week,mcp,23.633464557460535,23.398699930279523,23.801805787104577,23.398746124079768,23.485472823128195,11.0,5.0,11.0,5.0,20.0,33.3,20.5,23.4,0.17066766664035427,32.11808896846986,0.0,0.0
1986-07-18T14:45:00,demo_final_july_week,mcp,23.669379203002876,23.398597166927715,23.81946270142284,23.39867976161394,23.519297686155547,11.0,5.0,11.0,5.0,20.0,33.3,20.5,23.4,0.17298550864373205,32.2910744771136,0.0,0.0
1986-07-18T15:00:00,demo_final_july_week,mcp,23.693130541108705,23.398536679759573,23.822013150090104,23.398638573990787,23.54201671889124,11.0,5.0,11.0,5.0,20.0,33.3,20.5,23.4,0.1752503392907341,32.46632481640433,0.0,0.0
1986-07-18T15:15:00,demo_final_july_week,mcp,23.66185468281983,23.39855008772022,23.767116302215726,23.398661540303642,23.49061268546756,11.0,5.0,11.0,5.0,20.0,33.449999999999996,20.5,23.4,0.17583109180631346,32.64215590821065,0.0,0.0
1986-07-18T15:30:00,demo_final_july_week,mcp,23.63726767161596,23.398546948208065,23.72100300980211,23.398680462263183,23.44568105253471,11.0,5.0,11.0,5.0,20.0,33.599999999999994,20.5,23.4,0.17753478628363978,32.819690694494284,0.0,0.0
1986-07-18T15:45:00,demo_final_july_week,mcp,23.62956243425473,23.398539785361088,23.6922463773868,23.398693359584083,23.432198278258156,11.0,5.0,11.0,5.0,20.0,33.75,20.5,23.4,0.17890859727238662,32.99859929176667,0.0,0.0
1986-07-18T16:00:00,demo_final_july_week,mcp,23.622944010714203,23.398536486307265,23.665181635029573,23.39870702340764,23.433836215393896,11.0,5.0,11.0,5.0,20.0,33.9,20.5,23.4,0.17995216563853042,33.178551457405206,0.0,0.0
1986-07-18T16:15:00,demo_final_july_week,mcp,23.485838712080405,23.398635738504876,23.51064727893517,23.398790255309144,23.402304317280908,11.0,5.0,11.0,5.0,20.0,33.474999999999994,20.5,23.4,0.17155008447128098,33.350101541876484,0.0,0.0
1986-07-18T16:30:00,demo_final_july_week,mcp,23.41341128121118,23.39865645779641,23.416902749228584,23.398825819804458,23.398789270261098,11.0,5.0,11.0,5.0,20.0,33.05,20.5,23.4,0.1667910930276546,33.51689263490414,0.0,0.0
1986-07-18T16:45:00,demo_final_july_week,mcp,23.401036267712165,23.39865038012246,23.40148050612503,23.39883855589235,23.398366888128027,11.0,5.0,11.0,5.0,20.0,32.625,20.5,23.4,0.16321940662744186,33.68011204153158,0.0,0.0
1986-07-18T17:00:00,demo_final_july_week,mcp,23.39898310392245,23.398647402028804,23.39902523107364,23.3988550370517,23.39830427932242,11.0,5.0,11.0,5.0,20.0,32.2,20.5,23.4,0.15885935624690323,33.83897139777848,0.0,0.0
1986-07-18T17:15:00,demo_final_july_week,mcp,23.398667341610036,23.39864872398409,23.398660265617913,23.398875565873986,23.398288181021375,11.0,5.0,11.0,5.0,20.0,32.075,20.5,23.4,0.15417453177218507,33.993145929550664,0.0,0.0
1986-07-18T17:30:00,demo_final_july_week,mcp,23.39863070154251,23.39865408689934,23.398616780641134,23.39889630490927,23.3982832778914,11.0,5.0,11.0,5.0,20.0,31.950000000000003,20.5,23.4,0.1495208499722678,34.14266677952293,0.0,0.0
1986-07-18T17:45:00,demo_final_july_week,mcp,23.398648193234393,23.398670535696397,23.398628159238267,23.39894584722728,23.398287628685342,11.0,5.0,11.0,5.0,20.0,31.825,20.5,23.4,0.14344620078911713,34.28611298031205,0.0,0.0
1986-07-18T18:00:00,demo_final_july_week,mcp,23.398660362324495,23.39868172496249,23.398639196264973,23.398978244425543,23.398292979477947,11.0,5.0,11.0,5.0,20.0,31.7,20.5,23.4,0.13807497416840095,34.42418795448045,0.0,0.0
1986-07-18T18:15:00,demo_final_july_week,mcp,23.399137477078384,23.39459756102765,23.39912922169496,23.39936925536411,23.39906886500599,5.5,2.5,5.5,2.5,10.0,31.424999999999997,20.5,23.4,0.10600222356848982,34.53019017804894,0.0,0.0
1986-07-18T18:30:00,demo_final_july_week,mcp,23.399248876218177,23.29632333301427,23.39924109722055,23.399478037696042,23.399164630093995,5.5,2.5,5.5,2.5,10.0,31.15,20.5,23.4,0.10208887475384154,34.63227905280278,0.0,0.0
1986-07-18T18:45:00,demo_final_july_week,mcp,23.3993204891581,23.151754500956063,23.39931459641332,23.399530304783262,23.399210258386095,5.5,2.5,5.5,2.5,10.0,30.875000000000004,20.5,23.4,0.09960750008053237,34.73188655288331,0.0,0.0
1986-07-18T19:00:00,demo_final_july_week,mcp,23.39936882373845,23.008635576319104,23.399364688410202,23.399562520343057,23.39923954009643,5.5,2.5,5.5,2.5,10.0,30.6,20.5,23.4,0.09759754121794749,34.82948409410126,0.0,0.0
1986-07-18T19:23:00,demo_final_july_week,mcp,23.332743708907078,22.46296993124769,23.324712497679897,23.183134691323065,23.102042278766135,0.0,0.0,0.0,0.0,0.0,30.300000000000004,20.5,23.4,0.09183615471624539,34.92132024881751,0.0,0.0
1986-07-18T19:38:00,demo_final_july_week,mcp,23.16720719015699,22.140036299443047,23.153043833242588,22.81132295265826,22.848232544986338,0.0,0.0,0.0,0.0,0.0,30.0,20.5,23.4,0.09183615471624539,35.013156403533756,0.0,0.0
1986-07-18T19:53:00,demo_final_july_week,mcp,22.997131366472097,21.930758085791467,22.982722772749213,22.51626090096932,22.685828998943244,0.0,0.0,0.0,0.0,0.0,29.699999999999996,20.5,23.4,0.09183615471624539,35.104992558250004,0.0,0.0
1986-07-18T20:00:00,demo_final_july_week,mcp,22.869938527908754,21.789317950629723,22.857187920038886,22.307642666564288,22.58222688553164,0.0,0.0,0.0,0.0,0.0,29.4,20.5,23.4,0.09183615471624539,35.19682871296625,0.0,0.0
1986-07-18T20:23:00,demo_final_july_week,mcp,23.321665736657447,22.540472253238015,23.26818974401078,23.148470086355157,22.680843943363993,0.0,0.0,0.0,0.0,0.0,29.275,20.5,23.1,0.0,35.19682871296625,0.0,0.0
1986-07-18T20:35:00,demo_final_july_week,mcp,23.51711508519023,23.038596624961592,23.45187371514836,23.622486019256687,22.787609310073083,0.0,0.0,0.0,0.0,0.0,29.15,20.5,23.1,0.0,35.19682871296625,0.0,0.0
1986-07-18T20:45:00,demo_final_july_week,mcp,23.544683374549262,23.14245013421724,23.47780664070882,23.689723110073974,22.80236970186974,0.0,0.0,0.0,0.0,0.0,29.025,20.5,23.1,0.0,35.19682871296625,0.0,0.0
1986-07-18T21:00:00,demo_final_july_week,mcp,23.55532233597255,23.225736613559427,23.488098326119985,23.718456974424093,22.806321630434937,0.0,0.0,0.0,0.0,0.0,28.9,20.5,23.1,0.0,35.19682871296625,0.0,0.0
1986-07-18T21:15:00,demo_final_july_week,mcp,23.49018373471522,23.20154910698362,23.423846034940567,23.64042431331123,22.75240439895805,0.0,0.0,0.0,0.0,0.0,28.474999999999998,20.5,23.1,0.0,35.19682871296625,0.0,0.0
1986-07-18T21:30:00,demo_final_july_week,mcp,23.362736908833945,23.115968520725463,23.296420798734793,23.505362581011823,22.635183393978753,0.0,0.0,0.0,0.0,0.0,28.049999999999997,20.5,23.1,0.0,35.19682871296625,0.0,0.0
1986-07-18T21:45:00,demo_final_july_week,mcp,23.240422487672653,23.034795652676138,23.173620074227518,23.37893088457393,22.524661394731144,0.0,0.0,0.0,0.0,0.0,27.625,20.5,23.1,0.0,35.19682871296625,0.0,0.0
1986-07-18T22:00:00,demo_final_july_week,mcp,23.136769626049357,22.96499760417892,23.069640911013845,23.267897885552774,22.44342946592959,0.0,0.0,0.0,0.0,0.0,27.2,20.5,23.1,0.0,35.19682871296625,0.0,0.0
1986-07-18T22:15:00,demo_final_july_week,mcp,23.052687673277664,22.905386844686387,22.986392495271986,23.171121990959914,22.381498451031668,0.0,0.0,0.0,0.0,0.0,27.075,20.5,23.1,0.0,35.19682871296625,0.0,0.0
1986-07-18T22:30:00,demo_final_july_week,mcp,22.97979258134104,22.85023561008676,22.915362556823947,23.08283097686525,22.32670277584114,0.0,0.0,0.0,0.0,0.0,26.95,20.5,23.1,0.0,35.19682871296625,0.0,0.0
1986-07-18T22:45:00,demo_final_july_week,mcp,22.912264357333658,22.796583348670246,22.85021681015261,22.99983550311363,22.274296884727537,0.0,0.0,0.0,0.0,0.0,26.825,20.5,23.1,0.0,35.19682871296625,0.0,0.0
1986-07-18T23:00:00,demo_final_july_week,mcp,22.84847037221406,22.74425036904545,22.78901572006568,22.921623458695315,22.224116615857113,0.0,0.0,0.0,0.0,0.0,26.7,20.5,23.1,0.0,35.19682871296625,0.0,0.0
1986-07-18T23:15:00,demo_final_july_week,mcp,22.786227928957597,22.691862422375717,22.728945243395138,22.84622765152781,22.176765497995564,0.0,0.0,0.0,0.0,0.0,26.549999999999997,17.5,26.0,0.0,35.19682871296625,0.0,0.0
1986-07-18T23:30:00,demo_final_july_week,mcp,22.725770578195355,22.63945540593479,22.670162828283438,22.77386575473438,22.132392889663432,0.0,0.0,0.0,0.0,0.0,26.4,17.5,26.0,0.0,35.19682871296625,0.0,0.0
1986-07-18T23:45:00,demo_final_july_week,mcp,22.66754329468478,22.58817955986592,22.613337703003825,22.704971975079633,22.090579147381728,0.0,0.0,0.0,0.0,0.0,26.250000000000004,17.5,26.0,0.0,35.19682871296625,0.0,0.0
1986-07-19T00:00:00,demo_final_july_week,mcp,22.61156379815804,22.53794372005859,22.558645720493267,22.639534614563953,22.050895720745515,0.0,0.0,0.0,0.0,0.0,26.1,17.5,26.0,0.0,35.19682871296625,0.0,0.0
1986-07-19T00:15:00,demo_final_july_week,mcp,22.673161348432767,22.595862643646125,22.62160051136015,22.68426222223217,22.153558970828907,0.0,0.0,0.0,0.0,0.0,25.975,17.5,26.0,0.0,35.19682871296625,0.0,0.0
1986-07-19T00:30:00,demo_final_july_week,mcp,22.72430584085254,22.63915720939617,22.674393415803493,22.716013903130428,22.262028082459846,0.0,0.0,0.0,0.0,0.0,25.85,17.5,26.0,0.0,35.19682871296625,0.0,0.0
1986-07-19T00:45:00,demo_final_july_week,mcp,22.727072469285844,22.637662481164753,22.678347058498435,22.704426678400985,22.313865882924528,0.0,0.0,0.0,0.0,0.0,25.725,17.5,26.0,0.0,35.19682871296625,0.0,0.0
1986-07-19T01:00:00,demo_final_july_week,mcp,22.705084997061373,22.616715316069634,22.657486400118632,22.674699602729905,22.32358268421256,0.0,0.0,0.0,0.0,0.0,25.6,17.5,26.0,0.0,35.19682871296625,0.0,0.0
1986-07-19T01:15:00,demo_final_july_week,mcp,22.67435156080302,22.590251776762916,22.627905007911522,22.64060511314101,22.318218664661313,0.0,0.0,0.0,0.0,0.0,25.300000000000004,17.5,24.0,0.0,35.19682871296625,0.0,0.0
1986-07-19T01:30:00,demo_final_july_week,mcp,22.639960138899788,22.561160613610653,22.59468784529472,22.604884295135513,22.310473044353763,0.0,0.0,0.0,0.0,0.0,25.0,17.5,24.0,0.0,35.19682871296625,0.0,0.0
1986-07-19T01:45:00,demo_final_july_week,mcp,22.602285310845083,22.528949102046095,22.55815346602115,22.566914751600216,22.30196870676958,0.0,0.0,0.0,0.0,0.0,24.699999999999996,17.5,24.0,0.0,35.19682871296625,0.0,0.0
1986-07-19T02:00:00,demo_final_july_week,mcp,22.561345833909805,22.49352925786124,22.5182810727826,22.526495201977504,22.290322490260557,0.0,0.0,0.0,0.0,0.0,24.4,17.5,24.0,0.0,35.19682871296625,0.0,0.0
1986-07-19T02:15:00,demo_final_july_week,mcp,22.52646420971527,22.46219203839137,22.484084759636925,22.490830158143588,22.27540674484063,0.0,0.0,0.0,0.0,0.0,24.4,17.5,24.0,0.0,35.19682871296625,0.0,0.0
1986-07-19T02:30:00,demo_final_july_week,mcp,22.497781397322527,22.434940719284878,22.455792941621993,22.459822258107167,22.25834749640845,0.0,0.0,0.0,0.0,0.0,24.4,17.5,24.0,0.0,35.19682871296625,0.0,0.0
1986-07-19T02:45:00,demo_final_july_week,mcp,22.472190228911483,22.409560768623162,22.430462355478966,22.431175456435138,22.24011750866745,0.0,0.0,0.0,0.0,0.0,24.4,17.5,24.0,0.0,35.19682871296625,0.0,0.0
1986-07-19T03:00:00,demo_final_july_week,mcp,22.44801444586649,22.385101585960616,22.406490846575704,22.403876025787234,22.221287869671144,0.0,0.0,0.0,0.0,0.0,24.4,17.5,24.0,0.0,35.19682871296625,0.0,0.0
1986-07-19T03:15:00,demo_final_july_week,mcp,22.421412962193042,22.358820906988253,22.38012439008257,22.375119813774795,22.20218901539248,0.0,0.0,0.0,0.0,0.0,24.275,17.5,24.0,0.0,35.19682871296625,0.0,0.0
1986-07-19T03:30:00,demo_final_july_week,mcp,22.393962130840023,22.330648773983015,22.351117185675452,22.34479745134948,22.18301867639252,0.0,0.0,0.0,0.0,0.0,24.15,17.5,24.0,0.0,35.19682871296625,0.0,0.0
1986-07-19T03:45:00,demo_final_july_week,mcp,22.364203478745083,22.302149079853738,22.32141014769084,22.314435381104026,22.163890906285733,0.0,0.0,0.0,0.0,0.0,24.025,17.5,24.0,0.0,35.19682871296625,0.0,0.0
1986-07-19T04:00:00,demo_final_july_week,mcp,22.334265324148245,22.273485474522722,22.293680232673207,22.284156212754826,22.144866565779736,0.0,0.0,0.0,0.0,0.0,23.9,17.5,24.0,0.0,35.19682871296625,0.0,0.0
1986-07-19T04:15:00,demo_final_july_week,mcp,22.304548717758127,22.245568160751287,22.264561594880593,22.2548366574069,22.12600077048086,0.0,0.0,0.0,0.0,0.0,23.749999999999996,17.5,24.0,0.0,35.19682871296625,0.0,0.0
1986-07-19T04:30:00,demo_final_july_week,mcp,22.274845277931615,22.21828970625104,22.236557372661863,22.226341215248603,22.107446666578937,0.0,0.0,0.0,0.0,0.0,23.6,17.5,24.0,0.0,35.19682871296625,0.0,0.0
1986-07-19T04:45:00,demo_final_july_week,mcp,22.26152342607774,22.269148637352757,22.347624750549578,22.220012931244415,22.089956933472035,0.0,0.0,0.0,0.0,0.0,23.450000000000003,17.5,24.0,0.0,35.19682871296625,0.0,0.0
1986-07-19T05:00:00,demo_final_july_week,mcp,22.261296135161118,22.4098498416179,22.553071053935874,22.237286433247572,22.076438125521747,0.0,0.0,0.0,0.0,0.0,23.3,17.5,24.0,0.0,35.19682871296625,0.0,0.0
1986-07-19T05:15:00,demo_final_july_week,mcp,22.28296610393109,22.601105528101673,22.797565301833423,22.28037656659136,22.06967733182589,0.0,0.0,0.0,0.0,0.0,23.575000000000003,17.5,24.0,0.0,35.19682871296625,0.0,0.0
1986-07-19T05:30:00,demo_final_july_week,mcp,22.32518280510436,22.807305280485362,23.033968513591176,22.345290888809767,22.070236643544572,0.0,0.0,0.0,0.0,0.0,23.85,17.5,24.0,0.0,35.19682871296625,0.0,0.0
1986-07-19T05:45:00,demo_final_july_week,mcp,22.384132677722683,23.06885549146433,23.31233848464117,22.427946782500076,22.07761747760029,0.0,0.0,0.0,0.0,0.0,24.124999999999996,17.5,24.0,0.0,35.19682871296625,0.0,0.0
1986-07-19T06:08:00,demo_final_july_week,mcp,22.481324879089172,23.528352171748452,23.772275526735147,22.552684911760657,22.095902941106726,0.0,0.0,0.0,0.0,0.0,24.4,17.5,24.0,0.0,35.19682871296625,0.0,0.0
1986-07-19T06:23:00,demo_final_july_week,mcp,22.603158801170313,24.0280933045697,24.239728251140217,22.695203185551865,22.123667417420958,0.0,0.0,0.0,0.0,0.0,25.099999999999998,17.5,24.0,0.0,35.19682871296625,0.0,0.0
1986-07-19T06:38:00,demo_final_july_week,mcp,22.75858732087304,24.63704329303088,24.761160792533172,22.865327650681934,22.162406873895865,0.0,0.0,0.0,0.0,0.0,25.799999999999997,17.5,24.0,0.0,35.19682871296625,0.0,0.0
1986-07-19T06:53:00,demo_final_july_week,mcp,22.922636274632865,25.191741535356353,25.182820369062377,23.04427540441008,22.212037685451353,0.0,0.0,0.0,0.0,0.0,26.5,17.5,24.0,0.0,35.19682871296625,0.0,0.0
1986-07-19T07:08:00,demo_final_july_week,mcp,23.092791086404546,25.697784897046017,25.516279562540557,23.229828646800843,22.27032229053297,0.0,0.0,0.0,0.0,0.0,27.2,17.5,24.0,0.0,35.19682871296625,0.0,0.0
1986-07-19T07:23:00,demo_final_july_week,mcp,23.254238510688314,26.168001011399777,25.782484746085515,23.409727381364213,22.33473208412105,0.0,0.0,0.0,0.0,0.0,27.474999999999998,17.5,24.0,0.0,35.19682871296625,0.0,0.0
1986-07-19T07:38:00,demo_final_july_week,mcp,23.41288289825401,26.605390565864333,25.99236479410249,23.587653084400888,22.402870879322624,0.0,0.0,0.0,0.0,0.0,27.75,17.5,24.0,0.0,35.19682871296625,0.0,0.0
1986-07-19T07:53:00,demo_final_july_week,mcp,23.558730657157675,26.922394313817726,26.103857245108347,23.76495527019111,22.472614224720406,0.0,0.0,0.0,0.0,0.0,28.025000000000002,17.5,24.0,0.0,35.19682871296625,0.0,0.0
1986-07-19T08:00:00,demo_final_july_week,mcp,23.675773893041722,27.151112452585718,26.168475113952862,23.90591183249948,22.527181000662694,0.0,0.0,0.0,0.0,0.0,28.3,17.5,24.0,0.0,35.19682871296625,0.0,0.0
1986-07-19T08:15:00,demo_final_july_week,mcp,23.832157474146495,27.411377171526468,26.233470324875643,24.086838330313494,22.59220407004405,0.0,0.0,0.0,0.0,0.0,28.875,17.5,24.0,0.0,35.19682871296625,0.0,0.0
1986-07-19T08:30:00,demo_final_july_week,mcp,23.997195007475764,27.644949893772853,26.28544617759774,24.27106345595157,22.65567645536506,0.0,0.0,0.0,0.0,0.0,29.450000000000003,17.5,24.0,0.0,35.19682871296625,0.0,0.0
1986-07-19T08:45:00,demo_final_july_week,mcp,24.176464217247496,27.87781173406108,26.34322851300566,24.470260000610608,22.719418171261083,0.0,0.0,0.0,0.0,0.0,30.025000000000002,17.5,24.0,0.0,35.19682871296625,0.0,0.0
1986-07-19T09:00:00,demo_final_july_week,mcp,24.3681649292905,28.11118728478376,26.409003230358266,24.68219202916929,22.78423082146066,0.0,0.0,0.0,0.0,0.0,30.6,17.5,24.0,0.0,35.19682871296625,0.0,0.0
1986-07-19T09:15:00,demo_final_july_week,mcp,24.552791390933212,28.28782184799998,26.46824267657088,24.90613605184303,22.85044002305121,0.0,0.0,0.0,0.0,0.0,30.875000000000004,17.5,24.0,0.0,35.19682871296625,0.0,0.0
1986-07-19T09:30:00,demo_final_july_week,mcp,24.732784524827412,28.440530836698766,26.525264754583358,25.13002631100617,22.91789168279658,0.0,0.0,0.0,0.0,0.0,31.15,17.5,24.0,0.0,35.19682871296625,0.0,0.0
1986-07-19T09:45:00,demo_final_july_week,mcp,24.909821247373443,28.58694263777457,26.576451512251833,25.347451628216966,22.98835499916633,0.0,0.0,0.0,0.0,0.0,31.424999999999997,17.5,24.0,0.0,35.19682871296625,0.0,0.0
1986-07-19T10:00:00,demo_final_july_week,mcp,25.08457950058008,28.724296406776677,26.628138087049685,25.55370347464093,23.060777680801923,0.0,0.0,0.0,0.0,0.0,31.7,17.5,24.0,0.0,35.19682871296625,0.0,0.0
1986-07-19T10:15:00,demo_final_july_week,mcp,25.25984614417834,28.84834022811915,26.698398836744055,25.75792373862944,23.13460174005516,0.0,0.0,0.0,0.0,0.0,31.974999999999998,17.5,24.0,0.0,35.19682871296625,0.0,0.0
1986-07-19T10:30:00,demo_final_july_week,mcp,25.43567017249265,28.9568491520719,26.78830847953667,25.95723511601083,23.20947025961891,0.0,0.0,0.0,0.0,0.0,32.25,17.5,24.0,0.0,35.19682871296625,0.0,0.0
1986-07-19T10:45:00,demo_final_july_week,mcp,25.59573421139139,29.006885296664226,26.872517913932214,26.13806011084243,23.28540574213366,0.0,0.0,0.0,0.0,0.0,32.525,17.5,24.0,0.0,35.19682871296625,0.0,0.0
1986-07-19T11:00:00,demo_final_july_week,mcp,25.736227213749032,28.99707436356557,26.94314919131207,26.292575187441365,23.36146040838326,0.0,0.0,0.0,0.0,0.0,32.8,17.5,24.0,0.0,35.19682871296625,0.0,0.0
1986-07-19T11:15:00,demo_final_july_week,mcp,25.852529161788436,28.937178173951548,26.994753140081848,26.42288366850132,23.43652488477199,0.0,0.0,0.0,0.0,0.0,32.8,17.5,24.0,0.0,35.19682871296625,0.0,0.0
1986-07-19T11:30:00,demo_final_july_week,mcp,25.948230533692936,28.841607216706592,27.031622855929527,26.529442515062506,23.507323618909716,0.0,0.0,0.0,0.0,0.0,32.8,17.5,24.0,0.0,35.19682871296625,0.0,0.0
1986-07-19T11:45:00,demo_final_july_week,mcp,26.047136108989474,28.757822723134705,27.05575480198476,26.61814440644043,23.572383244139647,0.0,0.0,0.0,0.0,0.0,32.8,17.5,24.0,0.0,35.19682871296625,0.0,0.0
1986-07-19T12:00:00,demo_final_july_week,mcp,26.156336964075138,28.680353381557,27.095797355955547,26.71001660933777,23.632585404994334,0.0,0.0,0.0,0.0,0.0,32.8,17.5,24.0,0.0,35.19682871296625,0.0,0.0
1986-07-19T12:15:00,demo_final_july_week,mcp,26.27499892015005,28.594620018553027,27.154691452607914,26.816669340871208,23.68964330195944,0.0,0.0,0.0,0.0,0.0,32.925,17.5,24.0,0.0,35.19682871296625,0.0,0.0
1986-07-19T12:30:00,demo_final_july_week,mcp,26.39800874995105,28.484021699528668,27.20996801195946,26.911316174988126,23.74489193376312,0.0,0.0,0.0,0.0,0.0,33.05,17.5,24.0,0.0,35.19682871296625,0.0,0.0
1986-07-19T12:45:00,demo_final_july_week,mcp,26.500169477341938,28.338981621195497,27.24174536041158,26.982201774878924,23.798310029284423,0.0,0.0,0.0,0.0,0.0,33.175,17.5,24.0,0.0,35.19682871296625,0.0,0.0
1986-07-19T13:00:00,demo_final_july_week,mcp,26.577147275303354,28.196533264483428,27.25483957193857,27.059856832305158,23.849000387290975,0.0,0.0,0.0,0.0,0.0,33.3,17.5,24.0,0.0,35.19682871296625,0.0,0.0
1986-07-19T13:15:00,demo_final_july_week,mcp,26.640112023142834,28.074388439594216,27.25979028011948,27.166775758719098,23.89639737982105,0.0,0.0,0.0,0.0,0.0,33.574999999999996,17.5,24.0,0.0,35.19682871296625,0.0,0.0
1986-07-19T13:30:00,demo_final_july_week,mcp,26.69554835563389,27.96824792347428,27.259422545690143,27.30029581798156,23.940421696395376,0.0,0.0,0.0,0.0,0.0,33.849999999999994,17.5,24.0,0.0,35.19682871296625,0.0,0.0
1986-07-19T13:45:00,demo_final_july_week,mcp,26.759664793701308,27.881767102095704,27.268786521079154,27.478373751667725,23.981406993266127,0.0,0.0,0.0,0.0,0.0,34.125,17.5,24.0,0.0,35.19682871296625,0.0,0.0
1986-07-19T14:00:00,demo_final_july_week,mcp,26.835361793807596,27.816490331065467,27.29004348398658,27.707904471719285,24.02034562367656,0.0,0.0,0.0,0.0,0.0,34.4,17.5,24.0,0.0,35.19682871296625,0.0,0.0
1986-07-19T14:15:00,demo_final_july_week,mcp,26.915829838299373,27.765112338674403,27.31583669106774,27.98293632863916,24.05839372137169,0.0,0.0,0.0,0.0,0.0,34.55,17.5,24.0,0.0,35.19682871296625,0.0,0.0
1986-07-19T14:38:00,demo_final_july_week,mcp,27.013994174806328,27.715295221093395,27.346975394613303,28.37328188687646,24.10271763101397,0.0,0.0,0.0,0.0,0.0,34.7,17.5,24.0,0.0,35.19682871296625,0.0,0.0
1986-07-19T14:53:00,demo_final_july_week,mcp,27.080391078247796,27.661746890801147,27.35453026692227,28.69412500428699,24.143809934584457,0.0,0.0,0.0,0.0,0.0,34.85,17.5,24.0,0.0,35.19682871296625,0.0,0.0
1986-07-19T15:00:00,demo_final_july_week,mcp,27.12031617150475,27.61313020321348,27.3491535792854,28.928322811464117,24.17466455541546,0.0,0.0,0.0,0.0,0.0,35.0,17.5,24.0,0.0,35.19682871296625,0.0,0.0
1986-07-19T15:15:00,demo_final_july_week,mcp,27.13926041911386,27.53687721293824,27.315621008955596,29.168963782873732,24.209573950301685,0.0,0.0,0.0,0.0,0.0,34.725,17.5,24.0,0.0,35.19682871296625,0.0,0.0
1986-07-19T15:30:00,demo_final_july_week,mcp,27.12989951046459,27.44417699382455,27.25696281470058,29.36323452200885,24.23962002293315,0.0,0.0,0.0,0.0,0.0,34.45,17.5,24.0,0.0,35.19682871296625,0.0,0.0
1986-07-19T15:45:00,demo_final_july_week,mcp,27.113381144288553,27.352173755535134,27.19407556565743,29.559798962017357,24.265042008960798,0.0,0.0,0.0,0.0,0.0,34.175,17.5,24.0,0.0,35.19682871296625,0.0,0.0
1986-07-19T16:00:00,demo_final_july_week,mcp,27.095302200412018,27.265313541564023,27.133427204211454,29.7669164533706,24.286033255004867,0.0,0.0,0.0,0.0,0.0,33.9,17.5,24.0,0.0,35.19682871296625,0.0,0.0
1986-07-19T16:15:00,demo_final_july_week,mcp,27.05708270267554,27.178406440709985,27.070271515394925,29.92786791961374,24.302836604535422,0.0,0.0,0.0,0.0,0.0,33.625,17.5,24.0,0.0,35.19682871296625,0.0,0.0
1986-07-19T16:30:00,demo_final_july_week,mcp,27.00735505920318,27.090351162248275,27.00343790227437,30.075896508129922,24.315269409247005,0.0,0.0,0.0,0.0,0.0,33.349999999999994,17.5,24.0,0.0,35.19682871296625,0.0,0.0
1986-07-19T16:45:00,demo_final_july_week,mcp,26.928648486860308,26.985096574004245,26.916077227382647,30.117572045831245,24.323054401092577,0.0,0.0,0.0,0.0,0.0,33.074999999999996,17.5,24.0,0.0,35.19682871296625,0.0,0.0
1986-07-19T17:00:00,demo_final_july_week,mcp,26.806635238681668,26.857794422257523,26.802990522082084,29.975195099937554,24.3247600573383,0.0,0.0,0.0,0.0,0.0,32.8,17.5,24.0,0.0,35.19682871296625,0.0,0.0
1986-07-19T17:15:00,demo_final_july_week,mcp,26.660809418096683,26.71792393058771,26.674898074928002,29.706785990062663,24.31844516465722,0.0,0.0,0.0,0.0,0.0,32.525,17.5,24.0,0.0,35.19682871296625,0.0,0.0
1986-07-19T17:38:00,demo_final_july_week,mcp,26.462084569639877,26.53725985720703,26.50683044824224,29.2172909793188,24.29939312614338,0.0,0.0,0.0,0.0,0.0,32.25,17.5,23.0,0.0,35.19682871296625,0.0,0.0
1986-07-19T17:53:00,demo_final_july_week,mcp,26.276109747738193,26.35828398190072,26.333984159868983,28.76753070589598,24.269781191460414,0.0,0.0,0.0,0.0,0.0,31.974999999999998,17.5,23.0,0.0,35.19682871296625,0.0,0.0
1986-07-19T18:08:00,demo_final_july_week,mcp,26.0874819680329,26.165488554075445,26.145620418222894,28.31150018541813,24.23076590326992,0.0,0.0,0.0,0.0,0.0,31.7,17.5,23.0,0.0,35.19682871296625,0.0,0.0
1986-07-19T18:23:00,demo_final_july_week,mcp,25.88809224063736,25.955543913030276,25.938055538317133,27.82447058034825,24.182374561593075,0.0,0.0,0.0,0.0,0.0,31.424999999999997,17.5,23.0,0.0,35.19682871296625,0.0,0.0
1986-07-19T18:38:00,demo_final_july_week,mcp,25.67997002943202,25.727217755795216,25.710190931724107,27.34318418165365,24.125036022133685,0.0,0.0,0.0,0.0,0.0,31.15,17.5,23.0,0.0,35.19682871296625,0.0,0.0
1986-07-19T18:53:00,demo_final_july_week,mcp,25.493514256720164,25.527596492767735,25.51257115153226,26.931114197058452,24.060419885022974,0.0,0.0,0.0,0.0,0.0,30.875000000000004,17.5,23.0,0.0,35.19682871296625,0.0,0.0
1986-07-19T19:08:00,demo_final_july_week,mcp,25.324216833596488,25.349949732561353,25.33923999118585,26.568967255181406,23.991361886290896,0.0,0.0,0.0,0.0,0.0,30.6,17.5,23.0,0.0,35.19682871296625,0.0,0.0
1986-07-19T19:23:00,demo_final_july_week,mcp,25.124971834042586,25.152365693899103,25.138581219048387,26.207939492570766,23.9200794564535,0.0,0.0,0.0,0.0,0.0,29.35,17.5,23.0,0.0,35.19682871296625,0.0,0.0
1986-07-19T19:38:00,demo_final_july_week,mcp,24.907877957418396,24.941833032322645,24.918576535975507,25.852635352131504,23.84754113616752,0.0,0.0,0.0,0.0,0.0,28.1,17.5,23.0,0.0,35.19682871296625,0.0,0.0
1986-07-19T19:53:00,demo_final_july_week,mcp,24.689878627769453,24.73467192492583,24.69987639190628,25.52108947492785,23.77368421815581,0.0,0.0,0.0,0.0,0.0,26.85,17.5,23.0,0.0,35.19682871296625,0.0,0.0
1986-07-19T20:08:00,demo_final_july_week,mcp,24.470965226019224,24.529319869037668,24.482189081584796,25.208664175434087,23.69848500944397,0.0,0.0,0.0,0.0,0.0,25.6,17.5,23.0,0.0,35.19682871296625,0.0,0.0
1986-07-19T20:15:00,demo_final_july_week,mcp,24.328852461426944,24.390270260049313,24.339647886033266,24.995903732257755,23.63954320601335,0.0,0.0,0.0,0.0,0.0,25.450000000000003,17.5,23.0,0.0,35.19682871296625,0.0,0.0
1986-07-19T20:30:00,demo_final_july_week,mcp,24.172223979965494,24.233604040267803,24.181443544869975,24.75858689314375,23.56462610779059,0.0,0.0,0.0,0.0,0.0,25.3,17.5,23.0,0.0,35.19682871296625,0.0,0.0
1986-07-19T20:45:00,demo_final_july_week,mcp,24.032737112629274,24.090313818931268,24.039797410275327,24.546343306075684,23.490858076697602,0.0,0.0,0.0,0.0,0.0,25.15,17.5,23.0,0.0,35.19682871296625,0.0,0.0
1986-07-19T21:00:00,demo_final_july_week,mcp,23.901113019233122,23.95382881612311,23.90584155042921,24.349861422221107,23.41810842177516,0.0,0.0,0.0,0.0,0.0,25.0,17.5,23.0,0.0,35.19682871296625,0.0,0.0
1986-07-19T21:15:00,demo_final_july_week,mcp,23.77646664853483,23.824249123485,23.77890919026677,24.167899822348026,23.34658533620181,0.0,0.0,0.0,0.0,0.0,24.85,17.5,23.0,0.0,35.19682871296625,0.0,0.0
1986-07-19T21:30:00,demo_final_july_week,mcp,23.659304607665117,23.7021587480032,23.659496347293246,24.000264129798538,23.276630234068197,0.0,0.0,0.0,0.0,0.0,24.7,17.5,23.0,0.0,35.19682871296625,0.0,0.0
1986-07-19T21:45:00,demo_final_july_week,mcp,23.54934338117892,23.587257103333215,23.547273721119048,23.84588225103561,23.20861703627447,0.0,0.0,0.0,0.0,0.0,24.549999999999997,17.5,23.0,0.0,35.19682871296625,0.0,0.0
1986-07-19T22:00:00,demo_final_july_week,mcp,23.445668727726027,23.47872179236685,23.441320217749528,23.703132413599537,23.14262904840258,0.0,0.0,0.0,0.0,0.0,24.4,17.5,23.0,0.0,35.19682871296625,0.0,0.0
1986-07-19T22:15:00,demo_final_july_week,mcp,23.352790554090003,23.380359619294005,23.346542261731106,23.575096327721013,23.078716052275322,0.0,0.0,0.0,0.0,0.0,24.4,17.5,23.0,0.0,35.19682871296625,0.0,0.0
1986-07-19T22:30:00,demo_final_july_week,mcp,23.269865004073367,23.29138132174448,23.26213801483711,23.460360212668487,23.016997474859,0.0,0.0,0.0,0.0,0.0,24.4,17.5,23.0,0.0,35.19682871296625,0.0,0.0
1986-07-19T22:45:00,demo_final_july_week,mcp,23.194304554347653,23.20963322762603,23.185374888033902,23.356252939813757,22.95761912705607,0.0,0.0,0.0,0.0,0.0,24.4,17.5,23.0,0.0,35.19682871296625,0.0,0.0
1986-07-19T23:00:00,demo_final_july_week,mcp,23.124524542623252,23.133868004443695,23.114628106219346,23.261082937651917,22.900695052286963,0.0,0.0,0.0,0.0,0.0,24.4,17.5,23.0,0.0,35.19682871296625,0.0,0.0
1986-07-19T23:15:00,demo_final_july_week,mcp,23.062076443180157,23.064360652847675,23.049966254248908,23.174744508805713,22.846285646562833,0.0,0.0,0.0,0.0,0.0,24.549999999999997,17.5,23.0,0.0,35.19682871296625,0.0,0.0
1986-07-19T23:30:00,demo_final_july_week,mcp,23.006772767631556,23.000824779612582,22.991185958055674,23.096609309872164,22.794412850948998,0.0,0.0,0.0,0.0,0.0,24.7,17.5,23.0,0.0,35.19682871296625,0.0,0.0
1986-07-19T23:45:00,demo_final_july_week,mcp,22.95741955237301,22.942681913638737,22.937692965387566,23.025799946181564,22.74507692333908,0.0,0.0,0.0,0.0,0.0,24.85,17.5,23.0,0.0,35.19682871296625,0.0,0.0
1986-07-20T00:00:00,demo_final_july_week,mcp,22.913098221602322,22.88948903829031,22.888950247517613,22.961616837120793,22.698265785910476,0.0,0.0,0.0,0.0,0.0,25.0,17.5,23.0,0.0,35.19682871296625,0.0,0.0
1986-07-20T00:15:00,demo_final_july_week,mcp,22.8673738586331,22.837448253073504,22.840283628685324,22.9000358489098,22.653936133064544,0.0,0.0,0.0,0.0,0.0,24.85,17.5,23.0,0.0,35.19682871296625,0.0,0.0
1986-07-20T00:30:00,demo_final_july_week,mcp,22.81929422157363,22.785856345763392,22.79074469907827,22.84015826293573,22.61196766525731,0.0,0.0,0.0,0.0,0.0,24.7,17.5,23.0,0.0,35.19682871296625,0.0,0.0
1986-07-20T00:45:00,demo_final_july_week,mcp,22.771115248631933,22.736076060055602,22.74206888413859,22.782943044353093,22.572176040805143,0.0,0.0,0.0,0.0,0.0,24.549999999999997,17.5,23.0,0.0,35.19682871296625,0.0,0.0
1986-07-20T01:00:00,demo_final_july_week,mcp,22.724079200280762,22.687972771931058,22.694649689574504,22.728621061770745,22.534354513911936,0.0,0.0,0.0,0.0,0.0,24.4,17.5,23.0,0.0,35.19682871296625,0.0,0.0
1986-07-20T01:15:00,demo_final_july_week,mcp,22.67828337714203,22.64128323759943,22.648295495758163,22.67663185956601,22.49841162789624,0.0,0.0,0.0,0.0,0.0,24.275,17.5,23.0,0.0,35.19682871296625,0.0,0.0
1986-07-20T01:30:00,demo_final_july_week,mcp,22.633431854479497,22.595768593590307,22.602815515740424,22.62649000843531,22.46654218853308,0.0,0.0,0.0,0.0,0.0,24.15,17.5,23.0,0.0,35.19682871296625,0.0,0.0
1986-07-20T01:45:00,demo_final_july_week,mcp,22.589400920474304,22.551329052360092,22.55819359990616,22.57800177233038,22.43392013115531,0.0,0.0,0.0,0.0,0.0,24.025,17.5,23.0,0.0,35.19682871296625,0.0,0.0
1986-07-20T02:00:00,demo_final_july_week,mcp,22.546178192307515,22.50790178071092,22.514435296937478,22.53105363033536,22.40102767012458,0.0,0.0,0.0,0.0,0.0,23.9,17.5,23.0,0.0,35.19682871296625,0.0,0.0
1986-07-20T02:15:00,demo_final_july_week,mcp,22.503071560744978,22.464927595733535,22.47089520519705,22.485027785589136,22.368542236496747,0.0,0.0,0.0,0.0,0.0,23.749999999999996,17.5,23.0,0.0,35.19682871296625,0.0,0.0
1986-07-20T02:30:00,demo_final_july_week,mcp,22.460086405412834,22.42237310659296,22.42755556940543,22.439827761157986,22.33676112349441,0.0,0.0,0.0,0.0,0.0,23.6,17.5,23.0,0.0,35.19682871296625,0.0,0.0
1986-07-20T02:45:00,demo_final_july_week,mcp,22.417467574160828,22.380366974035457,22.38462275048739,22.395526043183523,22.305749685715295,0.0,0.0,0.0,0.0,0.0,23.450000000000003,17.5,23.0,0.0,35.19682871296625,0.0,0.0
1986-07-20T03:00:00,demo_final_july_week,mcp,22.3753381830589,22.338945841546952,22.342197923681294,22.35211231697986,22.27550515812457,0.0,0.0,0.0,0.0,0.0,23.3,17.5,23.0,0.0,35.19682871296625,0.0,0.0
1986-07-20T03:15:00,demo_final_july_week,mcp,22.334970641421585,22.29914358077592,22.30157713965965,22.310580183416576,22.246020316056995,0.0,0.0,0.0,0.0,0.0,23.175,17.5,23.0,0.0,35.19682871296625,0.0,0.0
1986-07-20T03:30:00,demo_final_july_week,mcp,22.2959401254351,22.260643713452648,22.262365156893935,22.270338980844844,22.217293275405776,0.0,0.0,0.0,0.0,0.0,23.05,17.5,23.0,0.0,35.19682871296625,0.0,0.0
1986-07-20T03:45:00,demo_final_july_week,mcp,22.257857019926917,22.222747862401313,22.223863088749408,22.231381996395445,22.189317933786793,0.0,0.0,0.0,0.0,0.0,22.925,17.5,23.0,0.0,35.19682871296625,0.0,0.0
1986-07-20T04:00:00,demo_final_july_week,mcp,22.22035360124929,22.185782132043588,22.186258587733516,22.193137417719385,22.16208071484978,0.0,0.0,0.0,0.0,0.0,22.8,17.5,23.0,0.0,35.19682871296625,0.0,0.0
1986-07-20T04:15:00,demo_final_july_week,mcp,22.18155110834133,22.147483901639497,22.1468699491455,22.15383100445344,22.135550781071856,0.0,0.0,0.0,0.0,0.0,22.650000000000002,17.5,23.0,0.0,35.19682871296625,0.0,0.0
1986-07-20T04:30:00,demo_final_july_week,mcp,22.141734746897047,22.108046098741156,22.105805273927192,22.113597710789808,22.109669510675364,0.0,0.0,0.0,0.0,0.0,22.5,17.5,23.0,0.0,35.19682871296625,0.0,0.0
1986-07-20T04:45:00,demo_final_july_week,mcp,22.12205552277293,22.146603157954317,22.184060932105123,22.09429252365671,22.085424936460942,0.0,0.0,0.0,0.0,0.0,22.349999999999998,17.5,23.0,0.0,35.19682871296625,0.0,0.0
1986-07-20T05:00:00,demo_final_july_week,mcp,22.106706782220474,22.2483273580577,22.3465621035637,22.092630212270073,22.065325803832742,0.0,0.0,0.0,0.0,0.0,22.2,17.5,23.0,0.0,35.19682871296625,0.0,0.0
1986-07-20T05:15:00,demo_final_july_week,mcp,22.107033024444696,22.387879293269634,22.53859371030434,22.111217518521862,22.05094238571696,0.0,0.0,0.0,0.0,0.0,22.349999999999998,17.5,23.0,0.0,35.19682871296625,0.0,0.0
1986-07-20T05:30:00,demo_final_july_week,mcp,22.128531892863144,22.578245395938758,22.767498421950794,22.149700723253698,22.042769381878813,0.0,0.0,0.0,0.0,0.0,22.5,17.5,23.0,0.0,35.19682871296625,0.0,0.0
1986-07-20T05:45:00,demo_final_july_week,mcp,22.170527947681585,22.836647700516856,23.049190988883268,22.210694584571574,22.041442543822082,0.0,0.0,0.0,0.0,0.0,22.650000000000002,17.5,23.0,0.0,35.19682871296625,0.0,0.0
1986-07-20T06:08:00,demo_final_july_week,mcp,22.24252926192234,23.229063971279594,23.438043428527646,22.311191781451384,22.049988015986607,0.0,0.0,0.0,0.0,0.0,22.8,17.5,23.0,0.0,35.19682871296625,0.0,0.0
1986-07-20T06:23:00,demo_final_july_week,mcp,22.329179420380157,23.64247914805157,23.814665642798246,22.42451302462857,22.068060169844404,0.0,0.0,0.0,0.0,0.0,23.075000000000003,17.5,23.0,0.0,35.19682871296625,0.0,0.0
1986-07-20T06:38:00,demo_final_july_week,mcp,22.431254023916505,24.097182176915876,24.18954107796234,22.55441806819388,22.0953506571471,0.0,0.0,0.0,0.0,0.0,23.35,17.5,23.0,0.0,35.19682871296625,0.0,0.0
1986-07-20T06:53:00,demo_final_july_week,mcp,22.550559694422393,24.579985611792456,24.549341896202304,22.704763442878654,22.13130443538692,0.0,0.0,0.0,0.0,0.0,23.624999999999996,17.5,23.0,0.0,35.19682871296625,0.0,0.0
1986-07-20T07:08:00,demo_final_july_week,mcp,22.684892826407115,25.084301065286006,24.88787199521953,22.872115946817654,22.175456739378646,0.0,0.0,0.0,0.0,0.0,23.9,17.5,23.0,0.0,35.19682871296625,0.0,0.0
1986-07-20T07:23:00,demo_final_july_week,mcp,22.83877101711016,25.611126551102053,25.208470468414447,23.05840067159494,22.227170795053397,0.0,0.0,0.0,0.0,0.0,24.324999999999996,17.5,23.0,0.0,35.19682871296625,0.0,0.0
1986-07-20T07:38:00,demo_final_july_week,mcp,23.00832594368943,26.15209689621781,25.50400602806862,23.259304670921164,22.28587884458975,0.0,0.0,0.0,0.0,0.0,24.75,17.5,23.0,0.0,35.19682871296625,0.0,0.0
1986-07-20T07:53:00,demo_final_july_week,mcp,23.19247796578572,26.73075666040223,25.78017999400535,23.45802566198162,22.350820488460787,0.0,0.0,0.0,0.0,0.0,25.175000000000004,17.5,23.0,0.0,35.19682871296625,0.0,0.0
1986-07-20T08:08:00,demo_final_july_week,mcp,23.376054451521682,27.27426856774034,25.992329094151525,23.65147293083948,22.42118949399164,0.0,0.0,0.0,0.0,0.0,25.6,17.5,23.0,0.0,35.19682871296625,0.0,0.0
1986-07-20T08:23:00,demo_final_july_week,mcp,23.553342906085067,27.777963051811685,26.140034155848674,23.837752910895816,22.495191218114087,0.0,0.0,0.0,0.0,0.0,25.875000000000004,17.5,23.0,0.0,35.19682871296625,0.0,0.0
1986-07-20T08:38:00,demo_final_july_week,mcp,23.72956769112738,28.25166273221961,26.23715502264627,24.019798825647925,22.571173167565487,0.0,0.0,0.0,0.0,0.0,26.15,17.5,23.0,0.0,35.19682871296625,0.0,0.0
1986-07-20T08:53:00,demo_final_july_week,mcp,23.90454786955827,28.66027159376884,26.28499100722074,24.19980346082669,22.64793774045528,0.0,0.0,0.0,0.0,0.0,26.424999999999997,14.5,22.0,0.0,35.19682871296625,0.0,0.0
1986-07-20T09:08:00,demo_final_july_week,mcp,24.07747358534748,29.00898724101357,26.295431165662244,24.376492373776294,22.724559659446125,0.0,0.0,0.0,0.0,0.0,26.7,14.5,22.0,0.0,35.19682871296625,0.0,0.0
1986-07-20T09:23:00,demo_final_july_week,mcp,24.24862165475025,29.305809258242405,26.28173792792824,24.549759959945614,22.800407449914726,0.0,0.0,0.0,0.0,0.0,26.974999999999998,14.5,22.0,0.0,35.19682871296625,0.0,0.0
1986-07-20T09:30:00,demo_final_july_week,mcp,24.38104699201769,29.501579558370864,26.259866871397797,24.68349890749337,22.859317770804644,0.0,0.0,0.0,0.0,0.0,27.25,14.5,22.0,0.0,35.19682871296625,0.0,0.0
1986-07-20T09:45:00,demo_final_july_week,mcp,24.540331763682286,29.693703063596203,26.22263573118414,24.838659696918928,22.929048251273233,0.0,0.0,0.0,0.0,0.0,27.525000000000002,14.5,22.0,0.0,35.19682871296625,0.0,0.0
1986-07-20T10:00:00,demo_final_july_week,mcp,24.692997630278686,29.82713009185598,26.190611049938607,24.986066140531722,22.998606247777545,0.0,0.0,0.0,0.0,0.0,27.8,14.5,22.0,0.0,35.19682871296625,0.0,0.0
1986-07-20T10:15:00,demo_final_july_week,mcp,24.84284635319102,29.907790822806017,26.181743650762925,25.12589042741803,23.06880091988139,0.0,0.0,0.0,0.0,0.0,28.075000000000003,14.5,22.0,0.0,35.19682871296625,0.0,0.0
1986-07-20T10:30:00,demo_final_july_week,mcp,24.990785769532028,29.939162167240568,26.193457847318353,25.263055192238756,23.139216178683437,0.0,0.0,0.0,0.0,0.0,28.35,14.5,22.0,0.0,35.19682871296625,0.0,0.0
1986-07-20T10:45:00,demo_final_july_week,mcp,25.13425518999704,29.91682600143247,26.216371618579597,25.39539882784533,23.209597368487273,0.0,0.0,0.0,0.0,0.0,28.624999999999996,14.5,22.0,0.0,35.19682871296625,0.0,0.0
1986-07-20T11:00:00,demo_final_july_week,mcp,25.272313296013166,29.843135432981743,26.249612582635518,25.522215358304223,23.28016643313601,0.0,0.0,0.0,0.0,0.0,28.9,14.5,22.0,0.0,35.19682871296625,0.0,0.0
1986-07-20T11:15:00,demo_final_july_week,mcp,25.396779001444706,29.717399214171024,26.278539528136672,25.638239901304722,23.35016361286452,0.0,0.0,0.0,0.0,0.0,28.9,14.5,22.0,0.0,35.19682871296625,0.0,0.0
1986-07-20T11:30:00,demo_final_july_week,mcp,25.50823758806018,29.54684846382828,26.307709777447922,25.7450436120853,23.416178935828636,0.0,0.0,0.0,0.0,0.0,28.9,14.5,22.0,0.0,35.19682871296625,0.0,0.0
1986-07-20T11:45:00,demo_final_july_week,mcp,25.611858354090327,29.343487623376966,26.3345790550348,25.84383620693874,23.477347462191617,0.0,0.0,0.0,0.0,0.0,28.9,14.5,22.0,0.0,35.19682871296625,0.0,0.0
1986-07-20T12:00:00,demo_final_july_week,mcp,25.70090758162658,29.10214666316722,26.348535513469297,25.92161182084144,23.5342215854626,0.0,0.0,0.0,0.0,0.0,28.9,14.5,22.0,0.0,35.19682871296625,0.0,0.0
1986-07-20T12:15:00,demo_final_july_week,mcp,25.783645240141425,28.836183460313258,26.360837603168612,25.990765397031,23.5871325898416,0.0,0.0,0.0,0.0,0.0,28.9,14.5,22.0,0.0,35.19682871296625,0.0,0.0
1986-07-20T12:30:00,demo_final_july_week,mcp,25.865797110928657,28.561548364937735,26.377727466584552,26.058893211267037,23.636414114403287,0.0,0.0,0.0,0.0,0.0,28.9,14.5,22.0,0.0,35.19682871296625,0.0,0.0
1986-07-20T12:45:00,demo_final_july_week,mcp,25.9383233721683,28.29043975906443,26.392514620409507,26.120125759131493,23.682409226488737,0.0,0.0,0.0,0.0,0.0,28.9,14.5,22.0,0.0,35.19682871296625,0.0,0.0
1986-07-20T13:00:00,demo_final_july_week,mcp,25.998530393660918,28.053337795183452,26.402636603140053,26.200235722915963,23.7253345926766,0.0,0.0,0.0,0.0,0.0,28.9,14.5,22.0,0.0,35.19682871296625,0.0,0.0
1986-07-20T13:15:00,demo_final_july_week,mcp,26.051948613903242,27.856044640779615,26.41267502969549,26.324562410283413,23.765601358439472,0.0,0.0,0.0,0.0,0.0,29.025,14.5,22.0,0.0,35.19682871296625,0.0,0.0
1986-07-20T13:30:00,demo_final_july_week,mcp,26.10675794740227,27.698371016878628,26.433062071933893,26.499701426742355,23.803942203254177,0.0,0.0,0.0,0.0,0.0,29.15,14.5,22.0,0.0,35.19682871296625,0.0,0.0
1986-07-20T13:45:00,demo_final_july_week,mcp,26.1631129658436,27.560156824952408,26.454498592856964,26.716454114470043,23.841135046422952,0.0,0.0,0.0,0.0,0.0,29.275,14.5,22.0,0.0,35.19682871296625,0.0,0.0
1986-07-20T14:00:00,demo_final_july_week,mcp,26.219364014820535,27.435977701024274,26.471527784698186,26.969927129254643,23.877515696228688,0.0,0.0,0.0,0.0,0.0,29.4,14.5,22.0,0.0,35.19682871296625,0.0,0.0
1986-07-20T14:15:00,demo_final_july_week,mcp,26.271668993660292,27.32270643423258,26.481927946909963,27.255897311374866,23.913138547400912,0.0,0.0,0.0,0.0,0.0,29.4,14.5,22.0,0.0,35.19682871296625,0.0,0.0
1986-07-20T14:38:00,demo_final_july_week,mcp,26.32851427461851,27.199592856151487,26.487354523233304,27.63576089065265,23.95345239304189,0.0,0.0,0.0,0.0,0.0,29.4,14.5,22.0,0.0,35.19682871296625,0.0,0.0
1986-07-20T14:53:00,demo_final_july_week,mcp,26.37308912477021,27.10252648178764,26.48723299712204,27.98557431218505,23.989420493153755,0.0,0.0,0.0,0.0,0.0,29.4,14.5,22.0,0.0,35.19682871296625,0.0,0.0
1986-07-20T15:08:00,demo_final_july_week,mcp,26.41178665839208,27.015097014003963,26.483485026196117,28.336052544621193,24.02274606974093,0.0,0.0,0.0,0.0,0.0,29.4,14.5,22.0,0.0,35.19682871296625,0.0,0.0
1986-07-20T15:23:00,demo_final_july_week,mcp,26.441403424046516,26.929950602851903,26.47112066376901,28.67977314787301,24.053903160593833,0.0,0.0,0.0,0.0,0.0,29.275,14.5,22.0,0.0,35.19682871296625,0.0,0.0
1986-07-20T15:38:00,demo_final_july_week,mcp,26.46342954456385,26.847992706151075,26.45242463545651,29.012638622139814,24.08276554207651,0.0,0.0,0.0,0.0,0.0,29.15,14.5,22.0,0.0,35.19682871296625,0.0,0.0
1986-07-20T15:45:00,demo_final_july_week,mcp,26.468348701665615,26.77749890917438,26.42578877797087,29.2426797450245,24.10310205632712,0.0,0.0,0.0,0.0,0.0,29.025,14.5,22.0,0.0,35.19682871296625,0.0,0.0
1986-07-20T16:00:00,demo_final_july_week,mcp,26.461281609930424,26.684666691831247,26.380910735472018,29.489380042298926,24.125856905616757,0.0,0.0,0.0,0.0,0.0,28.9,14.5,22.0,0.0,35.19682871296625,0.0,0.0
1986-07-20T16:15:00,demo_final_july_week,mcp,26.42785721866975,26.58035628673663,26.3161150635079,29.67927265029575,24.144070221050626,0.0,0.0,0.0,0.0,0.0,28.474999999999998,14.5,23.0,0.0,35.19682871296625,0.0,0.0
1986-07-20T16:30:00,demo_final_july_week,mcp,26.353110844338698,26.461377719928443,26.22975179612536,29.76903144289826,24.157113839717603,0.0,0.0,0.0,0.0,0.0,28.049999999999997,14.5,23.0,0.0,35.19682871296625,0.0,0.0
1986-07-20T16:45:00,demo_final_july_week,mcp,26.24849115182235,26.327995623446874,26.123604069634162,29.780790712552452,24.163734628771504,0.0,0.0,0.0,0.0,0.0,27.625,14.5,23.0,0.0,35.19682871296625,0.0,0.0
1986-07-20T17:00:00,demo_final_july_week,mcp,26.122522103773772,26.18167587600044,26.0003523474164,29.730177857308817,24.16279501496385,0.0,0.0,0.0,0.0,0.0,27.2,14.5,23.0,0.0,35.19682871296625,0.0,0.0
1986-07-20T17:15:00,demo_final_july_week,mcp,25.986322733460053,26.029482025149242,25.869518153853214,29.625868361299275,24.15369720119483,0.0,0.0,0.0,0.0,0.0,27.075,14.5,23.0,0.0,35.19682871296625,0.0,0.0
1986-07-20T17:30:00,demo_final_july_week,mcp,25.840391965646063,25.87159940970591,25.731840043836947,29.464730189515407,24.136190026261612,0.0,0.0,0.0,0.0,0.0,26.95,14.5,23.0,0.0,35.19682871296625,0.0,0.0
1986-07-20T17:45:00,demo_final_july_week,mcp,25.68338351519168,25.705981479043523,25.584680485080813,29.241790714018446,24.1103940272666,0.0,0.0,0.0,0.0,0.0,26.825,14.5,23.0,0.0,35.19682871296625,0.0,0.0
1986-07-20T18:08:00,demo_final_july_week,mcp,25.47478563079841,25.494559749401404,25.393175151669787,28.836063666367174,24.070185341744175,0.0,0.0,0.0,0.0,0.0,26.7,14.5,23.0,0.0,35.19682871296625,0.0,0.0
1986-07-20T18:23:00,demo_final_july_week,mcp,25.272998123773004,25.29422618031084,25.20315222792845,28.41437625552674,24.022738159230236,0.0,0.0,0.0,0.0,0.0,26.275,14.5,23.0,0.0,35.19682871296625,0.0,0.0
1986-07-20T18:38:00,demo_final_july_week,mcp,25.070678481626963,25.090235499041174,25.00663562016686,27.961957383916,23.96842526440051,0.0,0.0,0.0,0.0,0.0,25.85,14.5,23.0,0.0,35.19682871296625,0.0,0.0
1986-07-20T18:53:00,demo_final_july_week,mcp,24.872871269269233,24.88810875142874,24.810203977196224,27.555506040398388,23.907028571088773,0.0,0.0,0.0,0.0,0.0,25.425,14.5,23.0,0.0,35.19682871296625,0.0,0.0
1986-07-20T19:08:00,demo_final_july_week,mcp,24.6717719810686,24.68518172918789,24.611422267728575,27.10528494686737,23.839662315679856,0.0,0.0,0.0,0.0,0.0,25.0,14.5,23.0,0.0,35.19682871296625,0.0,0.0
1986-07-20T19:23:00,demo_final_july_week,mcp,24.47653992424072,24.4868203207649,24.416749628318502,26.644090664162796,23.767168987985123,0.0,0.0,0.0,0.0,0.0,24.725,14.5,23.0,0.0,35.19682871296625,0.0,0.0
1986-07-20T19:38:00,demo_final_july_week,mcp,24.28144104033711,24.285252190736898,24.217708018607475,26.123565715154474,23.69026254814742,0.0,0.0,0.0,0.0,0.0,24.45,14.5,23.0,0.0,35.19682871296625,0.0,0.0
1986-07-20T19:53:00,demo_final_july_week,mcp,24.101708345352662,24.102475637220927,24.037251065440984,25.67985368534208,23.609642825073202,0.0,0.0,0.0,0.0,0.0,24.174999999999997,14.5,23.0,0.0,35.19682871296625,0.0,0.0
1986-07-20T20:08:00,demo_final_july_week,mcp,23.935389410714347,23.935294756699996,23.872693169852692,25.30109706100062,23.52713872703189,0.0,0.0,0.0,0.0,0.0,23.9,14.5,23.0,0.0,35.19682871296625,0.0,0.0
1986-07-20T20:23:00,demo_final_july_week,mcp,23.773269215518503,23.77501986417559,23.71377769990942,24.956343321641874,23.444515686667863,0.0,0.0,0.0,0.0,0.0,23.474999999999998,14.5,23.0,0.0,35.19682871296625,0.0,0.0
1986-07-20T20:38:00,demo_final_july_week,mcp,23.61653638654903,23.621949625388442,23.560922107195207,24.643632704106956,23.362788590097214,0.0,0.0,0.0,0.0,0.0,23.049999999999997,14.5,23.0,0.0,35.19682871296625,0.0,0.0
1986-07-20T20:45:00,demo_final_july_week,mcp,23.49804374479421,23.50633301290833,23.44566391173016,24.417673989716874,23.300546764179863,0.0,0.0,0.0,0.0,0.0,22.625,14.5,23.0,0.0,35.19682871296625,0.0,0.0
1986-07-20T21:00:00,demo_final_july_week,mcp,23.355652435197694,23.368926970125106,23.307213048871912,24.15941973945459,23.223209390377193,0.0,0.0,0.0,0.0,0.0,22.2,14.5,23.0,0.0,35.19682871296625,0.0,0.0
1986-07-20T21:15:00,demo_final_july_week,mcp,23.21996690828536,23.237975313651212,23.17483669297712,23.924931067956464,23.148565520024377,0.0,0.0,0.0,0.0,0.0,21.799999999999997,14.5,23.0,0.0,35.19682871296625,0.0,0.0
1986-07-20T21:30:00,demo_final_july_week,mcp,23.08839500377789,23.110776148467583,23.045940973303537,23.707443938398896,23.075733319545215,0.0,0.0,0.0,0.0,0.0,21.4,14.5,23.0,0.0,35.19682871296625,0.0,0.0
1986-07-20T21:45:00,demo_final_july_week,mcp,22.960262164377724,22.98682981135573,22.92001936993726,23.504598153592852,23.0044037014063,0.0,0.0,0.0,0.0,0.0,21.0,14.5,23.0,0.0,35.19682871296625,0.0,0.0
1986-07-20T22:00:00,demo_final_july_week,mcp,22.835599752254097,22.86622130474105,22.79720572458287,23.315350730665305,22.93460226346736,0.0,0.0,0.0,0.0,0.0,20.6,14.5,23.0,0.0,35.19682871296625,0.0,0.0
1986-07-20T22:15:00,demo_final_july_week,mcp,22.721397599666147,22.754320110265596,22.684351208781862,23.143913874388605,22.866423106205243,0.0,0.0,0.0,0.0,0.0,20.450000000000003,14.5,23.0,0.0,35.19682871296625,0.0,0.0
1986-07-20T22:30:00,demo_final_july_week,mcp,22.617299830249202,22.65066978617785,22.581175818607363,22.988655584775415,22.800089848410423,0.0,0.0,0.0,0.0,0.0,20.3,14.5,23.0,0.0,35.19682871296625,0.0,0.0
1986-07-20T22:45:00,demo_final_july_week,mcp,22.520129792438926,22.552870025229655,22.48463576112322,22.8461097388441,22.73566200352337,0.0,0.0,0.0,0.0,0.0,20.15,14.5,23.0,0.0,35.19682871296625,0.0,0.0
1986-07-20T23:00:00,demo_final_july_week,mcp,22.42798907945327,22.459670978582768,22.392912437319605,22.71411418822361,22.67320625749081,0.0,0.0,0.0,0.0,0.0,20.0,14.5,23.0,0.0,35.19682871296625,0.0,0.0
1986-07-20T23:15:00,demo_final_july_week,mcp,22.343813662463674,22.373560913418718,22.308798668935882,22.59435900027343,22.612813708223367,0.0,0.0,0.0,0.0,0.0,20.0,14.5,23.0,0.0,35.19682871296625,0.0,0.0
1986-07-20T23:30:00,demo_final_july_week,mcp,22.267207557015556,22.294180385918565,22.231954898798442,22.485786919661173,22.554577360727283,0.0,0.0,0.0,0.0,0.0,20.0,17.5,26.0,0.0,35.19682871296625,0.0,0.0
1986-07-20T23:45:00,demo_final_july_week,mcp,22.196500006449217,22.22024023476327,22.16082951703115,22.38651843446836,22.49857014781061,0.0,0.0,0.0,0.0,0.0,20.0,17.5,26.0,0.0,35.19682871296625,0.0,0.0
1986-07-21T00:00:00,demo_final_july_week,mcp,22.13059631560368,22.150972863941988,22.09440229898414,22.295275679425608,22.44483577101882,0.0,0.0,0.0,0.0,0.0,20.0,17.5,26.0,0.0,35.19682871296625,0.0,0.0
