timestamp,run_id,mode,zone_temp_c_SPACE1-1,zone_temp_c_SPACE2-1,zone_temp_c_SPACE3-1,zone_temp_c_SPACE4-1,zone_temp_c_SPACE5-1,zone_occupant_count_SPACE1-1,zone_occupant_count_SPACE2-1,zone_occupant_count_SPACE3-1,zone_occupant_count_SPACE4-1,zone_occupant_count_SPACE5-1,outdoor_temp_c,heating_setpoint_c,cooling_setpoint_c,hvac_electricity_interval_kwh,hvac_electricity_cumulative_kwh,hvac_gas_interval_kwh,hvac_gas_cumulative_kwh
1986-01-01T00:15:00,extended_january,mcp,18.00005069313227,17.999636458275877,18.00053582321405,18.000332414971446,19.21535888179484,0.0,0.0,0.0,0.0,0.0,-4.324999999999999,18.0,27.0,0.09183615471624539,0.09183615471624539,0.3137010863543225,0.3137010863543225
1986-01-01T00:30:00,extended_january,mcp,18.00028596009076,17.999896128965318,17.999717888827444,18.001145013210575,19.15459619889903,0.0,0.0,0.0,0.0,0.0,-6.949999999999999,18.0,27.0,0.09183615471624539,0.18367230943249077,0.46218742667347695,0.7758885130277995
1986-01-01T00:45:00,extended_january,mcp,17.999766679767898,18.00089569906179,18.00062007667359,18.001354295874812,19.093035416692025,0.0,0.0,0.0,0.0,0.0,-9.575,18.0,27.0,0.09183615471624539,0.27550846414873614,0.6321391962354584,1.408027709263258
1986-01-01T01:00:00,extended_january,mcp,18.000353953226423,18.000399167690883,18.000016205112146,17.999793757909053,19.03154876292942,0.0,0.0,0.0,0.0,0.0,-12.2,18.0,27.0,0.09183615471624539,0.36734461886498154,0.8123576337222712,2.220385342985529
1986-01-01T01:15:00,extended_january,mcp,17.99956347757306,18.00058167516212,18.00068421949822,17.999039189648528,18.981825941846477,0.0,0.0,0.0,0.0,0.0,-12.075,18.0,27.0,0.09183615471624539,0.45918077358122694,0.8693295689473275,3.0897149119328566
1986-01-01T01:38:00,extended_january,mcp,17.503088218016472,17.50847740046479,17.502433443392146,17.508350760069924,18.931577147873277,0.0,0.0,0.0,0.0,0.0,-11.95,17.5,26.5,0.09183615471624539,0.5510169282974723,0.1937049593366557,3.2834198712695124
1986-01-01T01:45:00,extended_january,mcp,17.50065643482277,17.501295176217273,17.499412500389013,17.500504473756013,18.899748563638244,0.0,0.0,0.0,0.0,0.0,-11.825,17.5,26.5,0.09183615471624539,0.6428530830137177,0.546336375979871,3.8297562472493833
1986-01-01T02:00:00,extended_january,mcp,17.50056461277391,17.500806438628477,17.500465175493282,17.499910992990053,18.858091822774117,0.0,0.0,0.0,0.0,0.0,-11.7,17.5,26.5,0.09183615471624539,0.7346892377299631,0.5043995495016892,4.334155796751072
1986-01-01T02:15:00,extended_january,mcp,17.499238404221305,17.498925830133707,17.498998221343857,17.499555903081514,18.8212465408782,0.0,0.0,0.0,0.0,0.0,-11.549999999999999,17.5,26.5,0.09183615471624539,0.8265253924462085,0.595390914017032,4.929546710768104
1986-01-01T02:30:00,extended_january,mcp,17.50063796426037,17.499467674289072,17.49924227002753,17.500235549814523,18.78912236556455,0.0,0.0,0.0,0.0,0.0,-11.399999999999999,17.5,26.5,0.09183615471624539,0.9183615471624539,0.6605958887939525,5.590142599562057
1986-01-01T02:45:00,extended_january,mcp,17.499285558795478,17.501301700100676,17.49974536343969,17.50096734276525,18.760320025784292,0.0,0.0,0.0,0.0,0.0,-11.25,17.5,26.5,0.09183615471624539,1.0101977018786992,0.7016292547942828,6.29177185435634
1986-01-01T03:00:00,extended_january,mcp,17.500040917880018,17.498948126229866,17.500449968800346,17.49975990989778,18.73422484779538,0.0,0.0,0.0,0.0,0.0,-11.1,17.5,26.5,0.09183615471624539,1.1020338565949446,0.7344300322596202,7.026201886615961
1986-01-01T03:15:00,extended_january,mcp,17.501015933261424,17.49932190444502,17.49958405565023,17.50018812812264,18.700362464657694,0.0,0.0,0.0,0.0,0.0,-11.1,17.5,26.5,0.09183615471624539,1.19387001131119,0.7854516405778585,7.811653527193819
1986-01-01T03:30:00,extended_january,mcp,17.500079229295903,17.498730772781606,17.500101354185986,17.500996992775512,18.661271058736716,0.0,0.0,0.0,0.0,0.0,-11.1,17.5,26.5,0.09183615471624539,1.2857061660274354,0.8291814181517471,8.640834945345565
1986-01-01T03:45:00,extended_january,mcp,17.5010001922484,17.499328366723464,17.499858931564646,17.499661595445836,18.62261023302122,0.0,0.0,0.0,0.0,0.0,-11.1,17.5,26.5,0.09183615471624539,1.3775423207436808,0.8672036821456658,9.508038627491231
1986-01-01T04:00:00,extended_january,mcp,17.499932960180086,17.500689001005373,17.49994728585764,17.499580920235566,18.58711299438057,0.0,0.0,0.0,0.0,0.0,-11.1,17.5,26.5,0.09183615471624539,1.4693784754599262,0.9012040803818807,10.409242707873112
1986-01-01T04:15:00,extended_january,mcp,17.5002855808321,17.499753406078437,17.49886222865588,17.50058099763012,18.55954667399,0.0,0.0,0.0,0.0,0.0,-10.975,17.5,26.5,0.09183615471624539,1.5612146301761716,0.9177053210161809,11.326948028889293
1986-01-01T04:30:00,extended_january,mcp,17.500921282007756,17.498487435273475,17.500428800137225,17.50067913313481,18.537459689813392,0.0,0.0,0.0,0.0,0.0,-10.85,17.5,26.5,0.09183615471624539,1.653050784892417,0.934551136772638,12.261499165661931
1986-01-01T04:45:00,extended_january,mcp,17.499865814228933,17.49845263762013,17.50025036565399,17.501034521287,18.518148329476944,0.0,0.0,0.0,0.0,0.0,-10.725,17.5,26.5,0.09183615471624539,1.7448869396086624,0.9463652861084871,13.207864451770417
1986-01-01T05:00:00,extended_january,mcp,17.500917560015328,17.49994727435875,17.49908289895665,17.500313052459727,18.500630899683514,0.0,0.0,0.0,0.0,0.0,-10.6,17.5,26.5,0.09183615471624539,1.8367230943249078,0.9699984783050796,14.177862930075497
1986-01-01T05:15:00,extended_january,mcp,17.49967550095019,17.501038171989777,17.500869257583524,17.500062683513594,18.484243906538524,0.0,0.0,0.0,0.0,0.0,-10.6,17.5,26.5,0.09183615471624539,1.9285592490411532,0.9960702928674431,15.17393322294294
1986-01-01T05:30:00,extended_january,mcp,17.499045581757382,17.499760211261325,17.50044899361469,17.498412054294292,18.46898998953818,0.0,0.0,0.0,0.0,0.0,-10.6,17.5,26.5,0.09183615471624539,2.0203954037573983,1.0142266918233294,16.18815991476627
1986-01-01T05:45:00,extended_january,mcp,17.499806125696086,17.49990229815289,17.50053296520243,17.49842121571276,18.45492459584592,0.0,0.0,0.0,0.0,0.0,-10.6,17.5,26.5,0.09183615471624539,2.1122315584736437,1.0308477391402933,17.219007653906562
1986-01-01T06:00:00,extended_january,mcp,17.499218161210926,17.4993938499603,17.499660846552,17.50006651087794,18.441988018932747,0.0,0.0,0.0,0.0,0.0,-10.6,17.5,26.5,0.09183615471624539,2.204067713189889,1.04238516528344,18.261392819190004
1986-01-01T06:15:00,extended_january,mcp,17.50255426721868,17.50257611458187,17.503090123196287,17.501989471450724,18.411417549508045,0.0,0.0,0.0,0.0,0.0,-10.6,17.5,26.5,0.09183615471624539,2.2959038679061345,6.280043190435657,24.54143600962566
1986-01-01T06:30:00,extended_january,mcp,17.503187639953897,17.50250902993247,17.501366502475058,17.50326759739756,18.39551951930324,0.0,0.0,0.0,0.0,0.0,-10.6,17.5,26.5,0.09183615471624539,2.38774002262238,3.6495179264013817,28.190953936027043
1986-01-01T06:45:00,extended_january,mcp,17.50203473588811,17.501827558601395,17.500811952878827,17.50154521329095,18.381693235623747,0.0,0.0,0.0,0.0,0.0,-10.6,17.5,26.5,0.09183615471624539,2.4795761773386253,3.457571363805457,31.6485252998325
1986-01-01T07:00:00,extended_january,mcp,17.500641938633947,17.501785639990512,17.500304842666377,17.500549086144762,18.364497626624026,0.0,0.0,0.0,0.0,0.0,-10.6,17.5,26.5,0.09183615471624539,2.5714123320548707,3.4681672230609486,35.116692522893445
1986-01-01T07:15:00,extended_january,mcp,17.50198979663748,17.500374115283282,17.50142669708576,17.50105187579193,18.355656339068833,0.0,0.0,0.0,0.0,0.0,-10.45,17.5,26.5,0.09183615471624539,2.663248486771116,3.4465744579903643,38.56326698088381
1986-01-01T07:30:00,extended_january,mcp,17.50135020693517,17.500580274435382,17.501533755357134,17.500702839950534,18.35447871118304,0.0,0.0,0.0,0.0,0.0,-10.3,17.5,26.5,0.09183615471624539,2.7550846414873615,3.392748011724837,41.956014992608644
1986-01-01T07:45:00,extended_january,mcp,17.50121567524035,17.500037857023358,17.5014765136276,17.50012451338297,18.357669947648848,0.0,0.0,0.0,0.0,0.0,-10.15,17.5,26.5,0.09183615471624539,2.846920796203607,3.2773454801036297,45.23336047271227
1986-01-01T08:00:00,extended_january,mcp,17.501334183137345,17.58340627888195,17.499838973473278,17.4999074487089,18.364544413455928,0.0,0.0,0.0,0.0,0.0,-10.0,17.5,26.5,0.09183615471624539,2.9387569509198523,3.1637825451383925,48.39714301785067
1986-01-01T08:19:00,extended_january,mcp,17.89685154080426,19.07981417634231,17.90942698325575,17.843249969568223,19.60885728604178,11.0,5.0,11.0,5.0,20.0,-9.725,17.5,26.5,0.09183615471624539,3.0305931056360977,2.49969260383272,50.89683562168339
1986-01-01T08:32:00,extended_january,mcp,20.00068188627634,20.000274320926057,20.00103373266896,20.00069322761212,20.189564257520363,11.0,5.0,11.0,5.0,20.0,-9.45,20.0,26.0,0.09183615471624534,3.122429260352343,4.646335391901668,55.54317101358505
1986-01-01T08:53:00,extended_january,mcp,20.00019792189547,20.50894774300864,20.000598735898063,19.999076791857693,20.538034613742443,11.0,5.0,11.0,5.0,20.0,-9.175,20.0,26.0,0.09183615471624539,3.2142654150685885,3.2618100453422074,58.80498105892726
1986-01-01T09:08:00,extended_january,mcp,20.000936421581848,21.01217005952888,20.0016057780453,20.001912015954595,20.760543822083328,11.0,5.0,11.0,5.0,20.0,-8.9,20.0,26.0,0.09183615471624539,3.306101569784834,3.144510629835691,61.949491688762954
1986-01-01T09:20:00,extended_january,mcp,20.000539741594547,21.915420910516364,20.00076166478658,20.001260437260246,21.434406684194098,11.0,5.0,11.0,5.0,20.0,-8.350000000000001,20.0,26.0,0.09183615471624539,3.3979377245010793,2.605622805449518,64.55511449421248
1986-01-01T09:35:00,extended_january,mcp,20.016700793366898,22.451563420121555,20.00101222103973,20.00160573776322,21.77672510119704,11.0,5.0,11.0,5.0,20.0,-7.800000000000001,20.0,26.0,0.09183615471624539,3.4897738792173247,2.3601287470735564,66.91524324128603
1986-01-01T09:53:00,extended_january,mcp,20.226135382670204,22.881099018388785,20.000308337480227,20.000012728735705,21.98812684735659,11.0,5.0,11.0,5.0,20.0,-7.25,20.0,26.0,0.09183615471624539,3.58161003393357,2.2251312845942253,69.14037452588026
1986-01-01T10:08:00,extended_january,mcp,20.493693348487056,23.23029962382627,20.00928156619695,20.000248704708905,22.134335106748956,11.0,5.0,11.0,5.0,20.0,-6.7,20.0,26.0,0.09183615471624539,3.6734461886498155,2.117240447252661,71.25761497313292
1986-01-01T10:23:00,extended_january,mcp,20.834378272097236,23.572108994102347,20.139447982614108,20.000789997654596,22.308316488707618,11.0,5.0,11.0,5.0,20.0,-6.275,20.0,26.0,0.09183615471624539,3.765282343366061,2.0474427647452553,73.30505773787817
1986-01-01T10:38:00,extended_january,mcp,21.190519973058198,23.875752355418605,20.29909099747895,20.00752008450694,22.47670386852426,11.0,5.0,11.0,5.0,20.0,-5.85,20.0,26.0,0.09183615471624539,3.8571184980823063,1.9844543581064242,75.28951209598459
1986-01-01T10:53:00,extended_january,mcp,21.550541977913966,24.06793882563589,20.477433498580766,20.099172120348467,22.63002568217512,11.0,5.0,11.0,5.0,20.0,-5.425,20.0,26.0,0.09183615471624539,3.9489546527985517,1.9354986604286293,77.22501075641323
1986-01-01T11:08:00,extended_january,mcp,21.87517223009251,24.17815877657334,20.66498379651141,20.23416648681636,22.774277515806972,11.0,5.0,11.0,5.0,20.0,-5.0,20.0,26.0,0.09183615471624539,4.040790807514797,1.8899019863469273,79.11491274276015
1986-01-01T11:15:00,extended_january,mcp,22.01046237497203,24.118446809575644,20.708796216168928,20.237389329032105,22.78809521212882,8.8,4.0,8.8,4.0,16.0,-4.575,20.0,26.0,0.09183615471624539,4.132626962231042,1.8481932469538167,80.96310598971397
1986-01-01T11:30:00,extended_january,mcp,22.218324982314602,24.04533323598439,20.784165217138366,20.29275134365596,22.820810453558742,8.8,4.0,8.8,4.0,16.0,-4.15,20.0,26.0,0.09183615471624539,4.224463116947287,1.8027319542196067,82.76583794393358
1986-01-01T11:45:00,extended_january,mcp,22.41886496454535,23.926202931821287,20.889581028730504,20.386365727794225,22.88569906725366,8.8,4.0,8.8,4.0,16.0,-3.7249999999999996,20.0,25.5,0.09183615471624539,4.316299271663532,1.7580388385719323,84.52387678250551
1986-01-01T12:00:00,extended_january,mcp,22.542507897973323,23.72544263523468,21.001029354346375,20.483938032526442,22.97630186690142,8.8,4.0,8.8,4.0,16.0,-3.3,20.0,25.5,0.09183615471624539,4.4081354263797765,1.713735186622096,86.23761196912761
1986-01-01T12:23:00,extended_january,mcp,22.32188744905066,23.18713251019169,20.80319055490826,20.293334232265618,22.782392486153636,4.4,2.0,4.4,2.0,8.0,-3.0249999999999995,20.0,25.5,0.09183615471624539,4.4999715810960215,1.6810376417123822,87.91864961083999
1986-01-01T12:38:00,extended_january,mcp,22.146286982361,22.808925294466263,20.741861252318454,20.293735931415316,22.699449423031965,4.4,2.0,4.4,2.0,8.0,-2.75,20.0,25.5,0.09183615471624539,4.591807735812266,1.6552446245384953,89.57389423537849
1986-01-01T12:53:00,extended_january,mcp,22.083219405932248,22.53179140393639,20.766501983023876,20.32468075391687,22.697099626010342,4.4,2.0,4.4,2.0,8.0,-2.475,20.0,25.5,0.09183615471624539,4.683643890528511,1.6269369315704465,91.20083116694893
1986-01-01T13:00:00,extended_january,mcp,22.050954024813407,22.336266684059684,20.794014353241014,20.34881111311788,22.71051473648516,4.4,2.0,4.4,2.0,8.0,-2.2,20.0,25.5,0.09183615471624539,4.775480045244756,1.6001699968776746,92.8010011638266
1986-01-01T13:15:00,extended_january,mcp,22.193239829356582,22.298688005108044,21.048563936020283,20.546353425068148,22.93708643558618,8.8,4.0,8.8,4.0,16.0,-1.9250000000000003,20.0,25.5,0.09183615471624539,4.867316199961001,1.5716709657031234,94.37267212952972
1986-01-01T13:30:00,extended_january,mcp,22.305169899229373,22.25043981927378,21.27398071877056,20.724988763786868,23.155696772092142,8.8,4.0,8.8,4.0,16.0,-1.6500000000000001,20.0,25.5,0.09183615471624539,4.959152354677246,1.5416567232563807,95.9143288527861
1986-01-01T13:45:00,extended_january,mcp,22.34374155991104,22.139011835201615,21.39454739936688,20.819426299443656,23.29136072836272,8.8,4.0,8.8,4.0,16.0,-1.375,20.0,25.5,0.09183615471624539,5.050988509393491,1.5128227460127437,97.42715159879884
1986-01-01T14:00:00,extended_january,mcp,22.357563353502883,22.01326507263683,21.459361506090378,20.870896743621064,23.3807575946463,8.8,4.0,8.8,4.0,16.0,-1.1,20.0,25.5,0.09183615471624539,5.142824664109736,1.485076274994201,98.91222787379304
1986-01-01T14:15:00,extended_january,mcp,22.455003791382985,21.95389194091598,21.56037194954703,20.972511905158406,23.505074606860187,11.0,5.0,11.0,5.0,20.0,-1.1,20.0,25.5,0.09183615471624539,5.234660818825981,1.4808288812847676,100.39305675507781
1986-01-01T14:30:00,extended_january,mcp,22.55107527815977,21.899289913171177,21.64364406615122,21.061422160044614,23.625942213376966,11.0,5.0,11.0,5.0,20.0,-1.1,20.0,25.5,0.09183615471624539,5.326496973542226,1.478078281282665,101.87113503636047
1986-01-01T14:45:00,extended_january,mcp,22.589772450936067,21.831539885805537,21.69185424929584,21.120520962160374,23.719655524066084,11.0,5.0,11.0,5.0,20.0,-1.1,20.0,25.5,0.09183615471624539,5.418333128258471,1.4758983903992329,103.34703342675971
1986-01-01T15:00:00,extended_january,mcp,22.582899780238506,21.760800980974924,21.710227168006572,21.16153672027455,23.797104463302155,11.0,5.0,11.0,5.0,20.0,-1.1,20.0,25.5,0.09183615471624539,5.510169282974716,1.4751320357419155,104.82216546250163
1986-01-01T15:15:00,extended_january,mcp,22.4958289289104,21.646281409091767,21.671217330978926,21.1448443714013,23.807755070277665,11.0,5.0,11.0,5.0,20.0,-1.1,20.0,25.5,0.09183615471624539,5.602005437690961,1.473593514132638,106.29575897663426
1986-01-01T15:30:00,extended_january,mcp,22.369548985992456,21.55119086979191,21.637966273743814,21.12253280544421,23.825126094705976,11.0,5.0,11.0,5.0,20.0,-1.1,20.0,25.5,0.09183615471624539,5.693841592407206,1.4724877924229856,107.76824676905724
1986-01-01T15:45:00,extended_january,mcp,22.271946713510676,21.485936240744387,21.62420263645128,21.117193843451826,23.86179560225464,11.0,5.0,11.0,5.0,20.0,-1.1,20.0,25.5,0.09183615471624539,5.785677747123451,1.4719466481212402,109.24019341717849
1986-01-01T16:00:00,extended_january,mcp,22.191798559003896,21.433919799401483,21.61746664055097,21.116096639045992,23.90667223169296,11.0,5.0,11.0,5.0,20.0,-1.1,20.0,25.5,0.09183615471624539,5.877513901839696,1.4715802447828803,110.71177366196137
1986-01-01T16:15:00,extended_january,mcp,22.001160403572623,21.277266621715267,21.506382877497796,20.998512557382117,23.829531405560324,11.0,5.0,11.0,5.0,20.0,-1.1,20.0,25.5,0.09183615471624539,5.969350056555941,1.4710517833705457,112.18282544533191
1986-01-01T16:30:00,extended_january,mcp,21.805497415847483,21.144512463385585,21.4062591836787,20.88703148970845,23.763768957261775,11.0,5.0,11.0,5.0,20.0,-1.1,20.0,25.5,0.09183615471624539,6.061186211272186,1.4707200614670628,113.65354550679898
1986-01-01T16:45:00,extended_january,mcp,21.675902001449163,21.07211865116058,21.358140127128433,20.83141960348213,23.746474384702207,11.0,5.0,11.0,5.0,20.0,-1.1,20.0,25.5,0.09183615471624539,6.153022365988431,1.471173910086718,115.1247194168857
1986-01-01T17:00:00,extended_january,mcp,21.594377929345562,21.03078061339533,21.340053611381812,20.806795833545525,23.755262677548306,11.0,5.0,11.0,5.0,20.0,-1.1,20.0,25.5,0.09183615471624539,6.244858520704676,1.4712533694051657,116.59597278629086
1986-01-01T17:15:00,extended_january,mcp,21.518570689692442,20.983967014669275,21.31707536312041,20.775463609842078,23.756407253225213,11.0,5.0,11.0,5.0,20.0,-1.25,20.0,25.5,0.09183615471624539,6.336694675420921,1.4850010444537436,118.0809738307446
1986-01-01T17:30:00,extended_january,mcp,21.442696755602515,20.932001618910416,21.286952107208364,20.73673298255415,23.747032028424407,11.0,5.0,11.0,5.0,20.0,-1.4,20.0,25.5,0.09183615471624539,6.4285308301371655,1.4998051802484547,119.58077901099306
1986-01-01T17:45:00,extended_january,mcp,21.37237804764465,20.883859203266617,21.256610230403385,20.69972176299963,23.734054275768475,11.0,5.0,11.0,5.0,20.0,-1.5499999999999998,20.0,25.5,0.09183615471624539,6.5203669848534105,1.5153536356477821,121.09613264664084
1986-01-01T18:00:00,extended_january,mcp,21.309338873214347,20.84135023396318,21.22804942838106,20.66664959850553,23.721069492190296,11.0,5.0,11.0,5.0,20.0,-1.7,20.5,24.5,0.09183615471624539,6.612203139569655,1.5299483454127971,122.62608099205363
1986-01-01T18:23:00,extended_january,mcp,20.679996056475197,20.502662640525088,20.62664168965356,20.502602565558043,23.081206225834798,5.5,2.5,5.5,2.5,10.0,-1.825,20.5,24.5,0.09183615471624539,6.7040392942859,1.6212670470479247,124.24734803910155
1986-01-01T18:38:00,extended_january,mcp,20.50228635530794,20.501113641336136,20.501033130347274,20.50265745471199,22.665272874445797,5.5,2.5,5.5,2.5,10.0,-1.9500000000000002,20.5,24.5,0.09183615471624539,6.795875449002145,1.8259187047693175,126.07326674387087
1986-01-01T18:53:00,extended_january,mcp,20.501118829825984,20.500744523702952,20.50178063939832,20.5014178474214,22.42380374512956,5.5,2.5,5.5,2.5,10.0,-2.075,20.5,24.5,0.09183615471624539,6.88771160371839,1.9889652015866413,128.0622319454575
1986-01-01T19:00:00,extended_january,mcp,20.50135263219365,20.500501706196655,20.501340214746,20.501934562633945,22.274819893669317,5.5,2.5,5.5,2.5,10.0,-2.2,20.5,24.3,0.09183615471624539,6.979547758434635,2.110442307601655,130.17267425305917
1986-01-01T19:23:00,extended_january,mcp,20.501274217893908,20.499857874383363,20.501888104013343,20.50229443138591,21.64055630279117,0.0,0.0,0.0,0.0,0.0,-1.9250000000000003,20.5,24.3,0.09183615471624539,7.07138391315088,2.561107158216354,132.73378141127552
1986-01-01T19:38:00,extended_january,mcp,20.50099200916001,20.501348480144642,20.50099094529045,20.500010390619746,21.21712230701501,0.0,0.0,0.0,0.0,0.0,-1.6500000000000001,20.5,24.3,0.09183615471624539,7.163220067867125,2.677685689249069,135.4114671005246
1986-01-01T19:53:00,extended_january,mcp,20.501338068816086,20.50048799384179,20.501198099070614,20.50130129410285,20.963076879770423,0.0,0.0,0.0,0.0,0.0,-1.375,20.5,24.3,0.09183615471624539,7.25505622258337,2.7277148199678605,138.13918192049246
1986-01-01T20:00:00,extended_january,mcp,20.50226013228081,20.498680103792317,20.50102993287658,20.500726198810238,20.81465136839734,0.0,0.0,0.0,0.0,0.0,-1.1,20.5,24.3,0.09183615471624539,7.346892377299615,2.7554035401512538,140.89458546064373
1986-01-01T20:15:00,extended_january,mcp,20.49840518203374,20.497412683170612,20.499466628061064,20.495060987011925,20.641887158433867,0.0,0.0,0.0,0.0,0.0,-1.25,20.5,24.3,0.09183615471624539,7.43872853201586,0.8974006292244345,141.79198608986815
1986-01-01T20:30:00,extended_january,mcp,20.499655113388446,20.497540875678464,20.49983717390139,20.496144465675815,20.513436575206374,0.0,0.0,0.0,0.0,0.0,-1.4,20.5,24.3,0.09183615471624539,7.530564686732105,1.0584591430120491,142.8504452328802
1986-01-01T20:45:00,extended_january,mcp,20.500088381453235,20.500263448578558,20.50009348560967,20.500407788906987,20.500980823849893,0.0,0.0,0.0,0.0,0.0,-1.5499999999999998,20.5,24.3,0.09183615471624539,7.62240084144835,1.1797770193969421,144.03022225227713
1986-01-01T21:00:00,extended_january,mcp,20.499231413029484,20.500721331297715,20.50055227435877,20.501045824952843,20.500728367282562,0.0,0.0,0.0,0.0,0.0,-1.7,20.5,24.3,0.09183615471624539,7.714236996164595,1.211148116167263,145.2413703684444
1986-01-01T21:15:00,extended_january,mcp,20.498550840074348,20.499712900981788,20.499364913374265,20.50011481939555,20.500520635953297,0.0,0.0,0.0,0.0,0.0,-1.5499999999999998,20.5,24.3,0.09183615471624539,7.80607315088084,1.421487559169027,146.66285792761343
1986-01-01T21:30:00,extended_january,mcp,20.5012201014104,20.500592653800886,20.500600614737145,20.500761170899388,20.500660052214325,0.0,0.0,0.0,0.0,0.0,-1.4,20.5,24.3,0.09183615471624539,7.897909305597085,1.5528099135022637,148.2156678411157
1986-01-01T21:45:00,extended_january,mcp,20.499695599949785,20.497661832994613,20.500691010679102,20.501144421303305,20.500642486210793,0.0,0.0,0.0,0.0,0.0,-1.25,20.5,24.3,0.09183615471624539,7.98974546031333,1.645427958453608,149.8610957995693
1986-01-01T22:00:00,extended_january,mcp,20.500048225979548,20.498815607107808,20.49891520899332,20.501171730471803,20.50036864105616,0.0,0.0,0.0,0.0,0.0,-1.1,20.5,24.3,0.09183615471624539,8.081581615029576,1.730882750013476,151.5919785495828
1986-01-01T22:15:00,extended_january,mcp,20.499330471741544,20.499551991217324,20.500837265859094,20.500151972622742,20.500516240902435,0.0,0.0,0.0,0.0,0.0,-1.25,20.5,24.3,0.09183615471624539,8.173417769745821,1.7650006623174967,153.3569792119003
1986-01-01T22:30:00,extended_january,mcp,20.501111284671037,20.50013446881111,20.5014381378658,20.499788167204226,20.500495430529227,0.0,0.0,0.0,0.0,0.0,-1.4,20.5,24.3,0.09183615471624539,8.265253924462067,1.8017055328864424,155.15868474478674
1986-01-01T22:45:00,extended_january,mcp,20.500605989015135,20.498959361201145,20.500815988445243,20.501252213567223,20.50045877595957,0.0,0.0,0.0,0.0,0.0,-1.5499999999999998,20.5,24.3,0.09183615471624539,8.357090079178313,1.8338221370421859,156.99250688182892
1986-01-01T23:00:00,extended_january,mcp,20.49842197510533,20.500629351147964,20.500461293397667,20.49833622926407,20.49945762357902,0.0,0.0,0.0,0.0,0.0,-1.7,20.5,24.3,0.09183615471624539,8.448926233894559,1.8643671338734682,158.85687401570237
1986-01-01T23:19:00,extended_january,mcp,18.837625563530626,18.9811898377829,18.85932028753177,18.97448485999484,19.93664621517812,0.0,0.0,0.0,0.0,0.0,-1.7,18.0,26.0,0.09183615471624539,8.540762388610805,0.0,158.85687401570237
1986-01-01T23:35:00,extended_january,mcp,18.544470537651506,18.722870879248802,18.563365216656376,18.71786138532219,19.817021168987488,0.0,0.0,0.0,0.0,0.0,-1.7,18.0,26.0,0.09183615471624539,8.63259854332705,0.0,158.85687401570237
1986-01-01T23:45:00,extended_january,mcp,18.407813539175063,18.592114961665484,18.42445333674534,18.588465961010954,19.73042104221667,0.0,0.0,0.0,0.0,0.0,-1.7,18.0,26.0,0.09183615471624539,8.724434698043297,0.0,158.85687401570237
1986-01-02T00:00:00,extended_january,mcp,18.250417073732237,18.437773926699723,18.264338636227293,18.434946424326263,19.62870698468755,0.0,0.0,0.0,0.0,0.0,-1.7,18.0,26.0,0.09183615471624539,8.816270852759542,0.0,158.85687401570237
1986-01-02T00:15:00,extended_january,mcp,18.113558071978336,18.297708868545552,18.126692483067103,18.29502494735245,19.550677263499097,0.0,0.0,0.0,0.0,0.0,-2.25,18.0,26.0,0.09183615471624539,8.908107007475788,0.0,158.85687401570237
1986-01-02T00:30:00,extended_january,mcp,18.00500708926847,18.165295943126026,18.004335027645418,18.16273460732837,19.481000245565358,0.0,0.0,0.0,0.0,0.0,-2.8,18.0,26.0,0.09183615471624539,8.999943162192034,0.008790405277941322,158.86566442098032
1986-01-02T00:45:00,extended_january,mcp,18.00086036296237,18.04420764576775,18.000644539671487,18.041721088794837,19.416703020501846,0.0,0.0,0.0,0.0,0.0,-3.3499999999999996,18.0,26.0,0.09183615471624539,9.09177931690828,0.08149429822839162,158.94715871920872
1986-01-02T01:00:00,extended_january,mcp,17.999339452189545,18.00343526484199,18.000572869497887,18.004617824267186,19.35795962336301,0.0,0.0,0.0,0.0,0.0,-3.9,18.0,26.0,0.09183615471624539,9.183615471624526,0.13589726736428936,159.08305598657302
1986-01-02T01:15:00,extended_january,mcp,18.000638576737472,18.00092260563077,17.99927162214741,18.000197408935605,19.296681635189785,0.0,0.0,0.0,0.0,0.0,-3.625,18.0,26.0,0.09183615471624539,9.275451626340772,0.20422104757921963,159.28727703415223
1986-01-02T01:30:00,extended_january,mcp,18.000046148413393,18.00015695852597,17.999479762845958,18.000401983045784,19.23504515260659,0.0,0.0,0.0,0.0,0.0,-3.3499999999999996,18.0,26.0,0.09183615471624539,9.367287781057017,0.2663730561256013,159.5536500902778
1986-01-02T01:45:00,extended_january,mcp,18.00019762694574,17.99858803658153,18.00027151300959,17.999465628637875,19.17644716032509,0.0,0.0,0.0,0.0,0.0,-3.0749999999999997,18.0,26.0,0.09183615471624539,9.459123935773263,0.3268574872343213,159.88050757751213
1986-01-02T02:00:00,extended_january,mcp,17.99982161930984,17.99928836853526,17.999574531320924,17.999729570385778,19.121875799624764,0.0,0.0,0.0,0.0,0.0,-2.8,18.0,26.0,0.09183615471624539,9.55096009048951,0.38162167766303645,160.26212925517518
1986-01-02T02:15:00,extended_january,mcp,18.00089099300108,18.00035181408041,18.000094294917773,17.99987809783684,19.079575302654987,0.0,0.0,0.0,0.0,0.0,-2.925,18.0,26.0,0.09183615471624539,9.642796245205755,0.4304896561949541,160.69261891137015
1986-01-02T02:30:00,extended_january,mcp,18.000003642702094,18.00050330633271,18.000339389631517,17.999024396238422,19.04694009220055,0.0,0.0,0.0,0.0,0.0,-3.05,18.0,26.0,0.09183615471624539,9.734632399922,0.4708544308294206,161.16347334219958
1986-01-02T02:45:00,extended_january,mcp,18.000500997423437,17.999224534548514,18.00000002681851,17.99961511969082,19.019632676317276,0.0,0.0,0.0,0.0,0.0,-3.175,18.0,26.0,0.09183615471624539,9.826468554638247,0.5081942779513094,161.67166762015088
1986-01-02T03:00:00,extended_january,mcp,18.000672900216962,17.99894252543405,18.000708391461224,18.00007472513616,18.99578640390855,0.0,0.0,0.0,0.0,0.0,-3.3,18.0,26.0,0.09183615471624539,9.918304709354492,0.5402308464078771,162.21189846655875
1986-01-02T03:15:00,extended_january,mcp,17.99934609231147,17.999892783536257,18.000269591787934,18.000586479050664,18.97588694072513,0.0,0.0,0.0,0.0,0.0,-3.175,18.0,26.0,0.09183615471624539,10.010140864070738,0.5548176838799893,162.76671615043875
1986-01-02T03:30:00,extended_january,mcp,17.99908045106044,18.00033474118529,18.000483899317647,18.000292543289603,18.95941254170137,0.0,0.0,0.0,0.0,0.0,-3.05,18.0,26.0,0.09183615471624539,10.101977018786984,0.5661639506469297,163.3328801010857
1986-01-02T03:45:00,extended_january,mcp,18.000862198071804,17.998838873463704,17.99967058152247,18.00086408592917,18.945621674225258,0.0,0.0,0.0,0.0,0.0,-2.925,18.0,26.0,0.09183615471624539,10.19381317350323,0.573466640840779,163.90634674192648
1986-01-02T04:00:00,extended_january,mcp,18.000201518067918,18.000316024361148,18.000448056944453,18.000575874407208,18.93404997612304,0.0,0.0,0.0,0.0,0.0,-2.8,18.0,26.0,0.09183615471624539,10.285649328219476,0.5784507731478411,164.48479751507432
1986-01-02T04:15:00,extended_january,mcp,18.000607772722557,17.99877368700175,17.999463786665935,17.999956957783287,18.911817562615035,0.0,0.0,0.0,0.0,0.0,-2.3749999999999996,18.0,26.0,0.09183615471624539,10.377485482935722,0.5935233882788795,165.0783209033532
1986-01-02T04:30:00,extended_january,mcp,17.99958559453643,17.99917019466335,18.0000072574845,18.001079874643178,18.88244103884837,0.0,0.0,0.0,0.0,0.0,-1.95,18.0,26.0,0.09183615471624539,10.469321637651968,0.6072094189417022,165.68553032229488
1986-01-02T04:45:00,extended_january,mcp,18.000157272977386,18.00028611606459,18.00057678832451,17.999383314891737,18.85172341683213,0.0,0.0,0.0,0.0,0.0,-1.525,18.0,26.0,0.09183615471624539,10.561157792368213,0.6143847422698281,166.29991506456471
1986-01-02T05:00:00,extended_january,mcp,18.000577660512988,18.000047379480815,17.99918977834984,17.999779503307277,18.822012844427974,0.0,0.0,0.0,0.0,0.0,-1.1,18.0,26.0,0.09183615471624539,10.65299394708446,0.6190307399271565,166.91894580449187
1986-01-02T05:15:00,extended_january,mcp,18.000422867248314,17.999533155637206,17.99948955608428,17.999958990898445,18.80398173327878,0.0,0.0,0.0,0.0,0.0,-1.1,18.0,26.0,0.09183615471624539,10.744830101800705,0.6158394616342454,167.5347852661261
1986-01-02T05:30:00,extended_january,mcp,18.000113115926244,17.9995438681002,17.999973845596244,17.999857525878465,18.79445145519778,0.0,0.0,0.0,0.0,0.0,-1.1,18.0,26.0,0.09183615471624539,10.836666256516951,0.6141588514841596,168.14894411761026
1986-01-02T05:45:00,extended_january,mcp,18.000234302976104,18.000311070396677,18.000470284682265,18.000236417557872,18.788678238865053,0.0,0.0,0.0,0.0,0.0,-1.1,18.0,26.0,0.09183615471624539,10.928502411233197,0.6116647361291578,168.76060885373943
1986-01-02T06:00:00,extended_january,mcp,18.000816171964125,17.999098840109326,17.99976295573879,17.998685929887014,18.78483612873524,0.0,0.0,0.0,0.0,0.0,-1.1,18.0,26.0,0.09183615471624539,11.020338565949443,0.6081362568957307,169.36874511063516
1986-01-02T06:15:00,extended_january,mcp,18.001589435773784,18.001798635321315,18.001442403716357,18.000712644258343,18.759768696331733,0.0,0.0,0.0,0.0,0.0,-0.9750000000000001,18.0,26.0,0.09183615471624539,11.112174720665688,4.084041979482696,173.45278709011785
1986-01-02T06:30:00,extended_january,mcp,18.00040185619006,17.9999009174445,18.00088331814876,17.99986900864743,18.752163997310017,0.0,0.0,0.0,0.0,0.0,-0.8500000000000001,18.0,26.0,0.09183615471624539,11.204010875381934,2.3514628106910984,175.80424990080894
1986-01-02T06:45:00,extended_january,mcp,18.000118437120918,18.0013263626058,18.001245840280696,17.999373381191855,18.75429376631193,0.0,0.0,0.0,0.0,0.0,-0.725,18.0,26.0,0.09183615471624539,11.29584703009818,2.161764201585606,177.96601410239455
1986-01-02T07:00:00,extended_january,mcp,18.001079008971875,18.00090011800914,18.00011138211801,18.000230654615592,18.757742861870167,0.0,0.0,0.0,0.0,0.0,-0.6,18.0,26.0,0.09183615471624539,11.387683184814426,2.1239235208946776,180.08993762328922
1986-01-02T07:15:00,extended_january,mcp,17.999469864596144,18.00119895451038,18.00015698103005,18.00171475423468,18.757596672276694,0.0,0.0,0.0,0.0,0.0,-0.6,18.0,26.0,0.09183615471624539,11.479519339530672,2.118184990468405,182.2081226137576
1986-01-02T07:30:00,extended_january,mcp,18.000730762193164,17.999618744111594,18.00115136071777,18.000600809210187,18.75555597926569,0.0,0.0,0.0,0.0,0.0,-0.6,18.0,26.0,0.09183615471624539,11.571355494246918,2.1065190974476953,184.3146417112053
1986-01-02T07:45:00,extended_january,mcp,18.00091897085173,17.999425788228884,17.99992837223635,18.00131627322303,18.753665334040846,0.0,0.0,0.0,0.0,0.0,-0.6,18.0,26.0,0.09183615471624539,11.663191648963164,2.085888616193016,186.40053032739831
1986-01-02T08:00:00,extended_january,mcp,18.00055449682647,18.00018979523881,17.999973427044694,17.999652999331012,18.752731389914373,0.0,0.0,0.0,0.0,0.0,-0.6,18.0,26.0,0.09183615471624539,11.75502780367941,2.0620937818006557,188.46262410919897
1986-01-02T08:20:00,extended_january,mcp,18.586250199444173,18.5625484291335,18.649057608018637,18.51374402630755,19.966234059499836,11.0,5.0,11.0,5.0,20.0,-0.44999999999999996,18.0,26.0,0.09183615471624539,11.846863958395655,1.6132160814696006,190.07584019066857
1986-01-02T08:35:00,extended_january,mcp,18.846619728313737,18.818289198671984,18.93795095570241,18.74884209367127,20.560424113570775,11.0,5.0,11.0,5.0,20.0,-0.3,18.0,26.0,0.09183615471624539,11.938700113111901,1.4808191054813047,191.5566592961499
1986-01-02T08:53:00,extended_january,mcp,19.053625033949547,19.052883515580785,19.171926469216196,18.949859817373333,20.896136321354167,11.0,5.0,11.0,5.0,20.0,-0.15,18.0,26.0,0.09183615471624539,12.030536267828147,1.450171606700727,193.00683090285062
1986-01-02T09:00:00,extended_january,mcp,19.194268366558536,19.227060609699166,19.332249332477954,19.093264048272797,21.069136885076524,11.0,5.0,11.0,5.0,20.0,0.0,18.0,26.0,0.09183615471624539,12.122372422544393,1.4326120050614517,194.43944290791208
1986-01-02T09:20:00,extended_january,mcp,20.00356454190393,20.036627666302852,20.052754225492002,20.004596603048867,21.795875828535983,11.0,5.0,11.0,5.0,20.0,0.15,20.0,26.0,0.09183615471624539,12.214208577260639,1.8509695554278793,196.29041246333995
1986-01-02T09:38:00,extended_january,mcp,20.18718572637677,20.228992908886433,20.35657722942476,20.010813392465067,22.14682621172347,11.0,5.0,11.0,5.0,20.0,0.3,20.0,26.0,0.09183615471624539,12.306044731976884,1.4454377372372358,197.73585020057718
1986-01-02T09:53:00,extended_january,mcp,20.336923675351226,20.395889571051097,20.57203743985494,20.12317034130924,22.419901717984892,11.0,5.0,11.0,5.0,20.0,0.44999999999999996,20.0,26.0,0.09183615471624539,12.39788088669313,1.381550624422101,199.11740082499927
1986-01-02T10:00:00,extended_january,mcp,20.476291936074922,20.539648737358803,20.743303864985748,20.248615568314214,22.593975858666028,11.0,5.0,11.0,5.0,20.0,0.6,20.0,26.0,0.09183615471624539,12.489717041409376,1.3600457771291123,200.47744660212837
1986-01-02T10:15:00,extended_january,mcp,20.67318212472601,20.737802470334078,20.958030564110487,20.436263380594045,22.76883366373435,11.0,5.0,11.0,5.0,20.0,0.875,20.0,26.0,0.09183615471624539,12.581553196125622,1.330518503669906,201.80796510579827
1986-01-02T10:30:00,extended_january,mcp,20.85167471235559,20.91022688719087,21.152358393856478,20.602764859879613,22.92538212027703,11.0,5.0,11.0,5.0,20.0,1.15,20.0,26.0,0.09183615471624539,12.673389350841868,1.299951575952692,203.10791668175096
1986-01-02T10:45:00,extended_january,mcp,21.02001065794224,21.068914223300467,21.33624121354634,20.759437778338068,23.068156593185147,11.0,5.0,11.0,5.0,20.0,1.4249999999999998,20.0,26.0,0.09183615471624539,12.765225505558114,1.2698979717353147,204.37781465348627
1986-01-02T11:00:00,extended_january,mcp,21.185341844458094,21.224156514055288,21.513995895017658,20.90903406076537,23.197365325806313,11.0,5.0,11.0,5.0,20.0,1.7,20.0,26.0,0.09183615471624539,12.85706166027436,1.2399937982975444,205.61780845178382
1986-01-02T11:15:00,extended_january,mcp,21.258033760934246,21.278912558523217,21.595301081071085,20.953475353476037,23.225261913059253,8.8,4.0,8.8,4.0,16.0,1.7,20.0,26.0,0.09183615471624539,12.948897814990605,1.231193334222448,206.84900178600626
1986-01-02T11:30:00,extended_january,mcp,21.350066958881584,21.35579346760571,21.690425773834345,21.018997537573416,23.26300850326003,8.8,4.0,8.8,4.0,16.0,1.7,20.0,26.0,0.09183615471624539,13.040733969706851,1.2274990213348227,208.0765008073411
1986-01-02T11:45:00,extended_january,mcp,21.470275568142196,21.46273080835983,21.809990235459903,21.11974168306675,23.33925044211032,8.8,4.0,8.8,4.0,16.0,1.7,20.0,26.0,0.09183615471624539,13.132570124423097,1.224453159181588,209.30095396652268
1986-01-02T12:00:00,extended_january,mcp,21.598220544749847,21.57092095670477,21.933428363671364,21.22651017424394,23.43459410391316,8.8,4.0,8.8,4.0,16.0,1.7,20.0,26.0,0.09183615471624539,13.224406279139343,1.2214817592197493,210.52243572574244
1986-01-02T12:15:00,extended_january,mcp,21.533620544555667,21.463689816012405,21.86032548208072,21.11938526581722,23.327130714782157,4.4,2.0,4.4,2.0,8.0,1.7,20.0,26.0,0.09183615471624539,13.316242433855589,1.2185350144980036,211.74097074024044
1986-01-02T12:30:00,extended_january,mcp,21.48932154913788,21.394814146346608,21.7986734366636,21.053976218903717,23.2371830435369,4.4,2.0,4.4,2.0,8.0,1.7,20.0,26.0,0.09183615471624539,13.408078588571835,1.2179510628773236,212.95892180311776
1986-01-02T12:45:00,extended_january,mcp,21.524945545556033,21.405458898376864,21.815646585256644,21.073291981661967,23.230576061568076,4.4,2.0,4.4,2.0,8.0,1.7,20.0,26.0,0.09183615471624539,13.49991474328808,1.2156128901492198,214.174534693267
1986-01-02T13:00:00,extended_january,mcp,21.599291409805463,21.440844290818173,21.871322735828915,21.12104512641209,23.272782514210988,4.4,2.0,4.4,2.0,8.0,1.7,20.0,26.0,0.09183615471624539,13.591750898004326,1.2142049598800622,215.38873965314704
1986-01-02T13:15:00,extended_january,mcp,21.840846078022526,21.631225771737725,22.09217416010791,21.32783486736262,23.49224351262347,8.8,4.0,8.8,4.0,16.0,1.275,20.0,26.0,0.09183615471624539,13.683587052720572,1.2455481165291984,216.63428776967623
1986-01-02T13:30:00,extended_january,mcp,22.002162533820933,21.736858712239748,22.231106222371352,21.450630112505195,23.667158097542394,8.8,4.0,8.8,4.0,16.0,0.85,20.0,26.0,0.09183615471624539,13.775423207436818,1.2828051979648714,217.9170929676411
1986-01-02T13:45:00,extended_january,mcp,22.037364295794806,21.73090753066831,22.241532990862243,21.46390392215497,23.739509853528013,8.8,4.0,8.8,4.0,16.0,0.425,20.0,26.0,0.09183615471624539,13.867259362153064,1.3223056548367702,219.2393986224779
1986-01-02T14:00:00,extended_january,mcp,22.01038163429036,21.677670663003003,22.200647287951124,21.431882931923802,23.759199183883066,8.8,4.0,8.8,4.0,16.0,0.0,20.0,26.0,0.09183615471624539,13.95909551686931,1.36306260341695,220.60246122589484
1986-01-02T14:15:00,extended_january,mcp,22.058984170277775,21.700923148029467,22.224183938520937,21.478065255902834,23.83337098381565,11.0,5.0,11.0,5.0,20.0,-0.15,20.0,26.0,0.09183615471624539,14.050931671585555,1.3795887301043042,221.98204995599914
1986-01-02T14:30:00,extended_january,mcp,22.126186430397887,21.731342282636433,22.26016031166012,21.531002823408738,23.923348389645565,11.0,5.0,11.0,5.0,20.0,-0.3,20.0,26.0,0.09183615471624539,14.142767826301801,1.3923418104760361,223.37439176647518
1986-01-02T14:45:00,extended_january,mcp,22.15652299704093,21.730592923541263,22.26812851810764,21.550414383889823,23.995360127914015,11.0,5.0,11.0,5.0,20.0,-0.44999999999999996,20.0,26.0,0.09183615471624539,14.234603981018047,1.4051432270782158,224.7795349935534
1986-01-02T15:00:00,extended_january,mcp,22.151990734621155,21.706501999239926,22.24617967333951,21.54414741607737,24.052474573872267,11.0,5.0,11.0,5.0,20.0,-0.6,20.0,26.0,0.09183615471624539,14.326440135734293,1.4191303249240563,226.19866531847745
1986-01-02T15:15:00,extended_january,mcp,22.05773801491393,21.6093207291708,22.151130303696878,21.46277080078226,24.02000320009198,11.0,5.0,11.0,5.0,20.0,-0.29999999999999993,20.0,26.0,0.09183615471624539,14.418276290450539,1.3929215489330256,227.59158686741048
1986-01-02T15:30:00,extended_january,mcp,21.954913765284115,21.513801598486612,22.045257829116338,21.3797163007112,23.974560112709927,11.0,5.0,11.0,5.0,20.0,0.0,20.0,26.0,0.09183615471624539,14.510112445166785,1.3641029877375108,228.955689855148
1986-01-02T15:45:00,extended_january,mcp,21.886861114971293,21.439716453539916,21.9668579802877,21.319742927808917,23.941792881427038,11.0,5.0,11.0,5.0,20.0,0.29999999999999993,20.0,26.0,0.09183615471624539,14.60194859988303,1.3350555358284761,230.29074539097647
1986-01-02T16:00:00,extended_january,mcp,21.839722736925072,21.373272618618387,21.893609864179282,21.268909039900425,23.915745406656193,11.0,5.0,11.0,5.0,20.0,0.6,20.0,26.0,0.09183615471624539,14.693784754599276,1.3062527215355055,231.59699811251198
1986-01-02T16:15:00,extended_january,mcp,21.63231131918889,21.171986992796892,21.69343095010061,21.08129781239082,23.741596384385783,11.0,5.0,11.0,5.0,20.0,0.6,20.0,26.0,0.09183615471624539,14.785620909315522,1.302667061428638,232.89966517394063
1986-01-02T16:30:00,extended_january,mcp,21.371814571296323,20.96874706941197,21.445614066034686,20.87304288841896,23.557729321060187,11.0,5.0,11.0,5.0,20.0,0.6,20.0,26.0,0.09183615471624539,14.877457064031768,1.3019599287630121,234.20162510270364
1986-01-02T16:45:00,extended_january,mcp,21.161732356513667,20.8157051331417,21.245929333153196,20.71296382090588,23.41109409744756,11.0,5.0,11.0,5.0,20.0,0.6,20.0,26.0,0.09183615471624539,14.969293218748014,1.3020450675059272,235.50367017020957
1986-01-02T17:00:00,extended_january,mcp,20.998577941430963,20.689787167463393,21.090680141204754,20.584888899952837,23.28450078249051,11.0,5.0,11.0,5.0,20.0,0.6,20.0,26.0,0.09183615471624539,15.06112937346426,1.3038727653482625,236.80754293555785
1986-01-02T17:15:00,extended_january,mcp,20.917328191868016,20.624555597945896,21.01615882203132,20.528374696091802,23.23258644242709,11.0,5.0,11.0,5.0,20.0,0.29999999999999993,20.0,26.0,0.09183615471624539,15.152965528180506,1.3298833971835915,238.13742633274143
1986-01-02T17:30:00,extended_january,mcp,20.891653081703463,20.600738542593017,20.996733828476724,20.507353918277996,23.240831340484153,11.0,5.0,11.0,5.0,20.0,0.0,20.0,26.0,0.09183615471624539,15.244801682896751,1.3597662569967033,239.49719258973812
1986-01-02T17:45:00,extended_january,mcp,20.891504101862008,20.595644049473023,21.00233506725788,20.497231965868206,23.279689776546114,11.0,5.0,11.0,5.0,20.0,-0.29999999999999993,20.0,26.0,0.09183615471624539,15.336637837612997,1.3902534483447664,240.88744603808289
1986-01-02T18:00:00,extended_january,mcp,20.906151151643815,20.601870785798837,21.022019864283628,20.49491097478555,23.33439148297392,11.0,5.0,11.0,5.0,20.0,-0.6,20.0,26.0,0.09183615471624539,15.428473992329243,1.4207366814326003,242.3081827195155
1986-01-02T18:23:00,extended_january,mcp,20.276336272880258,20.021359079061458,20.39252999945448,20.01585798727436,22.75034099828877,5.5,2.5,5.5,2.5,10.0,-0.29999999999999993,20.0,25.5,0.09183615471624539,15.520310147045489,1.4106964252674317,243.71887914478293
1986-01-02T18:38:00,extended_january,mcp,20.04356714621406,20.00111041838905,20.134514536751382,20.00086971498407,22.382696094502826,5.5,2.5,5.5,2.5,10.0,0.0,20.0,25.5,0.09183615471624539,15.612146301761735,1.425614192052649,245.14449333683558
1986-01-02T18:45:00,extended_january,mcp,20.00343531663094,20.00082737358414,20.00959867584015,20.00129149857318,22.186205966302296,5.5,2.5,5.5,2.5,10.0,0.29999999999999993,20.0,25.5,0.09183615471624539,15.70398245647798,1.4473255523305273,246.59181888916612
1986-01-02T19:00:00,extended_january,mcp,20.001414755595555,20.000718921934286,20.00162538338248,19.999500476626515,22.047736771915616,5.5,2.5,5.5,2.5,10.0,0.6,20.0,25.5,0.09183615471624539,15.795818611194226,1.4825446358283765,248.0743635249945
1986-01-02T19:23:00,extended_january,mcp,20.000618061138145,20.001119840974848,20.000890312355434,20.000809641632795,21.459402684599528,0.0,0.0,0.0,0.0,0.0,0.725,20.0,25.5,0.09183615471624539,15.887654765910472,1.866073823773347,249.94043734876786
1986-01-02T19:38:00,extended_january,mcp,20.001009201239384,19.999495336877434,20.001056393501813,20.00074722700609,21.04205717382191,0.0,0.0,0.0,0.0,0.0,0.8500000000000001,20.0,25.5,0.09183615471624539,15.979490920626718,2.0712812538134964,252.01171860258137
1986-01-02T19:45:00,extended_january,mcp,20.0007795426508,19.999803200012323,20.00012847899409,20.000450716162142,20.83475720593766,0.0,0.0,0.0,0.0,0.0,0.9750000000000001,20.0,25.5,0.09183615471624539,16.071327075342964,2.1582677424312107,254.16998634501257
1986-01-02T20:00:00,extended_january,mcp,20.000525133035467,20.00042147443786,20.000542630155245,20.00027031049306,20.653150830482154,0.0,0.0,0.0,0.0,0.0,1.1,20.0,25.5,0.09183615471624539,16.163163230059208,2.2164066501059065,256.38639299511846
1986-01-02T20:15:00,extended_january,mcp,19.998679522507857,19.99857742570749,20.000311457013055,19.998710818280877,20.48589894568943,0.0,0.0,0.0,0.0,0.0,1.25,20.0,25.5,0.09183615471624539,16.254999384775452,0.5740691139764477,256.9604621090949
1986-01-02T20:30:00,extended_january,mcp,19.999975549327765,19.997527969783523,19.999352972990515,20.000597307418214,20.350154463824907,0.0,0.0,0.0,0.0,0.0,1.4,20.0,25.5,0.09183615471624539,16.346835539491696,0.7250862187240411,257.68554832781894
1986-01-02T20:45:00,extended_january,mcp,20.000079621555017,19.997649495994086,19.999080112936092,19.999468254419508,20.253040105951605,0.0,0.0,0.0,0.0,0.0,1.5499999999999998,20.0,25.5,0.09183615471624539,16.43867169420794,0.8363334502428104,258.52188177806175
1986-01-02T21:00:00,extended_january,mcp,19.99993111311145,19.997491228376802,19.998682763359675,19.999742125212663,20.164888581194482,0.0,0.0,0.0,0.0,0.0,1.7,20.0,25.5,0.09183615471624539,16.530507848924184,0.9147558735289159,259.4366376515907
1986-01-02T21:15:00,extended_january,mcp,19.999627827409252,20.000680442197048,20.001167815560965,19.99854668067441,20.067629151013747,0.0,0.0,0.0,0.0,0.0,1.825,20.0,25.5,0.09183615471624539,16.62234400364043,1.009879791531538,260.4465174431222
1986-01-02T21:30:00,extended_january,mcp,19.99999352920836,19.998558694660517,20.000148599390524,20.001592926271776,20.001902128099164,0.0,0.0,0.0,0.0,0.0,1.9500000000000002,20.0,25.5,0.09183615471624539,16.714180158356672,1.0607842345511538,261.50730167767335
1986-01-02T21:45:00,extended_january,mcp,19.999399367563136,19.998268600756642,20.00028592011219,20.000517162583968,20.000137128967168,0.0,0.0,0.0,0.0,0.0,2.075,20.0,25.5,0.09183615471624539,16.806016313072917,1.1251209651254401,262.6324226427988
1986-01-02T22:00:00,extended_january,mcp,20.001188539198797,20.001417853337674,19.998343497204875,20.001061595354187,20.00006301604508,0.0,0.0,0.0,0.0,0.0,2.2,20.0,25.5,0.09183615471624539,16.89785246778916,1.1522286462750455,263.78465128907385
1986-01-02T22:15:00,extended_january,mcp,20.000391010537687,19.99877841849425,19.99897450020992,20.000963249173974,20.00001849575453,0.0,0.0,0.0,0.0,0.0,1.6500000000000001,20.0,25.5,0.09183615471624539,16.989688622505405,1.1743417664994278,264.9589930555733
1986-01-02T22:30:00,extended_january,mcp,19.99959045714676,19.998529493702904,20.000516626928654,19.99788853030888,19.999977734249416,0.0,0.0,0.0,0.0,0.0,1.1,20.0,25.5,0.09183615471624539,17.08152477722165,1.1842154727604803,266.14320852833373
1986-01-02T22:45:00,extended_january,mcp,20.000181926593964,19.999561770800156,20.000373308021608,20.00005102416531,20.00015142097681,0.0,0.0,0.0,0.0,0.0,0.55,20.0,25.5,0.09183615471624539,17.173360931937893,1.1863970275063211,267.32960555584003
1986-01-02T23:00:00,extended_january,mcp,19.99971045154524,19.998292626350228,20.001322181694064,19.999750181608377,19.999856639004616,0.0,0.0,0.0,0.0,0.0,0.0,20.0,25.5,0.09183615471624539,17.265197086654137,1.1785357470734115,268.50814130291343
1986-01-02T23:15:00,extended_january,mcp,19.999580864058817,19.999520699965572,20.00028556538581,20.000946827417955,20.000355094128746,0.0,0.0,0.0,0.0,0.0,0.0,20.0,25.5,0.09183615471624539,17.35703324137038,1.2616595323094504,269.7698008352229
1986-01-02T23:30:00,extended_january,mcp,19.999884329556302,19.998700628337623,20.00102334304269,19.99971774394303,20.000367848513743,0.0,0.0,0.0,0.0,0.0,0.0,20.0,25.5,0.09183615471624539,17.448869396086625,1.3370916791891903,271.1068925144121
1986-01-02T23:45:00,extended_january,mcp,19.99980049996814,19.99983366945259,20.001209607642462,20.00045575553909,20.00058987738526,0.0,0.0,0.0,0.0,0.0,0.0,20.0,25.5,0.09183615471624539,17.54070555080287,1.4066492367455725,272.5135417511577
1986-01-03T00:00:00,extended_january,mcp,19.99891569189272,19.99876320889937,19.999960687148896,19.9990159995342,20.000516282514006,0.0,0.0,0.0,0.0,0.0,0.0,20.0,25.5,0.09183615471624539,17.632541705519113,1.4721149885961853,273.98565673975384
1986-01-03T00:15:00,extended_january,mcp,20.001651232633918,20.000057225210163,19.998565115298106,19.99978927442567,19.999725213744078,0.0,0.0,0.0,0.0,0.0,0.0,20.0,25.5,0.09183615471624539,17.724377860235357,1.480541593665107,275.46619833341896
1986-01-03T00:30:00,extended_january,mcp,20.000577152557174,20.000346065707237,19.999842282131855,19.999416611470817,20.000175289347954,0.0,0.0,0.0,0.0,0.0,0.0,20.0,25.5,0.09183615471624539,17.8162140149516,1.4935223720328301,276.9597207054518
1986-01-03T00:45:00,extended_january,mcp,19.999901017655272,19.999869552441954,20.000061655688697,20.00211641266677,19.999866530472723,0.0,0.0,0.0,0.0,0.0,0.0,20.0,25.5,0.09183615471624539,17.908050169667845,1.5090687868539492,278.46878949230575
1986-01-03T01:00:00,extended_january,mcp,20.00126121750319,19.999808326831666,20.00104193539043,20.00019144234916,20.00010924426942,0.0,0.0,0.0,0.0,0.0,0.0,20.0,25.5,0.09183615471624539,17.99988632438409,1.5220988195391227,279.99088831184486
1986-01-03T01:15:00,extended_january,mcp,20.000146071895557,19.99956677617254,19.999287368647703,19.997749576061008,19.999287151640193,0.0,0.0,0.0,0.0,0.0,0.0,20.0,25.5,0.09183615471624539,18.091722479100333,1.5754551814983913,281.56634349334325
1986-01-03T01:30:00,extended_january,mcp,19.999831666312947,19.999025405300625,19.9982802781576,19.999877322398458,19.999408945643452,0.0,0.0,0.0,0.0,0.0,0.0,20.0,25.5,0.09183615471624539,18.183558633816578,1.627668686745231,283.19401218008846
1986-01-03T01:45:00,extended_january,mcp,20.00078516917201,20.002134104064698,19.998485064603702,19.997817646740998,20.000289416943556,0.0,0.0,0.0,0.0,0.0,0.0,20.0,25.5,0.09183615471624539,18.27539478853282,1.6704333044297015,284.86444548451817
1986-01-03T02:00:00,extended_january,mcp,19.99877190339359,20.000670115202592,19.99887313327759,19.999031189010147,20.000750328550595,0.0,0.0,0.0,0.0,0.0,0.0,20.0,25.5,0.09183615471624539,18.367230943249066,1.7141177301210957,286.57856321463925
1986-01-03T02:15:00,extended_january,mcp,20.000210805192566,20.001639893437712,19.99853734354576,19.999627886446728,19.999122684617216,0.0,0.0,0.0,0.0,0.0,0.15,20.0,25.5,0.09183615471624539,18.45906709796531,1.761393865615674,288.3399570802549
1986-01-03T02:30:00,extended_january,mcp,19.999606236218657,19.99975221060646,19.998443083707436,19.999872133555243,19.99971679280881,0.0,0.0,0.0,0.0,0.0,0.3,20.0,25.5,0.09183615471624539,18.550903252681554,1.8020292022889233,290.1419862825438
1986-01-03T02:45:00,extended_january,mcp,19.99966594234488,20.00218137295789,19.99893939841021,19.997328270294204,20.000218966192836,0.0,0.0,0.0,0.0,0.0,0.44999999999999996,20.0,25.5,0.09183615471624539,18.642739407397798,1.8458975597614597,291.9878838423053
1986-01-03T03:00:00,extended_january,mcp,19.99846234429516,20.002310551637123,20.000070725881443,20.000083701931867,19.999336097848772,0.0,0.0,0.0,0.0,0.0,0.6,20.0,25.5,0.09183615471624539,18.734575562114042,1.8822397123709287,293.8701235546762
1986-01-03T03:19:00,extended_january,mcp,18.398882207164174,18.542660964541597,18.427009622592973,18.534799480120732,19.360271137343833,0.0,0.0,0.0,0.0,0.0,0.44999999999999996,17.0,28.5,0.09183615471624539,18.826411716830286,0.0,293.8701235546762
1986-01-03T03:35:00,extended_january,mcp,18.204146843810797,18.374813261210285,18.230705280351614,18.368265958701688,19.32502072780922,0.0,0.0,0.0,0.0,0.0,0.3,17.0,28.5,0.09183615471624539,18.91824787154653,0.0,293.8701235546762
1986-01-03T03:45:00,extended_january,mcp,18.096830258356793,18.270982379962003,18.122132237248362,18.265537311197832,19.272426820052818,0.0,0.0,0.0,0.0,0.0,0.15,17.0,28.5,0.09183615471624539,19.010084026262774,0.0,293.8701235546762
1986-01-03T04:00:00,extended_january,mcp,17.966860047296937,18.142727305057647,17.99087363266742,18.13790184627237,19.2039365520328,0.0,0.0,0.0,0.0,0.0,0.0,17.0,28.5,0.09183615471624539,19.10192018097902,0.0,293.8701235546762
1986-01-03T04:15:00,extended_january,mcp,17.846480186906124,18.02474080611022,17.870799131857645,18.02008159704376,19.142932337928617,0.0,0.0,0.0,0.0,0.0,-0.275,17.0,28.5,0.09183615471624539,19.193756335695262,0.0,293.8701235546762
1986-01-03T04:30:00,extended_january,mcp,17.74029674799177,17.91642211136744,17.76426054085665,17.911956448110125,19.085848966031207,0.0,0.0,0.0,0.0,0.0,-0.55,17.0,28.5,0.09183615471624539,19.285592490411506,0.0,293.8701235546762
1986-01-03T04:45:00,extended_january,mcp,17.643306322403706,17.819901929277254,17.670836698576107,17.81560092364349,19.03362469048896,0.0,0.0,0.0,0.0,0.0,-0.8250000000000001,17.0,28.5,0.09183615471624539,19.37742864512775,0.0,293.8701235546762
1986-01-03T05:00:00,extended_january,mcp,17.559748595681327,17.732698296544168,17.58667959120752,17.72845043281218,18.986060335511667,0.0,0.0,0.0,0.0,0.0,-1.1,17.0,28.5,0.09183615471624539,19.469264799843994,0.0,293.8701235546762
1986-01-03T05:15:00,extended_january,mcp,17.4782756289424,17.64740044099698,17.50360878282075,17.643149004341748,18.936030824362586,0.0,0.0,0.0,0.0,0.0,-1.375,17.0,28.5,0.09183615471624539,19.56110095456024,0.0,293.8701235546762
1986-01-03T05:30:00,extended_january,mcp,17.397443720475653,17.564287066113973,17.421965307366285,17.56000908769921,18.88434591486577,0.0,0.0,0.0,0.0,0.0,-1.6500000000000001,17.0,28.5,0.09183615471624539,19.652937109276483,0.0,293.8701235546762
1986-01-03T05:45:00,extended_january,mcp,17.31884603801519,17.484317055903396,17.34309094854455,17.479979205272542,18.833176055630823,0.0,0.0,0.0,0.0,0.0,-1.9250000000000003,17.0,28.5,0.09183615471624539,19.744773263992727,0.0,293.8701235546762
1986-01-03T06:00:00,extended_january,mcp,17.23909314936929,17.40719642718906,17.266926899757287,17.40275438305789,18.78318477592302,0.0,0.0,0.0,0.0,0.0,-2.2,17.0,28.5,0.09183615471624539,19.83660941870897,0.0,293.8701235546762
1986-01-03T06:15:00,extended_january,mcp,17.13167805431322,17.2629383895711,17.160672817950097,17.250781610147325,18.717768678722848,0.0,0.0,0.0,0.0,0.0,-2.475,17.0,28.5,0.09183615471624539,19.928445573425215,2.104710776345774,295.97483433102195
1986-01-03T06:30:00,extended_january,mcp,17.042431142968077,17.151530455780225,17.071532028558178,17.13405608188705,18.66964561533676,0.0,0.0,0.0,0.0,0.0,-2.75,17.0,28.5,0.09183615471624539,20.02028172814146,1.7517346127132236,297.7265689437352
1986-01-03T06:45:00,extended_january,mcp,17.00271209789392,17.08652977825273,17.011231421855076,17.06797032035035,18.638580480728116,0.0,0.0,0.0,0.0,0.0,-3.0249999999999995,17.0,28.5,0.09183615471624539,20.112117882857703,1.7472123580448558,299.47378130178004
1986-01-03T07:00:00,extended_january,mcp,17.000201954686457,17.040011455697417,17.001056135398787,17.02243958472579,18.614979244672654,0.0,0.0,0.0,0.0,0.0,-3.3,17.0,28.5,0.09183615471624539,20.203954037573947,1.8029650591550999,301.27674636093514
1986-01-03T07:15:00,extended_january,mcp,16.938463586396637,16.99870235482228,16.951635818985686,16.98163342488091,18.593756427189533,0.0,0.0,0.0,0.0,0.0,-3.3,14.0,28.5,0.09183615471624539,20.29579019229019,1.777592718408155,303.05433907934326
1986-01-03T07:30:00,extended_january,mcp,16.89734150934175,17.044805197665372,16.92404799225265,16.963289935984896,18.575033322847357,0.0,0.0,0.0,0.0,0.0,-3.3,14.0,28.5,0.09183615471624539,20.387626347006435,1.7676088165905912,304.8219478959339
1986-01-03T07:45:00,extended_january,mcp,16.887013220238828,17.118690858552146,16.922981065987976,16.96022274348551,18.559678863334188,0.0,0.0,0.0,0.0,0.0,-3.3,14.0,28.5,0.09183615471624539,20.47946250172268,1.7677005500659022,306.5896484459998
1986-01-03T08:00:00,extended_january,mcp,16.893440838916163,17.202629397213148,16.939130719099165,16.968817653944836,18.548416973446095,0.0,0.0,0.0,0.0,0.0,-3.3,14.0,28.5,0.09183615471624539,20.571298656438923,1.768601052267996,308.35824949826775
1986-01-03T08:20:00,extended_january,mcp,18.0867711751717,18.362483032594803,18.168560691116504,18.07044026766189,19.747237479550193,11.0,5.0,11.0,5.0,20.0,-3.5749999999999997,14.0,28.0,0.09183615471624539,20.663134811155167,1.7892786153104234,310.1475281135782
1986-01-03T08:35:00,extended_january,mcp,18.346268900311156,18.66200903664772,18.4629204170588,18.312080838759716,20.272139040218548,11.0,5.0,11.0,5.0,20.0,-3.85,14.0,28.0,0.09183615471624539,20.75497096587141,1.8096607652556438,311.95718887883385
1986-01-03T08:53:00,extended_january,mcp,18.583727977194698,18.93688220957253,18.726073105059843,18.546726474954234,20.584116117991876,11.0,5.0,11.0,5.0,20.0,-4.125,14.0,28.0,0.09183615471624539,20.846807120587656,1.834898666560084,313.79208754539394
1986-01-03T09:00:00,extended_january,mcp,18.725894685317556,19.11273938543188,18.88526436716809,18.69674999317838,20.745887981696775,11.0,5.0,11.0,5.0,20.0,-4.4,14.0,28.0,0.09183615471624539,20.9386432753039,1.8607411983725741,315.6528287437665
1986-01-03T09:18:00,extended_january,mcp,20.000400394057188,20.001099045064844,20.000366222034764,20.000810136314453,21.475077770106907,11.0,5.0,11.0,5.0,20.0,-4.4,20.0,26.0,0.09183615471624539,21.030479430020144,2.7169133573590907,318.3697421011256
1986-01-03T09:38:00,extended_january,mcp,20.00071263331009,20.183806255269506,20.04121716186978,19.999953245038935,21.80971865046142,11.0,5.0,11.0,5.0,20.0,-4.4,20.0,26.0,0.09183615471624539,21.122315584736388,1.9913804724539177,320.3611225735795
1986-01-03T09:53:00,extended_january,mcp,20.00080892554669,20.330545633752784,20.13870578413261,20.00081469093844,22.079928269810225,11.0,5.0,11.0,5.0,20.0,-4.4,20.0,26.0,0.09183615471624539,21.21415173945263,1.9026621891680278,322.26378476274755
1986-01-03T10:00:00,extended_january,mcp,20.094009525547374,20.486329566509543,20.275989288941275,20.006079344311864,22.25197412440979,11.0,5.0,11.0,5.0,20.0,-4.4,20.0,26.0,0.09183615471624539,21.305987894168876,1.854889569017318,324.11867433176485
1986-01-03T10:15:00,extended_january,mcp,20.274150609267014,20.722054837725825,20.531131756457974,20.117671312790247,22.430705216060417,11.0,5.0,11.0,5.0,20.0,-4.275,20.0,26.0,0.09183615471624539,21.39782404888512,1.8303008904831,325.94897522224795
1986-01-03T10:30:00,extended_january,mcp,20.474139832179418,20.93204194104176,20.766489127642668,20.284120093759615,22.596069021615648,11.0,5.0,11.0,5.0,20.0,-4.15,20.0,26.0,0.09183615471624539,21.489660203601364,1.8137026088748864,327.76267783112286
1986-01-03T10:45:00,extended_january,mcp,20.653119616947386,21.093491709780054,20.958758979137478,20.441916805398826,22.749926719642357,11.0,5.0,11.0,5.0,20.0,-4.025,20.0,26.0,0.09183615471624539,21.581496358317608,1.7982238295690445,329.5609016606919
1986-01-03T11:00:00,extended_january,mcp,20.812201105347356,21.221366861611695,21.123574808449668,20.578438319918128,22.890715906542066,11.0,5.0,11.0,5.0,20.0,-3.9,20.0,26.0,0.09183615471624539,21.673332513033852,1.7829083954239926,331.3438100561159
1986-01-03T11:15:00,extended_january,mcp,20.86388409866553,21.228613841071738,21.16257080502957,20.59740148734686,22.916839154146626,8.8,4.0,8.8,4.0,16.0,-3.75,20.0,26.0,0.09183615471624539,21.765168667750096,1.7652773996673097,333.1090874557832
1986-01-03T11:30:00,extended_january,mcp,20.915230238426613,21.246339196181225,21.206890570243157,20.632315910047076,22.94190546205945,8.8,4.0,8.8,4.0,16.0,-3.5999999999999996,20.0,26.0,0.09183615471624539,21.85700482246634,1.7484179978078964,334.8575054535911
1986-01-03T11:45:00,extended_january,mcp,21.002594049314126,21.29643432446666,21.28930674605186,20.705179520157788,22.999925448487964,8.8,4.0,8.8,4.0,16.0,-3.4499999999999997,20.0,26.0,0.09183615471624539,21.948840977182584,1.7314594276417687,336.58896488123287
1986-01-03T12:00:00,extended_january,mcp,21.105463252501508,21.3518460540655,21.384022075051927,20.78642037945699,23.07415399451838,8.8,4.0,8.8,4.0,16.0,-3.3,20.0,26.0,0.09183615471624539,22.04067713189883,1.7145160298753968,338.30348091110824
1986-01-03T12:15:00,extended_january,mcp,20.977377111478432,21.18879881797278,21.24349191182868,20.64574608502631,22.935723615396284,4.4,2.0,4.4,2.0,8.0,-3.175,20.0,26.0,0.09183615471624539,22.132513286615072,1.69985357876587,340.00333448987413
1986-01-03T12:30:00,extended_january,mcp,20.87529995908995,21.05862678394174,21.122153813396586,20.54254305569521,22.808667436037503,4.4,2.0,4.4,2.0,8.0,-3.05,20.0,26.0,0.09183615471624539,22.224349441331317,1.6874218194076835,341.6907563092818
1986-01-03T12:45:00,extended_january,mcp,20.872018248430468,21.013306363303485,21.093163617704047,20.527666612603014,22.76216926423436,4.4,2.0,4.4,2.0,8.0,-2.925,20.0,26.0,0.09183615471624539,22.31618559604756,1.6738925905023758,343.3646488997842
1986-01-03T13:00:00,extended_january,mcp,20.918947394813877,20.99912160615888,21.109448694358466,20.54813117100729,22.76269016121379,4.4,2.0,4.4,2.0,8.0,-2.8,20.0,26.0,0.09183615471624539,22.408021750763805,1.6604114619054355,345.0250603616896
1986-01-03T13:15:00,extended_january,mcp,21.179510143068,21.17478522669153,21.33285808300492,20.728118893088812,22.96681503310099,8.8,4.0,8.8,4.0,16.0,-2.8,20.5,26.0,0.09183615471624539,22.49985790548005,1.6588763640455013,346.6839367257351
1986-01-03T13:30:00,extended_january,mcp,21.39632222757337,21.287477025494677,21.503990448495657,20.880504358846284,23.143041689713442,8.8,4.0,8.8,4.0,16.0,-2.8,20.5,26.0,0.09183615471624539,22.591694060196293,1.6555943006547775,348.3395310263899
1986-01-03T13:45:00,extended_january,mcp,21.493020401123964,21.293126349274836,21.558212179001934,20.934774077617075,23.23249765779018,8.8,4.0,8.8,4.0,16.0,-2.8,20.5,26.0,0.09183615471624539,22.683530214912537,1.653432475642961,349.99296350203286
1986-01-03T14:00:00,extended_january,mcp,21.524952009219046,21.252887703316546,21.552752483611037,20.937631124956788,23.273947228107446,8.8,4.0,8.8,4.0,16.0,-2.8,20.5,26.0,0.09183615471624539,22.77536636962878,1.65136008292042,351.64432358495327
1986-01-03T14:15:00,extended_january,mcp,21.635280103134527,21.298789687825053,21.626551968735956,21.023358908555366,23.38673968795355,11.0,5.0,11.0,5.0,20.0,-2.8,20.5,26.0,0.09183615471624539,22.867202524345025,1.6501025869391395,353.2944261718924
1986-01-03T14:30:00,extended_january,mcp,21.767894780519732,21.35962225912467,21.72021179093423,21.122503458108163,23.52253097563953,11.0,5.0,11.0,5.0,20.0,-2.8,20.5,26.0,0.09183615471624539,22.95903867906127,1.6469363964463264,354.9413625683387
1986-01-03T14:45:00,extended_january,mcp,21.872155307326697,21.39708986731316,21.790523120970764,21.19650357301837,23.647577775464097,11.0,5.0,11.0,5.0,20.0,-2.8,20.5,26.0,0.09183615471624539,23.050874833777513,1.64573233270696,356.5870949010457
1986-01-03T15:00:00,extended_january,mcp,21.951952454803777,21.41737541326927,21.838794297515104,21.25161293409756,23.75996761670615,11.0,5.0,11.0,5.0,20.0,-2.8,20.5,26.0,0.09183615471624539,23.142710988493757,1.6440418460965571,358.2311367471423
1986-01-03T15:15:00,extended_january,mcp,21.938672807079424,21.360284788098603,21.795575251524905,21.228669687888498,23.785572768645427,11.0,5.0,11.0,5.0,20.0,-2.8,20.5,26.0,0.09183615471624539,23.23454714321,1.642553786237853,359.8736905333801
1986-01-03T15:30:00,extended_january,mcp,21.91498558578391,21.30027387256375,21.74015425841838,21.2021264598095,23.797911367091945,11.0,5.0,11.0,5.0,20.0,-2.8,20.5,26.0,0.09183615471624539,23.326383297926245,1.64127225298581,361.5149627863659
1986-01-03T15:45:00,extended_january,mcp,21.92334495947898,21.257105146773807,21.696664413380272,21.196164639191466,23.824347506706676,11.0,5.0,11.0,5.0,20.0,-2.8,20.5,26.0,0.09183615471624539,23.41821945264249,1.6403684298796013,363.15533121624554
1986-01-03T16:00:00,extended_january,mcp,21.94427916932148,21.21759500909901,21.655143920042903,21.195123955269022,23.85773796614919,11.0,5.0,11.0,5.0,20.0,-2.8,20.5,26.0,0.09183615471624539,23.510055607358733,1.6396618919151866,364.7949931081607
1986-01-03T16:15:00,extended_january,mcp,21.784973817382657,21.050414511970658,21.490573371665896,21.05324397553096,23.75101998840368,11.0,5.0,11.0,5.0,20.0,-2.8,20.5,26.0,0.09183615471624539,23.601891762074978,1.6392048367355092,366.43419794489625
1986-01-03T16:30:00,extended_january,mcp,21.506715781172527,20.881751528908236,21.300682269046987,20.859782476033136,23.63830580218364,11.0,5.0,11.0,5.0,20.0,-2.8,20.5,26.0,0.09183615471624539,23.69372791679122,1.6389277709281989,368.07312571582446
1986-01-03T16:45:00,extended_january,mcp,21.30356457447894,20.766130294301956,21.175079961087484,20.716431064958797,23.562540225402707,11.0,5.0,11.0,5.0,20.0,-2.8,20.5,26.0,0.09183615471624539,23.785564071507466,1.6393800635609723,369.7125057793854
1986-01-03T17:00:00,extended_january,mcp,21.152800363677073,20.68030515999874,21.076421973610195,20.617090132309613,23.505768625111752,11.0,5.0,11.0,5.0,20.0,-2.8,20.5,26.0,0.09183615471624539,23.87740022622371,1.6402860142079216,371.3527917935933
1986-01-03T17:15:00,extended_january,mcp,21.046615693505473,20.615787645159887,21.004864273826577,20.546223207963823,23.467719037793863,11.0,5.0,11.0,5.0,20.0,-2.8,20.5,26.0,0.09183615471624539,23.969236380939954,1.6402408474336987,372.993032641027
1986-01-03T17:30:00,extended_january,mcp,20.968398132862507,20.564923003162207,20.953989702031922,20.506789427698784,23.44236014358775,11.0,5.0,11.0,5.0,20.0,-2.8,20.5,26.0,0.09183615471624539,24.061072535656198,1.6438266198789295,374.63685926090596
1986-01-03T17:45:00,extended_january,mcp,20.90573752973553,20.522638946405312,20.915115722714887,20.501686695260183,23.423731708031315,11.0,5.0,11.0,5.0,20.0,-2.8,20.5,26.0,0.09183615471624539,24.152908690372442,1.6496335946034155,376.2864928555094
1986-01-03T18:00:00,extended_january,mcp,20.853968785657372,20.50418620648255,20.883793338979064,20.501445487635266,23.409074197546303,11.0,5.0,11.0,5.0,20.0,-2.8,20.5,26.0,0.09183615471624539,24.244744845088686,1.6564356504538307,377.9429285059632
1986-01-03T18:23:00,extended_january,mcp,20.501574772039184,20.501189162639527,20.503106054620766,20.49995901192006,22.78190425883313,5.5,2.5,5.5,2.5,10.0,-2.8,20.5,26.0,0.09183615471624539,24.33658099980493,1.9181532356699975,379.8610817416332
1986-01-03T18:38:00,extended_january,mcp,20.501998937091358,20.501859080440795,20.502111924439074,20.501870141724016,22.391901318814206,5.5,2.5,5.5,2.5,10.0,-2.8,20.5,26.0,0.09183615471624539,24.428417154521174,2.153873773751616,382.0149555153848
1986-01-03T18:45:00,extended_january,mcp,20.502358618433096,20.500775320831018,20.501925578920925,20.501153562823617,22.18505130976715,5.5,2.5,5.5,2.5,10.0,-2.8,20.5,26.0,0.09183615471624539,24.520253309237418,2.2436911775844908,384.2586466929693
1986-01-03T19:00:00,extended_january,mcp,20.502633936742075,20.502199465277542,20.50191534174881,20.501165166807994,22.04045791332775,5.5,2.5,5.5,2.5,10.0,-2.8,20.5,26.0,0.09183615471624539,24.612089463953662,2.3277458289177515,386.58639252188703
1986-01-03T19:23:00,extended_january,mcp,20.501253080544792,20.502195220934343,20.502079838657433,20.501319754004193,21.461311116261484,0.0,0.0,0.0,0.0,0.0,-2.8,20.5,26.0,0.09183615471624539,24.703925618669906,2.7867535161480306,389.3731460380351
1986-01-03T19:38:00,extended_january,mcp,20.500761402667898,20.500797334101986,20.501040247740804,20.501211671289493,21.07834710020509,0.0,0.0,0.0,0.0,0.0,-2.8,20.5,26.0,0.09183615471624539,24.79576177338615,2.902376381408901,392.275522419444
1986-01-03T19:45:00,extended_january,mcp,20.501885765623296,20.501086203747082,20.502177183614847,20.501034035193122,20.874327087478893,0.0,0.0,0.0,0.0,0.0,-2.8,20.5,26.0,0.09183615471624539,24.887597928102394,2.9661647148480994,395.2416871342921
1986-01-03T20:00:00,extended_january,mcp,20.501741160692312,20.50162233367775,20.501319937191774,20.50099476925208,20.717042896933428,0.0,0.0,0.0,0.0,0.0,-2.8,20.5,26.0,0.09183615471624539,24.97943408281864,3.0137518590603882,398.25543899335247
1986-01-03T20:15:00,extended_january,mcp,20.49746017797955,20.496998378417924,20.49743789225533,20.497315507330573,20.545638940824595,0.0,0.0,0.0,0.0,0.0,-2.8,20.5,26.0,0.09183615471624539,25.071270237534883,1.0414751425698783,399.29691413592235
1986-01-03T20:30:00,extended_january,mcp,20.497657181091302,20.498047821030713,20.497826716948065,20.498568591580362,20.50175727504626,0.0,0.0,0.0,0.0,0.0,-2.8,20.5,26.0,0.09183615471624539,25.163106392251127,1.3134938904641245,400.6104080263865
1986-01-03T20:45:00,extended_january,mcp,20.49932546548483,20.500802711739052,20.49933213488505,20.50055114458088,20.500626893015955,0.0,0.0,0.0,0.0,0.0,-2.8,20.5,26.0,0.09183615471624539,25.25494254696737,1.4470293838816761,402.05743741026816
1986-01-03T21:00:00,extended_january,mcp,20.500870862861674,20.499524890672003,20.500634430477454,20.49809698124992,20.49992129065224,0.0,0.0,0.0,0.0,0.0,-2.8,20.5,26.0,0.09183615471624539,25.346778701683615,1.5273550947503547,403.5847925050185
1986-01-03T21:15:00,extended_january,mcp,20.501473338092488,20.50216191699129,20.499516280290635,20.500242550962568,20.50030639432343,0.0,0.0,0.0,0.0,0.0,-2.8,20.5,26.0,0.09183615471624539,25.43861485639986,1.714994178337414,405.29978668335593
1986-01-03T21:30:00,extended_january,mcp,20.50143704096603,20.501751397384762,20.49997532587451,20.499073700561148,20.500810239574935,0.0,0.0,0.0,0.0,0.0,-2.8,20.5,26.0,0.09183615471624539,25.530451011116103,1.8101618726615938,407.1099485560175
1986-01-03T21:45:00,extended_january,mcp,20.49914402017617,20.497572108388358,20.498812427428025,20.50034111717906,20.50023618370412,0.0,0.0,0.0,0.0,0.0,-2.8,20.5,26.0,0.09183615471624539,25.622287165832347,1.8834194242592481,408.9933679802768
1986-01-03T22:00:00,extended_january,mcp,20.5011456486645,20.50111647925363,20.49978248817758,20.501537710462483,20.49960952829438,0.0,0.0,0.0,0.0,0.0,-2.8,20.5,26.0,0.09183615471624539,25.71412332054859,1.9547846172637544,410.9481525975405
1986-01-03T22:15:00,extended_january,mcp,20.500405702626512,20.498319066328065,20.500446890487957,20.50134495662568,20.49945646840928,0.0,0.0,0.0,0.0,0.0,-2.8,20.5,26.0,0.09183615471624539,25.805959475264835,1.9983229699193081,412.9464755674598
1986-01-03T22:30:00,extended_january,mcp,20.497761017212184,20.502056385394592,20.501533507163455,20.501926561019975,20.500466537434246,0.0,0.0,0.0,0.0,0.0,-2.8,20.5,26.0,0.09183615471624539,25.89779562998108,2.050684608386003,414.9971601758458
1986-01-03T22:45:00,extended_january,mcp,20.498378049761865,20.502282195197555,20.499067241120997,20.498982198167425,20.50105888150032,0.0,0.0,0.0,0.0,0.0,-2.8,20.5,26.0,0.09183615471624539,25.989631784697323,2.0929024166903214,417.0900625925361
1986-01-03T23:00:00,extended_january,mcp,20.499902041033387,20.499211377857147,20.499588666025513,20.499823795069283,20.499696083514337,0.0,0.0,0.0,0.0,0.0,-2.8,20.5,26.0,0.09183615471624539,26.081467939413567,2.1374323677543785,419.2274949602905
1986-01-03T23:15:00,extended_january,mcp,20.49915583344775,20.501418523643032,20.50174128634159,20.49953188986116,20.501045347031326,0.0,0.0,0.0,0.0,0.0,-2.8,20.5,26.0,0.09183615471624539,26.17330409412981,2.1425778741614545,421.370072834452
1986-01-03T23:30:00,extended_january,mcp,20.50033416936657,20.498354294602688,20.50025830785333,20.498460140099915,20.49966844000567,0.0,0.0,0.0,0.0,0.0,-2.8,20.5,26.0,0.09183615471624539,26.265140248846055,2.144745937531152,423.51481877198313
1986-01-03T23:45:00,extended_january,mcp,20.499546404719155,20.5015676098726,20.50154130284329,20.49828767551267,20.500645507172564,0.0,0.0,0.0,0.0,0.0,-2.8,20.5,26.0,0.09183615471624539,26.3569764035623,2.1575940826718703,425.672412854655
1986-01-04T00:00:00,extended_january,mcp,20.499670402446327,20.501047797447765,20.501725845675598,20.499625934098965,20.500566586907443,0.0,0.0,0.0,0.0,0.0,-2.8,20.5,26.0,0.09183615471624539,26.448812558278544,2.1600836217003483,427.83249647635535
1986-01-04T00:15:00,extended_january,mcp,20.5002393017176,20.498519698839573,20.50153290360694,20.498997057457338,20.49956811167649,0.0,0.0,0.0,0.0,0.0,-2.8,20.5,26.0,0.09183615471624539,26.540648712994788,2.1751084931391493,430.0076049694945
1986-01-04T00:30:00,extended_january,mcp,20.498609386698092,20.501486852932175,20.501884211065796,20.502434377520636,20.500380660808037,0.0,0.0,0.0,0.0,0.0,-2.8,20.5,26.0,0.09183615471624539,26.63248486771103,2.191214788825046,432.19881975831953
1986-01-04T00:45:00,extended_january,mcp,20.49823171822403,20.498858370016134,20.498372038189864,20.499522643274396,20.500376932613513,0.0,0.0,0.0,0.0,0.0,-2.8,20.5,26.0,0.09183615471624539,26.724321022427276,2.197955925597892,434.39677568391744
1986-01-04T01:00:00,extended_january,mcp,20.49964572572926,20.5014537625071,20.501494611802798,20.50183355382177,20.499247548619984,0.0,0.0,0.0,0.0,0.0,-2.8,20.5,26.0,0.09183615471624539,26.81615717714352,2.211947487836565,436.608723171754
1986-01-04T01:15:00,extended_january,mcp,20.49790031432453,20.501781820967647,20.50180440515857,20.501989971265438,20.500067262339908,0.0,0.0,0.0,0.0,0.0,-2.8,20.5,26.0,0.09183615471624539,26.907993331859764,2.2461936570425824,438.85491682879655
1986-01-04T01:30:00,extended_january,mcp,20.49779530211793,20.498777397661048,20.499934029691268,20.498879880984788,20.4996966185026,0.0,0.0,0.0,0.0,0.0,-2.8,20.5,26.0,0.09183615471624539,26.999829486576008,2.2777614781080198,441.13267830690455
1986-01-04T01:45:00,extended_january,mcp,20.4999177570949,20.499396269235607,20.499962585470385,20.49948745442616,20.500225332421437,0.0,0.0,0.0,0.0,0.0,-2.8,20.5,26.0,0.09183615471624539,27.091665641292252,2.30924914811028,443.4419274550148
1986-01-04T02:00:00,extended_january,mcp,20.498462411666655,20.498610502622256,20.499719238985882,20.498676956774084,20.499072613691254,0.0,0.0,0.0,0.0,0.0,-2.8,20.5,26.0,0.09183615471624539,27.183501796008496,2.333602179757799,445.7755296347726
1986-01-04T02:15:00,extended_january,mcp,20.498980084909373,20.500013201580526,20.50122969118309,20.500026548783474,20.500041866260144,0.0,0.0,0.0,0.0,0.0,-2.8,20.5,26.0,0.09183615471624539,27.27533795072474,2.35090633356393,448.1264359683366
1986-01-04T02:30:00,extended_january,mcp,20.497809378495397,20.49903742799619,20.500222133359404,20.498924665288705,20.500888509955384,0.0,0.0,0.0,0.0,0.0,-2.8,20.5,26.0,0.09183615471624539,27.367174105440984,2.363579935322522,450.4900159036591
1986-01-04T02:45:00,extended_january,mcp,20.499028858804166,20.500658286668067,20.501126334365942,20.500465188812836,20.49961370572237,0.0,0.0,0.0,0.0,0.0,-2.8,20.5,26.0,0.09183615471624539,27.45901026015723,2.3804928965408645,452.8705088002
1986-01-04T03:00:00,extended_january,mcp,20.498456393660714,20.500349631477622,20.500263970852956,20.5000523644046,20.499254727895003,0.0,0.0,0.0,0.0,0.0,-2.8,20.5,26.0,0.09183615471624539,27.550846414873472,2.3961592256819566,455.266668025882
1986-01-04T03:15:00,extended_january,mcp,20.500620462125628,20.497989562867502,20.49812283341261,20.502084922779478,20.50098291689011,0.0,0.0,0.0,0.0,0.0,-2.925,20.5,26.0,0.09183615471624539,27.642682569589716,2.3927487209496907,457.65941674683165
1986-01-04T03:30:00,extended_january,mcp,20.5011880378499,20.49936644481034,20.499798138113732,20.501875308589497,20.499265392028,0.0,0.0,0.0,0.0,0.0,-3.05,20.5,26.0,0.09183615471624539,27.73451872430596,2.3919148010014117,460.05133154783306
1986-01-04T03:45:00,extended_january,mcp,20.4997635043771,20.499213390874154,20.50045328139508,20.499499520084726,20.499039486107996,0.0,0.0,0.0,0.0,0.0,-3.175,20.5,26.0,0.09183615471624539,27.826354879022205,2.396480432114584,462.44781197994763
1986-01-04T04:00:00,extended_january,mcp,20.501959341070187,20.501688572079008,20.499398827312273,20.501045888803983,20.499190996582467,0.0,0.0,0.0,0.0,0.0,-3.3,20.5,26.0,0.09183615471624539,27.91819103373845,2.3947578306873267,464.842569810635
1986-01-04T04:15:00,extended_january,mcp,20.498152210995084,20.500754043535668,20.501382933790417,20.499656565305713,20.500899756176132,0.0,0.0,0.0,0.0,0.0,-3.3,20.5,26.0,0.09183615471624539,28.010027188454693,2.385309278764668,467.22787908939966
1986-01-04T04:30:00,extended_january,mcp,20.49795554096856,20.501591723937878,20.498124203840405,20.500080990147016,20.500138144070107,0.0,0.0,0.0,0.0,0.0,-3.3,20.5,26.0,0.09183615471624539,28.101863343170937,2.3785403549923774,469.60641944439203
1986-01-04T04:45:00,extended_january,mcp,20.49802925273126,20.500243509889877,20.498522425218543,20.502863376989982,20.49931180681694,0.0,0.0,0.0,0.0,0.0,-3.3,20.5,26.0,0.09183615471624539,28.19369949788718,2.3699837590765545,471.9764032034686
1986-01-04T05:00:00,extended_january,mcp,20.501500153516726,20.501442420071935,20.499173669445995,20.49756667284376,20.50069117803411,0.0,0.0,0.0,0.0,0.0,-3.3,20.5,26.0,0.09183615471624539,28.285535652603425,2.363945846002468,474.34034904947106
1986-01-04T05:15:00,extended_january,mcp,20.498193768887003,20.499927021598978,20.498015804149855,20.499685676977897,20.50031301994361,0.0,0.0,0.0,0.0,0.0,-3.3,20.5,26.0,0.09183615471624539,28.37737180731967,2.354702724825559,476.69505177429664
1986-01-04T05:30:00,extended_january,mcp,20.497941848834834,20.500523671725862,20.500089359297938,20.499754855127087,20.50038065395396,0.0,0.0,0.0,0.0,0.0,-3.3,20.5,26.0,0.09183615471624539,28.469207962035913,2.3530530636856435,479.0481048379823
1986-01-04T05:45:00,extended_january,mcp,20.499864064802015,20.49887376418465,20.50092291626115,20.500981214381753,20.500240009810327,0.0,0.0,0.0,0.0,0.0,-3.3,20.5,26.0,0.09183615471624539,28.561044116752157,2.341509264316425,481.3896141022987
1986-01-04T06:00:00,extended_january,mcp,20.500001843888995,20.499762092345264,20.499935923368707,20.499427543304353,20.4996388401127,0.0,0.0,0.0,0.0,0.0,-3.3,20.5,26.0,0.09183615471624539,28.6528802714684,2.33659042715898,483.7262045294577
1986-01-04T06:15:00,extended_january,mcp,20.500534136491705,20.499906029226644,20.49908590992623,20.50391263254541,20.50000454713141,0.0,0.0,0.0,0.0,0.0,-3.175,20.5,26.0,0.09183615471624539,28.744716426184645,4.421753815083327,488.147958344541
1986-01-04T06:30:00,extended_january,mcp,20.49957552254325,20.501460184104296,20.501490336812775,20.501319330954495,20.50068958448556,0.0,0.0,0.0,0.0,0.0,-3.05,20.5,26.0,0.09183615471624539,28.83655258090089,4.267678570783406,492.4156369153244
1986-01-04T06:45:00,extended_january,mcp,20.50176318440677,20.500832534129064,20.502246728837342,20.500660498620547,20.50019154791659,0.0,0.0,0.0,0.0,0.0,-2.925,20.5,26.0,0.09183615471624539,28.928388735617133,4.2512515926699415,496.6668885079943
1986-01-04T07:00:00,extended_january,mcp,20.49834840570643,20.498441844275288,20.501190149213834,20.499476825715163,20.50118894428965,0.0,0.0,0.0,0.0,0.0,-2.8,20.5,26.0,0.09183615471624539,29.020224890333377,4.2308492764756025,500.89773778446994
1986-01-04T07:15:00,extended_january,mcp,20.50018452516667,20.50190520770247,20.500927695866096,20.499540726817816,20.499864123443167,0.0,0.0,0.0,0.0,0.0,-2.8,20.5,26.0,0.09183615471624539,29.11206104504962,4.246192210771277,505.1439299952412
1986-01-04T07:30:00,extended_january,mcp,20.500376397493806,20.50147429588503,20.50168408508477,20.499586283828652,20.501048250440554,0.0,0.0,0.0,0.0,0.0,-2.8,20.5,26.0,0.09183615471624539,29.203897199765866,4.2053914191993575,509.34932141444057
1986-01-04T07:45:00,extended_january,mcp,20.499502700638832,20.50241287046597,20.498367194998487,20.49970017641474,20.500242187186586,0.0,0.0,0.0,0.0,0.0,-2.8,20.5,26.0,0.09183615471624539,29.29573335448211,4.170079193000206,513.5194006074407
1986-01-04T08:00:00,extended_january,mcp,20.498356699555835,20.50216774089666,20.498120089161823,20.5020513374074,20.499979294379862,0.0,0.0,0.0,0.0,0.0,-2.8,20.5,26.0,0.09183615471624539,29.387569509198354,4.140401254328206,517.659801861769
1986-01-04T08:19:00,extended_january,mcp,21.499843142166775,21.499429553975112,21.499867332158885,21.499229916984806,21.50019864076941,11.0,5.0,11.0,5.0,20.0,-2.6499999999999995,21.5,24.5,0.09183615471624539,29.479405663914598,3.976766152127292,521.6365680138963
1986-01-04T08:38:00,extended_january,mcp,21.49963523330822,21.501120112867337,21.499411581845028,21.500801484417604,21.572261389269304,11.0,5.0,11.0,5.0,20.0,-2.5,21.5,24.5,0.09183615471624539,29.571241818630842,2.8895378266393226,524.5261058405356
1986-01-04T08:45:00,extended_january,mcp,21.501602356966323,21.502782682087776,21.502041846627062,21.50144383019944,21.620998651542155,11.0,5.0,11.0,5.0,20.0,-2.35,21.5,24.5,0.09183615471624539,29.663077973347086,2.843186720385849,527.3692925609214
1986-01-04T09:00:00,extended_january,mcp,21.500235168633328,21.503017805381983,21.502139418481878,21.501517536950878,21.73127468273443,11.0,5.0,11.0,5.0,20.0,-2.2,21.5,24.5,0.09183615471624539,29.75491412806333,2.623875174673975,529.9931677355954
1986-01-04T09:23:00,extended_january,mcp,21.501432399472147,21.50078335016793,21.50133420828732,21.500963288450237,22.328127069327305,11.0,5.0,11.0,5.0,20.0,-2.075,21.5,24.5,0.09183615471624539,29.846750282779574,2.1653726055724767,532.1585403411678
1986-01-04T09:38:00,extended_january,mcp,21.50063063981698,21.500535164604255,21.500382272395125,21.50115847205978,22.672106154623663,11.0,5.0,11.0,5.0,20.0,-1.9500000000000002,21.5,24.5,0.09183615471624539,29.938586437495818,2.0101809195101685,534.168721260678
1986-01-04T09:45:00,extended_january,mcp,21.501765793760807,21.501027831772323,21.501399265255124,21.501246578748425,22.857442912205858,11.0,5.0,11.0,5.0,20.0,-1.825,21.5,24.5,0.09183615471624539,30.030422592212062,1.899147432445213,536.0678686931233
1986-01-04T10:00:00,extended_january,mcp,21.502060410831636,21.5023206545526,21.501072205057472,21.49993349768988,22.981856676550226,11.0,5.0,11.0,5.0,20.0,-1.7,21.5,24.5,0.09183615471624539,30.122258746928306,1.800330832530931,537.8681995256542
1986-01-04T10:15:00,extended_january,mcp,21.501817470021756,21.500572724704487,21.52122010019257,21.50273391581754,23.10532756420039,11.0,5.0,11.0,5.0,20.0,-1.7,21.5,24.5,0.09183615471624539,30.21409490164455,1.7021392257897032,539.5703387514438
1986-01-04T10:30:00,extended_january,mcp,21.500359292545713,21.538640713805464,21.605647122814855,21.501252873469166,23.240703420997715,11.0,5.0,11.0,5.0,20.0,-1.7,21.5,24.5,0.09183615471624539,30.305931056360794,1.631345353002789,541.2016841044466
1986-01-04T10:45:00,extended_january,mcp,21.512332019432122,21.616422494452205,21.718043814871812,21.502432018421818,23.372740488535513,11.0,5.0,11.0,5.0,20.0,-1.7,21.5,24.5,0.09183615471624539,30.39776721107704,1.5930159080636175,542.7947000125102
1986-01-04T11:00:00,extended_january,mcp,21.569866264360957,21.700984511300728,21.83206421949839,21.50080324990329,23.494630146525584,11.0,5.0,11.0,5.0,20.0,-1.7,21.5,24.5,0.09183615471624539,30.489603365793283,1.5741273441424806,544.3688273566527
1986-01-04T11:15:00,extended_january,mcp,21.552354088746522,21.669220247341404,21.838669436706155,21.499847647851485,23.493975243008205,8.8,4.0,8.8,4.0,16.0,-1.5499999999999998,21.5,24.5,0.09183615471624539,30.581439520509527,1.5641306547297134,545.9329580113824
1986-01-04T11:30:00,extended_january,mcp,21.54453932012851,21.64736210780062,21.837704359621817,21.50028664031962,23.48466243228347,8.8,4.0,8.8,4.0,16.0,-1.4,21.5,24.5,0.09183615471624539,30.67327567522577,1.5476129963005032,547.4805710076829
1986-01-04T11:45:00,extended_january,mcp,21.575321285210574,21.66344892754616,21.872163096687412,21.500782672774868,23.505740860737195,8.8,4.0,8.8,4.0,16.0,-1.25,21.5,24.5,0.09183615471624539,30.765111829942015,1.5267780423713695,549.0073490500542
1986-01-04T12:00:00,extended_january,mcp,21.626214563795763,21.691347995306256,21.924742702361396,21.501785190659014,23.543858924505155,8.8,4.0,8.8,4.0,16.0,-1.1,21.5,24.5,0.09183615471624539,30.85694798465826,1.5070229427447135,550.5143719927989
1986-01-04T12:15:00,extended_january,mcp,21.50926316019979,21.518954374751882,21.767950941889406,21.501588744779394,23.389060971793565,4.4,2.0,4.4,2.0,8.0,-0.9750000000000001,21.5,24.5,0.09183615471624539,30.948784139374503,1.5279569210200687,552.042328913819
1986-01-04T12:30:00,extended_january,mcp,21.501806732371385,21.501381455917937,21.646472231309573,21.499650306371397,23.259179699799123,4.4,2.0,4.4,2.0,8.0,-0.8500000000000001,21.5,24.5,0.09183615471624539,31.040620294090747,1.5626437195625744,553.6049726333816
1986-01-04T12:45:00,extended_january,mcp,21.50159232420817,21.50048403039583,21.616509036094516,21.501921008217206,23.215710599774855,4.4,2.0,4.4,2.0,8.0,-0.725,21.5,24.5,0.09183615471624539,31.13245644880699,1.5424532948865297,555.1474259282681
1986-01-04T13:00:00,extended_january,mcp,21.501477414957414,21.50005784356631,21.62639035709182,21.501356001758353,23.222342270757125,4.4,2.0,4.4,2.0,8.0,-0.6,21.5,24.5,0.09183615471624539,31.224292603523235,1.5231772911570665,556.6706032194252
1986-01-04T13:15:00,extended_january,mcp,21.66189021015801,21.586696453435177,21.839216339228958,21.457677639024443,23.433019485718198,8.8,4.0,8.8,4.0,16.0,-0.6,21.3,24.3,0.09183615471624539,31.31612875823948,1.4585688713501948,558.1291720907753
1986-01-04T13:30:00,extended_january,mcp,21.796916074066537,21.638277205349134,22.00149067429108,21.43087395548957,23.621549801960384,8.8,4.0,8.8,4.0,16.0,-0.6,21.3,24.3,0.09183615471624539,31.407964912955723,1.4347070530308723,559.5638791438062
1986-01-04T13:45:00,extended_january,mcp,21.862069855793756,21.641134306430114,22.061723156624456,21.425358747289632,23.72263906967503,8.8,4.0,8.8,4.0,16.0,-0.6,21.3,24.3,0.09183615471624539,31.499801067671967,1.4290544626851718,560.9929336064913
1986-01-04T14:00:00,extended_january,mcp,21.8975180391603,21.62614065672357,22.076969170111564,21.424461087116615,23.776656144336748,8.8,4.0,8.8,4.0,16.0,-0.6,21.3,24.3,0.09183615471624539,31.59163722238821,1.426956400449276,562.4198900069406
1986-01-04T14:15:00,extended_january,mcp,21.97436733806231,21.656708510952978,22.12624729447009,21.469810174912563,23.85631898143175,11.0,5.0,11.0,5.0,20.0,-0.725,21.3,24.3,0.09183615471624539,31.683473377104455,1.436732810208325,563.856622817149
1986-01-04T14:30:00,extended_january,mcp,22.042428321520838,21.672461293102682,22.159021588067446,21.50084040907731,23.92504594742402,11.0,5.0,11.0,5.0,20.0,-0.8500000000000001,21.3,24.3,0.09183615471624539,31.7753095318207,1.4465770353472427,565.3031998524962
1986-01-04T14:45:00,extended_january,mcp,22.05996369813202,21.651622614281482,22.14935367726756,21.496267024054323,23.964536128847556,11.0,5.0,11.0,5.0,20.0,-0.9750000000000001,21.3,24.3,0.09183615471624539,31.867145686536944,1.4571484929264094,566.7603483454226
1986-01-04T15:00:00,extended_january,mcp,22.036897633591252,21.606783318095307,22.107778100260866,21.46781826040915,23.98529098218501,11.0,5.0,11.0,5.0,20.0,-1.1,21.3,24.3,0.09183615471624539,31.958981841253188,1.4685517276223465,568.2289000730449
1986-01-04T15:15:00,extended_january,mcp,21.933589771204065,21.498416672457754,21.990676659964198,21.375093985250075,23.933006676124137,11.0,5.0,11.0,5.0,20.0,-1.1,21.3,24.3,0.09183615471624539,32.05081799596943,1.4683487378645466,569.6972488109094
1986-01-04T15:30:00,extended_january,mcp,21.827976898873292,21.396231831171548,21.875276669892198,21.309680967904924,23.881057412615576,11.0,5.0,11.0,5.0,20.0,-1.1,21.3,24.3,0.09183615471624539,32.14265415068568,1.4710400841618907,571.1682888950713
1986-01-04T15:45:00,extended_january,mcp,21.75781291099883,21.31400835607946,21.783154080919907,21.30219278490445,23.84677326757983,11.0,5.0,11.0,5.0,20.0,-1.1,21.3,24.3,0.09183615471624539,32.23449030540193,1.4779228136556386,572.6462117087269
1986-01-04T16:00:00,extended_january,mcp,21.710281310484962,21.302324396461536,21.699320819890705,21.299602302500748,23.819654103307677,11.0,5.0,11.0,5.0,20.0,-1.1,21.3,24.3,0.09183615471624539,32.326326460118175,1.4920923389704757,574.1383040476974
1986-01-04T16:15:00,extended_january,mcp,21.491125892771084,21.302474535230477,21.45110657051848,21.299691286222263,23.642031247915206,11.0,5.0,11.0,5.0,20.0,-1.525,21.3,24.3,0.09183615471624539,32.41816261483442,1.5880660049187725,575.7263700526162
1986-01-04T16:30:00,extended_january,mcp,21.312898550229004,21.30285131879098,21.309855695530203,21.3024372075855,23.45095378505535,11.0,5.0,11.0,5.0,20.0,-1.95,21.3,24.3,0.09183615471624539,32.50999876955067,1.7573867409942112,577.4837567936104
1986-01-04T16:45:00,extended_january,mcp,21.303107262676996,21.302661611734536,21.302786758803688,21.30256283633943,23.293629694407333,11.0,5.0,11.0,5.0,20.0,-2.3749999999999996,21.3,24.3,0.09183615471624539,32.60183492426692,1.9477127804816636,579.431469574092
1986-01-04T17:00:00,extended_january,mcp,21.30235298271742,21.30254218018235,21.303124982405485,21.301900966568734,23.154121058606453,11.0,5.0,11.0,5.0,20.0,-2.8,21.3,24.3,0.09183615471624539,32.693671078983165,2.0950114375728335,581.5264810116648
1986-01-04T17:15:00,extended_january,mcp,21.303146886359748,21.30064737423738,21.30318575007644,21.301393710925733,23.059727703698307,11.0,5.0,11.0,5.0,20.0,-3.0749999999999997,21.3,24.3,0.09183615471624539,32.78550723369941,2.1879352693222063,583.714416280987
1986-01-04T17:30:00,extended_january,mcp,21.301702192384795,21.30064869135173,21.303187032493245,21.30362703531406,23.00076148602766,11.0,5.0,11.0,5.0,20.0,-3.3499999999999996,21.3,24.3,0.09183615471624539,32.87734338841566,2.260879269631417,585.9752955506185
1986-01-04T17:45:00,extended_january,mcp,21.302065550764784,21.301240203287875,21.30257845763213,21.301017734831944,22.959397417639373,11.0,5.0,11.0,5.0,20.0,-3.625,21.3,24.3,0.09183615471624539,32.96917954313191,2.3254956917990905,588.3007912424176
1986-01-04T18:00:00,extended_january,mcp,21.303276907185253,21.303446750500918,21.301792062396128,21.302240108921207,22.92623227316123,11.0,5.0,11.0,5.0,20.0,-3.9,21.3,24.3,0.09183615471624539,33.061015697848156,2.3871099033607512,590.6879011457784
1986-01-04T18:23:00,extended_january,mcp,21.302871666658234,21.303011822241274,21.301897607152153,21.303593579688336,22.273255967812457,5.5,2.5,5.5,2.5,10.0,-4.175,21.3,24.0,0.09183615471624539,33.1528518525644,2.994883922422067,593.6827850682005
1986-01-04T18:38:00,extended_january,mcp,21.302815130412526,21.303282553819205,21.30345909082783,21.302344537619465,21.818332253059857,5.5,2.5,5.5,2.5,10.0,-4.45,21.3,24.0,0.09183615471624539,33.24468800728065,3.1573696068571104,596.8401546750575
1986-01-04T18:53:00,extended_january,mcp,21.30320683415017,21.302093982028666,21.30376060972634,21.302767936374906,21.583107524907597,5.5,2.5,5.5,2.5,10.0,-4.725,21.3,24.0,0.09183615471624539,33.3365241619969,3.2667082410170707,600.1068629160746
1986-01-04T19:00:00,extended_january,mcp,21.303722161334075,21.300774769691223,21.3052743563519,21.302924357144832,21.455822124134144,5.5,2.5,5.5,2.5,10.0,-5.0,21.3,24.0,0.09183615471624539,33.428360316713146,3.3642328162190425,603.4710957322936
1986-01-04T19:15:00,extended_january,mcp,21.304170229693266,21.302018405327722,21.30447056138806,21.302247094927363,21.308601717127807,0.0,0.0,0.0,0.0,0.0,-5.0,21.3,24.0,0.09183615471624539,33.520196471429394,4.049183330803256,607.5202790630968
1986-01-04T19:30:00,extended_january,mcp,21.303065793481164,21.303853703236495,21.30346779737801,21.302137898965256,21.302892994783104,0.0,0.0,0.0,0.0,0.0,-5.0,21.3,24.0,0.09183615471624539,33.61203262614564,4.215390009615935,611.7356690727128
1986-01-04T19:45:00,extended_january,mcp,21.301338644082776,21.30025936599018,21.301348206514046,21.301436865073413,21.302184415372054,0.0,0.0,0.0,0.0,0.0,-5.0,21.3,24.0,0.09183615471624539,33.70386878086189,4.26910604795318,616.004775120666
1986-01-04T20:00:00,extended_january,mcp,21.30358286117906,21.301378010255423,21.30249436363626,21.300703761116115,21.301698906487925,0.0,0.0,0.0,0.0,0.0,-5.0,21.3,24.0,0.09183615471624539,33.79570493557814,4.3352211730722585,620.3399962937382
1986-01-04T20:15:00,extended_january,mcp,21.298590737026405,21.296911034365348,21.298495995553864,21.297443535320348,21.301202397803127,0.0,0.0,0.0,0.0,0.0,-4.85,21.3,24.0,0.09183615471624539,33.887541090294384,2.382907948715742,622.722904242454
1986-01-04T20:30:00,extended_january,mcp,21.29984511937005,21.295412159453704,21.298965644324305,21.297844391897574,21.30018652307784,0.0,0.0,0.0,0.0,0.0,-4.7,21.3,24.0,0.09183615471624539,33.97937724501063,2.5414204767365995,625.2643247191905
1986-01-04T20:45:00,extended_january,mcp,21.29794281820356,21.300936453592495,21.298218097452693,21.30080131113712,21.300740784234154,0.0,0.0,0.0,0.0,0.0,-4.550000000000001,21.3,24.0,0.09183615471624539,34.07121339972688,2.618869346250579,627.8831940654411
1986-01-04T21:00:00,extended_january,mcp,21.300514053959564,21.29773776704448,21.300435098232267,21.299378606829457,21.300984637683914,0.0,0.0,0.0,0.0,0.0,-4.4,21.3,24.0,0.09183615471624539,34.16304955444313,2.6883507115028973,630.571544776944
1986-01-04T21:15:00,extended_january,mcp,21.300629316378192,21.29685243730916,21.297463049257875,21.298352615903305,21.301861166503837,0.0,0.0,0.0,0.0,0.0,-4.550000000000001,21.3,24.0,0.09183615471624539,34.254885709159375,2.837869882356636,633.4094146593006
1986-01-04T21:30:00,extended_january,mcp,21.29837136966291,21.29864690121714,21.301295296057354,21.300010838706644,21.301444649655252,0.0,0.0,0.0,0.0,0.0,-4.7,21.3,24.0,0.09183615471624539,34.34672186387562,2.910144090280227,636.3195587495809
1986-01-04T21:45:00,extended_january,mcp,21.297582147328335,21.29937820930071,21.299708997223966,21.301397120635066,21.29984930814499,0.0,0.0,0.0,0.0,0.0,-4.85,21.3,24.0,0.09183615471624539,34.43855801859187,2.970191883441696,639.2897506330225
1986-01-04T22:00:00,extended_january,mcp,21.299957117961444,21.299662633355055,21.298363951837977,21.298660327979903,21.299125852307622,0.0,0.0,0.0,0.0,0.0,-5.0,21.3,24.0,0.09183615471624539,34.53039417330812,3.03159410108915,642.3213447341117
1986-01-04T22:15:00,extended_january,mcp,21.298042669194004,21.29899616188585,21.298076957176235,21.299916954913524,21.301092813215032,0.0,0.0,0.0,0.0,0.0,-5.275,21.3,24.0,0.09183615471624539,34.622230328024365,3.019293072386556,645.3406378064982
1986-01-04T22:30:00,extended_january,mcp,21.29842697705174,21.29939214825439,21.299737706426495,21.300696592127235,21.29925317665062,0.0,0.0,0.0,0.0,0.0,-5.55,21.3,24.0,0.09183615471624539,34.71406648274061,3.0206210268092493,648.3612588333075
1986-01-04T22:45:00,extended_january,mcp,21.298918931112304,21.30218058087728,21.299862563826583,21.30146359046635,21.300151170935358,0.0,0.0,0.0,0.0,0.0,-5.824999999999999,21.3,24.0,0.09183615471624539,34.80590263745686,3.0218813312055897,651.3831401645131
1986-01-04T23:00:00,extended_january,mcp,21.299858419285517,21.300884343706404,21.299563734799428,21.29815414468129,21.300732983244483,0.0,0.0,0.0,0.0,0.0,-6.1,21.3,24.0,0.09183615471624539,34.89773879217311,3.0144099497182677,654.3975501142313
1986-01-04T23:15:00,extended_january,mcp,21.30151067584265,21.299637174669993,21.299804462560378,21.300030684414658,21.30013394668467,0.0,0.0,0.0,0.0,0.0,-6.374999999999999,21.3,24.0,0.09183615471624539,34.989574946889356,3.0261701914156642,657.423720305647
1986-01-04T23:30:00,extended_january,mcp,21.299945892442093,21.300300573144487,21.30122740459953,21.301816475640763,21.299721672154437,0.0,0.0,0.0,0.0,0.0,-6.65,21.3,24.0,0.09183615471624539,35.0814111016056,3.028130641961826,660.4518509476088
1986-01-04T23:45:00,extended_january,mcp,21.300928046732803,21.30268094116007,21.2999636170182,21.297035909149198,21.300611777868916,0.0,0.0,0.0,0.0,0.0,-6.925000000000001,21.3,24.0,0.09183615471624539,35.17324725632185,3.029661179313187,663.481512126922
1986-01-05T00:00:00,extended_january,mcp,21.300972287630888,21.299899010854826,21.301083961890033,21.301922083020393,21.30006305999423,0.0,0.0,0.0,0.0,0.0,-7.2,21.3,24.0,0.09183615471624539,35.2650834110381,3.0302076870190633,666.511719813941
1986-01-05T00:15:00,extended_january,mcp,21.300770465925815,21.298901968770632,21.297742919717017,21.30129249535241,21.30001529491583,0.0,0.0,0.0,0.0,0.0,-7.2,21.3,24.0,0.09183615471624539,35.356919565754346,3.0819727820648106,669.5936925960058
1986-01-05T00:30:00,extended_january,mcp,21.30067641883284,21.301063156640698,21.302176447055285,21.30143641563041,21.30033802325456,0.0,0.0,0.0,0.0,0.0,-7.2,21.3,24.0,0.09183615471624539,35.448755720470594,3.1302223537015523,672.7239149497074
1986-01-05T00:45:00,extended_january,mcp,21.300524820131,21.29847882058529,21.298627163221393,21.297738105094403,21.300098116512057,0.0,0.0,0.0,0.0,0.0,-7.2,21.3,24.0,0.09183615471624539,35.54059187518684,3.157964796545267,675.8818797462526
1986-01-05T01:00:00,extended_january,mcp,21.30018961715702,21.298667088802816,21.301357782330058,21.29763283812023,21.301211003664854,0.0,0.0,0.0,0.0,0.0,-7.2,21.3,24.0,0.09183615471624539,35.63242802990309,3.20612079380059,679.0880005400531
1986-01-05T01:15:00,extended_january,mcp,21.300611000398554,21.298163989844078,21.29920474319229,21.296508712423115,21.300320715505784,0.0,0.0,0.0,0.0,0.0,-7.075,21.3,24.0,0.09183615471624539,35.72426418461934,3.1630673870955084,682.2510679271486
1986-01-05T01:30:00,extended_january,mcp,21.298579544238056,21.296876389672263,21.298584904900064,21.300371511910694,21.299667755572663,0.0,0.0,0.0,0.0,0.0,-6.95,21.3,24.0,0.09183615471624539,35.816100339335584,3.14933591419818,685.4004038413468
1986-01-05T01:45:00,extended_january,mcp,21.298801606348135,21.30208493491966,21.301304516031934,21.302771383510827,21.29998003261142,0.0,0.0,0.0,0.0,0.0,-6.825,21.3,24.0,0.09183615471624539,35.90793649405183,3.136566011904105,688.5369698532509
1986-01-05T02:00:00,extended_january,mcp,21.301851025685743,21.300455764388307,21.298560333950746,21.297401075275644,21.300877545604482,0.0,0.0,0.0,0.0,0.0,-6.7,21.3,24.0,0.09183615471624539,35.99977264876808,3.1109927224067633,691.6479625756576
1986-01-05T02:15:00,extended_january,mcp,21.30159910145861,21.29884278530282,21.29785570098849,21.299989121839626,21.300739238697542,0.0,0.0,0.0,0.0,0.0,-6.825,21.3,24.0,0.09183615471624539,36.09160880348433,3.0904245199817524,694.7383870956394
1986-01-05T02:30:00,extended_january,mcp,21.297774594854268,21.299394472930498,21.30030368900845,21.2973750729987,21.29916983662804,0.0,0.0,0.0,0.0,0.0,-6.95,21.3,24.0,0.09183615471624539,36.183444958200575,3.064268935036673,697.8026560306761
1986-01-05T02:45:00,extended_january,mcp,21.301313556946084,21.301355027880753,21.300254349633168,21.301863913783762,21.29956800065312,0.0,0.0,0.0,0.0,0.0,-7.075,21.3,24.0,0.09183615471624539,36.27528111291682,3.048135389867899,700.8507914205439
1986-01-05T03:00:00,extended_january,mcp,21.29792588557157,21.297648818812153,21.29752655780102,21.300513826037417,21.300248462489005,0.0,0.0,0.0,0.0,0.0,-7.2,21.3,24.0,0.09183615471624539,36.36711726763307,3.011992441620298,703.8627838621643
1986-01-05T03:15:00,extended_january,mcp,21.301499863054406,21.302640362595305,21.301482582540803,21.30005574404525,21.301104491267164,0.0,0.0,0.0,0.0,0.0,-7.625,21.3,24.0,0.09183615471624539,36.45895342234932,3.0875859950413416,706.9503698572056
1986-01-05T03:30:00,extended_january,mcp,21.29776232227681,21.301441546230258,21.301023738454955,21.300893040151305,21.300053364250147,0.0,0.0,0.0,0.0,0.0,-8.05,21.3,24.0,0.09183615471624539,36.550789577065565,3.1127982824030442,710.0631681396086
1986-01-05T03:45:00,extended_january,mcp,21.301183966685098,21.29873105712989,21.301354777043805,21.30100626844561,21.299879565144842,0.0,0.0,0.0,0.0,0.0,-8.475000000000001,21.3,24.0,0.09183615471624539,36.64262573178181,3.16516849632622,713.2283366359349
1986-01-05T04:00:00,extended_january,mcp,21.302436975649083,21.301608779817347,21.30196540249384,21.29923706853375,21.300399778217926,0.0,0.0,0.0,0.0,0.0,-8.9,21.3,24.0,0.09183615471624539,36.73446188649806,3.203975970987991,716.4323126069229
1986-01-05T04:15:00,extended_january,mcp,21.298376270400528,21.29812973510486,21.30216060887507,21.298093749075054,21.299712848904438,0.0,0.0,0.0,0.0,0.0,-9.725000000000001,21.3,24.0,0.09183615471624539,36.82629804121431,3.307132809385665,719.7394454163085
1986-01-05T04:30:00,extended_january,mcp,21.30208105240442,21.30025969827755,21.29947796245756,21.298391430959104,21.300916595248008,0.0,0.0,0.0,0.0,0.0,-10.55,21.3,24.0,0.09183615471624539,36.918134195930556,3.413336148996336,723.1527815653048
1986-01-05T04:45:00,extended_january,mcp,21.298085355252134,21.302839487220055,21.300799967314834,21.299674053493383,21.299303680616102,0.0,0.0,0.0,0.0,0.0,-11.374999999999998,21.3,24.0,0.09183615471624539,37.0099703506468,3.5071622256098105,726.6599437909147
1986-01-05T05:00:00,extended_january,mcp,21.300314914469734,21.303440490457373,21.299350067709355,21.300854107970956,21.301083454048932,0.0,0.0,0.0,0.0,0.0,-12.2,21.3,24.0,0.09183615471624539,37.10180650536305,3.6207848159618314,730.2807286068766
1986-01-05T05:15:00,extended_january,mcp,21.299908569046192,21.30266827662929,21.30034633384234,21.300811324297875,21.300710868908062,0.0,0.0,0.0,0.0,0.0,-12.749999999999998,21.3,24.0,0.09183615471624539,37.1936426600793,3.62085831505119,733.9015869219278
1986-01-05T05:30:00,extended_january,mcp,21.301991985189073,21.30070241760606,21.299432876677088,21.30353549461016,21.300674870529683,0.0,0.0,0.0,0.0,0.0,-13.3,21.3,24.0,0.09183615471624539,37.285478814795546,3.656081413301838,737.5576683352297
1986-01-05T05:45:00,extended_january,mcp,21.2984542866302,21.29725175875218,21.28885724413281,21.303280865354782,21.300094551762676,0.0,0.0,0.0,0.0,0.0,-13.850000000000001,21.3,24.0,0.09183615471624539,37.377314969511794,3.674403012810442,741.2320713480401
1986-01-05T06:00:00,extended_january,mcp,21.289050942520824,21.300062769520192,21.261794131843992,21.299528297374177,21.298708832263358,0.0,0.0,0.0,0.0,0.0,-14.4,21.3,24.0,0.09183615471624539,37.46915112422804,3.691765954459114,744.9238373024992
1986-01-05T06:15:00,extended_january,mcp,21.240291042978697,21.306901609315293,21.202835027924312,21.305398545191,21.30157251912377,0.0,0.0,0.0,0.0,0.0,-14.55,21.3,24.0,0.09183615471624539,37.56098727894429,6.68180440036452,751.6056417028637
1986-01-05T06:30:00,extended_january,mcp,21.19087453568119,21.303782574894413,21.149110167542627,21.303410347634934,21.301867455814403,0.0,0.0,0.0,0.0,0.0,-14.7,21.3,24.0,0.09183615471624539,37.65282343366054,6.7062854687328395,758.3119271715966
1986-01-05T06:45:00,extended_january,mcp,21.15038251288542,21.30590097008001,21.106098065705392,21.306367956723705,21.300994835286673,0.0,0.0,0.0,0.0,0.0,-14.85,21.3,24.0,0.09183615471624539,37.744659588376784,6.736374692314928,765.0483018639115
1986-01-05T07:00:00,extended_january,mcp,21.113850313588994,21.30189841610872,21.06740637473858,21.30273065300325,21.302656220657934,0.0,0.0,0.0,0.0,0.0,-15.0,21.3,24.0,0.09183615471624539,37.83649574309303,6.759592919224894,771.8078947831365
1986-01-05T07:20:00,extended_january,mcp,20.499602386981152,20.501035064207297,20.499871531532488,20.5007426061483,20.500224911925674,0.0,0.0,0.0,0.0,0.0,-14.725,20.5,23.5,0.09183615471624539,37.92833189780928,5.376106843500284,777.1840016266368
1986-01-05T07:30:00,extended_january,mcp,20.50089891994087,20.50214758995202,20.49952504088234,20.501103926804767,20.50074530235951,0.0,0.0,0.0,0.0,0.0,-14.45,20.5,23.5,0.09183615471624539,38.02016805252553,6.41941893328313,783.60342055992
1986-01-05T07:45:00,extended_january,mcp,20.502652244367074,20.499662643668493,20.501644804137555,20.50090142789379,20.499939240530473,0.0,0.0,0.0,0.0,0.0,-14.175,20.5,23.5,0.09183615471624539,38.112004207241775,5.874943013953102,789.4783635738731
1986-01-05T08:00:00,extended_january,mcp,20.50052509021438,20.498474715919937,20.502227819727118,20.500212122817253,20.500831530359292,0.0,0.0,0.0,0.0,0.0,-13.9,20.5,23.5,0.09183615471624539,38.20384036195802,5.965457673675679,795.4438212475488
1986-01-05T08:15:00,extended_january,mcp,20.500519468669022,20.500367672230883,20.500367547031644,20.498515123501765,20.641037294400615,11.0,5.0,11.0,5.0,20.0,-13.9,20.5,23.5,0.09183615471624539,38.29567651667427,4.05739426126832,799.5012155088172
1986-01-05T08:30:00,extended_january,mcp,20.50098446368411,20.625706772140973,20.50053257516504,20.5011897290083,20.822196256772607,11.0,5.0,11.0,5.0,20.0,-13.9,20.5,23.5,0.09183615471624539,38.38751267139052,3.9467215700478504,803.447937078865
1986-01-05T08:53:00,extended_january,mcp,20.50099636643768,21.097504204985587,20.501324178965646,20.501883694414843,20.99767557766274,11.0,5.0,11.0,5.0,20.0,-13.9,20.5,23.5,0.09183615471624539,38.479348826106765,3.844067875690736,807.2920049545558
1986-01-05T09:08:00,extended_january,mcp,20.500475943393802,21.567603009378075,20.500934433604534,20.501350374372773,21.121173478097123,11.0,5.0,11.0,5.0,20.0,-13.9,20.5,23.5,0.09183615471624539,38.57118498082301,3.753797841141282,811.045802795697
1986-01-05T09:20:00,extended_january,mcp,20.500553060411814,22.39785531707036,20.500505988129326,20.50117923204574,21.723507994372213,11.0,5.0,11.0,5.0,20.0,-13.350000000000001,20.5,23.5,0.09183615471624539,38.66302113553926,3.267203140839326,814.3130059365363
1986-01-05T09:35:00,extended_january,mcp,20.500373888459873,22.932793333109025,20.500990320107807,20.501979884868508,22.032627794186162,11.0,5.0,11.0,5.0,20.0,-12.8,20.5,23.5,0.09183615471624539,38.75485729025551,3.0559512558863395,817.3689571924227
1986-01-05T09:53:00,extended_january,mcp,20.50064689708097,23.36296865229789,20.501663531812483,20.500566932172017,22.23694591124905,11.0,5.0,11.0,5.0,20.0,-12.249999999999998,20.5,23.5,0.09183615471624539,38.846693444971756,2.8758085838171126,820.2447657762399
1986-01-05T10:00:00,extended_january,mcp,20.5795597320356,23.48508756734017,20.501322480298732,20.501539236827416,22.355868206996824,11.0,5.0,11.0,5.0,20.0,-11.7,20.5,23.5,0.09253347092753826,38.93922691589929,2.7139935237987003,822.9587593000385
1986-01-05T10:15:00,extended_january,mcp,20.80215108632927,23.49733209348388,20.50073024632363,20.499966525799906,22.49742341269449,11.0,5.0,11.0,5.0,20.0,-11.124999999999998,20.5,23.5,0.09343590878829583,39.032662824687584,2.5883413417255388,825.5471006417641
1986-01-05T10:30:00,extended_january,mcp,21.088263671047848,23.413756313566388,20.50069963786765,20.50180346286338,22.620247160697634,11.0,5.0,11.0,5.0,20.0,-10.55,20.5,23.4,0.09435660140860726,39.12701942609619,2.47327608203022,828.0203767237944
1986-01-05T10:53:00,extended_january,mcp,21.466852262272035,23.399604903283556,20.50009527550126,20.50110056801662,22.758478654482804,11.0,5.0,11.0,5.0,20.0,-9.975000000000001,20.5,23.4,0.09464389415374591,39.22166332024994,2.374997548277803,830.3953742720721
1986-01-05T11:08:00,extended_january,mcp,21.815402880850034,23.39944810352653,20.500679393998333,20.501480131139115,22.860109334162164,11.0,5.0,11.0,5.0,20.0,-9.4,20.5,23.4,0.09476153776958039,39.316424858019516,2.281353181186756,832.6767274532589
1986-01-05T11:15:00,extended_january,mcp,21.967779102636904,23.399324226902394,20.501089033127617,20.50113768359051,22.824200433881412,8.8,4.0,8.8,4.0,16.0,-9.0,20.5,23.4,0.0942743294537076,39.41069918747323,2.302559460330362,834.9792869135892
1986-01-05T11:30:00,extended_january,mcp,22.18554109395544,23.39937780121643,20.50165128294023,20.500111619179933,22.78858108708442,8.8,4.0,8.8,4.0,16.0,-8.6,20.5,23.4,0.09396302498080174,39.50466221245403,2.2621063911606756,837.24139330475
1986-01-05T11:45:00,extended_january,mcp,22.445885722606103,23.399444910221337,20.501604993833478,20.502764463392737,22.78785494683077,8.8,4.0,8.8,4.0,16.0,-8.2,20.5,23.4,0.09351923665647245,39.5981814491105,2.2240093701009784,839.4654026748509
1986-01-05T12:00:00,extended_january,mcp,22.73024166591542,23.399491319166824,20.500688848190322,20.502100400246828,22.804181630601725,8.8,4.0,8.8,4.0,16.0,-7.8,20.5,23.4,0.09297733658936741,39.69115878569987,2.1892961257027324,841.6546988005537
1986-01-05T12:15:00,extended_january,mcp,22.825689960073547,23.37736695993638,20.502215798267844,20.501385247212646,22.629357825562668,4.4,2.0,4.4,2.0,8.0,-7.5249999999999995,20.5,23.4,0.09183615471624539,39.78299494041612,2.3242270677531476,843.9789258683068
1986-01-05T12:30:00,extended_january,mcp,22.95976496282924,23.199781194408246,20.501967577343336,20.499375990244108,22.478716546208464,4.4,2.0,4.4,2.0,8.0,-7.25,20.5,23.4,0.09183615471624539,39.874831095132365,2.262669292893595,846.2415951612004
1986-01-05T12:45:00,extended_january,mcp,23.185481624905986,22.92401937482836,20.501924582053746,20.500572335967206,22.42166810371901,4.4,2.0,4.4,2.0,8.0,-6.9750000000000005,20.5,23.4,0.09183615471624539,39.96666724984861,2.232937248799968,848.4745324100004
1986-01-05T13:08:00,extended_january,mcp,23.39774980831543,22.561590786223434,20.501034499457514,20.501269431879237,22.41427667843607,4.4,2.0,4.4,2.0,8.0,-6.7,20.5,23.4,0.09219648139519371,40.058863731243804,2.155390005137196,850.6299224151376
1986-01-05T13:15:00,extended_january,mcp,23.399300472405073,22.4848435522056,20.509093144761295,20.5007917934855,22.650527879790765,8.8,4.0,8.8,4.0,16.0,-6.425000000000001,20.5,23.4,0.09535178558727728,40.15421551683108,1.8447809544183238,852.4747033695559
1986-01-05T13:30:00,extended_january,mcp,23.140058326721054,22.319586410242927,20.55773035603229,20.500028974084348,22.88941637510419,8.8,4.0,8.8,4.0,16.0,-6.15,20.5,23.1,0.0999111017294672,40.25412661856055,1.6791579102686547,854.1538612798245
1986-01-05T13:45:00,extended_january,mcp,23.10489196518145,22.127868198136134,20.6317164508863,20.499930106035755,23.056514361845878,8.8,4.0,8.8,4.0,16.0,-5.874999999999999,20.5,23.1,0.09999317943008985,40.354119797990634,1.6937622863395647,855.8476235661641
1986-01-05T14:00:00,extended_january,mcp,23.166728284277692,21.95607362753646,20.710289971962023,20.502003894863464,23.097774768411355,8.8,4.0,8.8,4.0,16.0,-5.6,20.5,23.1,0.10261423576580148,40.45673403375643,1.570463977639069,857.4180875438032
1986-01-05T14:15:00,extended_january,mcp,23.258347325602514,21.85153032840314,20.817604829699416,20.575320274357534,23.09936054695129,11.0,5.0,11.0,5.0,20.0,-5.174999999999999,20.5,23.1,0.10391026606128599,40.56064429981772,1.4924277928079779,858.9105153366112
1986-01-05T14:30:00,extended_january,mcp,23.30987408910732,21.753179102904202,20.896420864451198,20.680740884115657,23.09941723643442,11.0,5.0,11.0,5.0,20.0,-4.75,20.5,23.1,0.1041052525272163,40.66474955234494,1.4363730718112784,860.3468884084225
1986-01-05T14:45:00,extended_january,mcp,23.24653562740384,21.62601253117014,20.917291249690905,20.762047943262726,23.099406841005067,11.0,5.0,11.0,5.0,20.0,-4.324999999999999,20.5,23.1,0.10422654029492082,40.76897609263986,1.3799814577316933,861.7268698661542
1986-01-05T15:00:00,extended_january,mcp,23.11992798480706,21.489908247234734,20.906048777263003,20.823154991784897,23.09940659911612,11.0,5.0,11.0,5.0,20.0,-3.9,20.5,23.1,0.10367334713233933,40.872649439772196,1.3464582395606994,863.0733281057148
1986-01-05T15:15:00,extended_january,mcp,23.10172708890935,21.312936339050058,20.826201747630012,20.82463523418231,23.099471557428302,11.0,5.0,11.0,5.0,20.0,-3.75,20.5,23.1,0.0986380006454369,40.97128744041763,1.5279605104460154,864.6012886161609
1986-01-05T15:30:00,extended_january,mcp,23.009170964754826,21.143897776170927,20.74228494107629,20.794178229843748,23.00451901079704,11.0,5.0,11.0,5.0,20.0,-3.5999999999999996,20.5,23.0,0.09855821885151805,41.06984565926915,1.4672413745758208,866.0685299907367
1986-01-05T15:45:00,extended_january,mcp,23.0002107425271,21.011858483139058,20.683225052242715,20.785420937966077,22.999632678806726,11.0,5.0,11.0,5.0,20.0,-3.4499999999999997,20.5,23.0,0.09456345768419634,41.164409116953344,1.6951909563588008,867.7637209470955
1986-01-05T16:00:00,extended_january,mcp,22.999653851773257,20.898740647904354,20.62637761707745,20.774699038618177,22.99938574639181,11.0,5.0,11.0,5.0,20.0,-3.3,20.5,23.0,0.09321373571220001,41.25762285266554,1.6959928383477427,869.4597137854432
1986-01-05T16:15:00,extended_january,mcp,22.736666525818162,20.70886538104976,20.50804021777337,20.654008938333632,22.96330209833325,11.0,5.0,11.0,5.0,20.0,-3.5749999999999997,20.5,23.0,0.09183615471624539,41.34945900738179,1.8245785135243335,871.2842922989676
1986-01-05T16:38:00,extended_january,mcp,22.09660658369553,20.51349716906774,20.501506414986515,20.50152475267307,22.924749306917217,11.0,5.0,11.0,5.0,20.0,-3.85,20.5,23.0,0.09183615471624539,41.44129516209804,1.799457816818614,873.0837501157862
1986-01-05T16:53:00,extended_january,mcp,21.71764758253152,20.50143792654455,20.500589995005672,20.500654160098318,22.902205645421343,11.0,5.0,11.0,5.0,20.0,-4.125,20.5,23.0,0.09183615471624539,41.533131316814284,1.8704925023192132,874.9542426181054
1986-01-05T17:08:00,extended_january,mcp,21.457581277419113,20.501847348951603,20.500739182125567,20.50077679551825,22.883703035956923,11.0,5.0,11.0,5.0,20.0,-4.4,20.5,23.0,0.09183615471624539,41.62496747153053,1.9333010933322796,876.8875437114376
1986-01-05T17:15:00,extended_january,mcp,21.27201121747475,20.501373110478248,20.50172300466139,20.50108734628465,22.86147839278357,11.0,5.0,11.0,5.0,20.0,-4.550000000000001,20.5,23.0,0.09183615471624539,41.71680362624678,1.97758351146336,878.8651272229009
1986-01-05T17:30:00,extended_january,mcp,21.055603984277674,20.502295748890617,20.501256313865433,20.501085137933146,22.8310820929113,11.0,5.0,11.0,5.0,20.0,-4.7,20.5,23.1,0.09183615471624539,41.80863978096303,2.0192099088085245,880.8843371317095
1986-01-05T17:45:00,extended_january,mcp,20.86911339834688,20.502862794673263,20.500834691200758,20.50041607293747,22.800831684428957,11.0,5.0,11.0,5.0,20.0,-4.85,20.5,23.1,0.09183615471624539,41.900475935679275,2.0545735043556563,882.9389106360651
1986-01-05T18:00:00,extended_january,mcp,20.710000141273458,20.500934859142156,20.50220963834579,20.501861675989137,22.77271062731862,11.0,5.0,11.0,5.0,20.0,-5.0,20.5,23.1,0.09183615471624539,41.99231209039552,2.0860079879828923,885.0249186240479
1986-01-05T18:23:00,extended_january,mcp,20.501605516617403,20.502626281422994,20.50121641010335,20.501570783630044,22.12643505654368,5.5,2.5,5.5,2.5,10.0,-5.15,20.5,23.1,0.09183615471624539,42.08414824511177,2.5568339481284554,887.5817525721764
1986-01-05T18:38:00,extended_january,mcp,20.501363010674964,20.50232019312906,20.50189738999421,20.502059031420114,21.685159438407055,5.5,2.5,5.5,2.5,10.0,-5.3,20.5,23.1,0.09183615471624539,42.17598439982802,2.7970785077668383,890.3788310799432
1986-01-05T18:53:00,extended_january,mcp,20.500787238943797,20.502264121221973,20.50072476799215,20.500869809526282,21.464637816894378,5.5,2.5,5.5,2.5,10.0,-5.449999999999999,20.5,23.1,0.09183615471624539,42.267820554544265,2.9306203441864223,893.3094514241296
1986-01-05T19:00:00,extended_january,mcp,20.500863338017854,20.50028259903931,20.502271937524373,20.500684723977457,21.349469178268105,5.5,2.5,5.5,2.5,10.0,-5.6,20.5,23.1,0.09183615471624539,42.35965670926051,3.0282005508448484,896.3376519749745
1986-01-05T19:23:00,extended_january,mcp,20.50285649110671,20.50013847895013,20.501744397262073,20.501500432579302,20.68328061030657,0.0,0.0,0.0,0.0,0.0,-5.874999999999999,20.5,23.1,0.09183615471624539,42.45149286397676,3.571584015733326,899.9092359907079
1986-01-05T19:34:00,extended_january,mcp,19.500819546362912,19.50049379903827,19.500825739051002,19.50052705748404,20.369449292792183,0.0,0.0,0.0,0.0,0.0,-6.15,19.5,23.1,0.09183615471624539,42.54332901869301,2.5663208240511275,902.475556814759
1986-01-05T19:45:00,extended_january,mcp,19.500579013753605,19.499192969233853,19.501831020413736,19.501614739766374,20.250242498627525,0.0,0.0,0.0,0.0,0.0,-6.425000000000001,19.5,23.1,0.09183615471624539,42.635165173409256,3.118691189268332,905.5942480040273
1986-01-05T20:00:00,extended_january,mcp,19.50210370971809,19.50036841524644,19.500968244175212,19.49981359551687,20.095146808324273,0.0,0.0,0.0,0.0,0.0,-6.7,19.5,23.1,0.09183615471624539,42.7270013281255,3.1292988534375423,908.7235468574648
1986-01-05T20:15:00,extended_january,mcp,19.500751891324708,19.498568291910175,19.499455253603383,19.49919800758355,19.91278087520942,0.0,0.0,0.0,0.0,0.0,-6.9750000000000005,19.5,23.1,0.09183615471624539,42.81883748284175,0.8696527504450497,909.5931996079099
1986-01-05T20:30:00,extended_january,mcp,19.499532160839085,19.49732908274587,19.50064760839896,19.49944346927309,19.747829041973574,0.0,0.0,0.0,0.0,0.0,-7.25,19.5,23.1,0.09183615471624539,42.910673637558,1.1885414385005508,910.7817410464105
1986-01-05T20:53:00,extended_january,mcp,18.999747994517218,19.001227429417455,19.000187885924227,19.001177459332972,19.594954916568316,0.0,0.0,0.0,0.0,0.0,-7.5249999999999995,19.0,22.5,0.09183615471624539,43.002509792274246,0.6032437540479563,911.3849848004585
1986-01-05T21:00:00,extended_january,mcp,18.999989957485578,18.99801859347097,18.999639024985342,18.999926532037875,19.513212770627856,0.0,0.0,0.0,0.0,0.0,-7.8,19.0,22.5,0.09183615471624539,43.094345946990494,1.1336891239662064,912.5186739244247
1986-01-05T21:15:00,extended_january,mcp,18.999466121274637,18.998904983813993,19.0011028150609,19.00013246702027,19.40235409160709,0.0,0.0,0.0,0.0,0.0,-8.075,19.0,22.5,0.09183615471624539,43.18618210170674,1.0709852567764493,913.5896591812011
1986-01-05T21:30:00,extended_january,mcp,18.99965723404967,18.998304399850966,19.000259248544374,18.998585472571897,19.309230411977747,0.0,0.0,0.0,0.0,0.0,-8.35,19.0,22.5,0.09183615471624539,43.27801825642299,1.2723324867957773,914.8619916679969
1986-01-05T21:45:00,extended_january,mcp,18.998882044642365,18.998895875951433,19.00094845627734,18.998127358982124,19.237388312848623,0.0,0.0,0.0,0.0,0.0,-8.625,19.0,22.5,0.09183615471624539,43.36985441113924,1.3570212616436828,916.2190129296406
1986-01-05T22:00:00,extended_january,mcp,18.99950831856402,18.99813389138633,19.001140978850277,18.999592687576097,19.181207842433828,0.0,0.0,0.0,0.0,0.0,-8.9,19.0,22.5,0.09183615471624539,43.461690565855484,1.4129725927348358,917.6319855223754
1986-01-05T22:15:00,extended_january,mcp,18.999399601099196,18.998623517760837,18.99842376633949,19.00097723858984,19.121636819929538,0.0,0.0,0.0,0.0,0.0,-8.9,19.0,22.5,0.09183615471624539,43.55352672057173,1.4681463656040075,919.1001318879794
1986-01-05T22:30:00,extended_january,mcp,18.998791786580096,19.000372742834777,18.999264976124252,18.999107139758728,19.060178756246206,0.0,0.0,0.0,0.0,0.0,-8.9,19.0,22.5,0.09183615471624539,43.64536287528798,1.5174034943480763,920.6175353823274
1986-01-05T22:45:00,extended_january,mcp,19.000383434542147,18.999193561074975,19.0002552382671,18.99816235094256,19.002035585649825,0.0,0.0,0.0,0.0,0.0,-8.9,19.0,22.5,0.09183615471624539,43.73719903000423,1.5585897829745905,922.176125165302
1986-01-05T23:00:00,extended_january,mcp,19.000516825213968,19.00122625081834,18.999862356792654,18.99762401341828,19.000103901740538,0.0,0.0,0.0,0.0,0.0,-8.9,19.0,22.5,0.09183615471624539,43.829035184720475,1.6302086199236965,923.8063337852257
1986-01-05T23:15:00,extended_january,mcp,18.998863184304884,18.99979497861233,18.999268354921153,18.99948524431658,19.00031089949968,0.0,0.0,0.0,0.0,0.0,-9.175,19.0,22.5,0.09183615471624539,43.92087133943672,1.6953171630411663,925.5016509482668
1986-01-05T23:30:00,extended_january,mcp,19.000532594366778,18.999454915720914,19.000153317944395,18.998376928502022,19.000356495953255,0.0,0.0,0.0,0.0,0.0,-9.45,19.0,22.5,0.09183615471624539,44.01270749415297,1.7605270589119617,927.2621780071788
1986-01-05T23:53:00,extended_january,mcp,18.50014645073574,18.50130931099832,18.500547030386926,18.502155185894793,18.854879347463424,0.0,0.0,0.0,0.0,0.0,-9.725,18.5,22.0,0.09183615471624539,44.10454364886922,0.8870370398859153,928.1492150470648
1986-01-06T00:00:00,extended_january,mcp,18.500661990675546,18.501368057450392,18.498810028251885,18.50088700826094,18.786957057858505,0.0,0.0,0.0,0.0,0.0,-10.0,18.5,22.0,0.09183615471624539,44.196379803585465,1.4383044271564462,929.5875194742213
1986-01-06T00:15:00,extended_january,mcp,18.499951840970873,18.49997301059648,18.499554576063698,18.499300179724806,18.809792742367048,0.0,0.0,0.0,0.0,0.0,-10.275,18.5,22.0,0.09183615471624539,44.28821595830171,1.1046147088712073,930.6921341830924
1986-01-06T00:30:00,extended_january,mcp,18.501034802104552,18.50001364447701,18.49904568374766,18.49934648169068,18.823326889801827,0.0,0.0,0.0,0.0,0.0,-10.55,18.5,22.0,0.09183615471624539,44.38005211301796,1.3073493690202913,931.9994835521127
1986-01-06T00:45:00,extended_january,mcp,18.49979533978725,18.499417853270675,18.499060202275917,18.498146330955617,18.798690097633436,0.0,0.0,0.0,0.0,0.0,-10.825,18.5,22.0,0.09183615471624539,44.47188826773421,1.3909972000333273,933.390480752146
1986-01-06T01:00:00,extended_january,mcp,18.501231057895357,18.500804294650294,18.501267916721517,18.498672836716814,18.758113769293054,0.0,0.0,0.0,0.0,0.0,-11.1,18.5,22.0,0.09183615471624539,44.563724422450456,1.4595434547078485,934.8500242068538
1986-01-06T01:15:00,extended_january,mcp,18.499763040487917,18.498170996458597,18.500266576404936,18.501505211653317,18.73449904446168,0.0,0.0,0.0,0.0,0.0,-11.1,18.5,22.0,0.09183615471624539,44.6555605771667,1.4514370250690827,936.3014612319229
1986-01-06T01:30:00,extended_january,mcp,18.500980484137948,18.501709898953322,18.499249523182964,18.50154809328878,18.72566650480113,0.0,0.0,0.0,0.0,0.0,-11.1,18.5,22.0,0.09183615471624539,44.74739673188295,1.4581818471825685,937.7596430791054
1986-01-06T01:45:00,extended_january,mcp,18.500802620347,18.498895606198154,18.50057507240066,18.501322527007368,18.72289520840802,0.0,0.0,0.0,0.0,0.0,-11.1,18.5,22.0,0.09183615471624539,44.8392328865992,1.4587026198893303,939.2183456989948
1986-01-06T02:00:00,extended_january,mcp,18.500280277521917,18.498732263677717,18.499202170229598,18.50007198199429,18.72271947341254,0.0,0.0,0.0,0.0,0.0,-11.1,18.5,22.0,0.09183615471624539,44.931069041315446,1.4585165338452926,940.6768622328401
1986-01-06T02:15:00,extended_january,mcp,18.499988443201573,18.49882075446616,18.50045221051349,18.50145004236146,18.717002877213652,0.0,0.0,0.0,0.0,0.0,-11.375,18.5,22.0,0.09183615471624539,45.022905196031694,1.492170929833698,942.1690331626738
1986-01-06T02:30:00,extended_january,mcp,18.499920850751913,18.498566924615577,18.49890342519382,18.50187041849493,18.70777367981499,0.0,0.0,0.0,0.0,0.0,-11.649999999999999,18.5,22.0,0.09183615471624539,45.11474135074794,1.5131603351606513,943.6821934978345
1986-01-06T02:45:00,extended_january,mcp,18.498866452232928,18.50145280229386,18.498956017347655,18.49867486853734,18.69940336372718,0.0,0.0,0.0,0.0,0.0,-11.924999999999999,18.5,22.0,0.09183615471624539,45.20657750546419,1.534026355950207,945.2162198537848
1986-01-06T03:00:00,extended_january,mcp,18.500675014105134,18.499077636042333,18.49908719920962,18.501564530768,18.693309714612894,0.0,0.0,0.0,0.0,0.0,-12.2,18.5,22.0,0.09183615471624539,45.29841366018044,1.5562122494302408,946.772432103215
1986-01-06T03:15:00,extended_january,mcp,18.49906998989872,18.499884783577606,18.501211243080135,18.500888161845488,18.68795314280595,0.0,0.0,0.0,0.0,0.0,-12.624999999999998,18.5,22.0,0.09183615471624539,45.390249814896684,1.5820604258532154,948.3544925290682
1986-01-06T03:30:00,extended_january,mcp,18.499459600565764,18.50079236860186,18.499603573299684,18.499561456280293,18.68299514274351,0.0,0.0,0.0,0.0,0.0,-13.05,18.5,22.0,0.09183615471624539,45.48208596961293,1.6081471077175353,949.9626396367858
1986-01-06T03:45:00,extended_january,mcp,18.4994044696848,18.50079947768277,18.499845007040822,18.498814704417832,18.678661864109756,0.0,0.0,0.0,0.0,0.0,-13.475000000000001,18.5,22.0,0.09183615471624539,45.57392212432918,1.6349760838823069,951.597615720668
1986-01-06T04:00:00,extended_january,mcp,18.500690363076476,18.50033000390298,18.49969181244646,18.50112069828775,18.675071749119,0.0,0.0,0.0,0.0,0.0,-13.9,18.5,22.0,0.09183615471624539,45.66575827904543,1.6579776597327531,953.2555933804008
1986-01-06T04:15:00,extended_january,mcp,18.499890954404062,18.499401425380675,18.499961528857877,18.501918726182637,18.669013871323667,0.0,0.0,0.0,0.0,0.0,-13.9,18.5,22.0,0.09183615471624539,45.757594433761675,1.6761735926565815,954.9317669730574
1986-01-06T04:30:00,extended_january,mcp,18.500255559294168,18.49863424638139,18.501144301916593,18.501676981664488,18.661152537341437,0.0,0.0,0.0,0.0,0.0,-13.9,18.5,22.0,0.09183615471624539,45.84943058847792,1.6921018048659702,956.6238687779233
1986-01-06T04:45:00,extended_january,mcp,18.499950440714347,18.498377785731886,18.500919304909374,18.501651365197034,18.652799168115443,0.0,0.0,0.0,0.0,0.0,-13.9,18.5,22.0,0.09183615471624539,45.94126674319417,1.706624296728137,958.3304930746515
1986-01-06T05:00:00,extended_january,mcp,18.499191895502076,18.49875592720313,18.499958931066374,18.502266699261146,18.64449653893972,0.0,0.0,0.0,0.0,0.0,-13.9,18.5,22.0,0.09183615471624539,46.03310289791042,1.7239257429146888,960.0544188175662
1986-01-06T05:15:00,extended_january,mcp,18.500626949292055,18.500604822574655,18.501156422711425,18.50160038044837,18.635650420082463,0.0,0.0,0.0,0.0,0.0,-14.025,18.5,22.0,0.09183615471624539,46.124939052626665,1.7417760338622368,961.7961948514285
1986-01-06T05:30:00,extended_january,mcp,18.498912386944653,18.500584454449886,18.500116953001488,18.50007249771171,18.626426580732414,0.0,0.0,0.0,0.0,0.0,-14.15,18.5,22.0,0.09183615471624539,46.21677520734291,1.7572095329209867,963.5534043843495
1986-01-06T05:45:00,extended_january,mcp,18.499403757294267,18.502035907998437,18.499809875313787,18.49843618057589,18.617151219359098,0.0,0.0,0.0,0.0,0.0,-14.275,18.5,22.0,0.09183615471624539,46.30861136205916,1.7784583682173483,965.3318627525668
1986-01-06T06:00:00,extended_january,mcp,18.498369031096882,18.499619100815266,18.500582107641428,18.49960662412498,18.607973702327932,0.0,0.0,0.0,0.0,0.0,-14.4,18.5,22.0,0.09183615471624539,46.40044751677541,1.7915657736334694,967.1234285262003
1986-01-06T06:15:00,extended_january,mcp,18.500368540820674,18.50049553639391,18.50117769860556,18.500605155461283,18.58859977125355,0.0,0.0,0.0,0.0,0.0,-14.4,18.5,22.0,0.09183615471624539,46.492283671491656,1.827241548955091,968.9506700751554
1986-01-06T06:30:00,extended_january,mcp,18.499663681067208,18.501616788392617,18.501279290741238,18.498432451830876,18.561642208504608,0.0,0.0,0.0,0.0,0.0,-14.4,18.5,22.0,0.09183615471624539,46.5841198262079,1.8561977266977607,970.8068678018532
1986-01-06T06:45:00,extended_january,mcp,18.49885259532897,18.499460892160076,18.50110424261917,18.49962836381173,18.531692031593586,0.0,0.0,0.0,0.0,0.0,-14.4,18.5,22.0,0.09183615471624539,46.67595598092415,1.8856408686534616,972.6925086705066
1986-01-06T07:00:00,extended_january,mcp,18.498423754064685,18.500374774560715,18.500611055463924,18.498383878345347,18.500660442112803,0.0,0.0,0.0,0.0,0.0,-14.4,18.5,22.0,0.09183615471624539,46.7677921356404,1.9145580028612816,974.607066673368
1986-01-06T07:15:00,extended_january,mcp,18.500367190211133,18.49957313427499,18.50047551420838,18.50027905045647,18.49995095805954,0.0,0.0,0.0,0.0,0.0,-14.55,18.5,22.0,0.09183615471624539,46.859628290356646,1.8917062318165565,976.4987729051845
1986-01-06T07:30:00,extended_january,mcp,18.49951894126759,18.50131019729456,18.499168974439293,18.49877878039168,18.513208878922164,0.0,0.0,0.0,0.0,0.0,-14.7,18.5,22.0,0.09183615471624539,46.951464445072894,1.7781350675205791,978.2769079727051
1986-01-06T07:45:00,extended_january,mcp,18.49954931699281,18.498920594736447,18.49863949159613,18.499993246931684,18.535204995229126,0.0,0.0,0.0,0.0,0.0,-14.85,18.5,22.0,0.09183615471624539,47.04330059978914,1.666237254161764,979.9431452268668
1986-01-06T08:00:00,extended_january,mcp,18.49862145103016,18.498696441176243,18.499554917554686,18.499577994451812,18.56431761420337,0.0,0.0,0.0,0.0,0.0,-15.0,18.5,22.0,0.09183615471624539,47.13513675450539,1.5363821101293267,981.4795273369962
1986-01-06T08:15:00,extended_january,mcp,18.50055525030257,18.498746894029836,18.50005166283687,18.50017692869755,18.561170275077192,0.0,0.0,0.0,0.0,0.0,-14.725,18.5,22.0,0.09183615471624539,47.22697290922164,1.4794834279256772,982.9590107649218
1986-01-06T08:30:00,extended_january,mcp,18.498636943981175,18.70687882650023,18.500062823639112,18.499531130159003,18.53486189976669,0.0,0.0,0.0,0.0,0.0,-14.45,18.5,22.0,0.09183615471624539,47.318809063937884,1.4252792395691256,984.3842900044909
1986-01-06T08:53:00,extended_january,mcp,18.499220825419567,19.1221666164286,18.50062658934314,18.5004925714744,18.500265647257866,0.0,0.0,0.0,0.0,0.0,-14.175,18.5,22.0,0.09183615471624539,47.41064521865413,1.3984493453063562,985.7827393497973
1986-01-06T09:08:00,extended_january,mcp,18.500198834583824,19.483571205802004,18.49929466586511,18.49933856697583,18.49994751209215,0.0,0.0,0.0,0.0,0.0,-13.9,18.5,22.0,0.09183615471624539,47.50248137337038,1.3699343402175495,987.1526736900149
1986-01-06T09:23:00,extended_january,mcp,18.499412753069645,19.874331470122584,18.50034930820561,18.50041602407857,18.49998762944903,0.0,0.0,0.0,0.0,0.0,-13.75,18.5,22.0,0.09183615471624539,47.59431752808663,1.2490566982685256,988.4017303882835
1986-01-06T09:38:00,extended_january,mcp,18.499629855865084,20.266072199117612,18.499406816093046,18.499380513048504,18.515556702619577,0.0,0.0,0.0,0.0,0.0,-13.600000000000001,18.5,22.0,0.09183615471624539,47.686153682802875,1.1277855835521389,989.5295159718356
1986-01-06T09:53:00,extended_january,mcp,18.499631570838346,20.54691921379691,18.49927200950806,18.49988079681832,18.550242523089686,0.0,0.0,0.0,0.0,0.0,-13.450000000000001,18.5,22.0,0.09183615471624539,47.77798983751912,1.0096455965981739,990.5391615684338
1986-01-06T10:00:00,extended_january,mcp,18.499783080477542,20.718245409458703,18.500126607963242,18.498432736665528,18.58453214434495,0.0,0.0,0.0,0.0,0.0,-13.3,18.5,22.0,0.09183615471624539,47.86982599223537,0.895662787847406,991.4348243562812
1986-01-06T10:15:00,extended_january,mcp,18.500222056422338,20.84811319473115,18.500164266582804,18.49988440060968,18.61877759969606,0.0,0.0,0.0,0.0,0.0,-13.025000000000002,18.5,22.0,0.09183615471624539,47.96166214695162,0.8244271688830795,992.2592515251642
1986-01-06T10:30:00,extended_january,mcp,18.499702852673217,20.920947788360728,18.500989716126856,18.501189681209325,18.647654038880184,0.0,0.0,0.0,0.0,0.0,-12.75,18.5,22.0,0.09183615471624539,48.053498301667865,0.7241844022103004,992.9834359273746
1986-01-06T10:45:00,extended_january,mcp,18.500422657895367,20.86049206461311,18.49971486503386,18.50160013283041,18.675599919169763,0.0,0.0,0.0,0.0,0.0,-12.474999999999998,18.5,22.0,0.09183615471624539,48.14533445638411,0.6619404145499798,993.6453763419246
1986-01-06T11:00:00,extended_january,mcp,18.500058282401444,20.647240305166473,18.49985870452404,18.501513648064627,18.702911384763798,0.0,0.0,0.0,0.0,0.0,-12.2,18.5,22.0,0.09183615471624539,48.23717061110036,0.6280845527834678,994.273460894708
1986-01-06T11:15:00,extended_january,mcp,18.499375546234297,20.363793344184867,18.49895436775065,18.50094590351384,18.727792225485928,0.0,0.0,0.0,0.0,0.0,-11.924999999999999,18.5,22.0,0.09183615471624539,48.32900676581661,0.5965409207361538,994.8700018154442
1986-01-06T11:38:00,extended_january,mcp,18.500115790181148,19.91829355084028,18.499603476733295,18.50076471560183,18.752896625182437,0.0,0.0,0.0,0.0,0.0,-11.649999999999999,18.5,22.0,0.09183615471624539,48.420842920532856,0.5891574808936696,995.4591592963378
1986-01-06T11:53:00,extended_january,mcp,18.499630881710456,19.642400094278564,18.500635666747524,18.49905665927139,18.769674826731798,0.0,0.0,0.0,0.0,0.0,-11.375,18.5,22.0,0.09183615471624539,48.5126790752491,0.586844899616311,996.0460041959541
1986-01-06T12:00:00,extended_january,mcp,18.499472277606944,19.454440470934625,18.499983569297004,18.49958233500809,18.78127123784409,0.0,0.0,0.0,0.0,0.0,-11.1,18.5,22.0,0.09183615471624539,48.60451522996535,0.565298295597551,996.6113024915517
1986-01-06T12:15:00,extended_january,mcp,18.49920622177674,19.270917070353818,18.499742710602646,18.500563221533778,18.805813214013092,0.0,0.0,0.0,0.0,0.0,-11.25,18.5,22.0,0.09183615471624539,48.6963513846816,0.5269830377881388,997.1382855293398
1986-01-06T12:30:00,extended_january,mcp,18.500329421166903,19.111773707715983,18.499895799586636,18.500591512046356,18.839385598783434,0.0,0.0,0.0,0.0,0.0,-11.399999999999999,18.5,22.0,0.09183615471624539,48.788187539397846,0.4823650383732061,997.620650567713
1986-01-06T12:45:00,extended_january,mcp,18.50000921608448,18.93533828663958,18.500925179844554,18.498936374247872,18.87709080243408,0.0,0.0,0.0,0.0,0.0,-11.549999999999999,18.5,22.0,0.09183615471624539,48.880023694114094,0.4878125760448209,998.1084631437578
1986-01-06T13:00:00,extended_january,mcp,18.500347985835642,18.74939603758571,18.499254716518692,18.50022785481843,18.91553385831422,0.0,0.0,0.0,0.0,0.0,-11.7,18.5,22.0,0.09183615471624539,48.97185984883034,0.5125732320520748,998.6210363758099
1986-01-06T13:15:00,extended_january,mcp,18.404263399441216,18.551651618030995,18.403998049595923,18.406753641234488,18.929313990753347,0.0,0.0,0.0,0.0,0.0,-11.549999999999999,18.4,22.0,0.09183615471624539,49.06369600354659,0.4127269936645849,999.0337633694745
1986-01-06T13:30:00,extended_january,mcp,18.39979280276795,18.41380047629866,18.401010450221396,18.4006907221322,18.924032990367085,0.0,0.0,0.0,0.0,0.0,-11.399999999999999,18.4,22.0,0.09183615471624539,49.15553215826284,0.6293138612117378,999.6630772306862
1986-01-06T13:45:00,extended_january,mcp,18.39939177767497,18.40069179054034,18.400026294401144,18.400548680137714,18.909204331133395,0.0,0.0,0.0,0.0,0.0,-11.25,18.4,22.0,0.09183615471624539,49.247368312979084,0.6207539525794387,1000.2838311832656
1986-01-06T14:00:00,extended_january,mcp,18.3991085011141,18.401280289256466,18.40049620806943,18.399768629390834,18.89099578845877,0.0,0.0,0.0,0.0,0.0,-11.1,18.4,22.0,0.09183615471624539,49.33920446769533,0.6483172829081152,1000.9321484661738
1986-01-06T14:15:00,extended_january,mcp,18.39938333434897,18.40021703545635,18.40020673380769,18.398645093058335,18.890080820739254,0.0,0.0,0.0,0.0,0.0,-11.25,18.4,22.0,0.09183615471624539,49.43104062241158,0.6274479670755099,1001.5595964332492
1986-01-06T14:30:00,extended_january,mcp,18.399287532621585,18.400772100759458,18.39991919149346,18.39952917296417,18.902916817655143,0.0,0.0,0.0,0.0,0.0,-11.399999999999999,18.4,22.0,0.09183615471624539,49.52287677712783,0.5624995666520612,1002.1220959999013
1986-01-06T14:45:00,extended_january,mcp,18.400737370086482,18.400707848962753,18.39949418462496,18.40107338914413,18.922223873197208,0.0,0.0,0.0,0.0,0.0,-11.549999999999999,18.4,22.0,0.09183615471624539,49.614712931844075,0.5728261850403701,1002.6949221849417
1986-01-06T15:00:00,extended_january,mcp,18.399303966742373,18.401355232663704,18.39990284918573,18.400214913824918,18.943987187814358,0.0,0.0,0.0,0.0,0.0,-11.7,18.4,22.0,0.09183615471624539,49.70654908656032,0.5753225338296839,1003.2702447187713
1986-01-06T15:15:00,extended_january,mcp,18.39997774025066,18.400610783162836,18.399342016792968,18.401551100252533,18.956565051186175,0.0,0.0,0.0,0.0,0.0,-11.825,18.4,22.0,0.09183615471624539,49.79838524127657,0.5991611513990053,1003.8694058701703
1986-01-06T15:30:00,extended_january,mcp,18.400593890621778,18.398464080847923,18.401096570186443,18.400131206857168,18.96186657719696,0.0,0.0,0.0,0.0,0.0,-11.95,18.4,22.0,0.09183615471624539,49.89022139599282,0.620688719138067,1004.4900945893085
1986-01-06T15:45:00,extended_january,mcp,18.399823000015953,18.40078709760652,18.39998443465125,18.400020527618228,18.96397605997814,0.0,0.0,0.0,0.0,0.0,-12.075,18.4,22.0,0.09183615471624539,49.982057550709065,0.6588649008585641,1005.148959490167
1986-01-06T16:00:00,extended_january,mcp,18.399702734873422,18.398808553040293,18.401021827399422,18.400291568540283,18.96412118217914,0.0,0.0,0.0,0.0,0.0,-12.2,18.4,22.0,0.09183615471624539,50.07389370542531,0.7080430176696293,1005.8570025078367
1986-01-06T16:15:00,extended_january,mcp,18.400259452414495,18.39978132680191,18.40035109597369,18.400047606411515,18.949219762617272,0.0,0.0,0.0,0.0,0.0,-12.749999999999998,18.4,22.0,0.09183615471624539,50.16572986014156,0.8393988735961339,1006.6964013814328
1986-01-06T16:30:00,extended_january,mcp,18.399876636043587,18.398578385144823,18.39949624762244,18.400363793983942,18.91982760810755,0.0,0.0,0.0,0.0,0.0,-13.3,18.4,22.0,0.09183615471624539,50.25756601485781,1.1691504572659792,1007.8655518386988
1986-01-06T16:45:00,extended_january,mcp,18.400730515565126,18.39871090990738,18.400078367718393,18.399509416002665,18.879199734451383,0.0,0.0,0.0,0.0,0.0,-13.850000000000001,18.4,22.0,0.09183615471624539,50.349402169574056,1.2920722357319194,1009.1576240744307
1986-01-06T17:00:00,extended_january,mcp,18.40051699679055,18.399355581775087,18.398833936144744,18.400795351674407,18.832469095433314,0.0,0.0,0.0,0.0,0.0,-14.4,18.4,22.0,0.09183615471624539,50.4412383242903,1.3872250657556857,1010.5448491401864
1986-01-06T17:15:00,extended_january,mcp,18.40017934200713,18.400284784620784,18.399545721307177,18.400833408760693,18.80143845602177,0.0,0.0,0.0,0.0,0.0,-14.700000000000001,18.4,22.0,0.09183615471624539,50.53307447900655,1.4235780345686184,1011.9684271747551
1986-01-06T17:30:00,extended_january,mcp,18.40064869175244,18.400214624766946,18.400401189738627,18.399160460126343,18.783231268437884,0.0,0.0,0.0,0.0,0.0,-15.0,18.4,22.0,0.09183615471624539,50.6249106337228,1.4631400678769524,1013.431567242632
1986-01-06T17:45:00,extended_january,mcp,18.400111689375724,18.401285189867135,18.399113213418108,18.39919064116734,18.770370187798758,0.0,0.0,0.0,0.0,0.0,-15.299999999999999,18.4,22.0,0.09183615471624539,50.716746788439046,1.502353814182806,1014.9339210568148
1986-01-06T18:00:00,extended_january,mcp,18.398733064942398,18.39866060156064,18.399898031862968,18.399427309561098,18.759689474292802,0.0,0.0,0.0,0.0,0.0,-15.6,18.4,22.0,0.09183615471624539,50.808582943155294,1.5414520616822478,1016.475373118497
1986-01-06T18:15:00,extended_january,mcp,18.400270263447897,18.399855722907418,18.39934177629691,18.40058112391355,18.726782123679623,0.0,0.0,0.0,0.0,0.0,-16.0,18.4,22.0,0.09183615471624539,50.90041909787154,1.6443368474882771,1018.1197099659853
1986-01-06T18:30:00,extended_january,mcp,18.39889840765809,18.400140711070744,18.40068617773869,18.398761535388708,18.676895999350084,0.0,0.0,0.0,0.0,0.0,-16.4,18.4,22.0,0.09183615471624539,50.99225525258779,1.7284193302729796,1019.8481292962583
1986-01-06T18:45:00,extended_january,mcp,18.399389584155095,18.400365691077155,18.39848033056615,18.399556933235175,18.619949531924068,0.0,0.0,0.0,0.0,0.0,-16.799999999999997,18.4,22.0,0.09183615471624539,51.08409140730404,1.8097350933951215,1021.6578643896535
1986-01-06T19:00:00,extended_january,mcp,18.399578862828154,18.40192128549959,18.400174983289073,18.40114390742278,18.559974928236954,0.0,0.0,0.0,0.0,0.0,-17.2,18.4,22.0,0.09183615471624539,51.175927562020284,1.8857875802360824,1023.5436519698895
1986-01-06T19:15:00,extended_january,mcp,18.400349974185293,18.40123145759865,18.401001436575957,18.399117594426862,18.524796141529162,0.0,0.0,0.0,0.0,0.0,-17.2,18.4,22.0,0.09183615471624539,51.26776371673653,1.882165570497213,1025.4258175403868
1986-01-06T19:30:00,extended_january,mcp,18.401433819063904,18.399935317924026,18.401280289243488,18.401109749189683,18.508240185165956,0.0,0.0,0.0,0.0,0.0,-17.2,18.4,22.0,0.09183615471624539,51.35959987145278,1.8972022996547495,1027.3230198400415
1986-01-06T19:45:00,extended_january,mcp,18.39962977689746,18.399747095291858,18.400302030472563,18.400009523442826,18.498937372086665,0.0,0.0,0.0,0.0,0.0,-17.2,18.4,22.0,0.09183615471624539,51.45143602616903,1.9121395449797711,1029.2351593850212
1986-01-06T20:00:00,extended_january,mcp,18.39973193581727,18.40120843458965,18.39945598510731,18.40208639100363,18.492305674371003,0.0,0.0,0.0,0.0,0.0,-17.2,18.4,22.0,0.09183615471624539,51.543272180885275,1.926792446758987,1031.1619518317802
1986-01-06T20:15:00,extended_january,mcp,18.400414841436405,18.398143854998974,18.399975977857057,18.399129040816508,18.503536151209445,0.0,0.0,0.0,0.0,0.0,-17.625,18.4,22.0,0.09183615471624539,51.63510833560152,1.9174843544276243,1033.0794361862079
1986-01-06T20:30:00,extended_january,mcp,18.39985973363461,18.400123331567237,18.399864080254645,18.39804350866935,18.529323530838624,0.0,0.0,0.0,0.0,0.0,-18.049999999999997,18.4,22.0,0.09183615471624539,51.72694449031777,1.9132760698485212,1034.9927122560564
1986-01-06T20:45:00,extended_january,mcp,18.40003052852809,18.39980295926784,18.400123233689847,18.40036226015284,18.56294128849324,0.0,0.0,0.0,0.0,0.0,-18.474999999999998,18.4,22.0,0.09183615471624539,51.81878064503402,1.9051818492237502,1036.89789410528
1986-01-06T21:00:00,extended_january,mcp,18.400002914728702,18.40021476997285,18.399549750677263,18.40007492864652,18.601410766054403,0.0,0.0,0.0,0.0,0.0,-18.9,18.4,22.0,0.09183615471624539,51.910616799750265,1.8956358613959081,1038.793529966676
1986-01-06T21:15:00,extended_january,mcp,18.401016188288526,18.400240914745968,18.400494620362334,18.399122098945412,18.59437913034498,0.0,0.0,0.0,0.0,0.0,-18.75,18.4,22.0,0.09183615471624539,52.00245295446651,1.9721777548782287,1040.7657077215542
1986-01-06T21:30:00,extended_january,mcp,18.400344680282192,18.399600303327016,18.39994836135458,18.398364869649413,18.553399691849197,0.0,0.0,0.0,0.0,0.0,-18.6,18.4,22.0,0.09183615471624539,52.09428910918276,2.0275757230256652,1042.7932834445799
1986-01-06T21:45:00,extended_january,mcp,18.39992755482989,18.398451551350885,18.39948942454597,18.402133697258833,18.499805679479508,0.0,0.0,0.0,0.0,0.0,-18.450000000000003,18.4,22.0,0.09183615471624539,52.18612526389901,2.0809003615509054,1044.8741838061308
1986-01-06T22:00:00,extended_january,mcp,18.399481957043562,18.40123985682376,18.400746343882478,18.39929046590583,18.442425476189133,0.0,0.0,0.0,0.0,0.0,-18.3,18.4,22.0,0.09183615471624539,52.277961418615256,2.1283722456953456,1047.002556051826
1986-01-06T22:15:00,extended_january,mcp,18.400565992016933,18.400693928870496,18.39955812554581,18.398633010182053,18.40744526694628,0.0,0.0,0.0,0.0,0.0,-18.175,18.4,22.0,0.09183615471624539,52.3697975733315,2.123037741729129,1049.1255937935553
1986-01-06T22:30:00,extended_january,mcp,18.399650422538823,18.397902081553877,18.400781715047493,18.40148225644953,18.400184193843845,0.0,0.0,0.0,0.0,0.0,-18.05,18.4,22.0,0.09183615471624539,52.46163372804775,2.1397085582579165,1051.2653023518133
1986-01-06T22:45:00,extended_january,mcp,18.401543462014175,18.39946385338042,18.401060857802307,18.401864615245366,18.399936033604572,0.0,0.0,0.0,0.0,0.0,-17.925,18.4,22.0,0.09183615471624539,52.553469882764,2.1521585811629014,1053.4174609329762
1986-01-06T23:00:00,extended_january,mcp,18.398769697599477,18.400219668839682,18.400601363133013,18.400757154913265,18.399845397938826,0.0,0.0,0.0,0.0,0.0,-17.8,18.4,22.0,0.09183615471624539,52.645306037480246,2.1594574144592475,1055.5769183474354
1986-01-06T23:15:00,extended_january,mcp,18.400827890939176,18.40093242947281,18.400865134609283,18.401116262595902,18.39968228741646,0.0,0.0,0.0,0.0,0.0,-18.075000000000003,18.4,22.0,0.09183615471624539,52.737142192196494,2.209047016467082,1057.7859653639025
1986-01-06T23:30:00,extended_january,mcp,18.398822061376194,18.401386610434262,18.400769717790457,18.401885334416946,18.39990416406622,0.0,0.0,0.0,0.0,0.0,-18.35,18.4,22.0,0.09183615471624539,52.82897834691274,2.2497270809881704,1060.0356924448906
1986-01-06T23:45:00,extended_january,mcp,18.399319858696835,18.401090332370625,18.39947984052433,18.401968620026715,18.40018038778782,0.0,0.0,0.0,0.0,0.0,-18.625,18.4,22.0,0.09183615471624539,52.92081450162899,2.2929401692286833,1062.3286326141192
1986-01-07T00:00:00,extended_january,mcp,18.398364741994016,18.39982638858642,18.400147139948473,18.401094857231264,18.400194546838964,0.0,0.0,0.0,0.0,0.0,-18.9,18.4,22.0,0.09183615471624539,53.01265065634524,2.332692079440428,1064.6613246935597
1986-01-07T00:15:00,extended_january,mcp,18.40007865144259,18.40129898015059,18.400283350944747,18.398666503052695,18.39982068868208,0.0,0.0,0.0,0.0,0.0,-18.9,18.4,22.0,0.09183615471624539,53.104486811061484,2.3204832105409796,1066.9818079041006
1986-01-07T00:30:00,extended_january,mcp,18.40120597969129,18.40097861459369,18.400058932244896,18.399811015401877,18.400261250378474,0.0,0.0,0.0,0.0,0.0,-18.9,18.4,22.0,0.09183615471624539,53.19632296577773,2.3109548876224504,1069.2927627917231
1986-01-07T00:45:00,extended_january,mcp,18.40160540310493,18.399172708899428,18.400106802277293,18.399565732102218,18.399839771386404,0.0,0.0,0.0,0.0,0.0,-18.9,18.4,22.0,0.09183615471624539,53.28815912049398,2.3053248877524752,1071.5980876794756
1986-01-07T01:00:00,extended_january,mcp,18.398716701743105,18.40121407369884,18.40062583123049,18.39789036598897,18.400368676046135,0.0,0.0,0.0,0.0,0.0,-18.9,18.4,22.0,0.09183615471624539,53.37999527521023,2.296074600046513,1073.894162279522
1986-01-07T01:15:00,extended_january,mcp,18.398344163475087,18.400180850995874,18.39928907997538,18.39831598296025,18.400281476937565,0.0,0.0,0.0,0.0,0.0,-19.025,18.4,22.0,0.09183615471624539,53.471831429926475,2.2949207102911364,1076.1890829898132
1986-01-07T01:30:00,extended_january,mcp,18.400033113343092,18.400255326509942,18.399701889765836,18.400064996120566,18.40041345430405,0.0,0.0,0.0,0.0,0.0,-19.15,18.4,22.0,0.09183615471624539,53.56366758464272,2.294105665247356,1078.4831886550605
1986-01-07T01:45:00,extended_january,mcp,18.39891313973215,18.39781300764591,18.39839005534098,18.402212618124967,18.400130843923154,0.0,0.0,0.0,0.0,0.0,-19.275,18.4,22.0,0.09183615471624539,53.65550373935897,2.2850328367980937,1080.7682214918586
1986-01-07T02:00:00,extended_january,mcp,18.399268890056955,18.401621574818538,18.398925090682816,18.40044017233368,18.399966139766487,0.0,0.0,0.0,0.0,0.0,-19.4,18.4,22.0,0.09183615471624539,53.74733989407522,2.2860256940401946,1083.054247185899
1986-01-07T02:15:00,extended_january,mcp,18.400904191496576,18.401362677058977,18.400725773903563,18.40002142135326,18.39993106849246,0.0,0.0,0.0,0.0,0.0,-19.549999999999997,18.4,22.0,0.09183615471624539,53.839176048791465,2.2803008556713564,1085.3345480415703
1986-01-07T02:30:00,extended_january,mcp,18.39933312056769,18.401275788330707,18.399402936286545,18.401205232600248,18.399982845907168,0.0,0.0,0.0,0.0,0.0,-19.7,18.4,22.0,0.09183615471624539,53.93101220350771,2.2791838496424806,1087.6137318912129
1986-01-07T02:45:00,extended_january,mcp,18.39904015506129,18.39837757080125,18.399309272553484,18.39873124079859,18.40010668410401,0.0,0.0,0.0,0.0,0.0,-19.85,18.4,22.0,0.09183615471624539,54.02284835822396,2.274182443961618,1089.8879143351744
1986-01-07T03:00:00,extended_january,mcp,18.400416946884643,18.40167168697839,18.40085415031879,18.397905622411674,18.39977373574042,0.0,0.0,0.0,0.0,0.0,-20.0,18.4,22.0,0.09183615471624539,54.11468451294021,2.2695433590895977,1092.157457694264
1986-01-07T03:15:00,extended_january,mcp,18.400494939821506,18.40050379801039,18.400714933326476,18.398573250651957,18.399587912478953,0.0,0.0,0.0,0.0,0.0,-20.15,18.4,22.0,0.09183615471624539,54.206520667656456,2.3258445759779263,1094.483302270242
1986-01-07T03:30:00,extended_january,mcp,18.39851384857504,18.3986328575097,18.39829303138326,18.398993346771217,18.400404132487456,0.0,0.0,0.0,0.0,0.0,-20.3,18.4,22.0,0.09183615471624539,54.2983568223727,2.373881384230992,1096.857183654473
1986-01-07T03:45:00,extended_january,mcp,18.401151276164246,18.40069713740516,18.40021977419457,18.398432458623407,18.40010194713292,0.0,0.0,0.0,0.0,0.0,-20.450000000000003,18.4,22.0,0.09183615471624539,54.39019297708895,2.4291926902371794,1099.28637634471
1986-01-07T04:00:00,extended_january,mcp,18.399856011879773,18.40060050241785,18.398303492929088,18.400555046007618,18.400373797271374,0.0,0.0,0.0,0.0,0.0,-20.6,18.4,22.0,0.09183615471624539,54.4820291318052,2.4735501051376687,1101.7599264498479
1986-01-07T04:23:00,extended_january,mcp,18.00137389698828,18.00027264119571,18.00083327404085,18.001886909006597,18.308466413827006,0.0,0.0,0.0,0.0,0.0,-20.725,18.0,22.0,0.09183615471624539,54.573865286521446,1.7315329104270853,1103.491459360275
1986-01-07T04:30:00,extended_january,mcp,17.998837610370934,17.998340161908114,18.000247811802044,18.000422285687506,18.286156168146437,0.0,0.0,0.0,0.0,0.0,-20.85,18.0,22.0,0.09183615471624539,54.665701441237694,2.1406954240126814,1105.6321547842876
1986-01-07T04:45:00,extended_january,mcp,18.000981822333998,18.000536699653857,18.00040343368724,18.00186979648498,18.28326772492806,0.0,0.0,0.0,0.0,0.0,-20.975,18.0,22.0,0.09183615471624539,54.75753759595394,1.9665170427760292,1107.5986718270638
1986-01-07T05:00:00,extended_january,mcp,17.999788679788058,17.9995391312769,18.00137774433407,18.000728755740038,18.295117614605573,0.0,0.0,0.0,0.0,0.0,-21.1,18.0,22.0,0.09183615471624539,54.84937375067019,2.0499261985519786,1109.6485980256157
1986-01-07T05:23:00,extended_january,mcp,17.500470181387776,17.502373501376574,17.50000648401649,17.50286095173192,18.291733656132728,0.0,0.0,0.0,0.0,0.0,-21.375,17.5,22.0,0.09183615471624539,54.94120990538644,1.3268069325104759,1110.975404958126
1986-01-07T05:30:00,extended_january,mcp,17.500229374403897,17.498857767475887,17.50067887035258,17.502009999165875,18.2822500973218,0.0,0.0,0.0,0.0,0.0,-21.65,17.5,22.0,0.09183615471624539,55.033046060102684,1.8109052713822853,1112.7863102295084
1986-01-07T05:45:00,extended_january,mcp,17.50142318575643,17.49874161033458,17.500708805917867,17.49926245923931,18.266830585671123,0.0,0.0,0.0,0.0,0.0,-21.924999999999997,17.5,22.0,0.09183615471624539,55.12488221481893,1.660039394672035,1114.4463496241806
1986-01-07T06:00:00,extended_january,mcp,17.50114946342339,17.499318731836013,17.500997836215248,17.501694479707766,18.249172541446104,0.0,0.0,0.0,0.0,0.0,-22.2,17.5,22.0,0.09183615471624539,55.21671836953518,1.8008860150771204,1116.2472356392577
1986-01-07T06:15:00,extended_january,mcp,17.49912931638937,17.49919979965131,17.49937223535482,17.500254297360364,18.24596477719188,0.0,0.0,0.0,0.0,0.0,-22.349999999999998,17.5,23.0,0.09183615471624539,55.30855452425143,1.8106376654073144,1118.057873304665
1986-01-07T06:30:00,extended_january,mcp,17.50040541061381,17.500184338812343,17.50040533919759,17.49998342601024,18.25475920142314,0.0,0.0,0.0,0.0,0.0,-22.5,17.5,23.0,0.09183615471624539,55.400390678967675,1.8213962890264241,1119.8792695936913
1986-01-07T06:45:00,extended_january,mcp,17.499123670014697,17.501766359873674,17.50126746389077,17.497968469401815,18.269439072638303,0.0,0.0,0.0,0.0,0.0,-22.650000000000002,17.5,23.0,0.09183615471624539,55.49222683368392,1.8249526954774178,1121.7042222891687
1986-01-07T07:00:00,extended_january,mcp,17.499833710707673,17.499347211991974,17.50079909446293,17.499779616941556,18.287293147106666,0.0,0.0,0.0,0.0,0.0,-22.8,17.5,23.0,0.09183615471624539,55.58406298840017,1.825509925871431,1123.5297322150402
1986-01-07T07:15:00,extended_january,mcp,17.50000743926768,17.500532137566097,17.499168593826887,17.50123301274147,18.28056652390541,0.0,0.0,0.0,0.0,0.0,-22.525000000000002,17.5,23.0,0.09183615471624539,55.67589914311642,1.8635980694442131,1125.3933302844844
1986-01-07T07:30:00,extended_january,mcp,17.499888325435048,17.49880370106596,17.499557081388012,17.499553868080028,18.25614782885174,0.0,0.0,0.0,0.0,0.0,-22.25,17.5,23.0,0.09183615471624539,55.767735297832665,1.7660567863694037,1127.1593870708537
1986-01-07T07:45:00,extended_january,mcp,17.501048270283526,17.49934565226054,17.500704830389743,17.501838367590775,18.227428961349812,0.0,0.0,0.0,0.0,0.0,-21.974999999999998,17.5,23.0,0.09183615471624539,55.85957145254891,1.686897150870638,1128.8462842217243
1986-01-07T08:00:00,extended_january,mcp,17.498970897593548,17.624776605258912,17.499898556578554,17.50037366200637,18.200123772420486,0.0,0.0,0.0,0.0,0.0,-21.7,17.5,23.0,0.09183615471624539,55.95140760726516,1.6106556200905535,1130.4569398418148
1986-01-07T08:23:00,extended_january,mcp,17.49989259195644,18.078471623274805,17.500150171552686,17.50016542856497,18.15396639748771,0.0,0.0,0.0,0.0,0.0,-20.849999999999998,17.5,23.0,0.09183615471624539,56.04324376198141,1.5772610277443637,1132.034200869559
1986-01-07T08:38:00,extended_january,mcp,17.499782845120723,18.63142138380036,17.500696048668175,17.500291782855726,18.109790729838938,0.0,0.0,0.0,0.0,0.0,-20.0,17.5,23.0,0.09183615471624539,56.135079916697656,1.5261129641359512,1133.560313833695
1986-01-07T08:53:00,extended_january,mcp,17.500589621016836,19.088013460861177,17.499429382038908,17.501366526371907,18.06943977602095,0.0,0.0,0.0,0.0,0.0,-19.150000000000002,17.5,23.0,0.09183615471624539,56.2269160714139,1.4693302835002418,1135.0296441171954
1986-01-07T09:08:00,extended_january,mcp,17.49960423436614,19.520357665814927,17.499535517183947,17.50081707571884,18.033389606970886,0.0,0.0,0.0,0.0,0.0,-18.3,17.5,23.0,0.09183615471624539,56.31875222613015,1.399878813105952,1136.4295229303013
1986-01-07T09:23:00,extended_january,mcp,17.500161309600422,19.94323800147594,17.499815032942074,17.50046422778305,18.017008016216867,0.0,0.0,0.0,0.0,0.0,-17.75,17.5,23.0,0.09183615471624539,56.4105883808464,1.3125955819808055,1137.742118512282
1986-01-07T09:38:00,extended_january,mcp,17.4996042675874,20.337983211215903,17.50096229484981,17.499078505439524,18.01039357300541,0.0,0.0,0.0,0.0,0.0,-17.200000000000003,17.5,23.0,0.09183615471624539,56.502424535562646,1.2153132300168403,1138.957431742299
1986-01-07T09:53:00,extended_january,mcp,17.499617061287573,20.655897132707082,17.50041179434554,17.499305025682435,18.009219196074575,0.0,0.0,0.0,0.0,0.0,-16.650000000000002,17.5,23.0,0.09183615471624539,56.594260690278894,1.116072880089262,1140.073504622388
1986-01-07T10:00:00,extended_january,mcp,17.499623687555236,20.866856312070976,17.49943425234292,17.50076136397734,18.011637945402086,0.0,0.0,0.0,0.0,0.0,-16.1,17.5,23.0,0.09183615471624539,56.68609684499514,1.0161649217658826,1141.089669544154
1986-01-07T10:15:00,extended_january,mcp,17.500378118618357,21.07773402328179,17.501035801562917,17.50123007637905,18.021584027771556,0.0,0.0,0.0,0.0,0.0,-15.675,17.5,23.0,0.09183615471624539,56.77793299971139,0.9230787797577832,1142.0127483239119
1986-01-07T10:30:00,extended_january,mcp,17.499814329968917,21.236391697405768,17.500495022213677,17.500474228846087,18.037470944940274,0.0,0.0,0.0,0.0,0.0,-15.25,17.5,23.0,0.09183615471624539,56.86976915442764,0.8057200299405425,1142.8184683538525
1986-01-07T10:45:00,extended_january,mcp,17.592456815291072,21.328107036768106,17.50101046806096,17.499523547616473,18.056944284053436,0.0,0.0,0.0,0.0,0.0,-14.825000000000001,17.5,23.0,0.09183615471624539,56.961605309143884,0.7317622446528862,1143.5502305985053
1986-01-07T11:00:00,extended_january,mcp,17.788684091080434,21.353720398297856,17.500167401856892,17.501436452540855,18.078857524853543,0.0,0.0,0.0,0.0,0.0,-14.4,17.5,23.0,0.09183615471624539,57.05344146386013,0.677866489909019,1144.2280970884144
1986-01-07T11:15:00,extended_january,mcp,18.049173793302455,21.335866593831213,17.49989052869664,17.49845382304752,18.12040783767782,0.0,0.0,0.0,0.0,0.0,-14.4,17.5,23.0,0.09183615471624539,57.14527761857638,0.6223893780737917,1144.8504864664883
1986-01-07T11:30:00,extended_january,mcp,18.339725460119787,21.27272286189353,17.499128068214233,17.49892712705548,18.17711829315484,0.0,0.0,0.0,0.0,0.0,-14.4,17.5,23.0,0.09183615471624539,57.23711377329263,0.570471665595925,1145.4209581320843
1986-01-07T11:53:00,extended_january,mcp,18.706117523804874,21.126496042704918,17.499826554785315,17.498692556958613,18.254019975076243,0.0,0.0,0.0,0.0,0.0,-14.4,17.5,23.0,0.09183615471624539,57.328949928008875,0.4841181492597168,1145.905076281344
1986-01-07T12:08:00,extended_january,mcp,19.035823617935534,20.9449930570677,17.49944954843649,17.499708916036926,18.32674363809473,0.0,0.0,0.0,0.0,0.0,-14.4,17.5,23.0,0.09183615471624539,57.42078608272512,0.43928534254295026,1146.344361623887
1986-01-07T12:23:00,extended_january,mcp,19.355615533508423,20.70632832150953,17.500007111363256,17.499675136706546,18.380963950229567,0.0,0.0,0.0,0.0,0.0,-14.125,17.5,23.0,0.09183615471624539,57.51262223744137,0.397417593931166,1146.741779217818
1986-01-07T12:38:00,extended_january,mcp,19.679259181802962,20.429354213363506,17.49972963732918,17.499701354720006,18.42887606782372,0.0,0.0,0.0,0.0,0.0,-13.850000000000001,17.5,23.0,0.09183615471624539,57.60445839215762,0.35538058052085536,1147.097159798339
1986-01-07T12:53:00,extended_january,mcp,19.995659576066455,20.120313086339518,17.499915129267244,17.50028874628286,18.475051362991323,0.0,0.0,0.0,0.0,0.0,-13.575000000000001,17.5,23.0,0.09183615471624539,57.696294546873865,0.3145913335263705,1147.4117511318652
1986-01-07T13:08:00,extended_january,mcp,20.306707811520802,19.793828071043333,17.49996750582438,17.50016838179425,18.519663656846678,0.0,0.0,0.0,0.0,0.0,-13.3,17.5,23.0,0.09183615471624539,57.78813070159011,0.2753377282503133,1147.6870888601156
1986-01-07T13:23:00,extended_january,mcp,20.59829176282995,19.45301939551335,17.500339440819722,17.499341870074968,18.553953630447552,0.0,0.0,0.0,0.0,0.0,-13.175,17.5,23.0,0.09183615471624539,57.87996685630636,0.24396703213553592,1147.9310558922512
1986-01-07T13:38:00,extended_january,mcp,20.88105782501745,19.12133451001743,17.499604975324562,17.501061777103917,18.58340943639419,0.0,0.0,0.0,0.0,0.0,-13.05,17.5,23.0,0.09183615471624539,57.97180301102261,0.2154394366385112,1148.1464953288896
1986-01-07T13:53:00,extended_january,mcp,21.13464588866824,18.81292130688577,17.500659724926777,17.49977748274979,18.610272421787236,0.0,0.0,0.0,0.0,0.0,-12.925,17.5,23.0,0.09183615471624539,58.063639165738856,0.21391943049113343,1148.3604147593808
1986-01-07T14:00:00,extended_january,mcp,21.319197225317605,18.59370168378116,17.49985739548248,17.49956656525286,18.629679671338746,0.0,0.0,0.0,0.0,0.0,-12.8,17.5,23.0,0.09183615471624539,58.1554753204551,0.21832597629367265,1148.5787407356745
1986-01-07T14:15:00,extended_january,mcp,21.541438617022465,18.373941389005783,17.499317668619458,17.500636938437918,18.665260604393914,0.0,0.0,0.0,0.0,0.0,-12.925,17.5,23.0,0.09183615471624539,58.24731147517135,0.21616895328714916,1148.7949096889618
1986-01-07T14:30:00,extended_january,mcp,21.756393478783348,18.197489298176176,17.499577824432713,17.499211964843358,18.71133869920382,0.0,0.0,0.0,0.0,0.0,-13.05,17.5,23.0,0.09183615471624539,58.3391476298876,0.20760932288902087,1149.0025190118508
1986-01-07T14:53:00,extended_january,mcp,21.954272382779134,18.019975294154943,17.05047301606368,17.342376032580436,18.773862779468576,0.0,0.0,0.0,0.0,0.0,-13.175,17.0,23.5,0.09183615471624539,58.430983784603846,0.0,1149.0025190118508
1986-01-07T15:00:00,extended_january,mcp,22.03666713095051,17.910797285871727,17.00269947737993,17.343068431215436,18.81522118069124,0.0,0.0,0.0,0.0,0.0,-13.3,17.0,23.5,0.09183615471624539,58.522819939320094,0.046082573861129565,1149.048601585712
1986-01-07T15:15:00,extended_january,mcp,22.070700337570806,17.767146282753945,17.000903049617293,17.410826136147733,18.844947152925243,0.0,0.0,0.0,0.0,0.0,-13.450000000000001,17.0,23.5,0.09183615471624539,58.61465609403634,0.05903486426498654,1149.107636449977
1986-01-07T15:30:00,extended_january,mcp,22.050051375044166,17.622930585612508,16.999359990015478,17.51325627978569,18.855669493269577,0.0,0.0,0.0,0.0,0.0,-13.600000000000001,17.0,23.5,0.09183615471624539,58.70649224875259,0.07448358429734223,1149.1821200342742
1986-01-07T15:45:00,extended_january,mcp,21.882932994490815,17.483009908123826,17.000256331213286,17.589148781842265,18.857073474642885,0.0,0.0,0.0,0.0,0.0,-13.75,17.0,23.5,0.09183615471624539,58.79832840346884,0.10275300455946253,1149.2848730388337
1986-01-07T16:08:00,extended_january,mcp,21.482457502929403,17.330395260476756,17.00009396383921,17.61989296701583,18.849624336468803,0.0,0.0,0.0,0.0,0.0,-13.9,17.0,23.5,0.09183615471624539,58.890164558185084,0.12652826646082757,1149.4114013052945
1986-01-07T16:23:00,extended_january,mcp,20.94536459745699,17.171730220480523,17.00039406113617,17.555412964957323,18.827554062318995,0.0,0.0,0.0,0.0,0.0,-14.450000000000001,17.0,23.5,0.09183615471624539,58.98200071290133,0.1597785989605713,1149.5711799042551
1986-01-07T16:35:00,extended_january,mcp,20.211587736000652,17.00877432386484,16.999546394402884,17.38534797517215,18.78760711858498,0.0,0.0,0.0,0.0,0.0,-15.0,17.0,23.5,0.09183615471624539,59.07383686761758,0.1941836807595982,1149.7653635850147
1986-01-07T16:50:00,extended_january,mcp,19.370715957127707,16.828115187484503,16.40879990891273,17.101532518190208,18.732414530317286,0.0,0.0,0.0,0.0,0.0,-15.55,14.0,23.5,0.09183615471624539,59.16567302233383,0.0,1149.7653635850147
1986-01-07T17:05:00,extended_january,mcp,18.787153278949646,16.664400204697372,16.16261794533831,16.904299867393377,18.661112818884092,0.0,0.0,0.0,0.0,0.0,-16.1,14.0,23.5,0.09183615471624539,59.257509177050075,0.0,1149.7653635850147
1986-01-07T17:23:00,extended_january,mcp,18.34745073006391,16.559527168299194,16.05897002689142,16.768764128396533,18.63409206964809,0.0,0.0,0.0,0.0,0.0,-16.25,14.0,23.5,0.09183615471624539,59.34934533176632,0.004266251108749886,1149.7696298361234
1986-01-07T17:38:00,extended_january,mcp,17.98534775121071,16.471444677271222,16.00607120073836,16.658719560964357,18.619116431090102,0.0,0.0,0.0,0.0,0.0,-16.4,14.0,23.5,0.09183615471624539,59.44118148648257,0.018080361481885913,1149.7877101976053
1986-01-07T17:53:00,extended_january,mcp,17.676887002020372,16.401603042302746,15.957470679067814,16.56440611182533,18.611338265285447,0.0,0.0,0.0,0.0,0.0,-16.549999999999997,14.0,23.5,0.09183615471624539,59.53301764119882,0.03516478153279014,1149.822874979138
1986-01-07T18:00:00,extended_january,mcp,17.461681560412345,16.352856846304704,15.929152674451217,16.49821041191876,18.60958322155288,0.0,0.0,0.0,0.0,0.0,-16.7,14.0,23.5,0.09183615471624539,59.624853795915065,0.03413428522437135,1149.8570092643624
1986-01-07T18:15:00,extended_january,mcp,17.200528095189465,16.274207910150974,15.870555561682835,16.400994978659448,18.579029769382743,0.0,0.0,0.0,0.0,0.0,-17.099999999999998,14.0,23.5,0.09183615471624539,59.71668995063131,0.06566534960709675,1149.9226746139695
1986-01-07T18:30:00,extended_january,mcp,16.949557658527656,16.18548586321592,15.796920034969403,16.296234407797016,18.528288497751635,0.0,0.0,0.0,0.0,0.0,-17.5,14.0,23.5,0.09183615471624539,59.80852610534756,0.08512387036558998,1150.0077984843351
1986-01-07T18:45:00,extended_january,mcp,16.716087557509535,16.096598573905304,15.719647671308381,16.19329605127963,18.47083555926863,0.0,0.0,0.0,0.0,0.0,-17.900000000000002,14.0,23.5,0.09183615471624539,59.90036226006381,0.1425612312867148,1150.1503597156218
1986-01-07T19:00:00,extended_january,mcp,16.502003191900222,16.00991355689344,15.642340222808333,16.094412974753,18.411996799804886,0.0,0.0,0.0,0.0,0.0,-18.3,14.0,23.5,0.09183615471624539,59.992198414780056,0.20454690728806108,1150.3549066229098
1986-01-07T19:15:00,extended_january,mcp,16.33772828701657,15.95168479584717,15.596014912021635,16.02557541933235,18.38027582904775,0.0,0.0,0.0,0.0,0.0,-18.3,14.0,23.5,0.09183615471624539,60.0840345694963,0.2593893178592417,1150.614295940769
1986-01-07T19:30:00,extended_january,mcp,16.21178994583782,15.912956307544865,15.572022602469133,15.977549962933733,18.36918095919911,0.0,0.0,0.0,0.0,0.0,-18.3,14.0,23.5,0.09183615471624539,60.17587072421255,0.3024924719685671,1150.9167884127376
1986-01-07T19:45:00,extended_january,mcp,16.10945838008048,15.883388462397416,15.558058977186425,15.939861854648797,18.36713839683431,0.0,0.0,0.0,0.0,0.0,-18.3,14.0,23.5,0.09183615471624539,60.2677068789288,0.33129013055617135,1151.2480785432938
1986-01-07T20:00:00,extended_january,mcp,16.025030363911217,15.860340396091617,15.551633211302208,15.909764664389135,18.36980274455707,0.0,0.0,0.0,0.0,0.0,-18.3,14.0,23.5,0.09183615471624539,60.359543033645046,0.34508490908949174,1151.5931634523834
1986-01-07T20:15:00,extended_january,mcp,15.93363216029821,15.824622085009633,15.528137016042168,15.868049277006953,18.356652222659175,0.0,0.0,0.0,0.0,0.0,-18.575000000000003,14.0,23.5,0.09183615471624539,60.451379188361294,0.34704728048584077,1151.9402107328692
1986-01-07T20:30:00,extended_january,mcp,15.839829188805675,15.781814513293442,15.492915568432347,15.820227006510876,18.33228900390829,0.0,0.0,0.0,0.0,0.0,-18.85,14.0,23.5,0.09183615471624539,60.54321534307754,0.33978952882898655,1152.2800002616982
1986-01-07T20:45:00,extended_january,mcp,15.751134309013928,15.738749192076119,15.454820777489822,15.772972274062766,18.304936055389128,0.0,0.0,0.0,0.0,0.0,-19.125,14.0,23.5,0.09183615471624539,60.63505149779379,0.3304021253966784,1152.6104023870948
1986-01-07T21:00:00,extended_january,mcp,15.669113915266404,15.696947932028923,15.416621418957286,15.727662300508383,18.2777160575941,0.0,0.0,0.0,0.0,0.0,-19.4,14.0,23.5,0.09183615471624539,60.72688765251004,0.32223513321957065,1152.9326375203143
1986-01-07T21:15:00,extended_january,mcp,15.595397621907827,15.65802659283182,15.380811462699619,15.68579709583582,18.251366509328463,0.0,0.0,0.0,0.0,0.0,-19.549999999999997,14.0,23.5,0.09183615471624539,60.818723807226284,0.31660022072926236,1153.2492377410435
1986-01-07T21:30:00,extended_january,mcp,15.528528029827466,15.621271500983928,15.34673469872011,15.646578647619497,18.22567118346266,0.0,0.0,0.0,0.0,0.0,-19.7,14.0,23.5,0.09183615471624539,60.91055996194253,0.31416004881026666,1153.5633977898538
1986-01-07T21:45:00,extended_january,mcp,15.466942818863943,15.585951567309351,15.313532439912906,15.60921117687801,18.200521778497084,0.0,0.0,0.0,0.0,0.0,-19.85,14.0,23.5,0.09183615471624539,61.00239611665878,0.31482720816187354,1153.8782249980156
1986-01-07T22:00:00,extended_january,mcp,15.409825760401837,15.55186532744535,15.280988823990471,15.573436302843199,18.175972970173227,0.0,0.0,0.0,0.0,0.0,-20.0,14.0,23.5,0.09183615471624539,61.09423227137503,0.3181385011586501,1154.1963634991744
1986-01-07T22:15:00,extended_january,mcp,15.36876820716009,15.528711455067508,15.260779801490207,15.548832535637725,18.1599695589794,0.0,0.0,0.0,0.0,0.0,-19.85,14.0,23.5,0.09183615471624539,61.186068426091275,0.32310105726323557,1154.5194645564377
1986-01-07T22:30:00,extended_january,mcp,15.340236319144958,15.51352134106869,15.249986698460281,15.532359796073981,18.150664084280166,0.0,0.0,0.0,0.0,0.0,-19.7,14.0,23.5,0.09183615471624539,61.27790458080752,0.32936329309280626,1154.8488278495306
1986-01-07T22:45:00,extended_january,mcp,15.31913403020284,15.50260736395742,15.24405886852802,15.520316491743433,18.144842874962926,0.0,0.0,0.0,0.0,0.0,-19.549999999999997,14.0,23.5,0.09183615471624539,61.36974073552377,0.3363640389026017,1155.185191888433
1986-01-07T23:00:00,extended_january,mcp,15.303281670241704,15.494727612964313,15.241225603079418,15.511448788492872,18.14100987731762,0.0,0.0,0.0,0.0,0.0,-19.4,14.0,23.5,0.09183615471624539,61.46157689024002,0.34348446826558393,1155.5286763566987
1986-01-07T23:15:00,extended_january,mcp,15.280527920242346,15.480473826595162,15.230027883290315,15.496393966798356,18.13148253181858,0.0,0.0,0.0,0.0,0.0,-19.549999999999997,14.0,23.5,0.09183615471624539,61.553413044956265,0.35074317424096846,1155.8794195309397
1986-01-07T23:30:00,extended_january,mcp,15.25322113377457,15.462212217729938,15.212923385013495,15.477521833130352,18.1180248548259,0.0,0.0,0.0,0.0,0.0,-19.7,14.0,23.5,0.09183615471624539,61.64524919967251,0.35787068231603664,1156.2372902132556
1986-01-07T23:45:00,extended_january,mcp,15.225756995246828,15.443520045410047,15.194361178894209,15.458368469298973,18.103728674179802,0.0,0.0,0.0,0.0,0.0,-19.85,14.0,23.5,0.09183615471624539,61.73708535438876,0.3647566095716212,1156.6020468228273
1986-01-08T00:00:00,extended_january,mcp,15.199379638612031,15.425226975511052,15.175727602722962,15.43972652654878,18.08973334643297,0.0,0.0,0.0,0.0,0.0,-20.0,14.0,23.5,0.09183615471624539,61.82892150910501,0.3714778958927819,1156.9735247187202
1986-01-08T00:15:00,extended_january,mcp,15.095898405424323,15.33585614672216,15.078111395913828,15.350628243666232,17.98727781416983,0.0,0.0,0.0,0.0,0.0,-20.275,14.0,23.5,0.09183615471624539,61.920757663821256,0.3781793897082069,1157.3517041084285
1986-01-08T00:30:00,extended_january,mcp,15.01209367201446,15.267212277028223,14.999209180978267,15.282525071164674,17.90346713608541,0.0,0.0,0.0,0.0,0.0,-20.55,14.0,23.5,0.09183615471624539,62.0125938185375,0.38475941265214675,1157.7364635210806
1986-01-08T00:45:00,extended_january,mcp,14.958178852226075,15.22499582532205,14.9499398810909,15.240746858707716,17.856980883352875,0.0,0.0,0.0,0.0,0.0,-20.825000000000003,14.0,23.5,0.09183615471624539,62.10442997325375,0.39176403685193817,1158.1282275579326
1986-01-08T01:00:00,extended_january,mcp,14.914496563404638,15.190169708589087,14.910585795454221,15.206263065016218,17.826614444470284,0.0,0.0,0.0,0.0,0.0,-21.1,14.0,23.5,0.09183615471624539,62.19626612797,0.40009265450120296,1158.5283202124338
1986-01-08T01:15:00,extended_january,mcp,14.877585062871024,15.159734283760315,14.877310932649507,15.176146652796476,17.800389016919446,0.0,0.0,0.0,0.0,0.0,-21.1,14.0,23.5,0.09183615471624539,62.288102282686246,0.4078510227165259,1158.9361712351504
1986-01-08T01:30:00,extended_january,mcp,14.845863142399462,15.132772113939263,14.848426120774077,15.149500276930501,17.775997459487826,0.0,0.0,0.0,0.0,0.0,-21.1,14.0,23.5,0.09183615471624539,62.379938437402494,0.41468419353358316,1159.3508554286839
1986-01-08T01:45:00,extended_january,mcp,14.817737410813024,15.108421883714733,14.822640015627744,15.125460284329714,17.75366312004251,0.0,0.0,0.0,0.0,0.0,-21.1,14.0,23.5,0.09183615471624539,62.47177459211874,0.4210725452449863,1159.7719279739288
1986-01-08T02:00:00,extended_january,mcp,14.792314647640477,15.08616093016128,14.799227186847896,15.103502401302286,17.73331526263221,0.0,0.0,0.0,0.0,0.0,-21.1,14.0,23.5,0.09183615471624539,62.56361074683499,0.42731791558342513,1160.1992458895122
1986-01-08T02:15:00,extended_january,mcp,14.769155031135732,15.065700656342479,14.77779414919872,15.083338030948338,17.714559531088028,0.0,0.0,0.0,0.0,0.0,-21.1,14.0,23.5,0.09183615471624539,62.65544690155124,0.4334448083788826,1160.6326906978911
1986-01-08T02:30:00,extended_january,mcp,14.748021024766139,15.04689080379513,14.758131504006569,15.064816164912378,17.697135006145277,0.0,0.0,0.0,0.0,0.0,-21.1,14.0,23.5,0.09183615471624539,62.747283056267484,0.43939720297765833,1161.0720879008688
1986-01-08T02:45:00,extended_january,mcp,14.728708965224667,15.029596697580748,14.74007026168409,15.047800870198786,17.68090506508269,0.0,0.0,0.0,0.0,0.0,-21.1,14.0,23.5,0.09183615471624539,62.83911921098373,0.4451271422366182,1161.5172150431054
1986-01-08T03:00:00,extended_january,mcp,14.711027987343359,15.013682441056813,14.723452910322498,15.032155247384637,17.665772938410015,0.0,0.0,0.0,0.0,0.0,-21.1,14.0,23.5,0.09183615471624539,62.93095536569998,0.45060817225129923,1161.9678232153567
1986-01-08T03:15:00,extended_january,mcp,14.694955757030893,14.999210517095838,14.708391855009458,15.017939779737697,17.651651845485528,0.0,0.0,0.0,0.0,0.0,-21.1,14.0,23.5,0.09183615471624539,63.02279152041623,0.45582780765811876,1162.4236510230148
1986-01-08T03:30:00,extended_january,mcp,14.68036223952153,14.986086721185767,14.694794401122573,15.005058879701835,17.638465393978645,0.0,0.0,0.0,0.0,0.0,-21.1,14.0,23.5,0.09183615471624539,63.114627675132475,0.4607836393795712,1162.8844346623944
1986-01-08T03:45:00,extended_january,mcp,14.66706826908777,14.974143449598593,14.682462390260264,14.993344860696903,17.626148406377073,0.0,0.0,0.0,0.0,0.0,-21.1,14.0,23.5,0.09183615471624539,63.20646382984872,0.46547778431145065,1163.3499124467057
1986-01-08T04:00:00,extended_january,mcp,14.654922403029568,14.963240813840477,14.671229832900824,14.982658307294466,17.614643561028867,0.0,0.0,0.0,0.0,0.0,-21.1,14.0,23.5,0.09183615471624539,63.29829998456497,0.4699146824273594,1163.819827129133
1986-01-08T04:15:00,extended_january,mcp,14.640647548852552,14.95097848340532,14.657976306891886,14.970616742465875,17.603411772731477,0.0,0.0,0.0,0.0,0.0,-21.25,14.0,23.5,0.09183615471624539,63.39013613928122,0.47432299971835423,1164.2941501288515
1986-01-08T04:30:00,extended_january,mcp,14.624775234809158,14.937397703851452,14.642821351957126,14.957271372763007,17.5924846232364,0.0,0.0,0.0,0.0,0.0,-21.4,14.0,23.5,0.09183615471624539,63.481972293997465,0.4785553151189878,1164.7727054439704
1986-01-08T04:45:00,extended_january,mcp,14.608446932226004,14.923510599778753,14.62705201288502,14.943629767705096,17.58197243801108,0.0,0.0,0.0,0.0,0.0,-21.549999999999997,14.0,23.5,0.09183615471624539,63.57380844871371,0.4826042699851546,1165.2553097139555
1986-01-08T05:00:00,extended_january,mcp,14.592193747080577,14.90975384482688,14.611301109872242,14.930121431716005,17.5720127352417,0.0,0.0,0.0,0.0,0.0,-21.7,12.0,23.0,0.09183615471624539,63.66564460342996,0.4865169702292346,1165.7418266841848
1986-01-08T05:15:00,extended_january,mcp,14.578812287977694,14.898116333219734,14.59820144327991,14.91871808084513,17.562909991099236,0.0,0.0,0.0,0.0,0.0,-21.7,12.0,23.0,0.09183615471624539,63.75748075814621,0.49007418264165226,1166.2319008668264
1986-01-08T05:30:00,extended_january,mcp,14.567472186395433,14.887856881328942,14.586948977337835,14.908674641120543,17.554466803546944,0.0,0.0,0.0,0.0,0.0,-21.7,12.0,23.0,0.09183615471624539,63.849316912862456,0.4934235088686201,1166.725324375695
1986-01-08T05:45:00,extended_january,mcp,14.557074957414692,14.87821331288853,14.576515666388932,14.899234515726393,17.54647798366037,0.0,0.0,0.0,0.0,0.0,-21.7,12.0,23.0,0.09183615471624539,63.9411530675787,0.4967229283864606,1167.2220473040813
1986-01-08T06:00:00,extended_january,mcp,14.547294287430967,14.869034141216996,14.566615625624667,14.89025006990488,17.53887235630544,0.0,0.0,0.0,0.0,0.0,-21.7,12.0,23.0,0.09183615471624539,64.03298922229494,0.49993342687370584,1167.721980730955
1986-01-08T06:23:00,extended_january,mcp,14.30973985696572,14.44521832800495,14.3381977685327,14.425901445783728,17.393575432289715,0.0,0.0,0.0,0.0,0.0,-21.7,12.0,23.0,0.09183615471624539,64.12482537701119,2.933492163230021,1170.655472894185
1986-01-08T06:30:00,extended_january,mcp,14.237469824539414,14.322880277046814,14.268082426725377,14.293104922703002,17.3464464974057,0.0,0.0,0.0,0.0,0.0,-21.7,12.0,23.0,0.09183615471624539,64.21666153172744,3.115858874156346,1173.7713317683415
1986-01-08T06:45:00,extended_january,mcp,14.199962192585023,14.2608897949219,14.231116994144038,14.22659578956895,17.321788969763766,0.0,0.0,0.0,0.0,0.0,-21.7,12.0,23.0,0.09183615471624539,64.30849768644369,3.116218004205802,1176.8875497725473
