timestamp,run_id,mode,zone_temp_c_SPACE1-1,zone_temp_c_SPACE2-1,zone_temp_c_SPACE3-1,zone_temp_c_SPACE4-1,zone_temp_c_SPACE5-1,zone_occupant_count_SPACE1-1,zone_occupant_count_SPACE2-1,zone_occupant_count_SPACE3-1,zone_occupant_count_SPACE4-1,zone_occupant_count_SPACE5-1,outdoor_temp_c,heating_setpoint_c,cooling_setpoint_c,hvac_electricity_interval_kwh,hvac_electricity_cumulative_kwh,hvac_gas_interval_kwh,hvac_gas_cumulative_kwh
1986-01-14T00:15:00,demo_final_january_week,mcp,17.998762682490415,18.000618867260464,17.99948661582407,18.000735624692727,18.8622545575355,0.0,0.0,0.0,0.0,0.0,-12.600000000000001,18.0,27.0,0.09183615471624539,0.09183615471624539,1.1751945761619793,1.1751945761619793
1986-01-14T00:30:00,demo_final_january_week,mcp,18.00047330562876,18.001196800958827,18.000975377869242,17.99823189702848,18.77406234871733,0.0,0.0,0.0,0.0,0.0,-10.8,18.0,27.0,0.09183615471624539,0.18367230943249077,1.182201054711214,2.357395630873193
1986-01-14T00:45:00,demo_final_january_week,mcp,18.000841649918126,17.9993909958879,18.000045562995805,17.998406042410156,18.68969155756181,0.0,0.0,0.0,0.0,0.0,-9.0,18.0,27.0,0.09183615471624539,0.27550846414873614,1.1698716656900494,3.5272672965632426
1986-01-14T01:00:00,demo_final_january_week,mcp,17.99989304087038,18.000214804993888,18.00049990826305,18.000110654735163,18.614509815186484,0.0,0.0,0.0,0.0,0.0,-7.2,18.0,27.0,0.09183615471624539,0.36734461886498154,1.1501071691404436,4.677374465703686
1986-01-14T01:15:00,demo_final_january_week,mcp,17.999638600783147,18.0001035160497,18.00024343627841,17.999068467047458,18.566839621524277,0.0,0.0,0.0,0.0,0.0,-7.3500000000000005,18.0,27.0,0.09183615471624539,0.45918077358122694,1.1568824499831865,5.834256915686872
1986-01-14T01:30:00,demo_final_january_week,mcp,18.000953668918196,18.00031762886674,17.999913808203438,18.001706203819094,18.538778678061515,0.0,0.0,0.0,0.0,0.0,-7.5,18.0,27.0,0.09183615471624539,0.5510169282974723,1.1642355347332942,6.998492450420166
1986-01-14T01:45:00,demo_final_january_week,mcp,18.000598991399006,17.999321580168406,17.99910541941474,17.99839279976499,18.52182007054391,0.0,0.0,0.0,0.0,0.0,-7.6499999999999995,18.0,27.0,0.09183615471624539,0.6428530830137177,1.1601049308951064,8.158597381315271
1986-01-14T02:00:00,demo_final_january_week,mcp,17.99993203335128,17.999015334917303,17.99894774743763,18.000005409195307,18.51176159888005,0.0,0.0,0.0,0.0,0.0,-7.8,18.0,27.0,0.09183615471624539,0.7346892377299631,1.1626020955271252,9.321199476842397
1986-01-14T02:15:00,demo_final_january_week,mcp,17.99987738584855,17.99962154976238,18.001132835283737,17.99837475844725,18.515586348622485,0.0,0.0,0.0,0.0,0.0,-6.949999999999999,18.0,27.0,0.09183615471624539,0.8265253924462085,1.1037647645400679,10.424964241382465
1986-01-14T02:30:00,demo_final_january_week,mcp,18.000036647955262,18.000829057569412,18.00047254295716,17.999679218526882,18.529338771911974,0.0,0.0,0.0,0.0,0.0,-6.1,18.0,27.0,0.09183615471624539,0.9183615471624539,1.0510388926104672,11.476003133992933
1986-01-14T02:45:00,demo_final_january_week,mcp,17.999280442766175,17.99993917810342,18.00066895687604,17.999378221922342,18.54805977878113,0.0,0.0,0.0,0.0,0.0,-5.25,18.0,27.0,0.09183615471624539,1.0101977018786992,0.9989375353827775,12.47494066937571
1986-01-14T03:00:00,demo_final_january_week,mcp,17.999091125417273,18.001615737647597,17.99892936554623,17.999049385741273,18.56921547901261,0.0,0.0,0.0,0.0,0.0,-4.4,18.0,27.0,0.09183615471624539,1.1020338565949446,0.9474382074397036,13.422378876815415
1986-01-14T03:15:00,demo_final_january_week,mcp,17.998893985064544,17.998665956883894,17.999879856170416,17.99918048408001,18.578410345353902,0.0,0.0,0.0,0.0,0.0,-4.4,18.0,27.0,0.09183615471624539,1.19387001131119,0.9577700377267189,14.380148914542135
1986-01-14T03:30:00,demo_final_january_week,mcp,18.00036457479023,18.0007255202697,18.00032712183894,17.99905531161972,18.579382993081985,0.0,0.0,0.0,0.0,0.0,-4.4,18.0,27.0,0.09183615471624539,1.2857061660274354,0.9609197988756126,15.341068713417748
1986-01-14T03:45:00,demo_final_january_week,mcp,18.000420629590494,18.000118697336926,17.999536365288066,17.9986381015242,18.578210040772728,0.0,0.0,0.0,0.0,0.0,-4.4,18.0,27.0,0.09183615471624539,1.3775423207436808,0.9584546901514881,16.299523403569236
1986-01-14T04:00:00,demo_final_january_week,mcp,18.00109934870736,18.000642817222765,18.000062423350084,17.999860682105115,18.5772400882068,0.0,0.0,0.0,0.0,0.0,-4.4,18.0,27.0,0.09183615471624539,1.4693784754599262,0.9556779630800679,17.255201366649302
1986-01-14T04:15:00,demo_final_january_week,mcp,18.000677706584533,18.000788945279897,18.000097086969483,18.000289143157897,18.59450296144675,0.0,0.0,0.0,0.0,0.0,-4.825,18.0,27.0,0.09183615471624539,1.5612146301761716,0.925518879616829,18.18072024626613
1986-01-14T04:30:00,demo_final_january_week,mcp,17.99898655596276,17.999943426018056,17.999066688800806,17.999543635038478,18.62614718256694,0.0,0.0,0.0,0.0,0.0,-5.25,18.0,27.0,0.09183615471624539,1.653050784892417,0.902126750632431,19.08284699689856
1986-01-14T04:45:00,demo_final_january_week,mcp,17.999351367158837,17.998423632882645,18.00005726873714,18.00049171787187,18.66489872776536,0.0,0.0,0.0,0.0,0.0,-5.674999999999999,18.0,27.0,0.09183615471624539,1.7448869396086624,0.8753134955261528,19.958160492424714
1986-01-14T05:00:00,demo_final_january_week,mcp,17.998917264111896,18.00137716440266,18.000236296042647,18.0002775975762,18.707790515132764,0.0,0.0,0.0,0.0,0.0,-6.1,18.0,27.0,0.09183615471624539,1.8367230943249078,0.8475783920252675,20.80573888444998
1986-01-14T05:15:00,demo_final_january_week,mcp,17.999977183391685,17.99980008622685,17.999251414498247,17.998658232691348,18.716377227679022,0.0,0.0,0.0,0.0,0.0,-6.249999999999999,18.0,27.0,0.09183615471624539,1.9285592490411532,0.8881413755016044,21.693880259951584
1986-01-14T05:30:00,demo_final_january_week,mcp,18.00105244757731,18.000599810647905,17.999083628810283,18.00011770309689,18.698627055629196,0.0,0.0,0.0,0.0,0.0,-6.4,18.0,27.0,0.09183615471624539,2.0203954037573983,0.929621866367186,22.62350212631877
1986-01-14T05:45:00,demo_final_january_week,mcp,18.00054928340269,18.0006433683414,18.00077000021281,18.000335520919513,18.67043886946099,0.0,0.0,0.0,0.0,0.0,-6.550000000000001,18.0,27.0,0.09183615471624539,2.1122315584736437,0.9673461731794202,23.59084829949819
1986-01-14T06:00:00,demo_final_january_week,mcp,18.000257405821216,18.000859583788017,17.99986230243295,17.998270735185088,18.6382739455556,0.0,0.0,0.0,0.0,0.0,-6.7,18.0,27.0,0.09183615471624539,2.204067713189889,1.0057764325381566,24.596624732036346
1986-01-14T06:15:00,demo_final_january_week,mcp,18.000708858683122,17.99923287328397,18.000798060596903,18.001076471659083,18.607855900079265,0.0,0.0,0.0,0.0,0.0,-6.425000000000001,18.0,27.0,0.09183615471624539,2.2959038679061345,5.096640591623157,29.693265323659503
1986-01-14T06:30:00,demo_final_january_week,mcp,18.00084173486891,17.99871454000646,17.99976794021945,18.00009851863309,18.597596198878616,0.0,0.0,0.0,0.0,0.0,-6.15,18.0,27.0,0.09183615471624539,2.38774002262238,3.161711939661261,32.85497726332076
1986-01-14T06:45:00,demo_final_january_week,mcp,17.999320738710498,17.99860450917162,17.999441152025557,18.00095959155824,18.591568748643862,0.0,0.0,0.0,0.0,0.0,-5.874999999999999,18.0,27.0,0.09183615471624539,2.4795761773386253,2.980434936486488,35.83541219980725
1986-01-14T07:00:00,demo_final_january_week,mcp,17.999610645801017,17.99887493512956,18.000594218479968,18.000005912437945,18.58344781999109,0.0,0.0,0.0,0.0,0.0,-5.6,18.0,27.0,0.09183615471624539,2.5714123320548707,2.948657259472978,38.78406945928023
1986-01-14T07:15:00,demo_final_january_week,mcp,18.00012459062198,18.000308812217668,18.00093313830671,18.00048967910511,18.550596466916716,0.0,0.0,0.0,0.0,0.0,-5.299999999999999,18.0,27.0,0.09183615471624539,2.663248486771116,2.9524565688834254,41.73652602816366
1986-01-14T07:30:00,demo_final_january_week,mcp,18.000012603156698,18.001244735693742,18.001182201253904,17.99969538147935,18.501064162151344,0.0,0.0,0.0,0.0,0.0,-5.0,18.0,27.0,0.09183615471624539,2.7550846414873615,2.924898470304044,44.6614244984677
1986-01-14T07:45:00,demo_final_january_week,mcp,18.000170272201625,17.999404845350355,17.999146385256783,18.001711439332748,18.4468593388471,0.0,0.0,0.0,0.0,0.0,-4.7,18.0,27.0,0.09183615471624539,2.846920796203607,2.8840060441859894,47.54543054265369
1986-01-14T08:00:00,demo_final_january_week,mcp,18.000907614135137,18.00004052793927,17.99925447629024,18.000814108297842,18.392982865575377,0.0,0.0,0.0,0.0,0.0,-4.4,18.0,27.0,0.09183615471624539,2.9387569509198523,2.8412968760533324,50.386727418707025
1986-01-14T08:20:00,demo_final_january_week,mcp,18.231938344675175,18.41353932185185,18.313084766175297,18.227043521063152,19.6020275577602,11.0,5.0,11.0,5.0,20.0,-4.550000000000001,18.0,27.0,0.09183615471624539,3.0305931056360977,2.048116260090082,52.43484367879711
1986-01-14T08:32:00,demo_final_january_week,mcp,20.00040085522662,19.999836858393646,20.000666355970363,20.000930676302733,20.213960854242174,11.0,5.0,11.0,5.0,20.0,-4.7,20.0,26.0,0.09183615471624539,3.122429260352343,4.078381558475277,56.51322523727239
1986-01-14T08:53:00,demo_final_january_week,mcp,20.000477274409832,20.000146935348482,20.000178393797544,19.999036252940034,20.55102085249841,11.0,5.0,11.0,5.0,20.0,-4.85,20.0,26.0,0.09183615471624539,3.2142654150685885,2.7920689144882602,59.30529415176065
1986-01-14T09:00:00,demo_final_january_week,mcp,20.000038931655357,19.999570507212223,20.000308429363486,20.000160011587308,20.717535049129594,11.0,5.0,11.0,5.0,20.0,-5.0,20.0,26.0,0.09183615471624539,3.306101569784834,2.793275867294765,62.098570019055416
1986-01-14T09:23:00,demo_final_january_week,mcp,20.00080914540137,19.999581894107216,20.000193664559337,20.000719386900634,21.389192760041183,11.0,5.0,11.0,5.0,20.0,-4.85,20.0,26.0,0.09183615471624539,3.3979377245010793,2.220345859320219,64.31891587837563
1986-01-14T09:38:00,demo_final_january_week,mcp,20.000438620561184,20.042907511761367,20.010470494439055,20.000676893621755,21.78336950778826,11.0,5.0,11.0,5.0,20.0,-4.7,20.0,26.0,0.09183615471624539,3.4897738792173247,2.0136622844487455,66.33257816282438
1986-01-14T09:45:00,demo_final_january_week,mcp,20.00006697289558,20.114886444065164,20.088248773545924,20.000666890807516,21.991977255844425,11.0,5.0,11.0,5.0,20.0,-4.550000000000001,20.0,26.0,0.09183615471624539,3.58161003393357,1.9256728938707468,68.25825105669512
1986-01-14T10:00:00,demo_final_january_week,mcp,20.009031321069795,20.21816266768585,20.20105553949001,19.99987392655498,22.13957954858824,11.0,5.0,11.0,5.0,20.0,-4.4,20.0,26.0,0.09183615471624539,3.6734461886498155,1.8664137970921801,70.1246648537873
1986-01-14T10:15:00,demo_final_january_week,mcp,20.083422485020233,20.334958339484672,20.341803971636764,20.040436645366977,22.276815983445566,11.0,5.0,11.0,5.0,20.0,-4.4,20.0,26.0,0.09183615471624539,3.765282343366061,1.8508569949393283,71.97552184872663
1986-01-14T10:30:00,demo_final_january_week,mcp,20.19150298887254,20.452088755941837,20.485592389067982,20.127280245607423,22.418326414989217,11.0,5.0,11.0,5.0,20.0,-4.4,20.0,26.0,0.09183615471624539,3.8571184980823063,1.8451471472671088,73.82066899599374
1986-01-14T10:45:00,demo_final_january_week,mcp,20.30633525009966,20.56324587403966,20.623779422219354,20.229667434666414,22.550983655373596,11.0,5.0,11.0,5.0,20.0,-4.4,20.0,26.0,0.09183615471624539,3.9489546527985517,1.8417703825400116,75.66243937853375
1986-01-14T11:00:00,demo_final_january_week,mcp,20.420705456255682,20.67235698965632,20.756214007027467,20.329986927135135,22.669908516692512,11.0,5.0,11.0,5.0,20.0,-4.4,20.0,26.0,0.09183615471624539,4.040790807514797,1.838836682810027,77.50127606134377
1986-01-14T11:15:00,demo_final_january_week,mcp,20.427617502350717,20.661090430096543,20.776115856438192,20.310694781212522,22.660294783816845,8.8,4.0,8.8,4.0,16.0,-4.275,20.0,26.0,0.09183615471624539,4.132626962231042,1.822930029417553,79.32420609076132
1986-01-14T11:30:00,demo_final_january_week,mcp,20.435089565810255,20.663448466730344,20.783601691970567,20.306105345743596,22.640373475149335,8.8,4.0,8.8,4.0,16.0,-4.15,20.0,26.0,0.09183615471624539,4.224463116947287,1.808483035654555,81.13268912641588
1986-01-14T11:45:00,demo_final_january_week,mcp,20.497286316105555,20.694427406061127,20.817608715278194,20.483665063860798,22.650473356994052,8.8,4.0,8.8,4.0,16.0,-4.025,20.5,26.0,0.09183615471624539,4.316299271663532,1.8272063427738197,82.9598954691897
1986-01-14T12:00:00,demo_final_january_week,mcp,20.539984240746897,20.729249051935078,20.863998818638716,20.498213566799638,22.676285990864805,8.8,4.0,8.8,4.0,16.0,-3.9,20.5,26.0,0.09183615471624539,4.4081354263797765,1.7924817102672241,84.75237717945693
1986-01-14T12:15:00,demo_final_january_week,mcp,20.503531936344082,20.567645702952785,20.708942678000525,20.499270054572865,22.522190222701944,4.4,2.0,4.4,2.0,8.0,-3.9,20.5,26.0,0.09183615471624539,4.4999715810960215,1.8535520153764584,86.6059291948334
1986-01-14T12:30:00,demo_final_january_week,mcp,20.501357921369063,20.50538331719593,20.602652522907842,20.5011932107478,22.410831052555803,4.4,2.0,4.4,2.0,8.0,-3.9,20.5,26.0,0.09183615471624539,4.591807735812266,1.8720302294659938,88.47795942429939
1986-01-14T12:45:00,demo_final_january_week,mcp,20.65616125462726,20.578091388586135,20.59922908276659,20.50134575305413,22.398147819086294,4.4,2.0,4.4,2.0,8.0,-3.9,20.5,26.0,0.09183615471624539,4.683643890528511,1.8254042993278683,90.30336372362726
1986-01-14T13:08:00,demo_final_january_week,mcp,21.19264916731914,20.69403347459194,20.64313765175817,20.50160257625338,22.455600305294055,4.4,2.0,4.4,2.0,8.0,-3.9,20.5,26.0,0.09183615471624539,4.775480045244756,1.8035675589564752,92.10693128258373
1986-01-14T13:20:00,demo_final_january_week,mcp,22.17323219942498,20.960940591419355,20.97197971795816,20.588566881888024,22.804399716703962,8.8,4.0,8.8,4.0,16.0,-3.75,20.5,26.0,0.09183615471624539,4.867316199961001,1.7606875998839484,93.86761888246768
1986-01-14T13:35:00,demo_final_january_week,mcp,22.93625404456231,21.02105252688173,21.0508965440962,20.6165592668155,22.973618209071184,8.8,4.0,8.8,4.0,16.0,-3.5999999999999996,20.5,26.0,0.09183615471624539,4.959152354677246,1.7355940339535105,95.60321291642119
1986-01-14T13:50:00,demo_final_january_week,mcp,23.489971914955714,20.997938435328052,21.06608303854813,20.630527766591374,23.070521702965955,8.8,4.0,8.8,4.0,16.0,-3.4499999999999997,20.5,26.0,0.09183615471624539,5.050988509393491,1.7167155091473076,97.31992842556849
1986-01-14T14:08:00,demo_final_january_week,mcp,23.900458090436217,20.97819228358164,21.072236778348813,20.64597980982235,23.150866371048014,8.8,4.0,8.8,4.0,16.0,-3.3,20.5,26.0,0.09183615471624539,5.142824664109736,1.6999800563526437,99.01990848192114
1986-01-14T14:23:00,demo_final_january_week,mcp,24.325869785457012,21.052328245435742,21.156819938043835,20.765104085793283,23.287993016763863,11.0,5.0,11.0,5.0,20.0,-3.175,20.5,26.0,0.09183615471624539,5.234660818825981,1.6837265341177754,100.70363501603892
1986-01-14T14:38:00,demo_final_january_week,mcp,24.645256234250766,21.08771707222476,21.20102172504241,20.868466193904894,23.395171597687966,11.0,5.0,11.0,5.0,20.0,-3.05,20.5,26.0,0.09183615471624539,5.326496973542226,1.6676830836539813,102.3713180996929
1986-01-14T14:45:00,demo_final_january_week,mcp,24.816469886945427,21.09234779050843,21.20868265678505,20.947156481080896,23.461100653200923,11.0,5.0,11.0,5.0,20.0,-2.925,20.5,26.0,0.09183615471624539,5.418333128258471,1.6543542409955565,104.02567234068846
1986-01-14T15:00:00,demo_final_january_week,mcp,24.94195195340115,21.079875161746187,21.19841297396536,21.042631982251592,23.522332321753584,11.0,5.0,11.0,5.0,20.0,-2.8,20.5,26.0,0.09183615471624539,5.510169282974716,1.6386471122957325,105.66431945298419
1986-01-14T15:15:00,demo_final_january_week,mcp,24.910083963457904,21.00625426888901,21.11805281695822,21.087170364412774,23.515739905099803,11.0,5.0,11.0,5.0,20.0,-3.0749999999999997,20.5,26.0,0.09183615471624539,5.602005437690961,1.663068136672044,107.32738758965623
1986-01-14T15:30:00,demo_final_january_week,mcp,24.804427930121555,20.939456198906537,21.041879428813143,21.139080229107233,23.511486326180446,11.0,5.0,11.0,5.0,20.0,-3.3499999999999996,20.5,26.0,0.09183615471624539,5.693841592407206,1.6878852749400508,109.01527286459628
1986-01-14T15:45:00,demo_final_january_week,mcp,24.65735585608513,20.886642037289377,20.984282797080105,21.19808687542913,23.524619146133055,11.0,5.0,11.0,5.0,20.0,-3.625,20.5,26.0,0.09183615471624539,5.785677747123451,1.7137743550417774,110.72904721963806
1986-01-14T16:00:00,demo_final_january_week,mcp,24.464221658755513,20.831751567737093,20.929574369569522,21.241271490310034,23.54115824348374,11.0,5.0,11.0,5.0,20.0,-3.9,20.5,26.0,0.09183615471624539,5.877513901839696,1.7394806465502932,112.46852786618835
1986-01-14T16:23:00,demo_final_january_week,mcp,23.97138973202187,20.62259783777703,20.70496385866563,21.102880256825024,23.407029870825493,11.0,5.0,11.0,5.0,20.0,-4.324999999999999,20.5,26.0,0.09183615471624539,5.969350056555941,1.7806289055912725,114.24915677177962
1986-01-14T16:38:00,demo_final_january_week,mcp,23.482345807669034,20.515872673980393,20.58521343220856,20.9871361442322,23.351012050577328,11.0,5.0,11.0,5.0,20.0,-4.75,20.5,26.0,0.09183615471624539,6.061186211272186,1.8240417078240805,116.0731984796037
1986-01-14T16:50:00,demo_final_january_week,mcp,22.77654978840613,20.500627085467432,20.501312125389635,20.760116136362207,23.3344605209741,11.0,5.0,11.0,5.0,20.0,-5.174999999999999,20.5,26.0,0.09183615471624539,6.153022365988431,1.8765940414519702,117.94979252105567
1986-01-14T17:08:00,demo_final_january_week,mcp,22.36676211094727,20.50061090549624,20.50032218753873,20.63780725133538,23.321623985527694,11.0,5.0,11.0,5.0,20.0,-5.6,20.5,26.0,0.09183615471624539,6.244858520704676,1.9445881539675722,119.89438067502324
1986-01-14T17:23:00,demo_final_january_week,mcp,21.971360695141566,20.50214729026404,20.50081898496235,20.52472427815928,23.292708554233982,11.0,5.0,11.0,5.0,20.0,-5.874999999999999,20.5,26.0,0.09183615471624539,6.336694675420921,1.991506358810956,121.8858870338342
1986-01-14T17:38:00,demo_final_january_week,mcp,21.6578381764773,20.501704617833504,20.50108564176635,20.501277916389654,23.256839900206558,11.0,5.0,11.0,5.0,20.0,-6.15,20.5,26.0,0.09183615471624539,6.4285308301371655,2.049296151979185,123.93518318581337
1986-01-14T17:45:00,demo_final_january_week,mcp,21.45612765281867,20.500966410505136,20.501951820585028,20.501167312194063,23.228001808589912,11.0,5.0,11.0,5.0,20.0,-6.425000000000001,20.5,26.0,0.09183615471624539,6.5203669848534105,2.1073733928516423,126.04255657866501
1986-01-14T18:00:00,demo_final_january_week,mcp,21.232055840913784,20.502008144574592,20.501531761500196,20.502648761252527,23.19503182608244,11.0,5.0,11.0,5.0,20.0,-6.7,20.5,26.0,0.09183615471624539,6.612203139569655,2.161094112577556,128.20365069124256
1986-01-14T18:23:00,demo_final_january_week,mcp,20.511437794699265,20.50192164479903,20.501560400746,20.5022980614422,22.56015431861865,5.5,2.5,5.5,2.5,10.0,-6.825,20.5,26.0,0.09183615471624539,6.7040392942859,2.4913276608959225,130.6949783521385
1986-01-14T18:38:00,demo_final_january_week,mcp,20.501222707802828,20.501201263168458,20.501107320629004,20.501078866036757,22.17260767818498,5.5,2.5,5.5,2.5,10.0,-6.95,20.5,26.0,0.09183615471624539,6.795875449002145,2.742203681157665,133.43718203329615
1986-01-14T18:45:00,demo_final_january_week,mcp,20.502003892397475,20.501133110733075,20.502499509433964,20.50020337974405,21.970556996609226,5.5,2.5,5.5,2.5,10.0,-7.075,20.5,26.0,0.09183615471624539,6.88771160371839,2.8639661415434334,136.3011481748396
1986-01-14T19:00:00,demo_final_january_week,mcp,20.501518594819526,20.502559068195318,20.502472763925038,20.502108779861913,21.834536037023575,5.5,2.5,5.5,2.5,10.0,-7.2,20.5,26.0,0.09183615471624539,6.979547758434635,2.976576211470788,139.27772438631038
1986-01-14T19:23:00,demo_final_january_week,mcp,20.50128062374891,20.502338954019773,20.50310044086701,20.5014084732593,21.2458893240528,0.0,0.0,0.0,0.0,0.0,-7.2,20.5,26.0,0.09183615471624539,7.07138391315088,3.4932868960260994,142.77101128233647
1986-01-14T19:38:00,demo_final_january_week,mcp,20.502096434276353,20.501333510829806,20.502057996846037,20.499384068419026,20.815579828865186,0.0,0.0,0.0,0.0,0.0,-7.2,20.5,26.0,0.09183615471624539,7.163220067867125,3.61239691695879,146.38340819929527
1986-01-14T19:45:00,demo_final_january_week,mcp,20.50317160900765,20.499347510407826,20.501522709550578,20.499034515255335,20.605384816155162,0.0,0.0,0.0,0.0,0.0,-7.2,20.5,26.0,0.09183615471624539,7.25505622258337,3.6940499820542905,150.07745818134956
1986-01-14T20:00:00,demo_final_january_week,mcp,20.50216188586797,20.50251788547699,20.502690141349397,20.500738470901336,20.503945766089174,0.0,0.0,0.0,0.0,0.0,-7.2,20.5,26.0,0.09183615471624539,7.346892377299615,3.7955911343775983,153.87304931572714
1986-01-14T20:15:00,demo_final_january_week,mcp,20.49804682728887,20.499620818686772,20.498615216996363,20.49838053895084,20.500770714189244,0.0,0.0,0.0,0.0,0.0,-7.75,20.5,26.0,0.09183615471624539,7.43872853201586,1.5625366605078141,155.43558597623496
1986-01-14T20:30:00,demo_final_january_week,mcp,20.499199056693804,20.49654422083665,20.49956623258003,20.500187138378326,20.500146596881823,0.0,0.0,0.0,0.0,0.0,-8.3,20.5,26.0,0.09183615471624539,7.530564686732105,1.839679129671722,157.27526510590667
1986-01-14T20:45:00,demo_final_january_week,mcp,20.501474623208114,20.499483348727342,20.497848982889945,20.499049891684724,20.500796527296778,0.0,0.0,0.0,0.0,0.0,-8.850000000000001,20.5,26.0,0.09183615471624539,7.62240084144835,1.9495251873568848,159.22479029326357
1986-01-14T21:00:00,demo_final_january_week,mcp,20.49931670043203,20.49852469325891,20.497965007339847,20.49810282084101,20.50015959274381,0.0,0.0,0.0,0.0,0.0,-9.4,20.5,26.0,0.09183615471624539,7.714236996164595,2.01695822053845,161.241748513802
1986-01-14T21:15:00,demo_final_january_week,mcp,20.45224331086237,20.453745698342413,20.452019609261757,20.454616330517972,20.45119704125799,0.0,0.0,0.0,0.0,0.0,-9.4,20.45,26.0,0.09183615471624539,7.80607315088084,1.9961418662197632,163.23789038002178
1986-01-14T21:30:00,demo_final_january_week,mcp,20.448314375395274,20.45249690027542,20.450315879789862,20.45184596296794,20.450838554359038,0.0,0.0,0.0,0.0,0.0,-9.4,20.45,26.0,0.09183615471624539,7.897909305597085,2.161006217116511,165.3988965971383
1986-01-14T21:45:00,demo_final_january_week,mcp,20.450427871939727,20.451635326520208,20.44839025856585,20.44799214340307,20.450290944389863,0.0,0.0,0.0,0.0,0.0,-9.4,20.45,26.0,0.09183615471624539,7.98974546031333,2.146471720857279,167.54536831799558
1986-01-14T22:00:00,demo_final_january_week,mcp,20.451670938812573,20.45197150373894,20.447830344980655,20.45048165356915,20.450443855229793,0.0,0.0,0.0,0.0,0.0,-9.4,20.45,26.0,0.09183615471624539,8.081581615029576,2.187127805743976,169.73249612373957
1986-01-14T22:15:00,demo_final_january_week,mcp,20.450109588061494,20.450698768701056,20.451089476540233,20.450765081763606,20.450293658531514,0.0,0.0,0.0,0.0,0.0,-9.975000000000001,20.45,26.0,0.09183615471624539,8.173417769745821,2.287642243390012,172.0201383671296
1986-01-14T22:30:00,demo_final_january_week,mcp,20.450068089103457,20.447601661060443,20.447882388324906,20.44768739451708,20.45091364357104,0.0,0.0,0.0,0.0,0.0,-10.55,20.45,26.0,0.09183615471624539,8.265253924462067,2.3655398923309994,174.38567825946058
1986-01-14T22:45:00,demo_final_january_week,mcp,20.450518621958608,20.451220123685548,20.45198053529247,20.4510637708648,20.450347533509753,0.0,0.0,0.0,0.0,0.0,-11.124999999999998,20.45,26.0,0.09183615471624539,8.357090079178313,2.452997922591833,176.8386761820524
1986-01-14T23:00:00,demo_final_january_week,mcp,20.44916113347532,20.45061110497954,20.448229056255084,20.45024143059629,20.45001865085605,0.0,0.0,0.0,0.0,0.0,-11.7,20.45,26.0,0.09183615471624539,8.448926233894559,2.5160876743204263,179.35476385637284
1986-01-14T23:15:00,demo_final_january_week,mcp,20.449989091793075,20.448926753286433,20.44938578286883,20.448395886283656,20.450708362551037,0.0,0.0,0.0,0.0,0.0,-12.374999999999998,20.45,26.0,0.09183615471624539,8.540762388610805,2.582215873641952,181.9369797300148
1986-01-14T23:30:00,demo_final_january_week,mcp,20.451484234051243,20.450319028637225,20.449206413828588,20.44978716172598,20.450717272860395,0.0,0.0,0.0,0.0,0.0,-13.05,20.45,26.0,0.09183615471624539,8.63259854332705,2.6393387206590466,184.57631845067385
1986-01-14T23:45:00,demo_final_january_week,mcp,20.45145897752965,20.45258829088277,20.4477385627038,20.452188939296306,20.450172835324814,0.0,0.0,0.0,0.0,0.0,-13.725000000000001,20.45,26.0,0.09183615471624539,8.724434698043297,2.69690975186025,187.2732282025341
1986-01-15T00:00:00,demo_final_january_week,mcp,20.4486635404323,20.450047097723182,20.449452009679177,20.449795084473458,20.450930421242195,0.0,0.0,0.0,0.0,0.0,-14.4,20.45,26.0,0.09183615471624539,8.816270852759542,2.7542651937064475,190.02749339624057
1986-01-15T00:15:00,demo_final_january_week,mcp,20.4484394571689,20.44935003923443,20.44761023157925,20.44909902452166,20.449883369874293,0.0,0.0,0.0,0.0,0.0,-14.4,20.45,26.0,0.09183615471624539,8.908107007475788,2.774821954795542,192.80231535103613
1986-01-15T00:30:00,demo_final_january_week,mcp,20.45130076661433,20.447259830072127,20.447585068136807,20.45099728476545,20.449936158339064,0.0,0.0,0.0,0.0,0.0,-14.4,20.45,26.0,0.09183615471624539,8.999943162192034,2.80949181749474,195.61180716853087
1986-01-15T00:45:00,demo_final_january_week,mcp,20.45104179607045,20.451566243087957,20.45046071383043,20.448332636609425,20.450370758923324,0.0,0.0,0.0,0.0,0.0,-14.4,20.45,26.0,0.09183615471624539,9.09177931690828,2.8379734945325463,198.44978066306342
1986-01-15T01:00:00,demo_final_january_week,mcp,20.44846333605432,20.447495015214123,20.450677316977742,20.44840141899291,20.450811875223224,0.0,0.0,0.0,0.0,0.0,-14.4,20.45,26.0,0.09183615471624539,9.183615471624526,2.861455927327213,201.31123659039062
1986-01-15T01:15:00,demo_final_january_week,mcp,20.450740749359774,20.450470093203105,20.44901167948059,20.446945201180952,20.450066230081593,0.0,0.0,0.0,0.0,0.0,-14.4,20.45,26.0,0.09183615471624539,9.275451626340772,2.891228832630146,204.20246542302075
1986-01-15T01:30:00,demo_final_january_week,mcp,20.448214964850003,20.448051938241814,20.451895072407382,20.452802433845097,20.449863168264525,0.0,0.0,0.0,0.0,0.0,-14.4,20.45,26.0,0.09183615471624539,9.367287781057017,2.9143553670566,207.11682079007736
1986-01-15T01:45:00,demo_final_january_week,mcp,20.450612537641398,20.447089953706314,20.450472548209767,20.451787544438588,20.4494627880969,0.0,0.0,0.0,0.0,0.0,-14.4,20.45,26.0,0.09183615471624539,9.459123935773263,2.9360075011913205,210.05282829126867
1986-01-15T02:00:00,demo_final_january_week,mcp,20.44977086241081,20.44955075083973,20.44932593182959,20.451574953309432,20.450156642358152,0.0,0.0,0.0,0.0,0.0,-14.4,20.45,26.0,0.09183615471624539,9.55096009048951,2.957040966302634,213.0098692575713
1986-01-15T02:15:00,demo_final_january_week,mcp,20.452080195377373,20.44867203678996,20.44783149768069,20.44901732482287,20.449870032259078,0.0,0.0,0.0,0.0,0.0,-14.4,20.45,26.0,0.09183615471624539,9.642796245205755,2.996338994116495,216.00620825168778
1986-01-15T02:30:00,demo_final_january_week,mcp,20.449082087709392,20.451143229978605,20.44951003456295,20.450626173799144,20.450579421628387,0.0,0.0,0.0,0.0,0.0,-14.4,20.45,26.0,0.09183615471624539,9.734632399922,3.031443388900814,219.0376516405886
1986-01-15T02:45:00,demo_final_january_week,mcp,20.4497361060976,20.451449100248965,20.450054580393672,20.450159301266105,20.450105308923927,0.0,0.0,0.0,0.0,0.0,-14.4,20.45,26.0,0.09183615471624539,9.826468554638247,3.0633603927549884,222.10101203334358
1986-01-15T03:00:00,demo_final_january_week,mcp,20.450871745208126,20.449412934632424,20.448781636387242,20.447311890141073,20.45025701997711,0.0,0.0,0.0,0.0,0.0,-14.4,20.45,26.0,0.09183615471624539,9.918304709354492,3.092623432891912,225.1936354662355
1986-01-15T03:15:00,demo_final_january_week,mcp,20.451060071104255,20.4490313811494,20.449453446015642,20.451839216633054,20.44982788025049,0.0,0.0,0.0,0.0,0.0,-14.275,20.45,26.0,0.09183615471624539,10.010140864070738,2.9923327162082347,228.18596818244373
1986-01-15T03:30:00,demo_final_january_week,mcp,20.449374721334244,20.45054270829886,20.450710015844404,20.44997647633629,20.44973658268777,0.0,0.0,0.0,0.0,0.0,-14.15,20.45,26.0,0.09183615471624539,10.101977018786984,2.917072175595452,231.10304035803918
1986-01-15T03:45:00,demo_final_january_week,mcp,20.449415664640032,20.452830083902395,20.449678668719596,20.447979557551875,20.44951808063139,0.0,0.0,0.0,0.0,0.0,-14.025,20.45,26.0,0.09183615471624539,10.19381317350323,2.8443164203686364,233.94735677840782
1986-01-15T04:00:00,demo_final_january_week,mcp,20.449365463851002,20.448280033412097,20.449514211536403,20.44849193051216,20.450319176414588,0.0,0.0,0.0,0.0,0.0,-13.9,20.45,26.0,0.09183615471624539,10.285649328219476,2.7692075470347697,236.7165643254426
1986-01-15T04:15:00,demo_final_january_week,mcp,20.450659125094326,20.448366916144444,20.449798615938406,20.451917470113365,20.44971863767006,0.0,0.0,0.0,0.0,0.0,-13.625,20.45,26.0,0.09183615471624539,10.377485482935722,2.8779757936178236,239.5945401190604
1986-01-15T04:30:00,demo_final_january_week,mcp,20.452296560575967,20.450035498909312,20.44935450883282,20.4510208375556,20.449750680211125,0.0,0.0,0.0,0.0,0.0,-13.350000000000001,20.45,26.0,0.09183615471624539,10.469321637651968,2.9403709771500828,242.5349110962105
1986-01-15T04:45:00,demo_final_january_week,mcp,20.44885121246809,20.451646774148767,20.448063272309184,20.447193421259758,20.44997771968656,0.0,0.0,0.0,0.0,0.0,-13.075000000000001,20.45,26.0,0.09183615471624539,10.561157792368213,2.9953491812649236,245.5302602774754
1986-01-15T05:00:00,demo_final_january_week,mcp,20.450858256782336,20.45052050229502,20.450477194756616,20.44928124716547,20.450267931907035,0.0,0.0,0.0,0.0,0.0,-12.8,20.45,26.0,0.09183615471624539,10.65299394708446,3.061199881233549,248.59146015870897
1986-01-15T05:15:00,demo_final_january_week,mcp,20.451508070240564,20.450752325668486,20.451012722325014,20.45262877567897,20.449057299653493,0.0,0.0,0.0,0.0,0.0,-12.650000000000002,20.45,26.0,0.09183615471624539,10.744830101800705,3.0354127959089916,251.62687295461797
1986-01-15T05:30:00,demo_final_january_week,mcp,20.449802721918065,20.45288228691702,20.449437180591275,20.449473954755344,20.449020462806647,0.0,0.0,0.0,0.0,0.0,-12.5,20.45,26.0,0.09183615471624539,10.836666256516951,3.0314427725146693,254.65831572713265
1986-01-15T05:45:00,demo_final_january_week,mcp,20.44767538556473,20.45054122251397,20.45182394225649,20.4489252234338,20.450952797843247,0.0,0.0,0.0,0.0,0.0,-12.349999999999998,20.45,26.0,0.09183615471624539,10.928502411233197,3.031271145278646,257.68958687241127
1986-01-15T06:00:00,demo_final_january_week,mcp,20.450293015651727,20.450953277711562,20.44925125840806,20.451884462852288,20.44988325448866,0.0,0.0,0.0,0.0,0.0,-12.2,20.45,26.0,0.09183615471624539,11.020338565949443,3.0246635883078334,260.7142504607191
1986-01-15T06:19:00,demo_final_january_week,mcp,19.501573990244744,19.500790982911838,19.501052864535314,19.500435890978427,19.501292310686058,0.0,0.0,0.0,0.0,0.0,-11.649999999999999,19.5,26.0,0.09183615471624539,11.112174720665688,4.024101922556061,264.7383523832751
1986-01-15T06:30:00,demo_final_january_week,mcp,19.50056147677966,19.500378174731928,19.503767043608423,19.50347059456991,19.500316646224586,0.0,0.0,0.0,0.0,0.0,-11.1,19.5,26.0,0.09183615471624539,11.204010875381934,4.894088428637509,269.63244081191266
1986-01-15T06:45:00,demo_final_january_week,mcp,19.501921283438886,19.500473480613728,19.501681433663002,19.503226437667223,19.500259055111485,0.0,0.0,0.0,0.0,0.0,-10.55,19.5,26.0,0.09183615471624539,11.29584703009818,4.547780206492596,274.18022101840523
1986-01-15T07:00:00,demo_final_january_week,mcp,19.502588952308184,19.499038240137477,19.500983173307205,19.50078930686984,19.50038215403076,0.0,0.0,0.0,0.0,0.0,-10.0,19.5,26.0,0.09183615471624539,11.387683184814426,4.651239990984542,278.8314610093898
1986-01-15T07:15:00,demo_final_january_week,mcp,19.502409413602365,19.498641246120705,19.49958395709346,19.500409101293876,19.5000952102717,0.0,0.0,0.0,0.0,0.0,-9.575,19.5,26.0,0.09183615471624539,11.479519339530672,4.659362854594618,283.4908238639844
1986-01-15T07:30:00,demo_final_january_week,mcp,19.501297727025054,19.50202314596557,19.498334346641837,19.49783681594061,19.49986459869075,0.0,0.0,0.0,0.0,0.0,-9.15,19.5,26.0,0.09183615471624539,11.571355494246918,4.570948601876762,288.06177246586117
1986-01-15T07:45:00,demo_final_january_week,mcp,19.499967584101398,19.50091844010825,19.499956085195915,19.50206352269951,19.499935069080678,0.0,0.0,0.0,0.0,0.0,-8.725000000000001,19.5,26.0,0.09183615471624539,11.663191648963164,4.488038673535622,292.5498111393968
1986-01-15T08:00:00,demo_final_january_week,mcp,19.498328734732016,19.500928287622187,19.50131135026162,19.49992986492851,19.49947079763294,0.0,0.0,0.0,0.0,0.0,-8.3,19.5,26.0,0.09183615471624539,11.75502780367941,4.376967531827151,296.926778671224
1986-01-15T08:23:00,demo_final_january_week,mcp,19.49977695556842,19.522731318490344,19.500376125711863,19.500818370120616,20.19399713427319,11.0,5.0,11.0,5.0,20.0,-7.75,19.5,26.0,0.09183615471624539,11.846863958395655,2.8399713526212795,299.76675002384525
1986-01-15T08:38:00,demo_final_january_week,mcp,19.500261073752007,19.757322346913107,19.499767621423114,19.500325504072954,20.67771983411535,11.0,5.0,11.0,5.0,20.0,-7.2,19.5,26.0,0.09183615471624539,11.938700113111901,2.5863706142803062,302.3531206381256
1986-01-15T08:53:00,demo_final_january_week,mcp,19.50015369558481,20.2078188182047,19.500352776496882,19.50125390283988,20.933522871499463,11.0,5.0,11.0,5.0,20.0,-6.6499999999999995,19.5,26.0,0.09183615471624539,12.030536267828147,2.3961010966010723,304.74922173472663
1986-01-15T09:08:00,demo_final_january_week,mcp,19.5004067663416,20.68985826185156,19.500348291438073,19.50144991469884,21.115845710194247,11.0,5.0,11.0,5.0,20.0,-6.1,19.5,26.0,0.09183615471624539,12.122372422544393,2.2178023548003782,306.967024089527
1986-01-15T09:20:00,demo_final_january_week,mcp,20.00271392400074,21.5541444433638,20.002049071571633,19.99998074475565,21.74013810786521,11.0,5.0,11.0,5.0,20.0,-5.674999999999999,20.0,26.0,0.09183615471624539,12.214208577260639,2.342332630182089,309.3093567197091
1986-01-15T09:35:00,demo_final_january_week,mcp,20.148162606488267,22.158215687652092,20.040191302039037,20.000197486163515,22.05346628421404,11.0,5.0,11.0,5.0,20.0,-5.25,20.0,26.0,0.09183615471624539,12.306044731976884,2.0104146867807384,311.31977140648985
1986-01-15T09:53:00,demo_final_january_week,mcp,20.40367566904219,22.64355869561838,20.17411422141075,20.001566762190073,22.255144804149054,11.0,5.0,11.0,5.0,20.0,-4.825,20.0,26.0,0.09183615471624539,12.39788088669313,1.9099641249276107,313.2297355314175
1986-01-15T10:08:00,demo_final_january_week,mcp,20.717976214086537,23.10368620552149,20.338874627680145,20.026452470489517,22.40611188209049,11.0,5.0,11.0,5.0,20.0,-4.4,20.0,26.0,0.09183615471624539,12.489717041409376,1.8474113791173576,315.07714691053485
1986-01-15T10:23:00,demo_final_january_week,mcp,21.05050494564344,23.5249692091122,20.50554252312631,20.118831123689787,22.550305108292683,11.0,5.0,11.0,5.0,20.0,-4.0,20.0,26.0,0.09183615471624539,12.581553196125622,1.8012831728405034,316.87843008337535
1986-01-15T10:38:00,demo_final_january_week,mcp,21.40142424750668,23.893028138375563,20.6654086398023,20.219369101213342,22.675425560870433,11.0,5.0,11.0,5.0,20.0,-3.6,20.0,26.0,0.09183615471624539,12.673389350841868,1.7578374791094575,318.6362675624848
1986-01-15T10:53:00,demo_final_january_week,mcp,21.7170080303443,24.15060872467079,20.811241339945774,20.326083011929544,22.795732615050625,11.0,5.0,11.0,5.0,20.0,-3.1999999999999997,20.0,26.0,0.09183615471624539,12.765225505558114,1.7148641627248593,320.35113172520965
1986-01-15T11:08:00,demo_final_january_week,mcp,22.046866404318227,24.32313062069984,20.947256736098275,20.430795558420954,22.891904909939925,11.0,5.0,11.0,5.0,20.0,-2.8,20.0,26.0,0.09183615471624539,12.85706166027436,1.671784813405829,322.0229165386155
1986-01-15T11:15:00,demo_final_january_week,mcp,22.237849621592556,24.360355697386115,20.9686203740517,20.437712437104402,22.904163309823677,8.8,4.0,8.8,4.0,16.0,-2.3749999999999996,20.0,26.0,0.09183615471624539,12.948897814990605,1.6302861264212645,323.65320266503676
1986-01-15T11:38:00,demo_final_january_week,mcp,22.61794260027994,24.427756112414187,21.082393647842707,20.53214377015825,22.980558042117597,8.8,4.0,8.8,4.0,16.0,-1.95,20.0,26.0,0.09183615471624539,13.040733969706851,1.5808371349334986,325.2340397999703
1986-01-15T11:53:00,demo_final_january_week,mcp,23.001798778062167,24.45113869064253,21.23472869558772,20.66173597482949,23.10622765357191,8.8,4.0,8.8,4.0,16.0,-1.525,20.0,26.0,0.09183615471624539,13.132570124423097,1.5376801949770227,326.7717199949473
1986-01-15T12:08:00,demo_final_january_week,mcp,23.391912923098623,24.431789117020877,21.397620659037393,20.80107565031415,23.244399243458982,8.8,4.0,8.8,4.0,16.0,-1.1,20.0,26.0,0.09183615471624539,13.224406279139343,1.4923829364029138,328.26410293135024
1986-01-15T12:15:00,demo_final_january_week,mcp,23.439786437115373,24.15963175590547,21.253256693517145,20.66363666567988,23.099324796478182,4.4,2.0,4.4,2.0,8.0,-0.675,20.5,26.0,0.09183615471624539,13.316242433855589,1.4507300288069553,329.7148329601572
1986-01-15T12:38:00,demo_final_january_week,mcp,23.59381917869625,23.806950596645315,21.137235387575217,20.581610788271178,22.94313723681887,4.4,2.0,4.4,2.0,8.0,-0.25000000000000006,20.5,26.0,0.09183615471624539,13.408078588571835,1.4042650136361199,331.1190979737933
1986-01-15T12:45:00,demo_final_january_week,mcp,23.730661823293516,23.58357103819697,21.10894740965952,20.576045129518473,22.888732234165754,4.4,2.0,4.4,2.0,8.0,0.17499999999999993,20.5,26.0,0.09183615471624539,13.49991474328808,1.3648055595325637,332.4839035333259
1986-01-15T13:00:00,demo_final_january_week,mcp,23.918162482110592,23.288162573602094,21.086684170043338,20.585177302375158,22.84478492759519,4.4,2.0,4.4,2.0,8.0,0.6,20.5,26.0,0.09183615471624539,13.591750898004326,1.320447792051873,333.80435132537775
1986-01-15T13:23:00,demo_final_january_week,mcp,24.44517592806285,23.22166695039343,21.41458028832538,20.86188095007975,23.139434070983338,8.8,4.0,8.8,4.0,16.0,0.875,20.5,26.0,0.09183615471624539,13.683587052720572,1.2849826878712323,335.08933401324896
1986-01-15T13:38:00,demo_final_january_week,mcp,24.806786965965532,23.06976853506539,21.596203840893057,21.043209368954965,23.34055366714225,8.8,4.0,8.8,4.0,16.0,1.15,20.5,26.0,0.09183615471624539,13.775423207436818,1.2552979394456247,336.34463195269456
1986-01-15T13:45:00,demo_final_january_week,mcp,24.95908887618796,22.919848454928687,21.681660512332243,21.127741220853792,23.45896613175207,8.8,4.0,8.8,4.0,16.0,1.4249999999999998,20.5,26.0,0.09183615471624539,13.867259362153064,1.227909864317052,337.5725418170116
1986-01-15T14:00:00,demo_final_january_week,mcp,25.02870618780563,22.734971101160717,21.739425067825668,21.196548372960272,23.556960569643376,8.8,4.0,8.8,4.0,16.0,1.7,20.5,26.0,0.09183615471624539,13.95909551686931,1.1981256104218665,338.77066742743347
1986-01-15T14:15:00,demo_final_january_week,mcp,25.05706000248465,22.642360770497078,21.850080246231002,21.32807842081904,23.691005876890536,11.0,5.0,11.0,5.0,20.0,1.9749999999999999,20.5,26.0,0.09183615471624539,14.050931671585555,1.1575953839447315,339.9282628113782
1986-01-15T14:30:00,demo_final_january_week,mcp,24.983097654216316,22.571675950372374,21.957648130304616,21.459140109017405,23.820088292034544,11.0,5.0,11.0,5.0,20.0,2.25,20.5,26.0,0.09183615471624539,14.142767826301801,1.016663831048927,340.9449266424271
1986-01-15T14:45:00,demo_final_january_week,mcp,24.912539153439475,22.491157692078353,22.03361367238891,21.568169105234055,23.92356685579394,11.0,5.0,11.0,5.0,20.0,2.5249999999999995,20.5,26.0,0.09183615471624539,14.234603981018047,0.8732854802440655,341.8182121226712
1986-01-15T15:00:00,demo_final_january_week,mcp,24.882895554028686,22.408518527351134,22.086359048147948,21.667658300225735,24.0067647487423,11.0,5.0,11.0,5.0,20.0,2.8,20.5,26.0,0.09183615471624539,14.326440135734293,0.7413464830996958,342.55955860577086
1986-01-15T15:15:00,demo_final_january_week,mcp,24.805249490187084,22.27169489080174,22.056992755585433,21.707012256296316,24.01577571120015,11.0,5.0,11.0,5.0,20.0,2.8,20.5,26.0,0.09183615471624539,14.418276290450539,0.7565301277942241,343.3160887335651
1986-01-15T15:30:00,demo_final_january_week,mcp,24.779420056361317,22.15328001337594,22.025425851096152,21.77236410827548,24.023326530585987,11.0,5.0,11.0,5.0,20.0,2.8,20.5,26.0,0.09183615471624539,14.510112445166785,0.7786806826809916,344.0947694162461
1986-01-15T15:45:00,demo_final_january_week,mcp,24.672483365716737,22.058901359426134,22.006544952334597,21.826097799128235,24.050131112413382,11.0,5.0,11.0,5.0,20.0,2.8,20.5,26.0,0.09183615471624539,14.60194859988303,0.7984193178829984,344.89318873412907
1986-01-15T16:00:00,demo_final_january_week,mcp,24.48459961910025,21.96358586391628,21.98366246036682,21.844258900862926,24.080976496095875,11.0,5.0,11.0,5.0,20.0,2.8,20.5,26.0,0.09183615471624539,14.693784754599276,0.8137073231686986,345.70689605729774
1986-01-15T16:23:00,demo_final_january_week,mcp,24.0009597361444,21.693427872275574,21.767867705901544,21.663493099055636,23.949953785718,11.0,5.0,11.0,5.0,20.0,2.2499999999999996,20.5,26.0,0.09183615471624539,14.785620909315522,1.1444353550111603,346.8513314123089
1986-01-15T16:38:00,demo_final_january_week,mcp,23.549979984695135,21.564887956269555,21.658479534507038,21.541516777409722,23.900337826439554,11.0,5.0,11.0,5.0,20.0,1.7,20.5,26.0,0.09183615471624539,14.877457064031768,1.4481585498251492,348.2994899621341
1986-01-15T16:53:00,demo_final_january_week,mcp,23.101075683654432,21.446582509037057,21.576917058247407,21.38242658341506,23.89133758721089,11.0,5.0,11.0,5.0,20.0,1.15,20.5,26.0,0.09183615471624539,14.969293218748014,1.6866564447208674,349.98614640685497
1986-01-15T17:08:00,demo_final_january_week,mcp,22.76733520807278,21.341113078478507,21.509713580108926,21.2629711618064,23.883089532707416,11.0,5.0,11.0,5.0,20.0,0.6,20.5,26.0,0.09183615471624539,15.06112937346426,1.4453053733112844,351.43145178016624
1986-01-15T17:15:00,demo_final_january_week,mcp,22.562117148414686,21.27269477885658,21.47283902003037,21.188499347804225,23.876541464518642,11.0,5.0,11.0,5.0,20.0,0.44999999999999996,20.5,26.0,0.09183615471624539,15.152965528180506,1.3441103660251255,352.77556214619136
1986-01-15T17:30:00,demo_final_january_week,mcp,22.35455523224785,21.202455923967246,21.439205120642956,21.11465715920268,23.869377248335265,11.0,5.0,11.0,5.0,20.0,0.3,20.5,26.0,0.09183615471624539,15.244801682896751,1.3259282206667473,354.1014903668581
1986-01-15T17:45:00,demo_final_january_week,mcp,22.18330438856481,21.143677749075206,21.414491890976578,21.05142943208065,23.864779746787715,11.0,5.0,11.0,5.0,20.0,0.15,20.5,26.0,0.09183615471624539,15.336637837612997,1.3320631483585532,355.43355351521666
1986-01-15T18:00:00,demo_final_january_week,mcp,22.037702822561563,21.093521683224512,21.395470850443342,20.99662530749268,23.863584758364066,11.0,5.0,11.0,5.0,20.0,0.0,20.5,26.0,0.09183615471624539,15.428473992329243,1.3461736755723923,356.77972719078906
1986-01-15T18:23:00,demo_final_january_week,mcp,21.252213735950555,20.519957364278206,20.724480230209725,20.512278404289784,23.250535718737595,5.5,2.5,5.5,2.5,10.0,-0.7,20.5,26.0,0.09183615471624539,15.520310147045489,1.4323425563546324,358.2120697471437
1986-01-15T18:38:00,demo_final_january_week,mcp,20.779615651131508,20.50184634699494,20.501475196749208,20.500934600869122,22.866259998408562,5.5,2.5,5.5,2.5,10.0,-1.4,20.5,26.0,0.09183615471624539,15.612146301761735,1.6090149036334334,359.8210846507771
1986-01-15T18:45:00,demo_final_january_week,mcp,20.56870866992359,20.50120652244613,20.501475472709874,20.501050616440537,22.657562520586605,5.5,2.5,5.5,2.5,10.0,-2.0999999999999996,20.5,26.0,0.09183615471624539,15.70398245647798,1.790622552662833,361.61170720343995
1986-01-15T19:00:00,demo_final_january_week,mcp,20.503920387890716,20.49969759690382,20.50244924530085,20.499773573733442,22.504509609595996,5.5,2.5,5.5,2.5,10.0,-2.8,20.5,24.5,0.09183615471624539,15.795818611194226,1.9520681288473531,363.5637753322873
1986-01-15T19:23:00,demo_final_january_week,mcp,20.50143337510196,20.500813952328254,20.502386433178827,20.501257326278882,21.89225816705855,0.0,0.0,0.0,0.0,0.0,-2.6499999999999995,20.5,24.5,0.09183615471624539,15.887654765910472,2.3934521137342197,365.95722744602153
1986-01-15T19:38:00,demo_final_january_week,mcp,20.501906726217705,20.502106594917027,20.50194720342141,20.499767459155258,21.43975727483413,0.0,0.0,0.0,0.0,0.0,-2.5,20.5,24.5,0.09183615471624539,15.979490920626718,2.6244040552180024,368.58163150123954
1986-01-15T19:53:00,demo_final_january_week,mcp,20.50043327969561,20.50209745155136,20.501442141233255,20.499944566157456,21.169906537419436,0.0,0.0,0.0,0.0,0.0,-2.35,20.5,24.5,0.09183615471624539,16.071327075342964,2.722234799864418,371.30386630110394
1986-01-15T20:00:00,demo_final_january_week,mcp,20.502052746017643,20.50088364063507,20.501342278159182,20.50052607435453,20.98736353935587,0.0,0.0,0.0,0.0,0.0,-2.2,20.5,24.5,0.09183615471624539,16.163163230059208,2.7948895865280483,374.09875588763197
1986-01-15T20:15:00,demo_final_january_week,mcp,20.4979768067529,20.49918786536192,20.499142767775655,20.496379461180652,20.80878226382241,0.0,0.0,0.0,0.0,0.0,-2.2,20.5,24.5,0.09183615471624539,16.254999384775452,0.8122880764390369,374.911043964071
1986-01-15T20:30:00,demo_final_january_week,mcp,20.49832753925587,20.49929268945155,20.50033562593822,20.498286451704313,20.654958209891117,0.0,0.0,0.0,0.0,0.0,-2.2,20.5,24.5,0.09183615471624539,16.346835539491696,1.0005500216777794,375.91159398574877
1986-01-15T20:45:00,demo_final_january_week,mcp,20.499425789872063,20.497269991097355,20.500064819416988,20.50150164805135,20.539664321134776,0.0,0.0,0.0,0.0,0.0,-2.2,20.5,24.5,0.09183615471624539,16.43867169420794,1.1095928515267843,377.02118683727554
1986-01-15T21:00:00,demo_final_january_week,mcp,20.500710775623382,20.498224318465272,20.498480467778393,20.5003333527084,20.501891299901388,0.0,0.0,0.0,0.0,0.0,-2.2,20.5,24.5,0.09183615471624539,16.530507848924184,1.202842409356993,378.22402924663254
1986-01-15T21:15:00,demo_final_january_week,mcp,20.50012443760622,20.49720833749057,20.499445415537473,20.50051764281786,20.5005003169461,0.0,0.0,0.0,0.0,0.0,-2.9000000000000004,20.5,24.5,0.09183615471624539,16.62234400364043,1.4199897374667634,379.6440189840993
1986-01-15T21:30:00,demo_final_january_week,mcp,20.49847147396044,20.501359849602018,20.50027917921681,20.498109129413905,20.500191743316556,0.0,0.0,0.0,0.0,0.0,-3.6,20.5,24.5,0.09183615471624539,16.714180158356672,1.5469747807939815,381.1909937648933
1986-01-15T21:45:00,demo_final_january_week,mcp,20.49906256302976,20.50154068684346,20.499697961237743,20.499823944288252,20.499718212785645,0.0,0.0,0.0,0.0,0.0,-4.3,20.5,24.5,0.09183615471624539,16.806016313072917,1.6495536376526676,382.84054740254595
1986-01-15T22:00:00,demo_final_january_week,mcp,20.49973197766533,20.499228749203176,20.499368923392275,20.49963934856059,20.501006882907276,0.0,0.0,0.0,0.0,0.0,-5.0,20.5,24.5,0.09183615471624539,16.89785246778916,1.7353336482536166,384.5758810507996
1986-01-15T22:15:00,demo_final_january_week,mcp,20.501429635767963,20.499397112552906,20.4984040464837,20.49995055419433,20.50080978105006,0.0,0.0,0.0,0.0,0.0,-4.575,20.5,24.5,0.09183615471624539,16.989688622505405,1.7744750516358045,386.3503561024354
1986-01-15T22:30:00,demo_final_january_week,mcp,20.49855817151128,20.498301970545914,20.500518251635185,20.497955473130013,20.500619730049685,0.0,0.0,0.0,0.0,0.0,-4.15,20.5,24.5,0.09183615471624539,17.08152477722165,1.809172845676998,388.1595289481124
1986-01-15T22:45:00,demo_final_january_week,mcp,20.498701917758797,20.49879857051519,20.499025869956753,20.49745982819478,20.500437786979735,0.0,0.0,0.0,0.0,0.0,-3.7249999999999996,20.5,24.5,0.09183615471624539,17.173360931937893,1.8458836711187812,390.00541261923115
1986-01-15T23:00:00,demo_final_january_week,mcp,20.499541649300575,20.499908257869986,20.50165433610242,20.500621436985448,20.50006923894904,0.0,0.0,0.0,0.0,0.0,-3.3,20.5,24.5,0.09183615471624539,17.265197086654137,1.8817756800723557,391.8871882993035
1986-01-15T23:15:00,demo_final_january_week,mcp,20.500478246998465,20.498303511260726,20.499848743601003,20.500092457683195,20.500328490064337,0.0,0.0,0.0,0.0,0.0,-3.7249999999999996,20.5,24.5,0.09183615471624539,17.35703324137038,1.9295195741553395,393.8167078734588
1986-01-15T23:30:00,demo_final_january_week,mcp,20.501395497994096,20.4978971436285,20.49855924705297,20.50236571513666,20.50098588164078,0.0,0.0,0.0,0.0,0.0,-4.15,20.5,24.5,0.09183615471624539,17.448869396086625,1.9793056720050586,395.7960135454639
1986-01-15T23:45:00,demo_final_january_week,mcp,20.499593302030927,20.49917082155433,20.49898978996839,20.49936929468522,20.50015003374309,0.0,0.0,0.0,0.0,0.0,-4.575,20.5,24.5,0.09183615471624539,17.54070555080287,2.0190532918468085,397.8150668373107
1986-01-16T00:00:00,demo_final_january_week,mcp,20.500966470214774,20.501192136738688,20.500071161961348,20.49762697848543,20.50058727121706,0.0,0.0,0.0,0.0,0.0,-5.0,20.5,24.5,0.09183615471624539,17.632541705519113,2.0657534846457755,399.8808203219565
1986-01-16T00:15:00,demo_final_january_week,mcp,20.4988487036496,20.497680850638456,20.499782344562167,20.49763645831397,20.50017296375012,0.0,0.0,0.0,0.0,0.0,-5.15,20.5,24.5,0.09183615471624539,17.724377860235357,2.086372236098796,401.9671925580553
1986-01-16T00:30:00,demo_final_january_week,mcp,20.498712952340718,20.50147481575324,20.499029380897877,20.498897312798913,20.500963928465413,0.0,0.0,0.0,0.0,0.0,-5.3,20.5,24.5,0.09183615471624539,17.8162140149516,2.1203464033532877,404.08753896140854
1986-01-16T00:45:00,demo_final_january_week,mcp,20.50156057553797,20.50125003905095,20.500597189093668,20.500622477648545,20.49967263344923,0.0,0.0,0.0,0.0,0.0,-5.449999999999999,20.5,24.5,0.09183615471624539,17.908050169667845,2.147704261116902,406.23524322252547
1986-01-16T01:00:00,demo_final_january_week,mcp,20.500969103093414,20.501849541449932,20.49976287849807,20.49798505420779,20.50029590314731,0.0,0.0,0.0,0.0,0.0,-5.6,20.5,24.5,0.09183615471624539,17.99988632438409,2.1709313604545946,408.40617458298004
1986-01-16T01:15:00,demo_final_january_week,mcp,20.45257725112624,20.452044560679344,20.450959621676287,20.454924791195182,20.45065995801369,0.0,0.0,0.0,0.0,0.0,-5.874999999999999,20.45,23.95,0.09183615471624539,18.091722479100333,2.076636267099828,410.4828108500799
1986-01-16T01:30:00,demo_final_january_week,mcp,20.4511318379464,20.45211711626445,20.44946217024658,20.450907676194372,20.449974486933666,0.0,0.0,0.0,0.0,0.0,-6.15,20.45,23.95,0.09183615471624539,18.183558633816578,2.2563667555660105,412.7391776056459
1986-01-16T01:45:00,demo_final_january_week,mcp,20.450825139405556,20.44768329728922,20.449619071763586,20.451209377570194,20.450577964865584,0.0,0.0,0.0,0.0,0.0,-6.425000000000001,20.45,23.95,0.09183615471624539,18.27539478853282,2.245940696537092,414.985118302183
1986-01-16T02:00:00,demo_final_january_week,mcp,20.448821816929183,20.448641487909768,20.451748508302096,20.447386277034287,20.44986627514979,0.0,0.0,0.0,0.0,0.0,-6.7,20.45,23.95,0.09183615471624539,18.367230943249066,2.3043773163630754,417.2894956185461
1986-01-16T02:15:00,demo_final_january_week,mcp,20.44922849830667,20.45061044256762,20.450924997097342,20.449076131640894,20.449201124888248,0.0,0.0,0.0,0.0,0.0,-6.825,20.45,23.9,0.09183615471624539,18.45906709796531,2.3092088274196803,419.5987044459658
1986-01-16T02:30:00,demo_final_january_week,mcp,20.448377253464553,20.4524393449855,20.44815151550489,20.44722629553249,20.449640892528905,0.0,0.0,0.0,0.0,0.0,-6.95,20.45,23.9,0.09183615471624539,18.550903252681554,2.317056285515945,421.9157607314817
1986-01-16T02:45:00,demo_final_january_week,mcp,20.450694631545673,20.450388891295663,20.449449222067404,20.4510901583016,20.44963267340453,0.0,0.0,0.0,0.0,0.0,-7.075,20.45,23.9,0.09183615471624539,18.642739407397798,2.33381938939001,424.2495801208717
1986-01-16T03:00:00,demo_final_january_week,mcp,20.452157151077284,20.45071443933073,20.450562361768974,20.451557391216255,20.449230805248316,0.0,0.0,0.0,0.0,0.0,-7.2,20.45,23.9,0.09183615471624539,18.734575562114042,2.340788604290471,426.5903687251622
1986-01-16T03:15:00,demo_final_january_week,mcp,20.450052867815817,20.450192101854817,20.448022188808736,20.449273133077796,20.45054611368535,0.0,0.0,0.0,0.0,0.0,-6.800000000000001,20.45,23.8,0.09183615471624539,18.826411716830286,2.350603139691222,428.9409718648534
1986-01-16T03:30:00,demo_final_january_week,mcp,20.451578590590337,20.449821365291076,20.44867315345969,20.447799896889354,20.450432053729855,0.0,0.0,0.0,0.0,0.0,-6.4,20.45,23.8,0.09183615471624539,18.91824787154653,2.3652510720104414,431.30622293686383
1986-01-16T03:45:00,demo_final_january_week,mcp,20.44945496634914,20.451095769760208,20.449868310512304,20.448490893622086,20.450488527276228,0.0,0.0,0.0,0.0,0.0,-5.999999999999999,20.45,23.8,0.09183615471624539,19.010084026262774,2.370348210479925,433.67657114734374
1986-01-16T04:00:00,demo_final_january_week,mcp,20.448704227836153,20.450348622761016,20.45153321571638,20.451560565671812,20.45008438264948,0.0,0.0,0.0,0.0,0.0,-5.6,20.45,23.8,0.09183615471624539,19.10192018097902,2.3780332934220163,436.05460444076573
1986-01-16T04:15:00,demo_final_january_week,mcp,20.450175118622436,20.44854309900474,20.449788472552427,20.452185844916617,20.450399083563063,0.0,0.0,0.0,0.0,0.0,-5.449999999999999,20.45,23.8,0.09183615471624539,19.193756335695262,2.378152670423651,438.4327571111894
1986-01-16T04:30:00,demo_final_january_week,mcp,20.448662008374228,20.451346545105633,20.4496052758011,20.451197685072977,20.450144661595292,0.0,0.0,0.0,0.0,0.0,-5.3,20.45,23.8,0.09183615471624539,19.285592490411506,2.37995602398253,440.8127131351719
1986-01-16T04:45:00,demo_final_january_week,mcp,20.449491972407067,20.449883453310935,20.448316896318072,20.450893722385494,20.44944826994924,0.0,0.0,0.0,0.0,0.0,-5.15,20.45,23.8,0.09183615471624539,19.37742864512775,2.378080821877066,443.190793957049
1986-01-16T05:00:00,demo_final_january_week,mcp,20.44895899377573,20.44893622215414,20.449770354017264,20.45162402487752,20.450508853195768,0.0,0.0,0.0,0.0,0.0,-5.0,20.45,23.8,0.09183615471624539,19.469264799843994,2.3804993919053157,445.57129334895427
1986-01-16T05:15:00,demo_final_january_week,mcp,20.447833909206423,20.447647962494127,20.45089555016671,20.450829916481347,20.449681763662895,0.0,0.0,0.0,0.0,0.0,-5.0,20.45,23.8,0.09183615471624539,19.56110095456024,2.3802241608301316,447.9515175097844
1986-01-16T05:30:00,demo_final_january_week,mcp,20.45111636701196,20.45025151681238,20.45100364606445,20.44898746659438,20.449965367097274,0.0,0.0,0.0,0.0,0.0,-5.0,20.45,23.8,0.09183615471624539,19.652937109276483,2.389316087133794,450.34083359691823
1986-01-16T05:45:00,demo_final_january_week,mcp,20.449378422468747,20.447278799379326,20.45079499752941,20.447122366992108,20.44928436861422,0.0,0.0,0.0,0.0,0.0,-5.0,20.45,23.8,0.09183615471624539,19.744773263992727,2.387351783840374,452.7281853807586
1986-01-16T06:00:00,demo_final_january_week,mcp,20.45124999933607,20.448290372071607,20.450578953470504,20.449883095253753,20.450421842881045,0.0,0.0,0.0,0.0,0.0,-5.0,20.45,23.8,0.09183615471624539,19.83660941870897,2.3914869700528745,455.11967235081147
1986-01-16T06:15:00,demo_final_january_week,mcp,20.453992116275927,20.451971358195706,20.452087899464434,20.45450752321263,20.45092530003364,0.0,0.0,0.0,0.0,0.0,-4.85,20.45,23.8,0.09183615471624539,19.928445573425215,4.597852055237446,459.71752440604894
1986-01-16T06:30:00,demo_final_january_week,mcp,20.451494368434748,20.45376488541856,20.453874727060846,20.452744393279772,20.450950545179012,0.0,0.0,0.0,0.0,0.0,-4.7,20.45,23.8,0.09183615471624539,20.02028172814146,4.435435367861626,464.15295977391054
1986-01-16T06:45:00,demo_final_january_week,mcp,20.453486513642645,20.450182925682014,20.451567532051317,20.454219822909746,20.451067145478536,0.0,0.0,0.0,0.0,0.0,-4.550000000000001,20.45,23.8,0.09183615471624539,20.112117882857703,4.414871966437809,468.56783174034837
1986-01-16T07:00:00,demo_final_january_week,mcp,20.45217151429499,20.45149796397769,20.450361443687534,20.452234509294303,20.45009978799945,0.0,0.0,0.0,0.0,0.0,-4.4,20.45,23.8,0.09183615471624539,20.203954037573947,4.390769551990665,472.95860129233904
1986-01-16T07:15:00,demo_final_january_week,mcp,20.449376229151067,20.45228918190674,20.44895361464431,20.449367878096844,20.450396546557897,0.0,0.0,0.0,0.0,0.0,-4.275,20.45,23.8,0.09183615471624539,20.29579019229019,4.385281962779856,477.3438832551189
1986-01-16T07:30:00,demo_final_january_week,mcp,20.451179597701785,20.451295001960926,20.450791722825674,20.449269764557304,20.449473662083467,0.0,0.0,0.0,0.0,0.0,-4.15,20.45,23.8,0.09183615471624539,20.387626347006435,4.3302436210908635,481.67412687620975
1986-01-16T07:45:00,demo_final_january_week,mcp,20.45239293988451,20.450681921854194,20.450592440910977,20.448619559727696,20.45106440630676,0.0,0.0,0.0,0.0,0.0,-4.025,20.45,23.8,0.09183615471624539,20.47946250172268,4.252991040232543,485.9271179164423
1986-01-16T08:00:00,demo_final_january_week,mcp,20.450760556057865,20.45243484935456,20.450849830172746,20.449858141725542,20.45003391503032,0.0,0.0,0.0,0.0,0.0,-3.9,20.45,23.8,0.09183615471624539,20.571298656438923,4.171524643799386,490.0986425602417
1986-01-16T08:23:00,demo_final_january_week,mcp,20.4502646970649,20.4498504324612,20.44970943460635,20.44912613978258,20.977949328842627,11.0,5.0,11.0,5.0,20.0,-3.1999999999999997,20.45,23.8,0.09183615471624539,20.663134811155167,2.426686267506974,492.52532882774864
1986-01-16T08:38:00,demo_final_january_week,mcp,20.450045031392897,20.450475884822723,20.44984393753613,20.45115939379382,21.352350880570963,11.0,5.0,11.0,5.0,20.0,-2.5,20.45,23.8,0.09183615471624539,20.75497096587141,2.1863577015102345,494.7116865292589
1986-01-16T08:45:00,demo_final_january_week,mcp,20.450823749862664,20.613214851444933,20.450651269739584,20.450577830757293,21.554288814959417,11.0,5.0,11.0,5.0,20.0,-1.8,20.45,23.8,0.09183615471624539,20.846807120587656,1.9842209473625674,496.69590747662147
1986-01-16T09:00:00,demo_final_january_week,mcp,20.450051333679138,20.874125707005803,20.451222828674556,20.452057375042706,21.706172096245695,11.0,5.0,11.0,5.0,20.0,-1.1,20.45,23.8,0.09183615471624539,20.9386432753039,1.8017121908315066,498.49761966745297
1986-01-16T09:23:00,demo_final_january_week,mcp,20.668283595516694,21.516743657424623,20.736654670257145,20.456813682523414,22.29188416056736,11.0,5.0,11.0,5.0,20.0,-0.55,20.45,23.8,0.09183615471624539,21.030479430020144,1.5373795203070197,500.03499918776
1986-01-16T09:38:00,demo_final_january_week,mcp,20.910487366140195,21.990010945258188,20.98429347605331,20.57157784339423,22.6493894322656,11.0,5.0,11.0,5.0,20.0,0.0,20.45,23.8,0.09183615471624539,21.122315584736388,1.4250228488533048,501.4600220366133
1986-01-16T09:45:00,demo_final_january_week,mcp,21.076612685081137,22.18418891132412,21.150567455403042,20.67340434224048,22.849822503081096,11.0,5.0,11.0,5.0,20.0,0.55,20.45,23.8,0.09183615471624539,21.21415173945263,1.3638333292275457,502.8238553658408
1986-01-16T10:00:00,demo_final_january_week,mcp,21.242311238505962,22.28725677302359,21.315092019827038,20.79886066693847,23.00819872960593,11.0,5.0,11.0,5.0,20.0,1.1,20.45,23.8,0.09183615471624539,21.305987894168876,1.3067836540452296,504.130639019886
1986-01-16T10:15:00,demo_final_january_week,mcp,21.371308277062255,22.276577929755092,21.470723742266724,20.911735619569424,22.999827975380597,11.0,5.0,11.0,5.0,20.0,1.525,20.5,23.0,0.09412073903318863,21.400108633202066,1.0836700644863566,505.21430908437236
1986-01-16T10:30:00,demo_final_january_week,mcp,21.473072790622375,22.217837964601692,21.62892418630902,21.03505875339269,22.999338149643123,11.0,5.0,11.0,5.0,20.0,1.95,20.5,23.0,0.09455970433867149,21.494668337540737,1.1121792921816915,506.32648837655404
1986-01-16T10:45:00,demo_final_january_week,mcp,21.629542327799385,22.267945471226046,21.80345191465393,21.171269649514674,22.999226210246626,11.0,5.0,11.0,5.0,20.0,2.3749999999999996,20.5,23.0,0.09550761714738112,21.590175954688117,0.8643050214044445,507.1907933979585
1986-01-16T11:00:00,demo_final_january_week,mcp,21.829084280877087,22.398249448258348,21.9903264118304,21.317689123099573,22.999175943259075,11.0,5.0,11.0,5.0,20.0,2.8,20.5,23.0,0.09633629000666143,21.68651224469478,0.6603269448399192,507.8511203427984
1986-01-16T11:15:00,demo_final_january_week,mcp,21.949540118888574,22.452140586591163,22.076672786806267,21.360025067058306,22.999286688181837,8.8,4.0,8.8,4.0,16.0,3.1999999999999997,20.5,23.0,0.09513311652508644,21.781645361219866,0.49944219305511284,508.35056253585356
1986-01-16T11:30:00,demo_final_january_week,mcp,22.12598993165391,22.545074162583273,22.169271350247858,21.413350965571745,22.999294042435697,8.8,4.0,8.8,4.0,16.0,3.6,20.5,23.0,0.09546898923890622,21.877114350458772,0.3491280490676631,508.6996905849212
1986-01-16T11:45:00,demo_final_january_week,mcp,22.398089372387354,22.71766996384031,22.274166539809165,21.495806272358795,22.99929791970179,8.8,4.0,8.8,4.0,16.0,4.0,20.5,23.0,0.095879110955339,21.97299346141411,0.1933457411334972,508.8930363260547
1986-01-16T12:08:00,demo_final_january_week,mcp,22.776797921902556,22.88753975653782,22.3674792347279,21.550964790448788,22.999510835891925,8.8,4.0,8.8,4.0,16.0,4.4,20.5,23.0,0.09600458365343181,22.06899804506754,0.038874703263680616,508.93191102931837
1986-01-16T12:23:00,demo_final_january_week,mcp,22.88218645598525,22.701133878517897,22.10143572892919,21.238892796040968,22.999681487833033,4.4,2.0,4.4,2.0,8.0,5.1000000000000005,20.5,23.0,0.09273848380339869,22.16173652887094,2.653654013924316,511.5855650432427
1986-01-16T12:30:00,demo_final_january_week,mcp,22.98918022464744,22.759826873860515,22.078717020334388,21.249182369847617,22.999599553884785,4.4,2.0,4.4,2.0,8.0,5.800000000000001,20.5,23.0,0.09515830275613654,22.256894831627076,0.9470767836768077,512.5326418269195
1986-01-16T12:45:00,demo_final_january_week,mcp,22.998068152330635,22.83627990864565,22.123119255548254,21.345426445942238,22.999642124645213,4.4,2.0,4.4,2.0,8.0,6.5,20.5,23.0,0.0977937138664458,22.35468854549352,0.5497982134423518,513.0824400403619
1986-01-16T13:00:00,demo_final_january_week,mcp,22.99922429965599,22.837517029947218,22.191508360829626,21.427811451366107,22.999672148384168,4.4,2.0,4.4,2.0,8.0,7.2,20.5,23.0,0.09963673052032491,22.454325276013844,0.37185074638787546,513.4542907867498
1986-01-16T13:23:00,demo_final_january_week,mcp,22.99967455797148,22.99478328800772,22.53822540499492,21.761715808491264,22.999689529376266,8.8,4.0,8.8,4.0,16.0,7.75,20.5,23.0,0.1104483858255146,22.564773661839357,0.04812804773933288,513.502418834489
1986-01-16T13:35:00,demo_final_january_week,mcp,23.142018519632703,22.001283261704643,22.000247420331753,21.906002671093248,22.843842967335252,8.8,4.0,8.8,4.0,16.0,8.3,20.5,22.0,0.14405010077478947,22.70882376261415,0.0,513.502418834489
1986-01-16T13:45:00,demo_final_january_week,mcp,23.192431644440266,21.999938346796313,21.999684921716085,21.96808511593532,22.82015955549132,8.8,4.0,8.8,4.0,16.0,8.850000000000001,20.5,22.0,0.1273710248605088,22.836194787474657,0.0,513.502418834489
1986-01-16T14:00:00,demo_final_january_week,mcp,23.218261073218446,21.999724194221425,21.99959443625736,21.99603206398301,22.81781178333651,8.8,4.0,8.8,4.0,16.0,9.4,20.5,22.0,0.13554410549081045,22.97173889296547,0.0,513.502418834489
1986-01-16T14:15:00,demo_final_january_week,mcp,23.180209327520817,21.99968760647854,21.999585576123845,21.99921435546561,22.883637945280597,11.0,5.0,11.0,5.0,20.0,9.55,20.5,22.0,0.13760105765230032,23.10933995061777,0.0,513.502418834489
1986-01-16T14:30:00,demo_final_january_week,mcp,23.047985043610172,21.99964905009677,21.99957101592676,21.99955077402051,22.940789229770594,11.0,5.0,11.0,5.0,20.0,9.7,20.5,22.0,0.13772772972362135,23.24706768034139,0.0,513.502418834489
1986-01-16T14:45:00,demo_final_january_week,mcp,22.91921091851571,21.999625600588892,21.999563456477798,21.99955989442269,22.96613663330745,11.0,5.0,11.0,5.0,20.0,9.85,20.5,22.0,0.13731795378638284,23.384385634127774,0.0,513.502418834489
1986-01-16T15:00:00,demo_final_january_week,mcp,22.81535183353147,21.99962496278225,21.999570789056165,21.999560683040137,22.972152967184766,11.0,5.0,11.0,5.0,20.0,10.0,20.5,22.0,0.13657037994143137,23.520956014069206,0.0,513.502418834489
1986-01-16T15:15:00,demo_final_january_week,mcp,22.675519772326076,21.999620268476573,21.99958496782236,21.999564581927874,22.91938929932317,11.0,5.0,11.0,5.0,20.0,10.0,20.5,22.0,0.1323661329261342,23.65332214699534,0.0,513.502418834489
1986-01-16T15:30:00,demo_final_january_week,mcp,22.550748208272875,21.999599830945826,21.999570946308012,21.99954903329411,22.886544573028186,11.0,5.0,11.0,5.0,20.0,10.0,20.5,22.0,0.13164558233817156,23.784967729333513,0.0,513.502418834489
1986-01-16T15:45:00,demo_final_january_week,mcp,22.434771972709957,21.999577301345646,21.999551544730075,21.999531449642905,22.88995798765408,11.0,5.0,11.0,5.0,20.0,10.0,20.5,22.0,0.13076752593360177,23.915735255267116,0.0,513.502418834489
1986-01-16T16:00:00,demo_final_january_week,mcp,22.31358781144105,21.999558318959892,21.999534124952692,21.999517998725157,22.90904808626196,11.0,5.0,11.0,5.0,20.0,10.0,20.5,22.0,0.12973379205295746,24.045469047320072,0.0,513.502418834489
1986-01-16T16:15:00,demo_final_january_week,mcp,22.053044920802815,21.999581342147398,21.99958904384326,21.99954410549881,22.772864690104665,11.0,5.0,11.0,5.0,20.0,9.575,20.5,22.0,0.1202308142841647,24.165699861604235,0.0,513.502418834489
1986-01-16T16:30:00,demo_final_january_week,mcp,22.005254764838515,21.948443315723537,21.999561168605805,21.942808538739374,22.635918609394135,11.0,5.0,11.0,5.0,20.0,9.15,20.5,22.0,0.11114122635532395,24.27684108795956,0.0,513.502418834489
1986-01-16T16:45:00,demo_final_january_week,mcp,22.000177080293348,21.85098033822775,21.999559783930742,21.81793579714827,22.554624035023718,11.0,5.0,11.0,5.0,20.0,8.725000000000001,20.5,22.0,0.10828711118114447,24.385128199140706,0.0,513.502418834489
1986-01-16T17:00:00,demo_final_january_week,mcp,21.999592835699353,21.750797696582367,21.99955120791103,21.693632138725015,22.506167871227678,11.0,5.0,11.0,5.0,20.0,8.3,20.5,22.0,0.10554178221299403,24.4906699813537,0.0,513.502418834489
1986-01-16T17:15:00,demo_final_january_week,mcp,21.999551188241544,21.66482778244069,21.99954930159549,21.59358646467994,22.45513119297352,11.0,5.0,11.0,5.0,20.0,8.3,20.5,22.0,0.10367051954857885,24.59434050090228,0.024150598689305056,513.5265694331783
1986-01-16T17:30:00,demo_final_january_week,mcp,21.999560930046627,21.589439581462557,21.988843694397666,21.50909249972583,22.395993446173915,11.0,5.0,11.0,5.0,20.0,8.3,20.5,22.0,0.1023345774632336,24.696675078365516,0.05905896375122795,513.5856283969296
1986-01-16T17:45:00,demo_final_january_week,mcp,21.99957603651511,21.51942893608616,21.95516435465207,21.431322779879196,22.33524108712078,11.0,5.0,11.0,5.0,20.0,8.3,20.5,22.0,0.10146518879722406,24.79814026716274,0.08693459589389854,513.6725629928235
1986-01-16T18:00:00,demo_final_january_week,mcp,21.999592119157246,21.45408643670713,21.908925308402083,21.359159436241146,22.277649124063217,11.0,5.0,11.0,5.0,20.0,8.3,20.5,22.0,0.10074354852577773,24.898883815688517,0.11480996178187776,513.7873729546054
1986-01-16T18:23:00,demo_final_january_week,mcp,21.394920142607358,20.86726861852446,21.28806938785616,20.771071710380728,22.000290092305935,5.5,2.5,5.5,2.5,10.0,8.3,20.5,22.0,0.095233416144011,24.99411723183253,0.4422322349271327,514.2296051895325
1986-01-16T18:38:00,demo_final_january_week,mcp,21.06451623996876,20.596993898814123,20.971022904062025,20.54336844733563,21.99973216887115,5.5,2.5,5.5,2.5,10.0,8.3,20.5,22.0,0.09378153998344849,25.08789877181598,0.46721489950504413,514.6968200890376
1986-01-16T18:45:00,demo_final_january_week,mcp,20.8990956171562,20.507867657927203,20.81972134833159,20.50595611459203,21.999582301164015,5.5,2.5,5.5,2.5,10.0,8.3,20.5,22.0,0.09340541504879642,25.181304186864775,0.07485950574549793,514.7716795947831
1986-01-16T19:00:00,demo_final_january_week,mcp,20.78951527974168,20.501682056093156,20.728923324059505,20.501235102960333,21.999617239717562,5.5,2.5,5.5,2.5,10.0,8.3,20.5,22.0,0.09280274402926811,25.274106930894042,0.1462554359295039,514.9179350307126
1986-01-16T19:23:00,demo_final_january_week,mcp,20.501646008718364,20.50004286775473,20.50118900994898,20.49987499508003,21.53474064914253,0.0,0.0,0.0,0.0,0.0,8.450000000000001,20.5,22.0,0.09183615471624539,25.365943085610287,1.2585700045938213,516.1765050353064
1986-01-16T19:38:00,demo_final_january_week,mcp,20.501415134010006,20.501165776574197,20.500318953925987,20.50018465507638,21.1701254638419,0.0,0.0,0.0,0.0,0.0,8.600000000000001,20.5,22.0,0.09183615471624539,25.45777924032653,1.1846872986213304,517.3611923339278
1986-01-16T19:53:00,demo_final_january_week,mcp,20.00877728207114,20.005088517755443,20.007949377471434,20.003571594720075,20.96275783978291,0.0,0.0,0.0,0.0,0.0,8.75,20.0,22.0,0.09183615471624539,25.549615395042775,0.06764982129453637,517.4288421552222
1986-01-16T20:00:00,demo_final_january_week,mcp,20.001115832558412,20.001647414782486,20.001209518996376,19.998708498900957,20.837889624500278,0.0,0.0,0.0,0.0,0.0,8.9,20.0,22.0,0.09183615471624539,25.64145154975902,0.7477343716758432,518.1765765268981
1986-01-16T20:15:00,demo_final_january_week,mcp,20.000884363739633,20.043557100166826,19.999527604454883,20.060437828802222,20.712017233360754,0.0,0.0,0.0,0.0,0.0,8.75,20.0,22.0,0.09183615471624539,25.733287704475263,0.09069835054998238,518.267274877448
1986-01-16T20:30:00,demo_final_january_week,mcp,19.999187822422357,20.00424480650277,19.999913046006753,20.009330186634685,20.593496370694023,0.0,0.0,0.0,0.0,0.0,8.600000000000001,20.0,22.0,0.09183615471624539,25.825123859191507,0.16046450623910802,518.4277393836871
1986-01-16T20:45:00,demo_final_january_week,mcp,19.999218868717822,19.999805630202196,20.00039868572659,20.000062126901202,20.477632588902388,0.0,0.0,0.0,0.0,0.0,8.450000000000001,20.0,22.0,0.09183615471624539,25.91696001390775,0.2865494804408648,518.714288864128
1986-01-16T21:00:00,demo_final_january_week,mcp,19.788593266090523,19.858900588510025,19.77932610291177,19.87181813795502,20.387882319864293,0.0,0.0,0.0,0.0,0.0,8.3,19.5,22.0,0.09183615471624539,26.008796168623995,0.0,518.714288864128
1986-01-16T21:15:00,demo_final_january_week,mcp,19.56109043923856,19.71469437443516,19.545516122386765,19.735986191430055,20.29456632040146,0.0,0.0,0.0,0.0,0.0,8.3,19.5,22.0,0.09183615471624539,26.10063232334024,0.0,518.714288864128
1986-01-16T21:30:00,demo_final_january_week,mcp,19.50354886603731,19.608997833303686,19.50291350628148,19.631612686331255,20.205183417882047,0.0,0.0,0.0,0.0,0.0,8.3,19.5,22.0,0.09183615471624539,26.192468478056483,0.08859305732181988,518.8028819214499
1986-01-16T21:45:00,demo_final_january_week,mcp,19.500019598709876,19.523678036242877,19.499458229432708,19.54558833543741,20.12657332029396,0.0,0.0,0.0,0.0,0.0,8.3,19.5,22.0,0.09183615471624539,26.284304632772727,0.11615113052237587,518.9190330519722
1986-01-16T22:00:00,demo_final_january_week,mcp,19.36225311402627,19.44658660943489,19.35825721317512,19.468106092438646,20.0589615963318,0.0,0.0,0.0,0.0,0.0,8.3,19.0,23.5,0.09183615471624539,26.37614078748897,0.0,518.9190330519722
1986-01-16T22:15:00,demo_final_january_week,mcp,19.212625900575436,19.371012983866212,19.20769925089875,19.392355746754102,19.996284327215758,0.0,0.0,0.0,0.0,0.0,8.175,19.0,23.5,0.09183615471624539,26.467976942205215,0.0,518.9190330519722
1986-01-16T22:30:00,demo_final_january_week,mcp,19.112030899321898,19.297295033969615,19.108165517250796,19.323326519133126,19.93656307038218,0.0,0.0,0.0,0.0,0.0,8.05,19.0,23.5,0.09183615471624539,26.55981309692146,0.0,518.9190330519722
1986-01-16T22:45:00,demo_final_january_week,mcp,19.0391596288057,19.226776207974094,19.036819956715703,19.25088469810784,19.87992742730031,0.0,0.0,0.0,0.0,0.0,7.925,19.0,23.5,0.09183615471624539,26.651649251637703,0.0,518.9190330519722
1986-01-16T23:00:00,demo_final_january_week,mcp,19.00175437807544,19.164352446208472,19.001349674771227,19.18505429417018,19.82669123716111,0.0,0.0,0.0,0.0,0.0,7.8,19.0,23.5,0.09183615471624539,26.743485406353948,0.0266726127957807,518.945705664768
1986-01-16T23:15:00,demo_final_january_week,mcp,18.999360704986792,19.09703860640398,19.000805529937136,19.11659996425935,19.77438030313486,0.0,0.0,0.0,0.0,0.0,7.6499999999999995,19.0,23.5,0.09183615471624539,26.83532156107019,0.0700062020958,519.0157118668637
1986-01-16T23:30:00,demo_final_january_week,mcp,19.00073947121287,19.03470024583106,19.00007714818027,19.05310849064986,19.723473874601645,0.0,0.0,0.0,0.0,0.0,7.5,19.0,23.5,0.09183615471624539,26.927157715786436,0.10830012157793112,519.1240119884417
1986-01-16T23:45:00,demo_final_january_week,mcp,18.999523349951517,19.003118678387764,19.00051187185542,19.00488530753601,19.67520367068359,0.0,0.0,0.0,0.0,0.0,7.3500000000000005,19.0,23.5,0.09183615471624539,27.01899387050268,0.160798474327018,519.2848104627687
1986-01-17T00:00:00,demo_final_january_week,mcp,19.000688267482406,18.999314809828515,19.000479787404185,18.99956208089625,19.630005779513084,0.0,0.0,0.0,0.0,0.0,7.2,19.0,23.5,0.09183615471624539,27.110830025218924,0.22007074185351827,519.5048812046223
1986-01-17T00:15:00,demo_final_january_week,mcp,19.000602635555826,18.999503193204205,18.999376123651338,19.00113907461191,19.597242474198875,0.0,0.0,0.0,0.0,0.0,7.075,19.0,23.5,0.09183615471624539,27.202666179935168,0.25179090203285404,519.7566721066552
1986-01-17T00:30:00,demo_final_january_week,mcp,18.999588251312055,19.00087756613921,18.999756930065097,18.99878745632433,19.574301616565002,0.0,0.0,0.0,0.0,0.0,6.95,19.0,23.5,0.09183615471624539,27.294502334651412,0.2804753582399434,520.0371474648952
1986-01-17T00:45:00,demo_final_january_week,mcp,19.000128331221422,19.000250106692377,19.000011332124224,19.000715914336404,19.55486312940389,0.0,0.0,0.0,0.0,0.0,6.825,19.0,23.5,0.09183615471624539,27.386338489367656,0.30595726599661693,520.3431047308918
1986-01-17T01:00:00,demo_final_january_week,mcp,19.000083256389914,19.000449952118878,18.99957604208486,18.999486300217438,19.537495995088673,0.0,0.0,0.0,0.0,0.0,6.7,19.0,23.5,0.09183615471624539,27.4781746440839,0.3249365123479521,520.6680412432397
1986-01-17T01:15:00,demo_final_january_week,mcp,19.000539040638902,18.999390289914288,19.000026582234877,18.99920917065569,19.518422240399477,0.0,0.0,0.0,0.0,0.0,6.550000000000001,19.0,23.5,0.09183615471624539,27.570010798800144,0.3508033463336853,521.0188445895734
1986-01-17T01:30:00,demo_final_january_week,mcp,19.000824225394076,19.00148599488237,19.000496825332423,18.99864020123929,19.49872737400076,0.0,0.0,0.0,0.0,0.0,6.4,19.0,23.5,0.09183615471624539,27.66184695351639,0.3740660311651002,521.3929106207385
1986-01-17T01:45:00,demo_final_january_week,mcp,18.999927728188695,19.001342905544657,18.999758303238515,18.99905410747987,19.479967049588495,0.0,0.0,0.0,0.0,0.0,6.249999999999999,19.0,23.5,0.09183615471624539,27.753683108232632,0.39362533613055944,521.786535956869
1986-01-17T02:00:00,demo_final_january_week,mcp,18.757871551104184,18.813516936062285,18.76323366701452,18.81489036454087,19.46284661033487,0.0,0.0,0.0,0.0,0.0,6.1,18.5,23.0,0.09183615471624539,27.845519262948876,0.0,521.786535956869
1986-01-17T02:15:00,demo_final_january_week,mcp,18.563125853053734,18.677144627251923,18.57031978190244,18.681065843682997,19.44074398184774,0.0,0.0,0.0,0.0,0.0,5.975,18.5,23.0,0.09183615471624539,27.93735541766512,0.0,521.786535956869
1986-01-17T02:30:00,demo_final_january_week,mcp,18.502672691920203,18.602920984891565,18.502075875386033,18.608114607363383,19.41258225216065,0.0,0.0,0.0,0.0,0.0,5.85,18.5,23.0,0.09183615471624539,28.029191572381364,0.02657076005210392,521.8131067169211
1986-01-17T02:45:00,demo_final_january_week,mcp,18.499937013405148,18.54336461517448,18.500252609240473,18.548606118093108,19.380237490743554,0.0,0.0,0.0,0.0,0.0,5.725,18.5,23.0,0.09183615471624539,28.12102772709761,0.06273058813560768,521.8758373050567
1986-01-17T03:00:00,demo_final_january_week,mcp,18.499857609369677,18.503178569357896,18.49981115467095,18.50430156993249,19.346206071538205,0.0,0.0,0.0,0.0,0.0,5.6,18.5,23.0,0.09183615471624539,28.212863881813853,0.11270803423449628,521.9885453392912
1986-01-17T03:15:00,demo_final_january_week,mcp,18.499928127979874,18.500322371631114,18.49949215598761,18.499167016693374,19.321757810004215,0.0,0.0,0.0,0.0,0.0,5.299999999999999,18.5,23.0,0.09183615471624539,28.304700036530097,0.16168015141189765,522.1502254907032
1986-01-17T03:30:00,demo_final_january_week,mcp,18.499484014009326,18.50141808500337,18.4994300419545,18.49934637109122,19.305427975045873,0.0,0.0,0.0,0.0,0.0,5.0,18.5,23.0,0.09183615471624539,28.39653619124634,0.19277937764830733,522.3430048683515
1986-01-17T03:45:00,demo_final_january_week,mcp,18.49986631572654,18.500640295759375,18.499746214557334,18.501313225355943,19.293463431197903,0.0,0.0,0.0,0.0,0.0,4.7,18.5,23.0,0.09183615471624539,28.488372345962585,0.2239208562589152,522.5669257246104
1986-01-17T04:00:00,demo_final_january_week,mcp,18.341642604153755,18.392220399700946,18.340003307792283,18.39431600467498,19.284277658359265,0.0,0.0,0.0,0.0,0.0,4.4,18.0,22.0,0.09183615471624539,28.58020850067883,0.0,522.5669257246104
1986-01-17T04:15:00,demo_final_january_week,mcp,18.21486749486153,18.303022651235697,18.211611971627292,18.305628670964047,19.267102754185856,0.0,0.0,0.0,0.0,0.0,4.125,18.0,22.0,0.09183615471624539,28.672044655395073,0.0,522.5669257246104
1986-01-17T04:30:00,demo_final_january_week,mcp,18.137747819038882,18.244114043892573,18.13380648795579,18.246881751745534,19.242496593577417,0.0,0.0,0.0,0.0,0.0,3.85,18.0,22.0,0.09183615471624539,28.763880810111317,0.0,522.5669257246104
1986-01-17T04:45:00,demo_final_january_week,mcp,18.079765608066477,18.192125312226786,18.075783607751205,18.194867439054647,19.213991183866092,0.0,0.0,0.0,0.0,0.0,3.5749999999999997,18.0,22.0,0.09183615471624539,28.85571696482756,0.0,522.5669257246104
1986-01-17T05:00:00,demo_final_january_week,mcp,18.02301211507747,18.13886781551385,18.019161734085273,18.14151499900948,19.183732917741683,0.0,0.0,0.0,0.0,0.0,3.3,18.0,22.0,0.09183615471624539,28.947553119543805,0.0,522.5669257246104
1986-01-17T05:15:00,demo_final_january_week,mcp,18.001343227484583,18.09271121182511,18.001244397107435,18.095199373589207,19.15957931344796,0.0,0.0,0.0,0.0,0.0,3.175,18.0,22.0,0.09183615471624539,29.03938927426005,0.029737894865329385,522.5966636194757
1986-01-17T05:30:00,demo_final_january_week,mcp,18.000346894178183,18.051809635158847,18.000237930290194,18.054047284508492,19.140182790314224,0.0,0.0,0.0,0.0,0.0,3.05,18.0,22.0,0.09183615471624539,29.131225428976293,0.05169689148754691,522.6483605109632
1986-01-17T05:45:00,demo_final_january_week,mcp,17.999827953855142,18.013831466228538,17.999757399016268,18.01574980009827,19.122955433631525,0.0,0.0,0.0,0.0,0.0,2.925,18.0,22.0,0.09183615471624539,29.223061583692537,0.0698267614136155,522.7181872723769
1986-01-17T06:00:00,demo_final_january_week,mcp,18.000690230429466,17.999869789890138,17.999648988408385,18.00145316470204,19.107072387171645,0.0,0.0,0.0,0.0,0.0,2.8,18.0,22.0,0.09183615471624539,29.31489773840878,0.10110313629128016,522.8192904086682
1986-01-17T06:15:00,demo_final_january_week,mcp,18.000514316377938,18.0014367510285,18.000654646917553,18.001342581137724,19.03010111984464,0.0,0.0,0.0,0.0,0.0,2.8,18.0,22.0,0.09183615471624539,29.406733893125026,0.5868554554867926,523.406145864155
1986-01-17T06:30:00,demo_final_january_week,mcp,18.000832795967177,18.00173973782172,18.000513102400348,18.00079216126958,18.938674835319624,0.0,0.0,0.0,0.0,0.0,2.8,18.0,22.0,0.09183615471624539,29.49857004784127,3.2971429196588566,526.7032887838138
1986-01-17T06:45:00,demo_final_january_week,mcp,18.000102799582656,18.000547119560835,18.000995329943954,18.000348900156514,18.916237072871375,0.0,0.0,0.0,0.0,0.0,2.8,18.0,22.0,0.09183615471624539,29.590406202557514,2.028293133389613,528.7315819172035
1986-01-17T07:00:00,demo_final_january_week,mcp,18.0007593188301,18.001557862474804,18.001127497878482,18.00046691484165,18.908230025879377,0.0,0.0,0.0,0.0,0.0,2.8,18.0,22.0,0.09183615471624539,29.682242357273758,1.607023872816334,530.3386057900198
1986-01-17T07:15:00,demo_final_january_week,mcp,18.000203027104973,18.00035964798675,18.00008219075098,18.000057310755444,18.89791789590288,0.0,0.0,0.0,0.0,0.0,2.8,18.0,22.0,0.09183615471624539,29.77407851199,1.547178555403014,531.8857843454227
1986-01-17T07:30:00,demo_final_january_week,mcp,18.00007101654706,18.032183635046643,17.999970539075317,18.001095189927238,18.88770124709095,0.0,0.0,0.0,0.0,0.0,2.8,18.0,22.0,0.09183615471624539,29.865914666706246,1.473482225108758,533.3592665705315
1986-01-17T07:45:00,demo_final_january_week,mcp,18.00077944643201,18.27701479257933,18.000892143237866,17.99895576466844,18.881749472387607,0.0,0.0,0.0,0.0,0.0,2.8,18.0,22.0,0.09183615471624539,29.95775082142249,1.4324193483525982,534.7916859188841
1986-01-17T08:08:00,demo_final_january_week,mcp,18.00031652805853,18.827362838934853,18.00045533998346,17.999766111791107,18.88148438867752,0.0,0.0,0.0,0.0,0.0,2.8,18.0,22.0,0.09183615471624539,30.049586976138734,1.398038549354309,536.1897244682384
1986-01-17T08:18:00,demo_final_january_week,mcp,18.860113038593724,20.432224767028977,18.87069861622153,18.701661723965607,20.096754557409383,11.0,5.0,11.0,5.0,20.0,2.925,18.0,22.0,0.09183615471624539,30.141423130854978,1.2148719083689885,537.4045963766074
1986-01-17T08:34:00,demo_final_january_week,mcp,19.2450364943736,21.260886703177412,19.24115102073438,19.002906373530486,20.701715243590872,11.0,5.0,11.0,5.0,20.0,3.05,18.0,22.0,0.09183615471624539,30.233259285571222,1.137533920226555,538.542130296834
1986-01-17T08:50:00,demo_final_january_week,mcp,19.55151336299256,21.941584962845067,19.515361685184693,19.233860609297007,21.067247892010936,11.0,5.0,11.0,5.0,20.0,3.175,18.0,22.0,0.09183615471624539,30.325095440287466,1.1119191194290006,539.654049416263
1986-01-17T09:05:00,demo_final_january_week,mcp,20.00186965350391,21.99951104440321,20.001583418960454,20.00120471690603,21.340130792953826,11.0,5.0,11.0,5.0,20.0,3.3,20.0,22.0,0.09391511485195693,30.419010555139423,1.2736347235593966,540.9276841398224
1986-01-17T09:23:00,demo_final_january_week,mcp,20.6133577917343,21.999300105040763,20.473083997058428,20.109705651922543,21.992401537559424,11.0,5.0,11.0,5.0,20.0,3.9999999999999996,20.0,22.0,0.09792001846002008,30.516930573599442,0.8740470318123615,541.8017311716347
1986-01-17T09:38:00,demo_final_january_week,mcp,21.090337455747594,22.14583304768143,20.81084006437511,20.297497813762877,21.999202852589523,11.0,5.0,11.0,5.0,20.0,4.699999999999999,20.0,22.0,0.10879445069375185,30.625725024293192,0.5023566893997169,542.3040878610344
1986-01-17T09:53:00,demo_final_january_week,mcp,21.53938849087271,22.391927839328986,21.12962242114784,20.548605977651246,21.99961933193327,11.0,5.0,11.0,5.0,20.0,5.3999999999999995,20.0,22.0,0.11119642118510667,30.7369214454783,0.4666714725931886,542.7707593336276
1986-01-17T10:04:00,demo_final_january_week,mcp,21.99922150750252,23.499449767838836,21.44291256874213,20.794429435143975,22.723810117610583,11.0,5.0,11.0,5.0,20.0,6.1,20.5,23.5,0.09431106941911864,30.831232514897415,0.8455636447629208,543.6163229783905
1986-01-17T10:23:00,demo_final_january_week,mcp,22.41102743835855,23.49731325025724,21.70454095700764,21.005380006407094,23.053484720044462,11.0,5.0,11.0,5.0,20.0,6.6499999999999995,20.5,23.5,0.09613986831077607,30.92737238320819,0.6067321539662661,544.2230551323568
1986-01-17T10:38:00,demo_final_january_week,mcp,22.834187843935478,23.49924947690743,21.968336978709004,21.22442585712851,23.338956783484324,11.0,5.0,11.0,5.0,20.0,7.2,20.5,23.5,0.09658700387008785,31.02395938707828,0.49974551955314356,544.7228006519099
1986-01-17T10:53:00,demo_final_january_week,mcp,23.259412319379457,23.499472442949543,22.208937768589692,21.423532104321577,23.498629406061266,11.0,5.0,11.0,5.0,20.0,7.75,20.5,23.5,0.09784431048002643,31.121803697558306,0.38129202256946476,545.1040926744794
1986-01-17T11:08:00,demo_final_january_week,mcp,23.000755150240497,23.186560487303492,22.451648133177017,21.62707708595765,23.016030125397528,11.0,5.0,11.0,5.0,20.0,8.3,20.5,23.0,0.126929751388721,31.24873344894703,0.0,545.1040926744794
1986-01-17T11:15:00,demo_final_january_week,mcp,22.999417370985604,23.089473392473145,22.525904401183414,21.665451819433386,23.000473721900775,8.8,4.0,8.8,4.0,16.0,8.725000000000001,20.5,23.0,0.11311452618154597,31.361847975128576,0.0,545.1040926744794
1986-01-17T11:30:00,demo_final_january_week,mcp,22.999216868834555,23.029868665508044,22.614106017788355,21.73572703907821,22.999429345288394,8.8,4.0,8.8,4.0,16.0,9.15,20.5,23.0,0.1207447090766437,31.48259268420522,0.0,545.1040926744794
1986-01-17T11:45:00,demo_final_january_week,mcp,22.999230724316426,23.00658291722631,22.713205493386273,21.832026751288776,22.999359677410865,8.8,4.0,8.8,4.0,16.0,9.575,20.5,23.0,0.1248266170567138,31.60741930126193,0.0,545.1040926744794
1986-01-17T12:00:00,demo_final_january_week,mcp,22.999247300893828,23.001122213699425,22.823514870098517,21.94074148189276,22.99937248249008,8.8,4.0,8.8,4.0,16.0,10.0,20.5,23.0,0.12659092949839537,31.734010230760326,0.0,545.1040926744794
1986-01-17T12:15:00,demo_final_january_week,mcp,22.99923329631354,22.999764833720363,22.724224285171154,21.848781136706783,22.99953656112748,4.4,2.0,4.4,2.0,8.0,10.425,20.5,23.0,0.11263388501340342,31.846644115773728,0.0,545.1040926744794
1986-01-17T12:30:00,demo_final_january_week,mcp,22.999334295068426,22.999637267690982,22.646828184491998,21.79242561686523,22.999572979732555,4.4,2.0,4.4,2.0,8.0,10.85,20.5,23.0,0.11231033179459651,31.958954447568324,0.0,545.1040926744794
1986-01-17T12:45:00,demo_final_january_week,mcp,23.006356950998157,22.999702883177445,22.651372563490984,21.814947024067433,22.999598281588625,4.4,2.0,4.4,2.0,8.0,11.274999999999999,20.5,23.0,0.11186077300219342,32.070815220570516,0.0,545.1040926744794
1986-01-17T13:00:00,demo_final_january_week,mcp,23.064974020773985,22.9997244578405,22.684038882640326,21.85664717537365,22.99960860211019,4.4,2.0,4.4,2.0,8.0,11.7,20.5,23.0,0.11044958845366874,32.181264809024185,0.0,545.1040926744794
1986-01-17T13:15:00,demo_final_january_week,mcp,23.283141609980504,22.999742420127,22.921660887825325,22.087022559038545,22.999483005214614,8.8,4.0,8.8,4.0,16.0,11.549999999999999,20.5,23.0,0.11880439002262595,32.30006919904681,0.0,545.1040926744794
1986-01-17T13:30:00,demo_final_january_week,mcp,23.445679796447582,22.999584230382187,22.99371372409696,22.272082289007532,22.999305702852478,8.8,4.0,8.8,4.0,16.0,11.399999999999999,20.5,23.0,0.12194418141835373,32.42201338046517,0.0,545.1040926744794
1986-01-17T13:45:00,demo_final_january_week,mcp,23.48506401412118,22.99948466575346,22.99901186514219,22.35966160169927,22.999237285041865,8.8,4.0,8.8,4.0,16.0,11.25,20.5,23.0,0.12166066674354967,32.54367404720872,0.0,545.1040926744794
1986-01-17T14:00:00,demo_final_january_week,mcp,23.37625468727551,22.999455855270504,22.999370528994255,22.397733034278943,23.013439697558074,8.8,4.0,8.8,4.0,16.0,11.1,20.5,23.0,0.12117790579799886,32.66485195300672,0.0,545.1040926744794
1986-01-17T14:15:00,demo_final_january_week,mcp,23.18780934676649,22.99945652628909,22.999351370223028,22.468951960714204,23.082053612809105,11.0,5.0,11.0,5.0,20.0,10.975,20.5,23.0,0.12187845025471021,32.78673040326143,0.0,545.1040926744794
1986-01-17T14:30:00,demo_final_january_week,mcp,23.02923627712682,22.999406964393717,22.99931833805113,22.517014193493505,23.143465402094655,11.0,5.0,11.0,5.0,20.0,10.85,20.5,23.0,0.11812463237508078,32.90485503563651,0.0,545.1040926744794
1986-01-17T14:45:00,demo_final_january_week,mcp,23.003593368321166,22.99934912556715,22.999278979808143,22.536652459524205,23.173075486075405,11.0,5.0,11.0,5.0,20.0,10.725,20.5,23.0,0.11457736592348755,33.019432401559996,0.0,545.1040926744794
1986-01-17T15:00:00,demo_final_january_week,mcp,22.999880194639005,22.999328045132074,22.999261756249865,22.54303040745007,23.181447016305324,11.0,5.0,11.0,5.0,20.0,10.6,20.5,23.0,0.11276201781094682,33.13219441937094,0.0,545.1040926744794
1986-01-17T15:15:00,demo_final_january_week,mcp,22.999396780263574,22.952308413173505,22.999332104723678,22.48807605828266,23.111437977713802,11.0,5.0,11.0,5.0,20.0,10.45,20.5,23.0,0.10848375880499758,33.24067817817594,0.0,545.1040926744794
1986-01-17T15:30:00,demo_final_january_week,mcp,22.99934621423388,22.867818994537956,22.999346255279217,22.439377662967292,23.04371354349153,11.0,5.0,11.0,5.0,20.0,10.3,20.5,23.0,0.10704797648870196,33.34772615466464,0.0,545.1040926744794
1986-01-17T15:45:00,demo_final_january_week,mcp,22.999342893177843,22.770644664099237,22.99935835456785,22.403698976535622,23.007554492202885,11.0,5.0,11.0,5.0,20.0,10.15,20.5,23.0,0.10561142068078246,33.45333757534542,0.0,545.1040926744794
1986-01-17T16:00:00,demo_final_january_week,mcp,22.99933901171481,22.67162707504398,22.99937251897426,22.366527215526624,23.000031682562973,11.0,5.0,11.0,5.0,20.0,10.0,20.5,23.0,0.104038253127426,33.55737582847285,0.0,545.1040926744794
1986-01-17T16:15:00,demo_final_january_week,mcp,22.99940598298215,22.469511760961826,22.84660055700252,22.218262530163056,22.999190172553373,11.0,5.0,11.0,5.0,20.0,9.575,20.5,23.0,0.09917222833944979,33.6565480568123,0.011338887138342595,545.1154315616177
1986-01-17T16:30:00,demo_final_january_week,mcp,22.999456786262307,22.287307331534887,22.682836815025702,22.071793948490924,22.9990846381225,11.0,5.0,11.0,5.0,20.0,9.15,20.5,23.0,0.09800044635809788,33.7545485031704,0.07181901361335057,545.187250575231
1986-01-17T16:45:00,demo_final_january_week,mcp,22.885034691932955,22.143505010297847,22.553359314815022,21.930256381874273,22.999073461335612,11.0,5.0,11.0,5.0,20.0,8.725000000000001,20.5,23.0,0.09772978868611573,33.852278291856514,0.1183371828533319,545.3055877580844
1986-01-17T17:00:00,demo_final_january_week,mcp,22.728525674884313,22.028333147013537,22.456180342554813,21.81520639218913,22.99906983024411,11.0,5.0,11.0,5.0,20.0,8.3,20.5,23.0,0.09759784956121227,33.949876141417725,0.1693883160795443,545.4749760741639
1986-01-17T17:15:00,demo_final_january_week,mcp,22.591488305059638,21.930776420228423,22.377860085661382,21.725129480927524,22.9990442681989,11.0,5.0,11.0,5.0,20.0,8.025,20.5,23.0,0.09743484809106172,34.04731098950879,0.21363482912190868,545.6886109032858
1986-01-17T17:30:00,demo_final_january_week,mcp,22.479014123950645,21.844068071011424,22.30847921067088,21.648237260684805,22.99902015161872,11.0,5.0,11.0,5.0,20.0,7.75,20.5,23.0,0.09728153665921963,34.144592526168005,0.26059343368554816,545.9492043369714
1986-01-17T17:45:00,demo_final_january_week,mcp,22.37949520329422,21.76580618757182,22.24476813653226,21.578410362651184,22.999000555798172,11.0,5.0,11.0,5.0,20.0,7.4750000000000005,20.5,23.0,0.09714141840562651,34.24173394457363,0.3089866109473868,546.2581909479188
1986-01-17T18:00:00,demo_final_january_week,mcp,22.287300958632027,21.6950562127751,22.18618806055246,21.51453682311738,22.998984066255026,11.0,5.0,11.0,5.0,20.0,7.2,20.5,23.0,0.09701425690078719,34.33874820147442,0.35750649574870336,546.6156974436675
1986-01-17T18:23:00,demo_final_january_week,mcp,21.595383226888174,21.06816781069113,21.523634320159342,20.898166867993815,22.85804635356289,5.5,2.5,5.5,2.5,10.0,7.075,20.5,23.0,0.09183615471624539,34.430584356190664,0.8345399246052617,547.4502373682727
1986-01-17T18:38:00,demo_final_january_week,mcp,21.217553593545382,20.77032094731665,21.165592360789308,20.61195183169748,22.709928167494,5.5,2.5,5.5,2.5,10.0,6.95,20.5,23.0,0.09183615471624539,34.52242051090691,0.7709585164332359,548.2211958847059
1986-01-17T18:45:00,demo_final_january_week,mcp,21.015248958224912,20.629709422432896,20.978408601163313,20.51143705686237,22.608356918263144,5.5,2.5,5.5,2.5,10.0,6.825,20.5,23.0,0.09183615471624539,34.61425666562316,0.02720591353815712,548.2484017982441
1986-01-17T19:00:00,demo_final_january_week,mcp,20.863743339699866,20.52408665435697,20.844205927429023,20.502096605449577,22.507998659807033,5.5,2.5,5.5,2.5,10.0,6.7,20.5,23.0,0.09183615471624539,34.70609282033941,0.09500867796237275,548.3434104762065
1986-01-17T19:23:00,demo_final_january_week,mcp,20.502902962295256,20.5007455175428,20.502118519528523,20.500249745280506,21.94749378994802,0.0,0.0,0.0,0.0,0.0,6.7,20.5,23.0,0.09183615471624539,34.797928975055655,1.5157094330662015,549.8591199092726
1986-01-17T19:38:00,demo_final_january_week,mcp,20.500985426294385,20.500226127985897,20.501254577140838,20.50093922096662,21.506532994934673,0.0,0.0,0.0,0.0,0.0,6.7,20.5,23.0,0.09183615471624539,34.8897651297719,1.5023738428243136,551.361493752097
1986-01-17T19:53:00,demo_final_january_week,mcp,20.500705537477348,20.49982868543985,20.50126282019167,20.49974269132502,21.238378957864647,0.0,0.0,0.0,0.0,0.0,6.7,20.5,23.0,0.09183615471624539,34.98160128448815,1.4154016564351106,552.7768954085321
1986-01-17T20:00:00,demo_final_january_week,mcp,20.501199933883367,20.50011542115861,20.50219903420698,20.499999863308062,21.08574555794289,0.0,0.0,0.0,0.0,0.0,6.7,20.5,23.0,0.09183615471624539,35.0734374392044,1.4247837117873137,554.2016791203195
1986-01-17T20:23:00,demo_final_january_week,mcp,20.049259208500473,20.210766081870908,20.039509815696558,20.22038356450785,20.925460720553104,0.0,0.0,0.0,0.0,0.0,6.550000000000001,18.0,23.0,0.09183615471624539,35.165273593920645,0.0,554.2016791203195
1986-01-17T20:38:00,demo_final_january_week,mcp,19.812408823561828,20.026559396180165,19.793693615093083,20.038069224419356,20.784466022328537,0.0,0.0,0.0,0.0,0.0,6.4,18.0,23.0,0.09183615471624539,35.25710974863689,0.0,554.2016791203195
1986-01-17T20:45:00,demo_final_january_week,mcp,19.680465443828915,19.91771767353563,19.66058661223302,19.93168860888664,20.675333495196817,0.0,0.0,0.0,0.0,0.0,6.249999999999999,18.0,23.0,0.09183615471624539,35.34894590335314,0.0,554.2016791203195
1986-01-17T21:00:00,demo_final_january_week,mcp,19.56674445944581,19.810402030172575,19.548642289410683,19.826286814850626,20.5433244696133,0.0,0.0,0.0,0.0,0.0,6.1,18.0,23.0,0.09183615471624539,35.44078205806939,0.0,554.2016791203195
1986-01-17T21:15:00,demo_final_january_week,mcp,19.44661270910441,19.694238440517204,19.430308069746324,19.711771871747295,20.40677328304454,0.0,0.0,0.0,0.0,0.0,6.1,18.0,23.0,0.09183615471624539,35.532618212785636,0.0,554.2016791203195
1986-01-17T21:30:00,demo_final_january_week,mcp,19.32987546427508,19.57825805511679,19.31463004754918,19.596575578553168,20.301781972589378,0.0,0.0,0.0,0.0,0.0,6.1,18.0,23.0,0.09183615471624539,35.62445436750188,0.0,554.2016791203195
1986-01-17T21:45:00,demo_final_january_week,mcp,19.228795639871603,19.47431753226291,19.21440503491188,19.49289001145981,20.22079109774209,0.0,0.0,0.0,0.0,0.0,6.1,18.0,23.0,0.09183615471624539,35.71629052221813,0.0,554.2016791203195
1986-01-17T22:00:00,demo_final_january_week,mcp,19.142709779188102,19.38302668737584,19.12921554600603,19.407479383321064,20.15145992550478,0.0,0.0,0.0,0.0,0.0,6.1,18.0,23.0,0.09183615471624539,35.80812667693438,0.0,554.2016791203195
1986-01-17T22:15:00,demo_final_january_week,mcp,19.067501570239294,19.306771664804806,19.055876326279076,19.324368879680474,20.08425073882236,0.0,0.0,0.0,0.0,0.0,6.249999999999999,18.0,23.5,0.09183615471624539,35.899962831650626,0.0,554.2016791203195
1986-01-17T22:30:00,demo_final_january_week,mcp,19.001187781133613,19.23212680308266,18.992155213573575,19.251467462791364,20.02414279326519,0.0,0.0,0.0,0.0,0.0,6.4,18.0,23.5,0.09183615471624539,35.991798986366874,0.0,554.2016791203195
1986-01-17T22:45:00,demo_final_january_week,mcp,18.942808134297294,19.16671698734014,18.93664612507946,19.18369504507388,19.964320790085395,0.0,0.0,0.0,0.0,0.0,6.550000000000001,18.0,23.5,0.09183615471624539,36.08363514108312,0.0,554.2016791203195
1986-01-17T23:00:00,demo_final_january_week,mcp,18.891433046222488,19.10772537803685,18.888255285686654,19.12311582673333,19.909185508434668,0.0,0.0,0.0,0.0,0.0,6.7,18.0,23.5,0.09183615471624539,36.17547129579937,0.0,554.2016791203195
1986-01-17T23:15:00,demo_final_january_week,mcp,18.834747386440224,19.044660658520456,18.83384791765219,19.059535334989544,19.85455674248611,0.0,0.0,0.0,0.0,0.0,6.550000000000001,18.0,23.5,0.09183615471624539,36.26730745051562,0.0,554.2016791203195
1986-01-17T23:30:00,demo_final_january_week,mcp,18.77475785266312,18.979983487435113,18.775487714612012,18.994424529216765,19.80062004524286,0.0,0.0,0.0,0.0,0.0,6.4,18.0,23.5,0.09183615471624539,36.359143605231864,0.0,554.2016791203195
1986-01-17T23:45:00,demo_final_january_week,mcp,18.715873309016626,18.916931119311116,18.717917918245934,18.930785667302136,19.748645884986278,0.0,0.0,0.0,0.0,0.0,6.249999999999999,18.0,23.5,0.09183615471624539,36.45097975994811,0.0,554.2016791203195
1986-01-18T00:00:00,demo_final_january_week,mcp,18.65928932361695,18.85609219413073,18.662497660734342,18.8692998942357,19.699035557572234,0.0,0.0,0.0,0.0,0.0,6.1,18.0,23.5,0.09183615471624539,36.54281591466436,0.0,554.2016791203195
1986-01-18T00:15:00,demo_final_january_week,mcp,18.607980454668734,18.799506621091666,18.612060685415493,18.812083103810956,19.64903122027853,0.0,0.0,0.0,0.0,0.0,6.249999999999999,17.5,23.0,0.09183615471624539,36.63465206938061,0.0,554.2016791203195
1986-01-18T00:30:00,demo_final_january_week,mcp,18.561554684624006,18.74694183830067,18.566285849942386,18.75888666439743,19.599355039424434,0.0,0.0,0.0,0.0,0.0,6.4,17.5,23.0,0.09183615471624539,36.726488224096855,0.0,554.2016791203195
1986-01-18T00:45:00,demo_final_january_week,mcp,18.51872648871243,18.6976701341821,18.523981088256313,18.70896947296634,19.551230598526658,0.0,0.0,0.0,0.0,0.0,6.550000000000001,17.5,23.0,0.09183615471624539,36.8183243788131,0.0,554.2016791203195
1986-01-18T01:00:00,demo_final_january_week,mcp,18.4789200023715,18.65140740217281,18.484608112201887,18.66205073219003,19.50512712661695,0.0,0.0,0.0,0.0,0.0,6.7,17.5,23.0,0.09183615471624539,36.91016053352935,0.0,554.2016791203195
1986-01-18T01:15:00,demo_final_january_week,mcp,18.448134365685394,18.611440951385518,18.454112442601836,18.621386892518796,19.468088783322308,0.0,0.0,0.0,0.0,0.0,6.7,17.5,22.0,0.09183615471624539,37.0019966882456,0.0,554.2016791203195
1986-01-18T01:30:00,demo_final_january_week,mcp,18.420294540267868,18.576836601989623,18.42665992990394,18.58602780476535,19.438082315563495,0.0,0.0,0.0,0.0,0.0,6.7,17.5,22.0,0.09183615471624539,37.093832842961845,0.0,554.2016791203195
1986-01-18T01:45:00,demo_final_january_week,mcp,18.394654071677007,18.545060306899543,18.401280026432214,18.553516519979553,19.41200236547441,0.0,0.0,0.0,0.0,0.0,6.7,17.5,22.0,0.09183615471624539,37.18566899767809,0.0,554.2016791203195
1986-01-18T02:00:00,demo_final_january_week,mcp,18.371232038265276,18.5155190830962,18.378072185443667,18.52327126214815,19.388500843559548,0.0,0.0,0.0,0.0,0.0,6.7,17.5,22.0,0.09183615471624539,37.27750515239434,0.0,554.2016791203195
1986-01-18T02:15:00,demo_final_january_week,mcp,18.348183388041477,18.486744687522226,18.3552301488972,18.493822429659804,19.36527431238752,0.0,0.0,0.0,0.0,0.0,6.7,17.5,22.0,0.09183615471624539,37.36934130711059,0.0,554.2016791203195
1986-01-18T02:30:00,demo_final_january_week,mcp,18.32579417322529,18.45916203254767,18.333031166836363,18.465596235104943,19.34265036670385,0.0,0.0,0.0,0.0,0.0,6.7,17.5,22.0,0.09183615471624539,37.461177461826836,0.0,554.2016791203195
1986-01-18T02:45:00,demo_final_january_week,mcp,18.30458838804791,18.433170591746578,18.3119938711567,18.438989592753234,19.321280849317187,0.0,0.0,0.0,0.0,0.0,6.7,17.5,22.0,0.09183615471624539,37.55301361654308,0.0,554.2016791203195
1986-01-18T03:00:00,demo_final_january_week,mcp,18.284661387653742,18.40874894613713,18.292215285234576,18.413977982054842,19.301309854302033,0.0,0.0,0.0,0.0,0.0,6.7,17.5,22.0,0.09183615471624539,37.64484977125933,0.0,554.2016791203195
1986-01-18T03:15:00,demo_final_january_week,mcp,18.265922295369325,18.385761514395316,18.273606474712732,18.390424707271738,19.282627556131725,0.0,0.0,0.0,0.0,0.0,6.7,17.5,22.0,0.09183615471624539,37.73668592597558,0.0,554.2016791203195
1986-01-18T03:30:00,demo_final_january_week,mcp,18.248904611354195,18.36419387757961,18.256672546170105,18.36831494765783,19.26521614204482,0.0,0.0,0.0,0.0,0.0,6.7,17.5,22.0,0.09183615471624539,37.828522080691826,0.0,554.2016791203195
1986-01-18T03:45:00,demo_final_january_week,mcp,18.23294303723222,18.344211480229973,18.240784742481395,18.347838533288286,19.24907582961582,0.0,0.0,0.0,0.0,0.0,6.7,17.5,22.0,0.09183615471624539,37.920358235408074,0.0,554.2016791203195
1986-01-18T04:00:00,demo_final_january_week,mcp,18.217753750474,18.32549760977255,18.225667173411214,18.328659397730036,19.23401112965022,0.0,0.0,0.0,0.0,0.0,6.7,17.5,22.0,0.09183615471624539,38.01219439012432,0.0,554.2016791203195
1986-01-18T04:15:00,demo_final_january_week,mcp,18.199670309302626,18.304376961575997,18.20760550709991,18.307128298972636,19.213223439773117,0.0,0.0,0.0,0.0,0.0,6.825,17.5,22.0,0.09183615471624539,38.10403054484057,0.0,554.2016791203195
1986-01-18T04:30:00,demo_final_january_week,mcp,18.18044308735016,18.282555461553564,18.188342623064155,18.28495156681751,19.188530195875714,0.0,0.0,0.0,0.0,0.0,6.95,17.5,22.0,0.09183615471624539,38.19586669955682,0.0,554.2016791203195
1986-01-18T04:45:00,demo_final_january_week,mcp,18.16186025677926,18.26163801134078,18.16969017177634,18.263713315919606,19.163099293678588,0.0,0.0,0.0,0.0,0.0,7.075,17.5,22.0,0.09183615471624539,38.287702854273064,0.0,554.2016791203195
1986-01-18T05:00:00,demo_final_january_week,mcp,18.144197512114435,18.241782737593205,18.15194072429609,18.243560496587264,19.137955331459665,0.0,0.0,0.0,0.0,0.0,7.2,17.5,22.0,0.09183615471624539,38.37953900898931,0.0,554.2016791203195
1986-01-18T05:15:00,demo_final_january_week,mcp,18.132821420058868,18.22778394501399,18.14018489984083,18.229232428494765,19.122754027366728,0.0,0.0,0.0,0.0,0.0,7.2,17.5,22.0,0.09183615471624539,38.47137516370556,0.0,554.2016791203195
1986-01-18T05:30:00,demo_final_january_week,mcp,18.125432875976234,18.216944948461784,18.13176257176913,18.21803349996346,19.114899271102228,0.0,0.0,0.0,0.0,0.0,7.2,17.5,22.0,0.09183615471624539,38.56321131842181,0.0,554.2016791203195
1986-01-18T05:45:00,demo_final_january_week,mcp,18.119682392005565,18.207495408782428,18.124709066183048,18.208223559119762,19.110201614468966,0.0,0.0,0.0,0.0,0.0,7.2,17.5,22.0,0.09183615471624539,38.655047473138055,0.0,554.2016791203195
1986-01-18T06:00:00,demo_final_january_week,mcp,18.11497581970209,18.199160720153884,18.118623992921925,18.19954496058761,19.107045639880326,0.0,0.0,0.0,0.0,0.0,7.2,17.5,22.0,0.09183615471624539,38.7468836278543,0.0,554.2016791203195
1986-01-18T06:15:00,demo_final_january_week,mcp,18.026402847800764,18.039078089244214,18.033280204961198,18.024112255837217,19.05219178261465,0.0,0.0,0.0,0.0,0.0,7.2,17.5,22.0,0.09183615471624539,38.83871978257055,0.34490778901662206,554.546586909336
1986-01-18T06:30:00,demo_final_january_week,mcp,17.961418040711937,17.925099217956067,17.971481782546793,17.89904744758106,19.01235260510559,0.0,0.0,0.0,0.0,0.0,7.2,17.5,22.0,0.09183615471624539,38.9305559372868,0.43161483862325084,554.9782017479592
1986-01-18T06:45:00,demo_final_january_week,mcp,17.9402026306912,17.88785160469787,17.951735263484142,17.858436325669345,18.99634708101642,0.0,0.0,0.0,0.0,0.0,7.2,17.5,22.0,0.09183615471624539,39.022392092003045,0.5237224329683506,555.5019241809276
1986-01-18T07:00:00,demo_final_january_week,mcp,17.935237159361318,17.87596283238269,17.94789500712602,17.84555898447336,18.98987436457665,0.0,0.0,0.0,0.0,0.0,7.2,17.5,22.0,0.09183615471624539,39.11422824671929,0.6018536389201168,556.1037778198478
1986-01-18T07:18:00,demo_final_january_week,mcp,19.99963364878444,19.999909801669933,19.99989777557577,19.998864463872312,20.000397967828125,0.0,0.0,0.0,0.0,0.0,7.075,20.0,25.0,0.09183615471624539,39.20606440143554,5.08277955497488,561.1865573748227
1986-01-18T07:38:00,demo_final_january_week,mcp,20.00025961647994,20.000138487382472,19.9991241984413,19.997860826420176,20.000097182077145,0.0,0.0,0.0,0.0,0.0,6.95,20.0,25.0,0.09183615471624539,39.29790055615179,2.597322521006406,563.783879895829
1986-01-18T07:45:00,demo_final_january_week,mcp,19.99862787269886,19.998011125509965,20.001551747476313,19.99915111200155,19.9998750362628,0.0,0.0,0.0,0.0,0.0,6.825,20.0,25.0,0.09183615471624539,39.389736710868036,2.8110189040435896,566.5948987998727
1986-01-18T08:00:00,demo_final_january_week,mcp,20.000039708817972,19.999577697980538,19.998884008252826,20.00016767568796,20.00015115158892,0.0,0.0,0.0,0.0,0.0,6.7,20.0,25.0,0.09183615471624539,39.48157286558428,2.669375858126244,569.264274657999
1986-01-18T08:23:00,demo_final_january_week,mcp,19.78739768660725,19.666894662603617,19.858957394790053,19.601602138322246,20.68488267382373,11.0,5.0,11.0,5.0,20.0,6.7,19.0,24.0,0.09183615471624539,39.57340902030053,0.28657957784785787,569.5508542358468
1986-01-18T08:38:00,demo_final_january_week,mcp,19.859602773820257,19.736253629248232,19.971322178438758,19.648283035013574,21.15361723055677,11.0,5.0,11.0,5.0,20.0,6.7,19.0,24.0,0.09183615471624539,39.66524517501678,1.2245414473720806,570.7753956832189
1986-01-18T08:53:00,demo_final_january_week,mcp,20.028017861320738,19.992239544356572,20.16681866333421,19.794018138513543,21.410510124650898,11.0,5.0,11.0,5.0,20.0,6.7,19.0,24.0,0.09183615471624539,39.757081329733026,0.9254671800358603,571.7008628632548
1986-01-18T09:00:00,demo_final_january_week,mcp,20.17659985025036,20.238657897444483,20.332446684187286,19.914783127827523,21.563802148040715,11.0,5.0,11.0,5.0,20.0,6.7,19.0,24.0,0.09183615471624539,39.848917484449274,0.8358248439556173,572.5366877072104
1986-01-18T09:20:00,demo_final_january_week,mcp,20.802880788532548,21.101101282180004,21.056721957515425,20.408790952718185,22.252578797605963,11.0,5.0,11.0,5.0,20.0,6.550000000000001,20.0,24.0,0.09183615471624539,39.94075363916552,0.8068615478005251,573.3435492550109
1986-01-18T09:38:00,demo_final_january_week,mcp,21.137716620737994,21.55033913669857,21.32694907447247,20.70985738834715,22.577931231924666,11.0,5.0,11.0,5.0,20.0,6.4,20.0,24.0,0.09183615471624539,40.03258979388177,0.8026492739744607,574.1461985289853
1986-01-18T09:53:00,demo_final_january_week,mcp,21.42430463693705,21.94897804278406,21.57609376217449,20.930341369906508,22.839217992848475,11.0,5.0,11.0,5.0,20.0,6.249999999999999,20.0,24.0,0.09183615471624539,40.12442594859802,0.8041359905635607,574.9503345195488
1986-01-18T10:08:00,demo_final_january_week,mcp,21.68420906799839,22.290088300387985,21.794159000797674,21.10936189200437,23.04220444119422,11.0,5.0,11.0,5.0,20.0,6.1,20.0,24.0,0.09183615471624539,40.216262103314264,0.8107763023971379,575.761110821946
1986-01-18T10:23:00,demo_final_january_week,mcp,21.936111387425075,22.601551175106707,21.99292028091512,21.271167047558375,23.218513746502655,11.0,5.0,11.0,5.0,20.0,5.975,20.0,24.0,0.09183615471624539,40.30809825803051,0.8150459005389393,576.5761567224849
1986-01-18T10:38:00,demo_final_january_week,mcp,22.205181898585543,22.92469946509429,22.167583292153367,21.41322541281199,23.35811686948762,11.0,5.0,11.0,5.0,20.0,5.85,20.0,24.0,0.09183615471624539,40.39993441274676,0.8212663610472305,577.3974230835322
1986-01-18T10:45:00,demo_final_january_week,mcp,22.38520121644905,23.117736293371248,22.282358845661424,21.507310363575368,23.451687705352995,11.0,5.0,11.0,5.0,20.0,5.725,20.0,24.0,0.09183615471624539,40.49177056746301,0.8305815874595122,578.2280046709917
1986-01-18T11:00:00,demo_final_january_week,mcp,22.58793120339787,23.301804569452973,22.392482544531898,21.60684580522969,23.550910135523715,11.0,5.0,11.0,5.0,20.0,5.6,20.0,24.0,0.09183615471624539,40.583606722179255,0.8391072511791232,579.0671119221709
1986-01-18T11:15:00,demo_final_january_week,mcp,22.687511649409814,23.35324484515736,22.389935365625128,21.602631625380482,23.551478532052652,8.8,4.0,8.8,4.0,16.0,5.449999999999999,20.0,24.0,0.09183615471624539,40.6754428768955,0.8512670375399054,579.9183789597107
1986-01-18T11:30:00,demo_final_january_week,mcp,22.80856698545626,23.392573077250916,22.398949774950594,21.61447719072633,23.50118930680535,8.8,4.0,8.8,4.0,16.0,5.3,20.5,23.5,0.09265952399642194,40.76810240089193,0.7808932800046691,580.6992722397154
1986-01-18T11:45:00,demo_final_january_week,mcp,22.925062596029868,23.38531436049422,22.43877104476802,21.659223402650344,23.499301895222118,8.8,4.0,8.8,4.0,16.0,5.15,20.5,23.5,0.09265190541447692,40.860754306306404,0.8281288051912471,581.5274010449066
1986-01-18T12:00:00,demo_final_january_week,mcp,22.961347557181192,23.282304901614665,22.474695802983106,21.696469759958557,23.49917646305873,8.8,4.0,8.8,4.0,16.0,5.0,20.5,23.5,0.09319993353697797,40.953954239843384,0.7927787488967194,582.3201797938033
1986-01-18T12:23:00,demo_final_january_week,mcp,22.60446449486379,22.821906089207037,22.2011916120826,21.443107184105802,23.376291884434792,4.4,2.0,4.4,2.0,8.0,4.85,20.5,23.5,0.09183615471624539,41.04579039455963,0.9634870638219291,583.2836668576252
1986-01-18T12:38:00,demo_final_january_week,mcp,22.328178351590925,22.522266549285586,22.06716905093406,21.343774755928074,23.319452082297264,4.4,2.0,4.4,2.0,8.0,4.7,20.5,23.5,0.09183615471624539,41.13762654927588,0.9323318765251708,584.2159987341504
1986-01-18T12:45:00,demo_final_january_week,mcp,22.190497945602715,22.350649283434787,22.00752852115456,21.29818190916505,23.296967805665545,4.4,2.0,4.4,2.0,8.0,4.550000000000001,20.5,23.5,0.09183615471624539,41.22946270399213,0.933106550398837,585.1491052845493
1986-01-18T13:00:00,demo_final_january_week,mcp,22.0902344811955,22.199091511469675,21.977487761493773,21.272413962926912,23.290586436784466,4.4,2.0,4.4,2.0,8.0,4.4,20.5,23.5,0.09183615471624539,41.321298858708374,0.0302750979728609,585.1793803825221
1986-01-18T13:15:00,demo_final_january_week,mcp,22.19968698123696,22.238354735619,22.140411326627426,21.424669052197977,23.471517695943522,8.8,4.0,8.8,4.0,16.0,4.125,20.5,23.5,0.09183615471624539,41.41313501342462,0.13215393938528203,585.3115343219074
1986-01-18T13:30:00,demo_final_january_week,mcp,22.261832214797753,22.226796581292078,22.248344298965574,21.512273788413545,23.49802868359125,8.8,4.0,8.8,4.0,16.0,3.85,20.5,23.5,0.09349528153423507,41.50663029495886,0.2630878493996026,585.574622171307
1986-01-18T13:45:00,demo_final_january_week,mcp,22.193495427078485,22.07893280356643,22.220411164379033,21.444940724631934,23.499294048578754,8.8,4.0,8.8,4.0,16.0,3.5749999999999997,20.5,23.5,0.09260564112866682,41.599235936087524,0.42005067520009426,585.9946728465071
1986-01-18T14:00:00,demo_final_january_week,mcp,22.073169288591703,21.892957033556492,22.133132740889124,21.32712407113127,23.49931668901196,8.8,4.0,8.8,4.0,16.0,3.3,20.5,23.5,0.09247245036506448,41.69170838645259,0.607463099552876,586.60213594606
1986-01-18T14:15:00,demo_final_january_week,mcp,22.083650383189276,21.883095569655968,22.166561933142013,21.386743444460897,23.49921213575559,11.0,5.0,11.0,5.0,20.0,3.175,20.5,23.5,0.0936020239626779,41.78531041041527,0.7081849341927704,587.3103208802528
1986-01-18T14:30:00,demo_final_january_week,mcp,22.13534346351839,21.91651360186775,22.23373617158368,21.48201905635856,23.499176234931273,11.0,5.0,11.0,5.0,20.0,3.05,20.5,23.5,0.09400495943137087,41.879315369846644,0.7987154992361313,588.1090363794889
1986-01-18T14:45:00,demo_final_january_week,mcp,22.160048033478937,21.921813845770416,22.27142899453385,21.539305136633278,23.499149699096826,11.0,5.0,11.0,5.0,20.0,2.925,20.5,23.5,0.09438799891364062,41.97370336876028,0.8818998897649573,588.9909362692539
1986-01-18T15:00:00,demo_final_january_week,mcp,22.145499724366108,21.886959907486943,22.269700452077572,21.545931784563088,23.499128158089647,11.0,5.0,11.0,5.0,20.0,2.8,20.5,23.5,0.09460250613807979,42.068305874898364,0.9535801883185686,589.9445164575725
1986-01-18T15:15:00,demo_final_january_week,mcp,22.03162485817433,21.767030381308555,22.168672439054617,21.459933819933248,23.499229840867596,11.0,5.0,11.0,5.0,20.0,2.6499999999999995,20.5,23.5,0.09363697117318368,42.16194284607155,1.0341456230836445,590.9786620806561
1986-01-18T15:30:00,demo_final_january_week,mcp,21.907394402362584,21.648004375461493,22.056465852374803,21.368526310653195,23.499230250878373,11.0,5.0,11.0,5.0,20.0,2.5,20.5,23.5,0.0935451625259818,42.25548800859753,1.1105165276164133,592.0891786082725
1986-01-18T15:45:00,demo_final_january_week,mcp,21.810227973019426,21.553552270149666,21.967530390821878,21.29736333992366,23.499228429223717,11.0,5.0,11.0,5.0,20.0,2.35,20.5,23.5,0.09341166221226749,42.3488996708098,1.175594987836609,593.2647735961091
1986-01-18T16:00:00,demo_final_january_week,mcp,21.728388936867418,21.46890164813549,21.890134786692233,21.23249379023311,23.49922905979522,11.0,5.0,11.0,5.0,20.0,2.2,20.5,23.5,0.09325965002603745,42.442159320835835,1.2288767283444166,594.4936503244535
1986-01-18T16:15:00,demo_final_january_week,mcp,21.52579538726155,21.271708448901855,21.68807619639027,21.052591741078967,23.469235936139423,11.0,5.0,11.0,5.0,20.0,2.075,20.5,23.5,0.09183615471624539,42.53399547555208,1.2869119899065065,595.7805623143599
1986-01-18T16:30:00,demo_final_january_week,mcp,21.34987567202139,21.10886546662445,21.50930996540006,20.905608534537496,23.43016178570592,11.0,5.0,11.0,5.0,20.0,1.9500000000000002,20.5,23.5,0.09183615471624539,42.62583163026833,1.3523854471609444,597.1329477615209
1986-01-18T16:45:00,demo_final_january_week,mcp,21.231002432863534,20.99366867937754,21.383123716585082,20.804101935427695,23.390812432771572,11.0,5.0,11.0,5.0,20.0,1.825,20.5,23.5,0.09183615471624539,42.71766778498458,1.4003065929054928,598.5332543544264
1986-01-18T17:00:00,demo_final_january_week,mcp,21.14301512770407,20.90253144903034,21.28917768781028,20.724451976205618,23.35091804923168,11.0,5.0,11.0,5.0,20.0,1.7,20.5,23.5,0.09183615471624539,42.809503939700825,1.4353153121365778,599.968569666563
1986-01-18T17:15:00,demo_final_january_week,mcp,21.081357107540313,20.834315517298304,21.224210616610986,20.665773906863286,23.323573438838196,11.0,5.0,11.0,5.0,20.0,1.7,20.5,23.5,0.09183615471624539,42.90134009441707,1.3919708832630584,601.360540549826
1986-01-18T17:30:00,demo_final_january_week,mcp,21.037644790150413,20.78255935499105,21.178626501397908,20.622031983114315,23.30738725423951,11.0,5.0,11.0,5.0,20.0,1.7,20.5,23.5,0.09183615471624539,42.99317624913332,1.3337594177027678,602.6942999675289
1986-01-18T17:45:00,demo_final_january_week,mcp,21.004845228910092,20.741246190215683,21.144432837876263,20.58742172845638,23.297222214648937,11.0,5.0,11.0,5.0,20.0,1.7,20.5,23.5,0.09183615471624539,43.08501240384957,1.234920341805,603.9292203093339
1986-01-18T18:00:00,demo_final_january_week,mcp,20.979610351502465,20.70766123435176,21.11804132798412,20.55952263476304,23.290442791932705,11.0,5.0,11.0,5.0,20.0,1.7,20.5,23.5,0.09183615471624539,43.176848558565815,1.204937821137391,605.1341581304713
1986-01-18T18:23:00,demo_final_january_week,mcp,20.508189013898058,20.501769356050602,20.51209697364273,20.501219593173793,22.696023425145338,5.5,2.5,5.5,2.5,10.0,1.7,20.5,23.5,0.09183615471624539,43.26868471328206,1.3179065209765075,606.4520646514478
1986-01-18T18:38:00,demo_final_january_week,mcp,20.501815820318605,20.500066933284707,20.501516203355433,20.499737333414238,22.357328403530325,5.5,2.5,5.5,2.5,10.0,1.7,20.5,23.5,0.09183615471624539,43.36052086799831,1.5116442170329982,607.9637088684808
1986-01-18T18:45:00,demo_final_january_week,mcp,20.502012440781844,20.500018520628362,20.50152855849894,20.501195821579575,22.193533102286615,5.5,2.5,5.5,2.5,10.0,1.7,20.5,23.5,0.09183615471624539,43.45235702271456,1.5705600835703766,609.5342689520512
1986-01-18T19:00:00,demo_final_january_week,mcp,20.501008437489602,20.499411292837152,20.501673571290183,20.50111857213211,22.100961711497607,5.5,2.5,5.5,2.5,10.0,1.7,20.5,23.5,0.09183615471624539,43.544193177430806,1.611885264306208,611.1461542163574
1986-01-18T19:23:00,demo_final_january_week,mcp,20.501218138161867,20.500261766897268,20.50153491745926,20.50060313057004,21.55318509354706,0.0,0.0,0.0,0.0,0.0,1.7,20.5,23.5,0.09183615471624539,43.636029332147054,1.991059256171092,613.1372134725285
1986-01-18T19:38:00,demo_final_january_week,mcp,20.50125517008098,20.49915442311751,20.50036469844644,20.501453715221935,21.156805911570206,0.0,0.0,0.0,0.0,0.0,1.7,20.5,23.5,0.09183615471624539,43.7278654868633,2.1838528221976214,615.3210662947262
1986-01-18T19:50:00,demo_final_january_week,mcp,19.50567539949055,19.50442338222163,19.526728928121052,19.502318824944723,20.947998537579974,0.0,0.0,0.0,0.0,0.0,1.7,19.5,23.0,0.09183615471624539,43.81970164157955,1.331539420888507,616.6526057156146
1986-01-18T20:00:00,demo_final_january_week,mcp,19.501175819398576,19.5013562315062,19.502730236167235,19.50020484767527,20.838601078843443,0.0,0.0,0.0,0.0,0.0,1.7,19.5,23.0,0.09183615471624539,43.9115377962958,1.6518144526732477,618.3044201682878
1986-01-18T20:15:00,demo_final_january_week,mcp,19.499949197341994,19.49716959565607,19.500533645249305,19.497820206953076,20.669145422587036,0.0,0.0,0.0,0.0,0.0,1.7,19.5,23.0,0.09183615471624539,44.003373951012044,0.09154713568218274,618.39596730397
1986-01-18T20:30:00,demo_final_january_week,mcp,19.500671598894076,19.49991038170392,19.500540600568243,19.499103328624013,20.497846749982628,0.0,0.0,0.0,0.0,0.0,1.7,19.5,23.0,0.09183615471624539,44.09521010572829,0.15471707656669123,618.5506843805367
1986-01-18T20:45:00,demo_final_january_week,mcp,19.500367656138586,19.50067599180679,19.500534826771464,19.4999149535991,20.384547949383133,0.0,0.0,0.0,0.0,0.0,1.7,19.5,23.0,0.09183615471624539,44.18704626044454,0.2517090013292553,618.802393381866
1986-01-18T21:00:00,demo_final_january_week,mcp,19.202053467507707,19.292951978182845,19.215325703776525,19.295745848908652,20.29626039198569,0.0,0.0,0.0,0.0,0.0,1.7,19.0,23.0,0.09183615471624539,44.27888241516079,0.0,618.802393381866
1986-01-18T21:15:00,demo_final_january_week,mcp,19.008682344447877,19.0855924143658,19.009933080033434,19.09236052068445,20.184772170729214,0.0,0.0,0.0,0.0,0.0,1.7,19.0,23.0,0.09183615471624539,44.370718569877035,0.0491386998930956,618.851532081759
1986-01-18T21:30:00,demo_final_january_week,mcp,19.00013179366307,19.00668849509777,19.00034898648372,19.006691248412682,20.071737118605153,0.0,0.0,0.0,0.0,0.0,1.7,19.0,23.0,0.09183615471624539,44.46255472459328,0.1561360616016094,619.0076681433607
1986-01-18T21:45:00,demo_final_january_week,mcp,19.0003880214775,18.999029928517558,18.99986047670351,19.001208280358277,19.97016069248219,0.0,0.0,0.0,0.0,0.0,1.7,19.0,23.0,0.09183615471624539,44.55439087930953,0.21831263186035677,619.225980775221
1986-01-18T22:00:00,demo_final_january_week,mcp,18.746761884609732,18.831402829127768,18.756512447167943,18.83609797926548,19.88071674647238,0.0,0.0,0.0,0.0,0.0,1.7,18.5,23.0,0.09183615471624539,44.64622703402578,0.0,619.225980775221
1986-01-18T22:15:00,demo_final_january_week,mcp,18.52292543968128,18.682700257310564,18.53912554768447,18.688494845373338,19.8003419712336,0.0,0.0,0.0,0.0,0.0,1.7,18.5,23.0,0.09183615471624539,44.738063188742025,0.0,619.225980775221
1986-01-18T22:30:00,demo_final_january_week,mcp,18.50154835655893,18.581287873574205,18.500928673168605,18.58728996928882,19.72509671071497,0.0,0.0,0.0,0.0,0.0,1.7,18.5,23.0,0.09183615471624539,44.82989934345827,0.06702637271331409,619.2930071479343
1986-01-18T22:45:00,demo_final_january_week,mcp,18.49994926918588,18.5062732396927,18.500592592181658,18.507619931323006,19.653306000448712,0.0,0.0,0.0,0.0,0.0,1.7,18.5,23.0,0.09183615471624539,44.92173549817452,0.09040330707010857,619.3834104550044
1986-01-18T23:00:00,demo_final_january_week,mcp,18.499811369098317,18.499667238116114,18.500184394627304,18.5004875065875,19.58574672830592,0.0,0.0,0.0,0.0,0.0,1.7,18.5,22.0,0.09183615471624539,45.01357165289077,0.16151198952452167,619.544922444529
1986-01-18T23:15:00,demo_final_january_week,mcp,18.500662747681307,18.499812985807985,18.499282939377718,18.49898861091775,19.511495878424114,0.0,0.0,0.0,0.0,0.0,1.7,18.5,22.0,0.09183615471624539,45.105407807607016,0.2303152230471507,619.7752376675761
1986-01-18T23:30:00,demo_final_january_week,mcp,18.50014296238228,18.50110982712816,18.499156189945033,18.49871453625515,19.43373317168608,0.0,0.0,0.0,0.0,0.0,1.7,18.5,22.0,0.09183615471624539,45.19724396232326,0.30235686602140616,620.0775945335976
1986-01-18T23:45:00,demo_final_january_week,mcp,18.49896109359724,18.49929281360104,18.49994464631756,18.498848715352263,19.35741840605169,0.0,0.0,0.0,0.0,0.0,1.7,18.5,22.0,0.09183615471624539,45.28908011703951,0.37101921732786014,620.4486137509255
1986-01-19T00:00:00,demo_final_january_week,mcp,18.211193051882873,18.275331866112758,18.220750300903685,18.276093487864117,19.284469856710743,0.0,0.0,0.0,0.0,0.0,1.7,18.0,24.5,0.09183615471624539,45.38091627175576,0.0,620.4486137509255
1986-01-19T00:15:00,demo_final_january_week,mcp,18.08408125537208,18.197732352837395,18.099163859561347,18.198867928398407,19.32709048545691,0.0,0.0,0.0,0.0,0.0,1.825,18.0,24.5,0.09183615471624539,45.472752426472006,0.0,620.4486137509255
1986-01-19T00:30:00,demo_final_january_week,mcp,18.0602283688602,18.178944308908115,18.076560339954906,18.179512296930728,19.36711261442072,0.0,0.0,0.0,0.0,0.0,1.9500000000000002,18.0,24.5,0.09183615471624539,45.564588581188254,0.0,620.4486137509255
1986-01-19T00:45:00,demo_final_january_week,mcp,18.04707764211127,18.158360990974163,18.063864143304194,18.158107789781074,19.37582824094995,0.0,0.0,0.0,0.0,0.0,2.075,18.0,24.5,0.09183615471624539,45.6564247359045,0.0,620.4486137509255
1986-01-19T01:00:00,demo_final_january_week,mcp,18.02954602522984,18.135078007363184,18.0467352942975,18.13407940279754,19.372129132024668,0.0,0.0,0.0,0.0,0.0,2.2,18.0,23.5,0.09183615471624539,45.74826089062075,0.0,620.4486137509255
1986-01-19T01:15:00,demo_final_january_week,mcp,18.001212106339306,18.102828453975818,18.017475882983337,18.101206093137193,19.353937015217408,0.0,0.0,0.0,0.0,0.0,2.2,18.0,23.5,0.09183615471624539,45.840097045337,0.0010366431585153426,620.449650394084
1986-01-19T01:30:00,demo_final_january_week,mcp,18.000093268160274,18.06679970979636,18.000599623154784,18.064638238168023,19.32727178026269,0.0,0.0,0.0,0.0,0.0,2.2,18.0,23.5,0.09183615471624539,45.931933200053244,0.007147754458209558,620.4567981485421
1986-01-19T01:45:00,demo_final_january_week,mcp,18.000061698286913,18.031118235129338,17.999685009723912,18.02845940790587,19.297851416855487,0.0,0.0,0.0,0.0,0.0,2.2,18.0,23.5,0.09183615471624539,46.02376935476949,0.0333012939546104,620.4900994424968
1986-01-19T02:00:00,demo_final_january_week,mcp,17.93691360800059,17.99667173854416,17.946756991120456,17.99354648710028,19.268037905632752,0.0,0.0,0.0,0.0,0.0,2.2,15.0,26.5,0.09183615471624539,46.11560550948574,0.0,620.4900994424968
1986-01-19T02:15:00,demo_final_january_week,mcp,17.892742350943077,17.974264810144035,17.908100898577487,17.970624792220185,19.25265938356262,0.0,0.0,0.0,0.0,0.0,2.2,15.0,26.5,0.09183615471624539,46.20744166420199,0.0,620.4900994424968
1986-01-19T02:30:00,demo_final_january_week,mcp,17.87511064351067,17.959539693317065,17.89177687157946,17.955297423898124,19.247905836785883,0.0,0.0,0.0,0.0,0.0,2.2,15.0,26.5,0.09183615471624539,46.299277818918235,0.0,620.4900994424968
1986-01-19T02:45:00,demo_final_january_week,mcp,17.867410740195627,17.948112200862187,17.88448245631264,17.943219160035497,19.247540735271528,0.0,0.0,0.0,0.0,0.0,2.2,15.0,26.5,0.09183615471624539,46.39111397363448,0.0,620.4900994424968
1986-01-19T03:00:00,demo_final_january_week,mcp,17.862645830741833,17.939083586480546,17.880018820209646,17.933535291371776,19.249322411256152,0.0,0.0,0.0,0.0,0.0,2.2,15.0,26.5,0.09183615471624539,46.48295012835073,0.0,620.4900994424968
1986-01-19T03:15:00,demo_final_january_week,mcp,17.844444135101824,17.91937584457169,17.862626395658914,17.913267107375056,19.23793661780153,0.0,0.0,0.0,0.0,0.0,2.075,15.0,26.5,0.09183615471624539,46.57478628306698,0.0,620.4900994424968
1986-01-19T03:30:00,demo_final_january_week,mcp,17.817532596038802,17.89273790173793,17.836390756771745,17.886200304286707,19.21706327810235,0.0,0.0,0.0,0.0,0.0,1.9500000000000002,15.0,26.5,0.09183615471624539,46.666622437783225,0.0,620.4900994424968
1986-01-19T03:45:00,demo_final_january_week,mcp,17.787969249268375,17.86418396231038,17.807377833428596,17.857304689242746,19.192924041173644,0.0,0.0,0.0,0.0,0.0,1.825,15.0,26.5,0.09183615471624539,46.75845859249947,0.0,620.4900994424968
1986-01-19T04:00:00,demo_final_january_week,mcp,17.757398538084438,17.834872574644137,17.77732747321716,17.827697531516982,19.167805004966425,0.0,0.0,0.0,0.0,0.0,1.7,15.0,24.0,0.09183615471624539,46.85029474721572,0.0,620.4900994424968
1986-01-19T04:15:00,demo_final_january_week,mcp,17.736079236805143,17.81363770069182,17.756435642601925,17.80612606659698,19.15380668684042,0.0,0.0,0.0,0.0,0.0,1.5499999999999998,15.0,24.0,0.09183615471624539,46.94213090193197,0.0,620.4900994424968
1986-01-19T04:30:00,demo_final_january_week,mcp,17.720763251741626,17.797206802020597,17.7415067925113,17.789301033003536,19.14805701366745,0.0,0.0,0.0,0.0,0.0,1.4,15.0,24.0,0.09183615471624539,47.033967056648216,0.0,620.4900994424968
1986-01-19T04:45:00,demo_final_january_week,mcp,17.7075575388014,17.782315224582273,17.728662007917205,17.77399175201445,19.145648868580267,0.0,0.0,0.0,0.0,0.0,1.25,15.0,24.0,0.09183615471624539,47.12580321136446,0.0,620.4900994424968
1986-01-19T05:00:00,demo_final_january_week,mcp,17.695579557713817,17.76845276787893,17.71701249784947,17.759711221561126,19.144861701361815,0.0,0.0,0.0,0.0,0.0,1.1,15.0,23.0,0.09183615471624539,47.21763936608071,0.0,620.4900994424968
1986-01-19T05:15:00,demo_final_january_week,mcp,17.68020756551165,17.751156215511926,17.701736244755786,17.742078201722297,19.134654693255836,0.0,0.0,0.0,0.0,0.0,1.25,15.0,23.0,0.09183615471624539,47.30947552079696,0.0,620.4900994424968
1986-01-19T05:30:00,demo_final_january_week,mcp,17.663558774464892,17.732645166972897,17.684991830499854,17.723295588265778,19.11771767004465,0.0,0.0,0.0,0.0,0.0,1.4,15.0,23.0,0.09183615471624539,47.401311675513206,0.0,620.4900994424968
1986-01-19T05:45:00,demo_final_january_week,mcp,17.647478691485773,17.714680339725366,17.66872950342816,17.70508180970434,19.098648582168927,0.0,0.0,0.0,0.0,0.0,1.5499999999999998,15.0,23.0,0.09183615471624539,47.493147830229454,0.0,620.4900994424968
1986-01-19T06:00:00,demo_final_january_week,mcp,17.632328310721828,17.69756572728527,17.653359174251268,17.687721644381682,19.079244870296424,0.0,0.0,0.0,0.0,0.0,1.7,15.0,23.0,0.09183615471624539,47.5849839849457,0.0,620.4900994424968
1986-01-19T06:15:00,demo_final_january_week,mcp,17.619210292799035,17.682837807717473,17.640260298961913,17.672696602136156,19.0667988955463,0.0,0.0,0.0,0.0,0.0,1.5499999999999998,15.0,23.0,0.09183615471624539,47.67682013966195,0.0,620.4900994424968
1986-01-19T06:30:00,demo_final_january_week,mcp,17.60674385809519,17.669051161938494,17.628002065363766,17.658584526495996,19.059488547780365,0.0,0.0,0.0,0.0,0.0,1.4,15.0,23.0,0.09183615471624539,47.7686562943782,0.0,620.4900994424968
1986-01-19T06:45:00,demo_final_january_week,mcp,17.594684659705713,17.655904763431078,17.61622352416524,17.645114081205513,19.054297947619332,0.0,0.0,0.0,0.0,0.0,1.25,15.0,23.0,0.09183615471624539,47.860492449094444,0.0,620.4900994424968
1986-01-19T07:00:00,demo_final_january_week,mcp,17.582789931511115,17.643032033812492,17.60463299640728,17.631931474605,19.050074370690304,0.0,0.0,0.0,0.0,0.0,1.1,15.0,23.0,0.09183615471624539,47.95232860381069,0.0,620.4900994424968
1986-01-19T07:15:00,demo_final_january_week,mcp,17.56868821663892,17.6281434575202,17.59064947465437,17.616789397757746,19.04086990407355,0.0,0.0,0.0,0.0,0.0,1.1,15.0,23.0,0.09183615471624539,48.04416475852694,0.0,620.4900994424968
1986-01-19T07:30:00,demo_final_january_week,mcp,17.561289857431717,17.63268746407208,17.58943169252074,17.613326537930984,19.028183366865253,0.0,0.0,0.0,0.0,0.0,1.1,15.0,23.0,0.09183615471624539,48.13600091324319,0.0,620.4900994424968
1986-01-19T07:45:00,demo_final_january_week,mcp,17.56498183594077,17.69057905566663,17.605785187906903,17.62547882005209,19.01489865246078,0.0,0.0,0.0,0.0,0.0,1.1,15.0,23.0,0.09183615471624539,48.227837067959435,0.0,620.4900994424968
1986-01-19T08:00:00,demo_final_january_week,mcp,17.5779962699932,17.777046742547913,17.63483611491163,17.648907695265283,19.002844135124192,0.0,0.0,0.0,0.0,0.0,1.1,15.0,22.0,0.09183615471624539,48.31967322267568,0.0,620.4900994424968
1986-01-19T08:15:00,demo_final_january_week,mcp,17.592392545391334,17.850511594898634,17.668509432271527,17.676947897791436,18.987647066000786,0.0,0.0,0.0,0.0,0.0,1.1,15.0,22.0,0.09183615471624539,48.41150937739193,0.0,620.4900994424968
1986-01-19T08:30:00,demo_final_january_week,mcp,17.609016468072912,17.917769481087714,17.706646658149523,17.709922430367474,18.97081689539276,0.0,0.0,0.0,0.0,0.0,1.1,15.0,22.0,0.09183615471624539,48.50334553210818,0.0,620.4900994424968
1986-01-19T08:45:00,demo_final_january_week,mcp,17.626649445823265,17.97366525350084,17.743193847737956,17.742182459204706,18.954499128061183,0.0,0.0,0.0,0.0,0.0,1.1,15.0,22.0,0.09183615471624539,48.595181686824425,0.0,620.4900994424968
1986-01-19T09:00:00,demo_final_january_week,mcp,17.646098635317447,18.022795516418466,17.77801521350621,17.77420030553925,18.939359723138068,0.0,0.0,0.0,0.0,0.0,1.1,15.0,22.0,0.09183615471624539,48.68701784154067,0.0,620.4900994424968
1986-01-19T09:15:00,demo_final_january_week,mcp,17.686405904177004,18.090807239696765,17.83452024426775,17.82596946186442,18.945415567306373,0.0,0.0,0.0,0.0,0.0,1.1,15.0,22.0,0.09183615471624539,48.77885399625692,0.0,620.4900994424968
1986-01-19T09:30:00,demo_final_january_week,mcp,17.74228332096313,18.171544328847016,17.907979051895644,17.89210042689166,18.967574930456006,0.0,0.0,0.0,0.0,0.0,1.1,15.0,22.0,0.09183615471624539,48.87069015097317,0.0,620.4900994424968
1986-01-19T09:45:00,demo_final_january_week,mcp,17.80787938341982,18.255203839120085,17.988020424148477,17.963892447925392,18.99727031613647,0.0,0.0,0.0,0.0,0.0,1.1,15.0,22.0,0.09183615471624539,48.962526305689416,0.0,620.4900994424968
1986-01-19T10:00:00,demo_final_january_week,mcp,17.8785003159314,18.34087264924501,18.071525502872447,18.03950247376572,19.03120186026715,0.0,0.0,0.0,0.0,0.0,1.1,15.0,22.0,0.09183615471624539,49.05436246040566,0.0,620.4900994424968
1986-01-19T10:15:00,demo_final_january_week,mcp,17.93345952481084,18.41267149896972,18.138738239067425,18.102544218650948,19.05282435027243,0.0,0.0,0.0,0.0,0.0,0.9750000000000001,15.0,22.0,0.09183615471624539,49.14619861512191,0.0,620.4900994424968
1986-01-19T10:30:00,demo_final_january_week,mcp,17.978902016433164,18.47663232742118,18.195154149790742,18.15857015469463,19.065845998032565,0.0,0.0,0.0,0.0,0.0,0.8500000000000001,15.0,22.0,0.09183615471624539,49.23803476983816,0.0,620.4900994424968
1986-01-19T10:45:00,demo_final_january_week,mcp,18.023770325664973,18.53916220847844,18.248884313329043,18.213903354691944,19.076722666565672,0.0,0.0,0.0,0.0,0.0,0.725,15.0,22.0,0.09183615471624539,49.329870924554406,0.0,620.4900994424968
1986-01-19T11:00:00,demo_final_january_week,mcp,18.07088658726395,18.601427367097166,18.3021172012211,18.269607101325903,19.087768185935232,0.0,0.0,0.0,0.0,0.0,0.6,14.5,22.0,0.09183615471624539,49.421707079270654,0.0,620.4900994424968
1986-01-19T11:15:00,demo_final_january_week,mcp,18.121099789585866,18.663082051894182,18.35479986002474,18.32537296335413,19.097742503379422,0.0,0.0,0.0,0.0,0.0,0.6,14.5,22.0,0.09183615471624539,49.5135432339869,0.0,620.4900994424968
1986-01-19T11:30:00,demo_final_january_week,mcp,18.17491880782968,18.723936825033768,18.406786325560628,18.381064751019654,19.106926178163658,0.0,0.0,0.0,0.0,0.0,0.6,14.5,22.0,0.09183615471624539,49.60537938870315,0.0,620.4900994424968
1986-01-19T11:45:00,demo_final_january_week,mcp,18.220354479426497,18.76677375611104,18.44846379091024,18.427958657620984,19.115859543249233,0.0,0.0,0.0,0.0,0.0,0.6,14.5,22.0,0.09183615471624539,49.6972155434194,0.0,620.4900994424968
1986-01-19T12:00:00,demo_final_january_week,mcp,18.25663554233138,18.792625539690075,18.47940330276354,18.46576276667498,19.124258611726788,0.0,0.0,0.0,0.0,0.0,0.6,14.0,22.0,0.09183615471624539,49.789051698135644,0.0,620.4900994424968
1986-01-19T12:15:00,demo_final_january_week,mcp,18.29388975799589,18.813670156874593,18.50907316602743,18.50236540158507,19.137418143836133,0.0,0.0,0.0,0.0,0.0,0.6,14.0,22.0,0.09183615471624539,49.88088785285189,0.0,620.4900994424968
1986-01-19T12:30:00,demo_final_january_week,mcp,18.332902186058,18.831152439860823,18.53754806608701,18.53724011627261,19.15362035894714,0.0,0.0,0.0,0.0,0.0,0.6,14.0,22.0,0.09183615471624539,49.97272400756814,0.0,620.4900994424968
1986-01-19T12:45:00,demo_final_january_week,mcp,18.37327991095934,18.84507276350088,18.563616740544052,18.569450529942635,19.170322306427593,0.0,0.0,0.0,0.0,0.0,0.6,14.0,22.0,0.09183615471624539,50.06456016228439,0.0,620.4900994424968
1986-01-19T13:00:00,demo_final_january_week,mcp,18.41510288170151,18.854888005337017,18.586777069156156,18.59879835745625,19.18662747864829,0.0,0.0,0.0,0.0,0.0,0.6,14.0,22.0,0.09183615471624539,50.156396317000635,0.0,620.4900994424968
1986-01-19T13:15:00,demo_final_january_week,mcp,18.461694363079424,18.86282974845838,18.609594679219352,18.627699132932968,19.207077349008856,0.0,0.0,0.0,0.0,0.0,0.44999999999999996,14.0,22.0,0.09183615471624539,50.24823247171688,0.0,620.4900994424968
1986-01-19T13:30:00,demo_final_january_week,mcp,18.513989167177744,18.86784136612884,18.63109792949784,18.655118603291683,19.23066867825559,0.0,0.0,0.0,0.0,0.0,0.3,14.0,22.0,0.09183615471624539,50.34006862643313,0.0,620.4900994424968
1986-01-19T13:45:00,demo_final_january_week,mcp,18.547627555272957,18.85588737509865,18.638031490477584,18.669128332212136,19.255203481470232,0.0,0.0,0.0,0.0,0.0,0.15,14.0,22.0,0.09183615471624539,50.43190478114938,0.0,620.4900994424968
1986-01-19T14:00:00,demo_final_january_week,mcp,18.560747965296972,18.828245207350538,18.63004533170965,18.66951751236299,19.27910459959293,0.0,0.0,0.0,0.0,0.0,0.0,14.0,22.0,0.09183615471624539,50.523740935865625,0.0,620.4900994424968
1986-01-19T14:15:00,demo_final_january_week,mcp,18.553452269973647,18.78918134658627,18.60446995333369,18.65836011258575,19.29535451138486,0.0,0.0,0.0,0.0,0.0,-0.15,14.0,22.0,0.09183615471624539,50.61557709058187,0.0,620.4900994424968
1986-01-19T14:30:00,demo_final_january_week,mcp,18.53168885876087,18.742859232684214,18.565719389126276,18.63858312346251,19.30497303499643,0.0,0.0,0.0,0.0,0.0,-0.3,14.0,22.0,0.09183615471624539,50.70741324529812,0.0,620.4900994424968
1986-01-19T14:45:00,demo_final_january_week,mcp,18.50428933183983,18.69222319103857,18.519854451282054,18.6132896944755,19.310349750190902,0.0,0.0,0.0,0.0,0.0,-0.44999999999999996,14.0,22.0,0.09183615471624539,50.79924940001437,0.0,620.4900994424968
1986-01-19T15:00:00,demo_final_january_week,mcp,18.47338571488414,18.637180006198225,18.468344197111804,18.582598669416292,19.312534313225612,0.0,0.0,0.0,0.0,0.0,-0.6,14.0,22.0,0.09183615471624539,50.891085554730616,0.0,620.4900994424968
1986-01-19T15:15:00,demo_final_january_week,mcp,18.426947354608767,18.56890450283736,18.401554622299244,18.5373143859424,19.300294623557512,0.0,0.0,0.0,0.0,0.0,-0.6,14.0,22.0,0.09183615471624539,50.98292170944686,0.0,620.4900994424968
1986-01-19T15:30:00,demo_final_january_week,mcp,18.370197092781225,18.49055663849889,18.32259373395497,18.481526507654564,19.27657223034064,0.0,0.0,0.0,0.0,0.0,-0.6,14.0,22.0,0.09183615471624539,51.07475786416311,0.0,620.4900994424968
1986-01-19T15:45:00,demo_final_january_week,mcp,18.307071927483687,18.40534256157944,18.23550355183977,18.417736884552074,19.246444727580926,0.0,0.0,0.0,0.0,0.0,-0.6,14.0,22.0,0.09183615471624539,51.16659401887936,0.0,620.4900994424968
1986-01-19T16:00:00,demo_final_january_week,mcp,18.240666452435413,18.31437995815585,18.14213402002687,18.3479726414038,19.211979370525327,0.0,0.0,0.0,0.0,0.0,-0.6,14.0,22.0,0.09183615471624539,51.258430173595606,0.0,620.4900994424968
1986-01-19T16:15:00,demo_final_january_week,mcp,18.18910672086244,18.235119667459823,18.06246810094788,18.288546603993243,19.194176815165555,0.0,0.0,0.0,0.0,0.0,-0.725,14.0,22.0,0.09183615471624539,51.350266328311854,0.0,620.4900994424968
1986-01-19T16:30:00,demo_final_january_week,mcp,18.118334210938574,18.161553955844585,17.990866910006716,18.220779837201917,19.18791608942453,0.0,0.0,0.0,0.0,0.0,-0.8500000000000001,14.0,22.0,0.09183615471624539,51.4421024830281,0.0,620.4900994424968
1986-01-19T16:45:00,demo_final_january_week,mcp,18.004913934474946,18.07502295772259,17.908576925306377,18.118427523216052,19.18384865106376,0.0,0.0,0.0,0.0,0.0,-0.9750000000000001,14.0,22.0,0.09183615471624539,51.53393863774435,0.0,620.4900994424968
1986-01-19T17:00:00,demo_final_january_week,mcp,17.906113904147784,17.999669638892655,17.83882366005437,18.030286428633218,19.178424929282414,0.0,0.0,0.0,0.0,0.0,-1.1,14.0,22.0,0.09183615471624539,51.6257747924606,0.0,620.4900994424968
1986-01-19T17:15:00,demo_final_january_week,mcp,17.831712751308437,17.934907762152946,17.780854391715643,17.95904468455228,19.16682487323126,0.0,0.0,0.0,0.0,0.0,-1.1,14.0,22.0,0.09183615471624539,51.717610947176844,0.0,620.4900994424968
1986-01-19T17:30:00,demo_final_january_week,mcp,17.770284619451225,17.8765553192164,17.729995303453368,17.8963313672438,19.151519924060178,0.0,0.0,0.0,0.0,0.0,-1.1,14.0,22.0,0.09183615471624539,51.80944710189309,0.0,620.4900994424968
1986-01-19T17:45:00,demo_final_january_week,mcp,17.71554806795229,17.82290882686177,17.68411496259884,17.83886334041495,19.135409543497886,0.0,0.0,0.0,0.0,0.0,-1.1,14.0,22.0,0.09183615471624539,51.90128325660934,0.0,620.4900994424968
1986-01-19T18:00:00,demo_final_january_week,mcp,17.66624699107561,17.7736644472808,17.64267717949748,17.786154026238325,19.119627626684224,0.0,0.0,0.0,0.0,0.0,-1.1,14.0,22.0,0.09183615471624539,51.99311941132559,0.0,620.4900994424968
1986-01-19T18:15:00,demo_final_january_week,mcp,17.62552471366245,17.731515060467764,17.60870350656297,17.740921341584006,19.10826423836762,0.0,0.0,0.0,0.0,0.0,-1.1,14.0,22.0,0.09183615471624539,52.084955566041835,0.0,620.4900994424968
1986-01-19T18:30:00,demo_final_january_week,mcp,17.591912153769584,17.69511335398031,17.58080374556454,17.701770569757766,19.10042945881087,0.0,0.0,0.0,0.0,0.0,-1.1,14.0,22.0,0.09183615471624539,52.17679172075808,0.0,620.4900994424968
1986-01-19T18:45:00,demo_final_january_week,mcp,17.56350528829265,17.66301444605754,17.55725480796852,17.667202547171467,19.09456818178968,0.0,0.0,0.0,0.0,0.0,-1.1,14.0,22.0,0.09183615471624539,52.26862787547433,0.0,620.4900994424968
1986-01-19T19:00:00,demo_final_january_week,mcp,17.53942028186862,17.63466819706509,17.53732016462741,17.63662980905783,19.0901231503032,0.0,0.0,0.0,0.0,0.0,-1.1,14.0,22.0,0.09183615471624539,52.36046403019058,0.0,620.4900994424968
1986-01-19T19:15:00,demo_final_january_week,mcp,17.506904632842158,17.59913768179625,17.50843362670942,17.599013065132855,19.072992426566707,0.0,0.0,0.0,0.0,0.0,-1.1,14.0,22.0,0.09183615471624539,52.452300184906825,0.0,620.4900994424968
1986-01-19T19:30:00,demo_final_january_week,mcp,17.468985200155675,17.559579958787054,17.47367975076997,17.557837434909224,19.046705782863707,0.0,0.0,0.0,0.0,0.0,-1.1,14.0,22.0,0.09183615471624539,52.54413633962307,0.0,620.4900994424968
1986-01-19T19:45:00,demo_final_january_week,mcp,17.43049641029959,17.520099444859373,17.437921298180797,17.516997840001668,19.017278227452447,0.0,0.0,0.0,0.0,0.0,-1.1,14.0,22.0,0.09183615471624539,52.63597249433932,0.0,620.4900994424968
1986-01-19T20:00:00,demo_final_january_week,mcp,17.39283110387767,17.481595934435028,17.4026080308992,17.47727033092696,18.987044904273677,0.0,0.0,0.0,0.0,0.0,-1.1,14.0,22.0,0.09183615471624539,52.72780864905557,0.0,620.4900994424968
1986-01-19T20:15:00,demo_final_january_week,mcp,17.36758199823473,17.454353284963073,17.379446524882994,17.448825143142972,18.972403381323307,0.0,0.0,0.0,0.0,0.0,-1.25,14.0,22.0,0.09183615471624539,52.819644803771816,0.0,620.4900994424968
1986-01-19T20:30:00,demo_final_january_week,mcp,17.350886799169913,17.434375969263474,17.364643062714457,17.427654470390504,18.96948610094567,0.0,0.0,0.0,0.0,0.0,-1.4,14.0,22.0,0.09183615471624539,52.91148095848806,0.0,620.4900994424968
1986-01-19T20:45:00,demo_final_january_week,mcp,17.33810213031255,17.417654686400518,17.35355031101339,17.409787561928844,18.97159834081208,0.0,0.0,0.0,0.0,0.0,-1.5499999999999998,14.0,22.0,0.09183615471624539,53.00331711320431,0.0,620.4900994424968
1986-01-19T21:00:00,demo_final_january_week,mcp,17.32788668011095,17.403274526366896,17.344829177990015,17.39433031972041,18.976179668751644,0.0,0.0,0.0,0.0,0.0,-1.7,14.0,22.0,0.09183615471624539,53.09515326792056,0.0,620.4900994424968
1986-01-19T21:15:00,demo_final_january_week,mcp,17.310959078460314,17.383036170502663,17.329130689509178,17.373012195960637,18.969854995861475,0.0,0.0,0.0,0.0,0.0,-1.7,14.0,22.0,0.09183615471624539,53.186989422636806,0.0,620.4900994424968
1986-01-19T21:30:00,demo_final_january_week,mcp,17.289998516186717,17.359540055179536,17.309148894282025,17.348897390366375,18.955693435155897,0.0,0.0,0.0,0.0,0.0,-1.7,14.0,22.0,0.09183615471624539,53.278825577353054,0.0,620.4900994424968
1986-01-19T21:45:00,demo_final_january_week,mcp,17.268423515541723,17.33604210820415,17.288375612328704,17.324620248727108,18.939045522276317,0.0,0.0,0.0,0.0,0.0,-1.7,14.0,22.0,0.09183615471624539,53.3706617320693,0.0,620.4900994424968
1986-01-19T22:00:00,demo_final_january_week,mcp,17.24700547945717,17.313038697012654,17.26763040297202,17.30097033151635,18.92192383772475,0.0,0.0,0.0,0.0,0.0,-1.7,14.0,22.0,0.09183615471624539,53.46249788678555,0.0,620.4900994424968
1986-01-19T22:15:00,demo_final_january_week,mcp,17.22886661697908,17.292846234700956,17.250064300531832,17.28021995386507,18.907793259107546,0.0,0.0,0.0,0.0,0.0,-1.7,14.0,22.0,0.09183615471624539,53.5543340415018,0.0,620.4900994424968
1986-01-19T22:30:00,demo_final_january_week,mcp,17.213058296770498,17.27462788972675,17.234758064124755,17.2614588499209,18.895822040456988,0.0,0.0,0.0,0.0,0.0,-1.7,14.0,22.0,0.09183615471624539,53.646170196218044,0.0,620.4900994424968
1986-01-19T22:45:00,demo_final_january_week,mcp,17.198407014566996,17.257505013021003,17.22054439773585,17.243805025812616,18.884711928521384,0.0,0.0,0.0,0.0,0.0,-1.7,14.0,22.0,0.09183615471624539,53.73800635093429,0.0,620.4900994424968
1986-01-19T23:00:00,demo_final_january_week,mcp,17.184725959771875,17.241414326984987,17.207237693505093,17.22720908042665,18.874177575210336,0.0,0.0,0.0,0.0,0.0,-1.7,14.0,22.0,0.09183615471624539,53.82984250565054,0.0,620.4900994424968
1986-01-19T23:15:00,demo_final_january_week,mcp,17.17492139348301,17.229088904393258,17.19783624623019,17.214367306378723,18.869896580643186,0.0,0.0,0.0,0.0,0.0,-1.825,14.0,22.0,0.09183615471624539,53.92167866036679,0.0,620.4900994424968
1986-01-19T23:30:00,demo_final_january_week,mcp,17.16781242778143,17.21926629613279,17.191153934143397,17.204017482335587,18.870457192075808,0.0,0.0,0.0,0.0,0.0,-1.9500000000000002,14.0,22.0,0.09183615471624539,54.013514815083035,0.0,620.4900994424968
1986-01-19T23:45:00,demo_final_january_week,mcp,17.16213085423941,17.210778498222258,17.185887770915183,17.195008558133704,18.873386367569257,0.0,0.0,0.0,0.0,0.0,-2.075,14.0,22.0,0.09183615471624539,54.10535096979928,0.0,620.4900994424968
1986-01-20T00:00:00,demo_final_january_week,mcp,17.157514050916067,17.203347366292288,17.181660675610807,17.18707198266446,18.877681392669814,0.0,0.0,0.0,0.0,0.0,-2.2,14.0,22.0,0.09183615471624539,54.19718712451553,0.0,620.4900994424968
1986-01-20T00:15:00,demo_final_january_week,mcp,17.141247281127274,17.18628352955803,17.16601045634023,17.169585751797598,18.8722969224308,0.0,0.0,0.0,0.0,0.0,-2.475,14.0,22.0,0.09183615471624539,54.28902327923178,0.0,620.4900994424968
1986-01-20T00:30:00,demo_final_january_week,mcp,17.116763845370926,17.162944640901262,17.14225366756557,17.145933506513323,18.859652323602177,0.0,0.0,0.0,0.0,0.0,-2.75,14.0,22.0,0.09183615471624539,54.380859433948025,0.0,620.4900994424968
1986-01-20T00:45:00,demo_final_january_week,mcp,17.088855537739686,17.13713624397656,17.115088574091814,17.119885603556334,18.844108207281337,0.0,0.0,0.0,0.0,0.0,-3.0249999999999995,14.0,22.0,0.09183615471624539,54.47269558866427,0.0,620.4900994424968
1986-01-20T01:00:00,demo_final_january_week,mcp,17.058946050263913,17.109679478993424,17.085920333306333,17.092229833396544,18.82727940156824,0.0,0.0,0.0,0.0,0.0,-3.3,12.0,25.0,0.09183615471624539,54.56453174338052,0.0,620.4900994424968
1986-01-20T01:15:00,demo_final_january_week,mcp,17.036482299196592,17.08761790959762,17.063639154704145,17.07001725822952,18.808907061054125,0.0,0.0,0.0,0.0,0.0,-3.0249999999999995,12.0,25.0,0.09183615471624539,54.65636789809677,0.0,620.4900994424968
1986-01-20T01:30:00,demo_final_january_week,mcp,17.01992500660777,17.069593681952682,17.046885137925422,17.051837237014265,18.789446430978614,0.0,0.0,0.0,0.0,0.0,-2.75,12.0,25.0,0.09183615471624539,54.748204052813016,0.0,620.4900994424968
1986-01-20T01:45:00,demo_final_january_week,mcp,17.006113830883596,17.053415254499402,17.032728338778185,17.03548186338174,18.769534349859892,0.0,0.0,0.0,0.0,0.0,-2.475,12.0,25.0,0.09183615471624539,54.84004020752926,0.0,620.4900994424968
1986-01-20T02:00:00,demo_final_january_week,mcp,16.994077761671445,17.038646495316204,17.020276756462106,17.02052114440595,18.7496047164763,0.0,0.0,0.0,0.0,0.0,-2.2,12.0,25.0,0.09183615471624539,54.93187636224551,0.0,620.4900994424968
1986-01-20T02:15:00,demo_final_january_week,mcp,16.97596769430782,17.019417945328623,17.002136439305033,17.00107982622092,18.72955352197789,0.0,0.0,0.0,0.0,0.0,-2.35,12.0,25.0,0.09183615471624539,55.02371251696176,0.0,620.4900994424968
1986-01-20T02:30:00,demo_final_january_week,mcp,16.953405353892226,16.997341701519694,16.979789066145504,16.97883378788053,18.70939555565109,0.0,0.0,0.0,0.0,0.0,-2.5,12.0,25.0,0.09183615471624539,55.115548671678006,0.0,620.4900994424968
1986-01-20T02:45:00,demo_final_january_week,mcp,16.930184791431614,16.9762111432133,16.956817227791692,16.957755587995592,18.689719012810748,0.0,0.0,0.0,0.0,0.0,-2.6499999999999995,12.0,25.0,0.09183615471624539,55.207384826394254,0.0026385990945472673,620.4927380415913
1986-01-20T03:00:00,demo_final_january_week,mcp,16.906833727495883,16.955739822035742,16.93371605389094,16.937467183884245,18.670300115794966,0.0,0.0,0.0,0.0,0.0,-2.8,13.0,24.5,0.09183615471624539,55.2992209811105,0.005222815489188967,620.4979608570806
1986-01-20T03:15:00,demo_final_january_week,mcp,16.89670689734673,16.946641529153784,16.923647134782808,16.928504444152182,18.66352455341479,0.0,0.0,0.0,0.0,0.0,-2.8,13.0,24.5,0.09183615471624539,55.39105713582675,0.007572693813504691,620.505533550894
1986-01-20T03:30:00,demo_final_january_week,mcp,16.89574588484926,16.94480499993615,16.922648923435506,16.926715420536,18.66616077939237,0.0,0.0,0.0,0.0,0.0,-2.8,13.0,24.5,0.09183615471624539,55.482893290543,0.009920064599376902,620.5154536154934
1986-01-20T03:45:00,demo_final_january_week,mcp,16.898597567634873,16.9456654886094,16.92528656069518,16.927557551528356,18.672735929508306,0.0,0.0,0.0,0.0,0.0,-2.8,13.0,24.5,0.09183615471624539,55.574729445259244,0.011952031456295843,620.5274056469497
1986-01-20T04:00:00,demo_final_january_week,mcp,16.903370546622277,16.94845762329908,16.930113626456162,16.930307660337018,18.681181474245417,0.0,0.0,0.0,0.0,0.0,-2.8,13.0,24.5,0.09183615471624539,55.66656559997549,0.014013099379727018,620.5414187463294
1986-01-20T04:15:00,demo_final_january_week,mcp,16.906390150006057,16.949725921618867,16.93312733362835,16.931542994101633,18.687075375335432,0.0,0.0,0.0,0.0,0.0,-2.8,13.0,24.5,0.09183615471624539,55.75840175469174,0.015950144875286818,620.5573688912048
1986-01-20T04:30:00,demo_final_january_week,mcp,16.908681487981134,16.95058042799798,16.935342100986556,16.93237341072039,18.691492426161343,0.0,0.0,0.0,0.0,0.0,-2.8,13.0,24.5,0.09183615471624539,55.85023790940799,0.017759518375469695,620.5751284095802
1986-01-20T04:45:00,demo_final_january_week,mcp,16.911473110797253,16.95197884193912,16.938041006986317,16.933745299114385,18.695907402968526,0.0,0.0,0.0,0.0,0.0,-2.8,13.0,24.5,0.09183615471624539,55.942074064124235,0.019428161276599583,620.5945565708568
1986-01-20T05:00:00,demo_final_january_week,mcp,16.914871320886906,16.954052573836332,16.94137557269056,16.935784004054323,18.70079983083746,0.0,0.0,0.0,0.0,0.0,-2.8,13.0,24.0,0.09183615471624539,56.03391021884048,0.021016348521560833,620.6155729193783
1986-01-20T05:15:00,demo_final_january_week,mcp,16.91892245884641,16.956717443991096,16.94536563138974,16.938405057895487,18.706178961978658,0.0,0.0,0.0,0.0,0.0,-2.8,13.0,24.0,0.09183615471624539,56.12574637355673,0.022520643996087015,620.6380935633745
1986-01-20T05:30:00,demo_final_january_week,mcp,16.923504601797053,16.959903403813566,16.94983578379224,16.941539291738835,18.711978482135276,0.0,0.0,0.0,0.0,0.0,-2.8,13.0,24.0,0.09183615471624539,56.21758252827298,0.011449407445259992,620.6495429708198
1986-01-20T05:45:00,demo_final_january_week,mcp,16.92855143122203,16.963561774383738,16.954840027770103,16.945137482196245,18.7181649539931,0.0,0.0,0.0,0.0,0.0,-2.8,13.0,24.0,0.09183615471624539,56.309418682989225,0.02189446786076909,620.6714374386805
1986-01-20T06:00:00,demo_final_january_week,mcp,16.934048778193745,16.967674807379147,16.960314036109033,16.94918364319319,18.724728916297863,0.0,0.0,0.0,0.0,0.0,-2.8,13.0,24.5,0.09183615471624539,56.40125483770547,0.026595570858838055,620.6980330095394
1986-01-20T06:15:00,demo_final_january_week,mcp,16.939969754986787,16.972203503082508,16.966202719754996,16.953638518462846,18.731651439086583,0.0,0.0,0.0,0.0,0.0,-2.8,13.0,24.5,0.09183615471624539,56.49309099242172,0.027693158659710403,620.7257261681991
1986-01-20T06:30:00,demo_final_january_week,mcp,16.946280555783307,16.977108184967193,16.9724762777484,16.95846207234429,18.73890850235448,0.0,0.0,0.0,0.0,0.0,-2.8,13.0,24.5,0.09183615471624539,56.58492714713797,0.028681794999747854,620.7544079631989
1986-01-20T06:45:00,demo_final_january_week,mcp,16.952951934418085,16.98235924599685,16.979111564017987,16.963625056311457,18.74647826914281,0.0,0.0,0.0,0.0,0.0,-2.8,13.0,24.5,0.09183615471624539,56.676763301854216,0.029567876355046395,620.7839758395539
1986-01-20T07:00:00,demo_final_january_week,mcp,16.959958458104786,16.987931303793864,16.986084267621283,16.96910254208557,18.75434111410229,0.0,0.0,0.0,0.0,0.0,-2.8,12.0,27.5,0.09183615471624539,56.76859945657046,0.03035485953962632,620.8143306990936
1986-01-20T07:15:00,demo_final_january_week,mcp,16.96415376787414,16.991137572517538,16.99026893998469,16.972232242071765,18.75898116746104,0.0,0.0,0.0,0.0,0.0,-2.8,12.0,27.5,0.09183615471624539,56.86043561128671,0.031046111321732916,620.8453768104154
1986-01-20T07:30:00,demo_final_january_week,mcp,16.97898270674243,17.0509344729923,17.014434613391938,16.993420776173462,18.7615149341116,0.0,0.0,0.0,0.0,0.0,-2.8,12.0,27.5,0.09183615471624539,56.95227176600296,0.03161242720719236,620.8769892376225
1986-01-20T07:45:00,demo_final_january_week,mcp,17.002471090788248,17.137971078223487,17.051449353117796,17.02556920940119,18.764135376065205,0.0,0.0,0.0,0.0,0.0,-2.8,12.0,27.5,0.09183615471624539,57.044107920719206,0.03166307728918421,620.9086523149117
1986-01-20T08:00:00,demo_final_january_week,mcp,17.03078304881712,17.21816982880958,17.095258997377535,17.063766615289467,18.768060289651256,0.0,0.0,0.0,0.0,0.0,-2.8,15.0,26.0,0.09183615471624539,57.135944075435454,0.031712838223274024,620.940365153135
1986-01-20T08:15:00,demo_final_january_week,mcp,17.065119699099323,17.28883391683641,17.14757315136035,17.10966292247129,18.77689415637361,0.0,0.0,0.0,0.0,0.0,-2.8,15.0,26.0,0.09183615471624539,57.2277802301517,0.031001466451931088,620.9713666195869
1986-01-20T08:30:00,demo_final_january_week,mcp,17.104879281995405,17.359809767230654,17.207239724936237,17.16220552596274,18.789693295547718,0.0,0.0,0.0,0.0,0.0,-2.8,15.0,26.0,0.09183615471624539,57.31961638486795,0.029806572086737895,621.0011731916736
1986-01-20T08:45:00,demo_final_january_week,mcp,17.15232505394873,17.446685996326625,17.27622534440171,17.22327312318364,18.804967250831034,0.0,0.0,0.0,0.0,0.0,-2.8,15.0,26.0,0.09183615471624539,57.4114525395842,0.028023931514602054,621.0291971231882
1986-01-20T09:00:00,demo_final_january_week,mcp,17.207248263198217,17.544658173085583,17.353088089548354,17.291417262090196,18.822311173095855,0.0,0.0,0.0,0.0,0.0,-2.8,15.0,24.0,0.09183615471624539,57.503288694300444,0.025254403101474684,621.0544515262897
1986-01-20T09:15:00,demo_final_january_week,mcp,17.268767557761826,17.6474288925943,17.435314739625447,17.364353434025507,18.838820446963407,0.0,0.0,0.0,0.0,0.0,-2.6499999999999995,15.0,24.0,0.09183615471624539,57.59512484901669,0.02150909436825528,621.075960620658
1986-01-20T09:30:00,demo_final_january_week,mcp,17.336563908624775,17.75278112109336,17.522454989888306,17.441869729816446,18.855344177878237,0.0,0.0,0.0,0.0,0.0,-2.5,15.0,24.0,0.09183615471624539,57.68696100373294,0.016981042670511745,621.0929416633285
1986-01-20T09:45:00,demo_final_january_week,mcp,17.403949206537295,17.846776970458755,17.607270368741922,17.517577399077823,18.873113784902888,0.0,0.0,0.0,0.0,0.0,-2.35,15.0,24.0,0.09183615471624539,57.77879715844919,0.011754285180352464,621.1046959485088
1986-01-20T10:00:00,demo_final_january_week,mcp,17.47098529822159,17.93151440710723,17.68979913191742,17.59005050661315,18.89232641572472,0.0,0.0,0.0,0.0,0.0,-2.2,15.0,24.0,0.09183615471624539,57.870633313165435,0.006068077588941734,621.1107640260977
1986-01-20T10:15:00,demo_final_january_week,mcp,17.532420735672318,18.005554846675583,17.763411167637273,17.6548158905429,18.906027734750364,0.0,0.0,0.0,0.0,0.0,-2.075,15.0,24.0,0.09183615471624539,57.96246946788168,0.0003433001763660018,621.1111073262741
1986-01-20T10:30:00,demo_final_january_week,mcp,17.593985248801676,18.07928939609322,17.832906384957916,17.720945730838874,18.917380147920927,0.0,0.0,0.0,0.0,0.0,-1.9500000000000002,15.0,24.0,0.09183615471624539,58.05430562259793,0.0,621.1111073262741
1986-01-20T10:45:00,demo_final_january_week,mcp,17.654747855327145,18.14914384387556,17.898847735778084,17.787628438375805,18.92904668443966,0.0,0.0,0.0,0.0,0.0,-1.825,15.0,24.0,0.09183615471624539,58.14614177731418,0.0,621.1111073262741
1986-01-20T11:00:00,demo_final_january_week,mcp,17.715250330241826,18.21402634985425,17.96166014501074,17.853087612767418,18.941370288163693,0.0,0.0,0.0,0.0,0.0,-1.7,15.0,23.0,0.09183615471624539,58.237977932030425,0.0,621.1111073262741
1986-01-20T11:15:00,demo_final_january_week,mcp,17.774424452377154,18.276214658058883,18.022766515945943,17.91791420173165,18.956727096753763,0.0,0.0,0.0,0.0,0.0,-1.7,15.0,23.0,0.09183615471624539,58.32981408674667,0.0,621.1111073262741
1986-01-20T11:30:00,demo_final_january_week,mcp,17.834024523692115,18.336150216912422,18.08201856949922,17.98182525974302,18.974292524304488,0.0,0.0,0.0,0.0,0.0,-1.7,15.0,23.0,0.09183615471624539,58.42165024146292,0.0,621.1111073262741
1986-01-20T11:45:00,demo_final_january_week,mcp,17.888772869490552,18.38553873452846,18.134184675492136,18.039963559550202,18.992731196790825,0.0,0.0,0.0,0.0,0.0,-1.7,15.0,23.0,0.09183615471624539,58.51348639617917,0.0,621.1111073262741
1986-01-20T12:00:00,demo_final_january_week,mcp,17.938565304512103,18.424873511635425,18.179189644271368,18.09221850285933,19.011184957099715,0.0,0.0,0.0,0.0,0.0,-1.7,14.5,22.0,0.09183615471624539,58.605322550895416,0.0,621.1111073262741
1986-01-20T12:15:00,demo_final_january_week,mcp,18.000705314122083,18.469848421737257,18.233693019251714,18.152452721819856,19.03994492451126,0.0,0.0,0.0,0.0,0.0,-1.5499999999999998,14.5,22.0,0.09183615471624539,58.69715870561166,0.0,621.1111073262741
1986-01-20T12:30:00,demo_final_january_week,mcp,18.07252851403689,18.518122878654907,18.294618190021506,18.21704149570016,19.076130201110647,0.0,0.0,0.0,0.0,0.0,-1.4,14.5,22.0,0.09183615471624539,58.78899486032791,0.0,621.1111073262741
1986-01-20T12:45:00,demo_final_january_week,mcp,18.324171984560977,18.62024280244689,18.349074503296148,18.27536087820738,19.115750556729683,0.0,0.0,0.0,0.0,0.0,-1.25,14.5,22.0,0.09183615471624539,58.88083101504416,0.0,621.1111073262741
1986-01-20T13:08:00,demo_final_january_week,mcp,18.84198957313968,18.752791857859272,18.407074564170816,18.34539009456696,19.17002422495524,0.0,0.0,0.0,0.0,0.0,-1.1,14.0,22.0,0.09183615471624539,58.972667169760406,0.0,621.1111073262741
1986-01-20T13:23:00,demo_final_january_week,mcp,19.437888544493077,18.827056758168975,18.451331123587302,18.403580370655053,19.226213063234407,0.0,0.0,0.0,0.0,0.0,-0.8250000000000001,14.0,22.0,0.09183615471624539,59.064503324476654,0.0,621.1111073262741
1986-01-20T13:35:00,demo_final_january_week,mcp,20.1709742359594,18.866732381551117,18.497298406877686,18.472508796763318,19.294215569561548,0.0,0.0,0.0,0.0,0.0,-0.55,14.0,22.0,0.09183615471624539,59.1563394791929,0.0,621.1111073262741
1986-01-20T13:50:00,demo_final_january_week,mcp,20.735840040303,18.868897029137326,18.532449479014588,18.533277730953163,19.365356851670715,0.0,0.0,0.0,0.0,0.0,-0.275,14.0,22.0,0.09183615471624539,59.24817563390915,0.0,621.1111073262741
1986-01-20T14:08:00,demo_final_january_week,mcp,21.241847798959945,18.869720815649742,18.558096197326307,18.584927791527782,19.43523837657607,0.0,0.0,0.0,0.0,0.0,0.0,14.0,22.0,0.09183615471624539,59.3400117886254,0.0,621.1111073262741
1986-01-20T14:23:00,demo_final_january_week,mcp,21.704371905058235,18.88979086503948,18.581580769891282,18.65855598701693,19.49707491367976,0.0,0.0,0.0,0.0,0.0,0.275,14.0,22.0,0.09183615471624539,59.431847943341644,0.0,621.1111073262741
1986-01-20T14:38:00,demo_final_january_week,mcp,21.99791110173554,18.901207162461233,18.586584305733712,18.75156360427876,19.553720305123786,0.0,0.0,0.0,0.0,0.0,0.55,14.0,22.0,0.09353934141900457,59.52538728476065,0.0,621.1111073262741
1986-01-20T14:53:00,demo_final_january_week,mcp,21.99987433385035,18.922095063267257,18.59595171699839,18.879696791594455,19.61952518401959,0.0,0.0,0.0,0.0,0.0,0.8250000000000001,14.0,22.0,0.09767527152151959,59.623062556282164,0.0,621.1111073262741
1986-01-20T15:00:00,demo_final_january_week,mcp,22.012979465923387,18.937060180999655,18.60277495515463,18.9999442233305,19.669281946834808,0.0,0.0,0.0,0.0,0.0,1.1,14.0,22.0,0.10079107675673396,59.7238536330389,0.0,621.1111073262741
1986-01-20T15:15:00,demo_final_january_week,mcp,22.1400204272055,18.964794515086314,18.61787152710655,19.17377197859597,19.730790144395407,0.0,0.0,0.0,0.0,0.0,1.25,14.0,22.0,0.10079107675673396,59.824644709795635,0.0,621.1111073262741
1986-01-20T15:30:00,demo_final_january_week,mcp,22.284302838384193,18.98363106670237,18.626258355831997,19.358433251678992,19.78867317062243,0.0,0.0,0.0,0.0,0.0,1.4,14.0,22.0,0.10079107675673396,59.92543578655237,0.0,621.1111073262741
1986-01-20T15:45:00,demo_final_january_week,mcp,22.287284573517873,18.99387500707881,18.627887566547514,19.51547340925015,19.841995424943374,0.0,0.0,0.0,0.0,0.0,1.5499999999999998,14.0,22.0,0.10079107675673396,60.026226863309105,0.0,621.1111073262741
1986-01-20T16:00:00,demo_final_january_week,mcp,22.150879844324443,18.99534288905555,18.625902243095187,19.628493791701622,19.889194753236342,0.0,0.0,0.0,0.0,0.0,1.7,14.0,22.0,0.10079107675673396,60.12701794006584,0.0,621.1111073262741
1986-01-20T16:15:00,demo_final_january_week,mcp,22.01573882419909,18.974975472176844,18.598514337329295,19.669201484874943,19.921406210921234,0.0,0.0,0.0,0.0,0.0,1.125,14.0,22.0,0.09638051979924253,60.22339845986508,0.0,621.1111073262741
1986-01-20T16:30:00,demo_final_january_week,mcp,21.802224066740266,18.934886783339383,18.549755145361868,19.60332753646906,19.935754308875385,0.0,0.0,0.0,0.0,0.0,0.55,14.0,22.0,0.09183615471624539,60.31523461458133,0.0,621.1111073262741
1986-01-20T16:53:00,demo_final_january_week,mcp,21.152218071640156,18.825337210920097,18.44270027889009,19.35000057686704,19.921142201769786,0.0,0.0,0.0,0.0,0.0,-0.024999999999999967,14.0,22.0,0.09183615471624539,60.407070769297576,0.0,621.1111073262741
1986-01-20T17:08:00,demo_final_january_week,mcp,20.685303172681074,18.734592384539553,18.3577468134864,19.18086086098421,19.889954914781775,0.0,0.0,0.0,0.0,0.0,-0.6,14.0,22.0,0.09183615471624539,60.49890692401382,0.0,621.1111073262741
1986-01-20T17:23:00,demo_final_january_week,mcp,20.321394233450945,18.661700160021525,18.297171801113613,19.056238589211873,19.867906891385882,0.0,0.0,0.0,0.0,0.0,-1.0,14.0,22.0,0.09183615471624539,60.59074307873007,0.0,621.1111073262741
1986-01-20T17:38:00,demo_final_january_week,mcp,19.99944151342789,18.59039278727825,18.24149655589689,18.937178695164576,19.846112936981257,0.0,0.0,0.0,0.0,0.0,-1.4000000000000001,14.0,22.0,0.09183615471624539,60.68257923344632,0.0,621.1111073262741
1986-01-20T17:45:00,demo_final_january_week,mcp,19.767283855708822,18.535567729040388,18.19946067725267,18.847595867163854,19.828643328159195,0.0,0.0,0.0,0.0,0.0,-1.8,14.0,22.0,0.09183615471624539,60.774415388162566,0.0,621.1111073262741
1986-01-20T18:00:00,demo_final_january_week,mcp,19.51688198466876,18.47062545816645,18.149893883402488,18.745515721839748,19.806754478958524,0.0,0.0,0.0,0.0,0.0,-2.2,14.0,22.0,0.09183615471624539,60.866251542878814,0.0,621.1111073262741
1986-01-20T18:15:00,demo_final_january_week,mcp,19.293156796717238,18.406173347541362,18.10168515308582,18.647782425297905,19.77866435046013,0.0,0.0,0.0,0.0,0.0,-2.2,14.0,22.0,0.09183615471624539,60.95808769759506,0.0,621.1111073262741
1986-01-20T18:30:00,demo_final_january_week,mcp,19.090245794249785,18.341952584354242,18.054299291552844,18.55346735896019,19.74564293941668,0.0,0.0,0.0,0.0,0.0,-2.2,14.0,23.0,0.09183615471624539,61.04992385231131,0.0,621.1111073262741
1986-01-20T18:45:00,demo_final_january_week,mcp,18.90709326477049,18.27871008894261,18.00776687177318,18.46334578591448,19.710508345132354,0.0,0.0,0.0,0.0,0.0,-2.2,14.0,23.0,0.09183615471624539,61.14176000702756,0.0,621.1111073262741
1986-01-20T19:00:00,demo_final_january_week,mcp,18.74249523723033,18.216974318075145,17.96240560947095,18.377803179579214,19.67467931206894,0.0,0.0,0.0,0.0,0.0,-2.2,14.0,23.0,0.09183615471624539,61.233596161743804,0.0,621.1111073262741
1986-01-20T19:15:00,demo_final_january_week,mcp,18.59531066421274,18.157947363403746,17.9194601081531,18.297733756675843,19.63864905186727,0.0,0.0,0.0,0.0,0.0,-2.2,14.0,23.0,0.09183615471624539,61.32543231646005,0.0,621.1111073262741
1986-01-20T19:30:00,demo_final_january_week,mcp,18.463669297489755,18.101678145778887,17.87899828931614,18.22287451959087,19.602723035397833,0.0,0.0,0.0,0.0,0.0,-2.2,14.0,23.5,0.09183615471624539,61.4172684711763,0.0,621.1111073262741
1986-01-20T19:45:00,demo_final_january_week,mcp,18.345600044804097,18.04795777125451,17.840598055480278,18.15274430967827,19.567210759462483,0.0,0.0,0.0,0.0,0.0,-2.2,14.0,23.5,0.09183615471624539,61.50910462589255,0.0,621.1111073262741
1986-01-20T20:00:00,demo_final_january_week,mcp,18.23952187829532,17.99673336156394,17.80406224214398,18.087045060824245,19.532383235795344,0.0,0.0,0.0,0.0,0.0,-2.2,14.0,23.5,0.09183615471624539,61.600940780608795,0.0,621.1111073262741
1986-01-20T20:15:00,demo_final_january_week,mcp,18.146956418562702,17.950319536858068,17.772417675915754,18.027857031233065,19.49595093166259,0.0,0.0,0.0,0.0,0.0,-1.9250000000000003,14.0,23.5,0.09183615471624539,61.69277693532504,0.0,621.1111073262741
1986-01-20T20:30:00,demo_final_january_week,mcp,18.0666753626284,17.90961494067978,17.74540131912158,17.974749115980654,19.458933595912253,0.0,0.0,0.0,0.0,0.0,-1.6500000000000001,14.0,23.5,0.09183615471624539,61.78461309004129,0.0,621.1111073262741
1986-01-20T20:45:00,demo_final_january_week,mcp,17.99671318407524,17.872410903907063,17.721924989093157,17.926925066400706,19.422694622523924,0.0,0.0,0.0,0.0,0.0,-1.375,14.0,23.5,0.09183615471624539,61.87644924475754,0.0,621.1111073262741
1986-01-20T21:00:00,demo_final_january_week,mcp,17.935673523145837,17.83826477047786,17.7014946472698,17.883862451195085,19.387791368643455,0.0,0.0,0.0,0.0,0.0,-1.1,14.0,23.5,0.09183615471624539,61.968285399473785,0.0,621.1111073262741
1986-01-20T21:15:00,demo_final_january_week,mcp,17.872800549341488,17.79894505465181,17.673845662963124,17.83685588027158,19.3499728532175,0.0,0.0,0.0,0.0,0.0,-1.1,14.0,23.5,0.09183615471624539,62.06012155419003,0.0,621.1111073262741
1986-01-20T21:30:00,demo_final_january_week,mcp,17.809877095996303,17.757050724396315,17.64207335619971,17.788277104473345,19.310435690691012,0.0,0.0,0.0,0.0,0.0,-1.1,14.0,23.5,0.09183615471624539,62.15195770890628,0.0,621.1111073262741
1986-01-20T21:45:00,demo_final_january_week,mcp,17.750071030944646,17.715783574536914,17.608974916541733,17.741213645428378,19.270988296241356,0.0,0.0,0.0,0.0,0.0,-1.1,14.0,23.5,0.09183615471624539,62.24379386362253,0.0,621.1111073262741
1986-01-20T22:00:00,demo_final_january_week,mcp,17.693918632742744,17.675644885099192,17.575624389590082,17.696035257708147,19.23218348153702,0.0,0.0,0.0,0.0,0.0,-1.1,14.0,23.5,0.09183615471624539,62.335630018338776,0.0,621.1111073262741
1986-01-20T22:15:00,demo_final_january_week,mcp,17.64384103141719,17.63889475609163,17.545256232501437,17.654874433239453,19.197247526591486,0.0,0.0,0.0,0.0,0.0,-1.1,14.0,23.5,0.09183615471624539,62.42746617305502,0.0,621.1111073262741
1986-01-20T22:30:00,demo_final_january_week,mcp,17.598560109601365,17.604729331269674,17.51687510748803,17.61669428517604,19.165346874012258,0.0,0.0,0.0,0.0,0.0,-1.1,14.0,23.5,0.09183615471624539,62.51930232777127,0.0,621.1111073262741
1986-01-20T22:45:00,demo_final_january_week,mcp,17.556629995097243,17.57188125956788,17.489628115399587,17.58047958560441,19.13511088737382,0.0,0.0,0.0,0.0,0.0,-1.1,14.0,23.5,0.09183615471624539,62.61113848248752,0.0,621.1111073262741
1986-01-20T23:00:00,demo_final_january_week,mcp,17.51743766304615,17.54037864618724,17.46315398104446,17.546063993427996,19.106002619723427,0.0,0.0,0.0,0.0,0.0,-1.1,14.0,23.5,0.09183615471624539,62.702974637203766,0.0,621.1111073262741
1986-01-20T23:15:00,demo_final_january_week,mcp,17.474436637202363,17.504497727728825,17.43105708019111,17.507635264125557,19.070873744162355,0.0,0.0,0.0,0.0,0.0,-1.1,14.0,23.5,0.09183615471624539,62.794810791920014,0.0,621.1111073262741
1986-01-20T23:30:00,demo_final_january_week,mcp,17.429309578458735,17.466228897611195,17.395355964752024,17.467170164018665,19.031467913075485,0.0,0.0,0.0,0.0,0.0,-1.1,12.0,22.0,0.09183615471624539,62.88664694663626,0.0,621.1111073262741
1986-01-20T23:45:00,demo_final_january_week,mcp,17.384405003846638,17.427679284068763,17.358623496104354,17.426730403151613,18.990768362387275,0.0,0.0,0.0,0.0,0.0,-1.1,12.0,22.0,0.09183615471624539,62.97848310135251,0.0,621.1111073262741
1986-01-21T00:00:00,demo_final_january_week,mcp,17.340342098320473,17.38930061383931,17.321629843432927,17.386715219277683,18.94991110819338,0.0,0.0,0.0,0.0,0.0,-1.1,12.0,22.0,0.09183615471624539,63.07031925606876,0.0,621.1111073262741
