timestamp,run_id,mode,zone_temp_c_SPACE1-1,zone_temp_c_SPACE2-1,zone_temp_c_SPACE3-1,zone_temp_c_SPACE4-1,zone_temp_c_SPACE5-1,zone_occupant_count_SPACE1-1,zone_occupant_count_SPACE2-1,zone_occupant_count_SPACE3-1,zone_occupant_count_SPACE4-1,zone_occupant_count_SPACE5-1,outdoor_temp_c,heating_setpoint_c,cooling_setpoint_c,hvac_electricity_interval_kwh,hvac_electricity_cumulative_kwh,hvac_gas_interval_kwh,hvac_gas_cumulative_kwh
1986-01-01T00:15:00,extended_january,baseline,18.00005069313227,17.999636458275877,18.00053582321405,18.000332414971446,19.21535888179484,0.0,0.0,0.0,0.0,0.0,-4.324999999999999,18.0,27.0,0.09183615471624539,0.09183615471624539,0.3137010863543225,0.3137010863543225
1986-01-01T00:30:00,extended_january,baseline,18.00028596009076,17.999896128965318,17.999717888827444,18.001145013210575,19.15459619889903,0.0,0.0,0.0,0.0,0.0,-6.949999999999999,18.0,27.0,0.09183615471624539,0.18367230943249077,0.46218742667347695,0.7758885130277995
1986-01-01T00:45:00,extended_january,baseline,17.999766679767898,18.00089569906179,18.00062007667359,18.001354295874812,19.093035416692025,0.0,0.0,0.0,0.0,0.0,-9.575,18.0,27.0,0.09183615471624539,0.27550846414873614,0.6321391962354584,1.408027709263258
1986-01-01T01:00:00,extended_january,baseline,18.000353953226423,18.000399167690883,18.000016205112146,17.999793757909053,19.03154876292942,0.0,0.0,0.0,0.0,0.0,-12.2,18.0,27.0,0.09183615471624539,0.36734461886498154,0.8123576337222712,2.220385342985529
1986-01-01T01:15:00,extended_january,baseline,17.99956347757306,18.00058167516212,18.00068421949822,17.999039189648528,18.981825941846477,0.0,0.0,0.0,0.0,0.0,-12.075,18.0,27.0,0.09183615471624539,0.45918077358122694,0.8693295689473275,3.0897149119328566
1986-01-01T01:30:00,extended_january,baseline,17.9991389052608,18.000077278566362,17.99961202128944,17.999934274342866,18.941046337298935,0.0,0.0,0.0,0.0,0.0,-11.95,18.0,27.0,0.09183615471624539,0.5510169282974723,0.915801755700888,4.005516667633745
1986-01-01T01:45:00,extended_january,baseline,17.999964798222006,18.001446615915455,17.999739347252326,18.00165565505192,18.90407799890478,0.0,0.0,0.0,0.0,0.0,-11.825,18.0,27.0,0.09183615471624539,0.6428530830137177,0.9607254003797727,4.966242068013518
1986-01-01T02:00:00,extended_january,baseline,18.000186141439205,18.000262097786155,17.99984311182648,18.001920399825423,18.86869746953716,0.0,0.0,0.0,0.0,0.0,-11.7,18.0,27.0,0.09183615471624539,0.7346892377299631,0.9963866556139362,5.9626287236274536
1986-01-01T02:15:00,extended_january,baseline,17.999836170978032,18.000176514897596,17.999249468891033,17.999826020100226,18.839714428690876,0.0,0.0,0.0,0.0,0.0,-11.549999999999999,18.0,27.0,0.09183615471624539,0.8265253924462085,1.017003143706564,6.979631867334017
1986-01-01T02:30:00,extended_january,baseline,18.000716584167286,18.00057960142469,17.999751905631438,18.000148834229968,18.815821437218975,0.0,0.0,0.0,0.0,0.0,-11.399999999999999,18.0,27.0,0.09183615471624539,0.9183615471624539,1.0385420869832824,8.0181739543173
1986-01-01T02:45:00,extended_january,baseline,17.999865535120684,18.000323937225314,18.00059769994444,18.001664199712703,18.79473979076583,0.0,0.0,0.0,0.0,0.0,-11.25,18.0,27.0,0.09183615471624539,1.0101977018786992,1.0538960145578546,9.072069968875155
1986-01-01T03:00:00,extended_january,baseline,18.0011457131165,18.0012483885096,18.000882231905436,17.998613771222207,18.77557384424453,0.0,0.0,0.0,0.0,0.0,-11.1,18.0,27.0,0.09183615471624539,1.1020338565949446,1.0680989509008374,10.140168919775993
1986-01-01T03:15:00,extended_january,baseline,18.0012007423783,18.000266067755668,17.999830993338158,18.00028360082332,18.74783967152698,0.0,0.0,0.0,0.0,0.0,-11.1,18.0,27.0,0.09183615471624539,1.19387001131119,1.1062490825395368,11.24641800231553
1986-01-01T03:30:00,extended_january,baseline,18.00024776793368,17.99869859657806,18.00050473496391,17.998468638065656,18.714163293889523,0.0,0.0,0.0,0.0,0.0,-11.1,18.0,27.0,0.09183615471624539,1.2857061660274354,1.1397958302035736,12.386213832519102
1986-01-01T03:45:00,extended_january,baseline,17.999813862859476,17.999831259520967,17.99916903677768,17.998027852278184,18.67909375111969,0.0,0.0,0.0,0.0,0.0,-11.1,18.0,27.0,0.09183615471624539,1.3775423207436808,1.1704437909596066,13.556657623478708
1986-01-01T04:00:00,extended_january,baseline,18.000270947526612,17.999820292893638,17.99877833259458,18.00045414411156,18.644631145577083,0.0,0.0,0.0,0.0,0.0,-11.1,18.0,27.0,0.09183615471624539,1.4693784754599262,1.200123393765304,14.756781017244013
1986-01-01T04:15:00,extended_january,baseline,17.99993977567906,17.998199180463683,17.999801985018298,18.000583690630826,18.618192601015647,0.0,0.0,0.0,0.0,0.0,-10.975,18.0,27.0,0.09183615471624539,1.5612146301761716,1.2080307115680018,15.964811728812014
1986-01-01T04:30:00,extended_january,baseline,18.000167427503424,18.001297916259407,17.999066505253857,18.000406555011768,18.598021600952997,0.0,0.0,0.0,0.0,0.0,-10.85,18.0,27.0,0.09183615471624539,1.653050784892417,1.2195237867535524,17.184335515565568
1986-01-01T04:45:00,extended_january,baseline,17.999855308730822,18.000685650528826,17.999427083673734,18.001393513241364,18.580880891243535,0.0,0.0,0.0,0.0,0.0,-10.725,18.0,27.0,0.09183615471624539,1.7448869396086624,1.230093932021307,18.414429447586876
1986-01-01T05:00:00,extended_january,baseline,17.999651437083717,18.001213037790734,17.999827707889253,17.999883595224844,18.56540571452973,0.0,0.0,0.0,0.0,0.0,-10.6,18.0,27.0,0.09183615471624539,1.8367230943249078,1.2399152424008009,19.654344689987678
1986-01-01T05:15:00,extended_january,baseline,17.999621525710317,17.998396100297985,17.999942848269423,17.999102895473573,18.55086916064827,0.0,0.0,0.0,0.0,0.0,-10.6,18.0,27.0,0.09183615471624539,1.9285592490411532,1.2551363165370786,20.909481006524757
1986-01-01T05:30:00,extended_january,baseline,17.999862390977814,18.00089528218474,18.000157361428464,17.999572897908745,18.537304228848107,0.0,0.0,0.0,0.0,0.0,-10.6,18.0,27.0,0.09183615471624539,2.0203954037573983,1.274608937198365,22.184089943723123
1986-01-01T05:45:00,extended_january,baseline,18.000514331540494,18.000145479820286,17.99899590120099,18.000796671968764,18.524786276831765,0.0,0.0,0.0,0.0,0.0,-10.6,18.0,27.0,0.09183615471624539,2.1122315584736437,1.2883541630108761,23.472444106734
1986-01-01T06:00:00,extended_january,baseline,17.999848192792992,18.000156569807586,17.998894836977975,17.99880521960932,18.513275375772405,0.0,0.0,0.0,0.0,0.0,-10.6,18.0,27.0,0.09183615471624539,2.204067713189889,1.3028279503572904,24.77527205709129
1986-01-01T06:19:00,extended_january,baseline,19.473623979196073,19.70066627202843,19.440145552343278,19.709114958295736,19.771292945373503,0.0,0.0,0.0,0.0,0.0,-10.6,21.0,24.0,0.09183615471624539,2.2959038679061345,7.367365304708445,32.142637361799736
1986-01-01T06:34:00,extended_january,baseline,20.083452475301005,20.352785631410967,20.029927188069333,20.356678910191373,20.313026830586097,0.0,0.0,0.0,0.0,0.0,-10.6,21.0,24.0,0.09183615471624539,2.38774002262238,6.4543720128061395,38.597009374605875
1986-01-01T06:53:00,extended_january,baseline,20.391470376698575,20.677315698595674,20.332190403436336,20.67643075295347,20.59241170612968,0.0,0.0,0.0,0.0,0.0,-10.6,21.0,24.0,0.09183615471624539,2.4795761773386253,6.4528635089231035,45.04987288352898
1986-01-01T07:00:00,extended_january,baseline,20.542417237023887,20.83896278116901,20.481610210900488,20.834596963582204,20.72677290077816,0.0,0.0,0.0,0.0,0.0,-10.6,21.0,24.0,0.09183615471624539,2.5714123320548707,6.45134856807641,51.50122145160539
1986-01-01T07:15:00,extended_january,baseline,20.713576296014537,20.988292170865215,20.651920650473567,20.984478240475845,20.881419682135885,0.0,0.0,0.0,0.0,0.0,-10.45,21.0,24.0,0.09183615471624539,2.663248486771116,6.418036515170788,57.91925796677618
1986-01-01T07:30:00,extended_january,baseline,20.879621316445018,20.996770979570574,20.8212277171725,20.9986326879036,20.99922137585994,0.0,0.0,0.0,0.0,0.0,-10.3,21.0,24.0,0.09183615471624539,2.7550846414873615,6.290217289041447,64.20947525581762
1986-01-01T07:45:00,extended_january,baseline,20.99380257824643,21.00318631245769,20.992512568609982,20.999797030810164,21.001033344962618,0.0,0.0,0.0,0.0,0.0,-10.15,21.0,24.0,0.09183615471624539,2.846920796203607,6.05767509609687,70.2671503519145
1986-01-01T08:00:00,extended_january,baseline,20.99897877854406,20.99855348061063,20.9996220873429,21.001082690604935,21.000040776249215,0.0,0.0,0.0,0.0,0.0,-10.0,21.0,24.0,0.09183615471624539,2.9387569509198523,5.760102665443285,76.02725301735778
1986-01-01T08:23:00,extended_january,baseline,21.00017335309554,20.999579275930007,21.001660085120864,21.00251562884602,21.070765955100008,11.0,5.0,11.0,5.0,20.0,-9.725,21.0,24.0,0.09183615471624539,3.0305931056360977,3.650835724821932,79.67808874217971
1986-01-01T08:38:00,extended_january,baseline,21.00088506875329,21.001102180686928,21.002206158003172,21.00218428786148,21.2446783121982,11.0,5.0,11.0,5.0,20.0,-9.45,21.0,24.0,0.09183615471624539,3.122429260352343,3.5106696361490743,83.18875837832879
1986-01-01T08:45:00,extended_january,baseline,21.0011943245108,21.275087752974386,21.00156087417584,21.002876402086997,21.372900056508406,11.0,5.0,11.0,5.0,20.0,-9.175,21.0,24.0,0.09183615471624539,3.2142654150685885,3.3327681675900225,86.5215265459188
1986-01-01T09:08:00,extended_january,baseline,21.002304411637176,21.799086684102967,21.001756731373494,21.002004336191472,21.536687690601543,11.0,5.0,11.0,5.0,20.0,-8.9,21.0,24.0,0.09183615471624539,3.306101569784834,3.174122819081972,89.69564936500078
1986-01-01T09:20:00,extended_january,baseline,21.000419332989328,22.57374118296002,21.00071550360497,21.000796795742016,22.11248396379693,11.0,5.0,11.0,5.0,20.0,-8.350000000000001,21.0,24.0,0.09183615471624539,3.3979377245010793,2.733699817435129,92.4293491824359
1986-01-01T09:38:00,extended_january,baseline,21.00016836779151,22.993213422945985,21.001580412837733,21.000868261800758,22.342329781984645,11.0,5.0,11.0,5.0,20.0,-7.800000000000001,21.0,24.0,0.09183615471624539,3.4897738792173247,2.542261862667164,94.97161104510306
1986-01-01T09:53:00,extended_january,baseline,21.00016579788386,23.37085356743266,21.000896436096927,21.00069449609557,22.5061584720984,11.0,5.0,11.0,5.0,20.0,-7.25,21.0,24.0,0.09183615471624539,3.58161003393357,2.390549461952801,97.36216050705586
1986-01-01T10:08:00,extended_january,baseline,21.0962164675284,23.679009915603533,21.000727780426345,21.000378642280882,22.603603000492804,11.0,5.0,11.0,5.0,20.0,-6.7,21.0,24.0,0.09183615471624539,3.6734461886498155,2.2708403402189914,99.63300084727486
1986-01-01T10:15:00,extended_january,baseline,21.272227729277972,23.91671380160599,21.001458389982385,21.00177659380139,22.699159763742028,11.0,5.0,11.0,5.0,20.0,-6.275,21.0,24.0,0.09183615471624539,3.765282343366061,2.1771846389881637,101.81018548626302
1986-01-01T10:30:00,extended_january,baseline,21.551406060867247,23.98893080243451,21.000879887108397,20.999488885982537,22.82389290061756,11.0,5.0,11.0,5.0,20.0,-5.85,21.0,24.0,0.092449678178177,3.857732021544238,2.0425394077980292,103.85272489406105
1986-01-01T10:45:00,extended_january,baseline,21.845841328993906,23.99806143914473,21.000270603169128,20.999978452075027,22.952992131440503,11.0,5.0,11.0,5.0,20.0,-5.425,21.0,24.0,0.09262741691796521,3.950359438462203,1.9658091034728933,105.81853399753395
1986-01-01T11:00:00,extended_january,baseline,22.137252701561476,23.99905857365545,21.061242949748813,21.000022239858204,23.067680811775862,11.0,5.0,11.0,5.0,20.0,-5.0,21.0,24.0,0.09269204474067909,4.043051483202882,1.8959433970031558,107.7144773945371
1986-01-01T11:15:00,extended_january,baseline,22.301282935172257,23.99925373051753,21.057341194355434,21.002892656566097,23.079442318522652,8.8,4.0,8.8,4.0,16.0,-4.575,21.0,24.0,0.09227321637642186,4.1353246995793045,1.8903422369444962,109.60481963148159
1986-01-01T11:30:00,extended_january,baseline,22.47344554868998,23.99919091372826,21.088292454541985,21.00133839968266,23.089584982435003,8.8,4.0,8.8,4.0,16.0,-4.15,21.0,24.0,0.09215267093913802,4.227477370518442,1.8270486223284166,111.43186825381001
1986-01-01T11:45:00,extended_january,baseline,22.646785812566378,23.99423606225151,21.16227787973449,20.999518656126813,23.1408031732011,8.8,4.0,8.8,4.0,16.0,-3.7249999999999996,21.0,24.0,0.09183615471624539,4.319313525234687,1.7962032814497362,113.22807153525974
1986-01-01T12:00:00,extended_january,baseline,22.747688337076898,23.843160927857085,21.243032971437337,20.999601330670803,23.205452000556104,8.8,4.0,8.8,4.0,16.0,-3.3,21.0,24.0,0.09183615471624539,4.411149679950932,1.7253368478789253,114.95340838313867
1986-01-01T12:23:00,extended_january,baseline,22.506608933248916,23.306207676072187,21.015770460721487,21.001855497385304,22.99856829596386,4.4,2.0,4.4,2.0,8.0,-3.0249999999999995,21.0,24.0,0.09183615471624539,4.502985834667177,1.7204003933150853,116.67380877645375
1986-01-01T12:38:00,extended_january,baseline,22.315020228843046,22.92196531435463,21.00089290983229,20.999292324614217,22.898562767254198,4.4,2.0,4.4,2.0,8.0,-2.75,21.0,24.0,0.09183615471624539,4.594821989383422,1.7150682676007605,118.38887704405451
1986-01-01T12:53:00,extended_january,baseline,22.2377538935074,22.641456196198277,21.00039465522391,20.999585320059328,22.884837012306246,4.4,2.0,4.4,2.0,8.0,-2.475,21.0,24.0,0.09183615471624539,4.686658144099667,1.6819107416607528,120.07078778571527
1986-01-01T13:00:00,extended_january,baseline,22.19566386740883,22.442430560882137,21.00085465204181,21.000625506733126,22.886443854368505,4.4,2.0,4.4,2.0,8.0,-2.2,21.0,24.0,0.09183615471624539,4.778494298815912,1.6487928452822669,121.71958063099754
1986-01-01T13:15:00,extended_january,baseline,22.325463120114367,22.398601691514724,21.216652176645983,21.001138293712298,23.098866684491867,8.8,4.0,8.8,4.0,16.0,-1.9250000000000003,21.0,24.0,0.09183615471624539,4.870330453532157,1.5820095001765455,123.30159013117408
1986-01-01T13:30:00,extended_january,baseline,22.42644994950397,22.34412194716374,21.416472047551082,21.008978935441124,23.303901919057814,8.8,4.0,8.8,4.0,16.0,-1.6500000000000001,21.0,24.0,0.09183615471624539,4.962166608248402,1.5380520741663115,124.8396422053404
1986-01-01T13:45:00,extended_january,baseline,22.45698954840937,22.22719740352696,21.522557105010122,21.030484047257033,23.429086863493872,8.8,4.0,8.8,4.0,16.0,-1.375,21.0,24.0,0.09183615471624539,5.054002762964647,1.507392168491535,126.34703437383193
1986-01-01T14:00:00,extended_january,baseline,22.46083117411397,22.09555871938069,21.576400213156255,21.05434254576409,23.511935215652,8.8,4.0,8.8,4.0,16.0,-1.1,21.0,24.0,0.09183615471624539,5.145838917680892,1.478918633087416,127.82595300691935
1986-01-01T14:15:00,extended_january,baseline,22.550334511818164,22.030235339172933,21.666561154464222,21.13330407781774,23.626365920756538,11.0,5.0,11.0,5.0,20.0,-1.1,21.0,24.0,0.09183615471624539,5.237675072397137,1.4756745198880812,129.30162752680744
1986-01-01T14:30:00,extended_january,baseline,22.6375495091469,21.970027318078383,21.739657774694784,21.19926317881261,23.736031976806952,11.0,5.0,11.0,5.0,20.0,-1.1,21.0,24.0,0.09183615471624539,5.3295112271133815,1.472580038793118,130.77420756560056
1986-01-01T14:45:00,extended_january,baseline,22.669279052118025,21.897351903104358,21.778927955903423,21.23912849804652,23.82065707036386,11.0,5.0,11.0,5.0,20.0,-1.1,21.0,24.0,0.09183615471624539,5.4213473818296265,1.4715205064030792,132.24572807200363
1986-01-01T15:00:00,extended_january,baseline,22.6559268767519,21.821925327546783,21.7965337382618,21.265076909035674,23.889802132092875,11.0,5.0,11.0,5.0,20.0,-1.1,21.0,24.0,0.09183615471624539,5.5131835365458715,1.4702845008360135,133.71601257283965
1986-01-01T15:15:00,extended_january,baseline,22.562897974977126,21.70310512594741,21.75327175929028,21.236192355513783,23.893741813876538,11.0,5.0,11.0,5.0,20.0,-1.1,21.0,24.0,0.09183615471624539,5.605019691262116,1.4691978986967311,135.18521047153638
1986-01-01T15:30:00,extended_january,baseline,22.43124252518282,21.603986354823743,21.713570472383356,21.203696757045748,23.904556318170403,11.0,5.0,11.0,5.0,20.0,-1.1,21.0,24.0,0.09183615471624539,5.696855845978361,1.4684425295067576,136.65365300104312
1986-01-01T15:45:00,extended_january,baseline,22.332870071264438,21.53501081098009,21.693345988454432,21.189701904685947,23.93572250297334,11.0,5.0,11.0,5.0,20.0,-1.1,21.0,24.0,0.09183615471624539,5.788692000694606,1.4681665635989865,138.12181956464212
1986-01-01T16:00:00,extended_january,baseline,22.251750599024188,21.479439682604323,21.681389995200515,21.181121008186146,23.975657391054,11.0,5.0,11.0,5.0,20.0,-1.1,21.0,24.0,0.09183615471624539,5.880528155410851,1.4680314085713906,139.58985097321352
1986-01-01T16:15:00,extended_january,baseline,22.056174340735407,21.31953245817491,21.565759562971262,21.057003571580147,23.893706654282536,11.0,5.0,11.0,5.0,20.0,-1.1,21.0,24.0,0.09183615471624539,5.972364310127096,1.4677378505585728,141.05758882377208
1986-01-01T16:30:00,extended_january,baseline,21.847284786142946,21.183839282554608,21.461398154421012,21.008260675415343,23.82340097760283,11.0,5.0,11.0,5.0,20.0,-1.1,21.0,24.0,0.09183615471624539,6.064200464843341,1.4774661476771727,142.53505497144926
1986-01-01T16:45:00,extended_january,baseline,21.71397712889209,21.108554450950137,21.409300044479313,21.00134237306482,23.80182236642671,11.0,5.0,11.0,5.0,20.0,-1.1,21.0,24.0,0.09183615471624539,6.156036619559586,1.4819342680832328,144.01698923953248
1986-01-01T17:00:00,extended_january,baseline,21.632838431291642,21.06453592204721,21.38762557995735,21.0029592676235,23.806773771555914,11.0,5.0,11.0,5.0,20.0,-1.1,21.0,24.0,0.09183615471624539,6.247872774275831,1.484670941143602,145.50166018067608
1986-01-01T17:15:00,extended_january,baseline,21.556683194960275,21.01556772488772,21.361568403489176,21.000943278118086,23.80463539335194,11.0,5.0,11.0,5.0,20.0,-1.25,21.0,24.0,0.09183615471624539,6.339708928992076,1.5026964316585272,147.00435661233462
1986-01-01T17:30:00,extended_january,baseline,21.47932820975627,21.003621376842037,21.328645434237274,21.00156794736921,23.79234820997023,11.0,5.0,11.0,5.0,20.0,-1.4,21.0,24.0,0.09183615471624539,6.431545083708321,1.5272090107211524,148.53156562305577
1986-01-01T17:45:00,extended_january,baseline,21.40732161794142,21.001323386707377,21.295799817530202,21.000609691427368,23.7767893082009,11.0,5.0,11.0,5.0,20.0,-1.5499999999999998,21.0,24.0,0.09183615471624539,6.523381238424566,1.5508323348335158,150.0823979578893
1986-01-01T18:00:00,extended_january,baseline,21.342903226341154,21.000089804869155,21.26516341118232,21.00122515937498,23.761646812698935,11.0,5.0,11.0,5.0,20.0,-1.7,21.0,24.0,0.09183615471624539,6.615217393140811,1.5731537078915518,151.65555166578085
1986-01-01T18:23:00,extended_january,baseline,21.001338458745668,21.00189266077042,21.001278586655825,21.00225821152506,23.12032582645901,5.5,2.5,5.5,2.5,10.0,-1.825,21.0,24.0,0.09183615471624539,6.707053547857056,1.879108540814687,153.53466020659553
1986-01-01T18:38:00,extended_january,baseline,21.002364201158276,21.001279667830364,21.0015423429636,21.002068077645507,22.704446220994413,5.5,2.5,5.5,2.5,10.0,-1.9500000000000002,21.0,24.0,0.09183615471624539,6.798889702573301,2.148125823819575,155.68278603041512
1986-01-01T18:53:00,extended_january,baseline,21.000892450784455,21.00031913065926,21.00094139231556,21.00233293582124,22.466954549200427,5.5,2.5,5.5,2.5,10.0,-2.075,21.0,24.0,0.09183615471624539,6.890725857289546,2.306691362751305,157.98947739316642
1986-01-01T19:00:00,extended_january,baseline,21.002349277694016,21.00296421678001,21.002658818494243,21.00208976421084,22.322816590209552,5.5,2.5,5.5,2.5,10.0,-2.2,21.0,24.0,0.09183615471624539,6.982562012005791,2.4147013318101993,160.40417872497662
1986-01-01T19:23:00,extended_january,baseline,21.002679592098215,21.000260425097732,21.002413001401724,21.000931152671406,21.69724260789041,0.0,0.0,0.0,0.0,0.0,-1.9250000000000003,21.0,24.0,0.09183615471624539,7.074398166722036,2.8564619176445074,163.26064064262113
1986-01-01T19:38:00,extended_january,baseline,21.00202605013096,21.00190400142102,21.001696940632215,21.000176864830078,21.27925721419247,0.0,0.0,0.0,0.0,0.0,-1.6500000000000001,21.0,24.0,0.09183615471624539,7.166234321438281,2.9341672611624032,166.19480790378353
1986-01-01T19:53:00,extended_january,baseline,21.00139719501521,21.000825780577202,21.002355609712254,21.000558672678828,21.032499849923276,0.0,0.0,0.0,0.0,0.0,-1.375,21.0,24.0,0.09183615471624539,7.258070476154526,2.9735333715770147,169.16834127536055
1986-01-01T20:00:00,extended_january,baseline,21.002195958965082,21.002806443045838,21.002164898345676,20.99872502500063,21.002736458266604,0.0,0.0,0.0,0.0,0.0,-1.1,21.0,24.0,0.09183615471624539,7.349906630870771,3.054701401278083,172.22304267663864
1986-01-01T20:19:00,extended_january,baseline,19.583731967346566,19.74918319939964,19.599449466019323,19.745710058947125,20.71971392364756,0.0,0.0,0.0,0.0,0.0,-1.25,18.0,27.0,0.09183615471624539,7.4417427855870155,0.0,172.22304267663864
1986-01-01T20:35:00,extended_january,baseline,19.249477724264377,19.452465240678674,19.261361442463468,19.45038105067953,20.599958254029563,0.0,0.0,0.0,0.0,0.0,-1.4,18.0,27.0,0.09183615471624539,7.5335789403032605,0.0,172.22304267663864
1986-01-01T20:45:00,extended_january,baseline,19.117343031743708,19.332664996860878,19.12881697047255,19.332460536274407,20.52055665957551,0.0,0.0,0.0,0.0,0.0,-1.5499999999999998,18.0,27.0,0.09183615471624539,7.625415095019505,0.0,172.22304267663864
1986-01-01T21:00:00,extended_january,baseline,18.96953157991294,19.195552909776715,18.990951641254362,19.19631325481023,20.418146627969296,0.0,0.0,0.0,0.0,0.0,-1.7,18.0,27.0,0.09183615471624539,7.71725124973575,0.0,172.22304267663864
1986-01-01T21:15:00,extended_january,baseline,18.80979263625181,19.03046746839092,18.825101185662966,19.03186785972245,20.282882220494237,0.0,0.0,0.0,0.0,0.0,-1.5499999999999998,18.0,27.0,0.09183615471624539,7.809087404451995,0.0,172.22304267663864
1986-01-01T21:30:00,extended_january,baseline,18.64027087726541,18.856460284773668,18.652320289397377,18.858357509756093,20.134484508507924,0.0,0.0,0.0,0.0,0.0,-1.4,18.0,27.0,0.09183615471624539,7.90092355916824,0.0,172.22304267663864
1986-01-01T21:45:00,extended_january,baseline,18.473688728880703,18.697029320446095,18.48695934186473,18.69932382308767,19.993003367595225,0.0,0.0,0.0,0.0,0.0,-1.25,18.0,27.0,0.09183615471624539,7.992759713884485,0.0,172.22304267663864
1986-01-01T22:00:00,extended_january,baseline,18.33365761737532,18.55329174133085,18.34800378489002,18.555872917419226,19.86184263321777,0.0,0.0,0.0,0.0,0.0,-1.1,18.0,27.0,0.09183615471624539,8.084595868600731,0.0,172.22304267663864
1986-01-01T22:15:00,extended_january,baseline,18.209443270036257,18.427580039538952,18.224065833535676,18.430235000237005,19.754183201356543,0.0,0.0,0.0,0.0,0.0,-1.25,18.0,27.0,0.09183615471624539,8.176432023316977,0.0,172.22304267663864
1986-01-01T22:30:00,extended_january,baseline,18.10405627348343,18.31397009676421,18.117751200873784,18.316480248299403,19.663801945171794,0.0,0.0,0.0,0.0,0.0,-1.4,18.0,27.0,0.09183615471624539,8.268268178033223,0.0,172.22304267663864
1986-01-01T22:45:00,extended_january,baseline,18.00790405175605,18.208577536817156,18.020397761458717,18.210810053134512,19.583000682426693,0.0,0.0,0.0,0.0,0.0,-1.5499999999999998,18.0,27.0,0.09183615471624539,8.360104332749469,0.0,172.22304267663864
1986-01-01T23:00:00,extended_january,baseline,18.000269548325388,18.11004048337218,18.00095982920632,18.111912724531198,19.508613931665824,0.0,0.0,0.0,0.0,0.0,-1.7,18.0,27.0,0.09183615471624539,8.451940487465714,0.040999342843568966,172.26404201948222
1986-01-01T23:15:00,extended_january,baseline,17.99997706817008,18.022773221994196,17.999837856961882,18.024193952770865,19.4404904183255,0.0,0.0,0.0,0.0,0.0,-1.7,18.0,27.0,0.09183615471624539,8.54377664218196,0.0607231754590144,172.32476519494122
1986-01-01T23:30:00,extended_january,baseline,18.000265582843564,18.00249507549842,17.999281950312348,18.001492362119784,19.378698726666563,0.0,0.0,0.0,0.0,0.0,-1.7,18.0,27.0,0.09183615471624539,8.635612796898206,0.10499723390646369,172.42976242884768
1986-01-01T23:45:00,extended_january,baseline,17.999967805731657,18.00078908433164,17.999851003223355,17.99963577285648,19.322676302928514,0.0,0.0,0.0,0.0,0.0,-1.7,18.0,27.0,0.09183615471624539,8.727448951614452,0.14709589578860202,172.57685832463628
1986-01-02T00:00:00,extended_january,baseline,18.000714692211044,18.0007400910845,17.999787769156487,17.99929227960464,19.27197837228486,0.0,0.0,0.0,0.0,0.0,-1.7,18.0,27.0,0.09183615471624539,8.819285106330698,0.1915675836101244,172.7684259082464
1986-01-02T00:15:00,extended_january,baseline,17.999580259463738,18.00004298055779,17.999747406923763,17.999290442815596,19.227317331648372,0.0,0.0,0.0,0.0,0.0,-2.25,18.0,27.0,0.09183615471624539,8.911121261046944,0.24560849705875185,173.01403440530515
1986-01-02T00:30:00,extended_january,baseline,17.99923570313745,17.999150586012338,18.000444157428003,17.999838206159467,19.188485897332775,0.0,0.0,0.0,0.0,0.0,-2.8,18.0,27.0,0.09183615471624539,9.00295741576319,0.30301326807547796,173.31704767338064
1986-01-02T00:45:00,extended_january,baseline,18.00032403070259,18.0011368056283,18.000475666562387,17.998833580371887,19.154113834713613,0.0,0.0,0.0,0.0,0.0,-3.3499999999999996,18.0,27.0,0.09183615471624539,9.094793570479435,0.36134264433154867,173.6783903177122
1986-01-02T01:00:00,extended_january,baseline,18.000792140872612,17.999579757102953,18.00030245254051,18.000679368440426,19.12325115029519,0.0,0.0,0.0,0.0,0.0,-3.9,18.0,27.0,0.09183615471624539,9.186629725195681,0.41832609288249706,174.0967164105947
1986-01-02T01:15:00,extended_january,baseline,18.00005673188654,18.000762479889804,17.99923971054293,18.001152451348023,19.087172800176763,0.0,0.0,0.0,0.0,0.0,-3.625,18.0,27.0,0.09183615471624539,9.278465879911927,0.461427348482178,174.55814375907687
1986-01-02T01:30:00,extended_january,baseline,18.000533643472686,18.000414287574067,18.00083870382539,17.999095271624704,19.04781065617968,0.0,0.0,0.0,0.0,0.0,-3.3499999999999996,18.0,27.0,0.09183615471624539,9.370302034628173,0.5006698507719023,175.05881360984878
1986-01-02T01:45:00,extended_january,baseline,18.000293765052824,17.999825952740128,17.999690326960877,18.000190827981697,19.008641909353628,0.0,0.0,0.0,0.0,0.0,-3.0749999999999997,18.0,27.0,0.09183615471624539,9.462138189344419,0.5323008756737686,175.59111448552255
1986-01-02T02:00:00,extended_january,baseline,18.000499244192603,18.00088942195531,18.00028588529934,17.999314668610843,18.970971419253136,0.0,0.0,0.0,0.0,0.0,-2.8,18.0,27.0,0.09183615471624539,9.553974344060665,0.5619448235725331,176.15305930909508
1986-01-02T02:15:00,extended_january,baseline,18.00033970310493,17.999954897090095,17.99916381639825,17.999047802192763,18.943358474460204,0.0,0.0,0.0,0.0,0.0,-2.925,18.0,27.0,0.09183615471624539,9.64581049877691,0.5819636643718352,176.73502297346693
1986-01-02T02:30:00,extended_january,baseline,18.00007273376894,18.000722972199522,17.999502867664408,18.00019685473672,18.923407196782673,0.0,0.0,0.0,0.0,0.0,-3.05,18.0,27.0,0.09183615471624539,9.737646653493156,0.6024946770494091,177.33751765051633
1986-01-02T02:45:00,extended_january,baseline,18.000395024065963,18.0009832437322,17.998967377478287,17.999987277945348,18.907254645483054,0.0,0.0,0.0,0.0,0.0,-3.175,18.0,27.0,0.09183615471624539,9.829482808209402,0.6184681503861228,177.95598580090245
1986-01-02T03:00:00,extended_january,baseline,18.000202572793068,18.001170335636917,18.000801163024594,17.999415254740683,18.893339782181823,0.0,0.0,0.0,0.0,0.0,-3.3,18.0,27.0,0.09183615471624539,9.921318962925648,0.6345964872200294,178.59058228812248
1986-01-02T03:15:00,extended_january,baseline,17.99978002705677,18.00138814390352,17.999447673015304,17.99889336354641,18.88232303552068,0.0,0.0,0.0,0.0,0.0,-3.175,18.0,27.0,0.09183615471624539,10.013155117641894,0.6337184142569904,179.22430070237948
1986-01-02T03:30:00,extended_january,baseline,17.999240082988823,18.000054270255333,17.999332026997966,17.99954858339106,18.87381557206815,0.0,0.0,0.0,0.0,0.0,-3.05,18.0,27.0,0.09183615471624539,10.10499127235814,0.6347333592943236,179.8590340616738
1986-01-02T03:45:00,extended_january,baseline,18.00065400294996,17.998516929912714,18.000157413799506,17.999015932214956,18.867189976935634,0.0,0.0,0.0,0.0,0.0,-2.925,18.0,27.0,0.09183615471624539,10.196827427074385,0.6338913454805906,180.4929254071544
1986-01-02T04:00:00,extended_january,baseline,17.99962791372804,18.000571233294348,18.000338660536794,18.000958100983524,18.862081756364635,0.0,0.0,0.0,0.0,0.0,-2.8,18.0,27.0,0.09183615471624539,10.288663581790631,0.628516872529847,181.12144227968423
1986-01-02T04:15:00,extended_january,baseline,17.999139664242414,17.999297379926723,18.000841091633102,17.99933398097204,18.84589522489176,0.0,0.0,0.0,0.0,0.0,-2.3749999999999996,18.0,27.0,0.09183615471624539,10.380499736506877,0.6394598231074906,181.76090210279173
1986-01-02T04:30:00,extended_january,baseline,17.999546529352223,17.999336748224888,18.00026044294132,17.99905206437662,18.82205643790725,0.0,0.0,0.0,0.0,0.0,-1.95,18.0,27.0,0.09183615471624539,10.472335891223123,0.6455004298339704,182.4064025326257
1986-01-02T04:45:00,extended_january,baseline,18.000040235760967,17.999610387926413,18.000043111792912,17.99901181287389,18.79635029613297,0.0,0.0,0.0,0.0,0.0,-1.525,18.0,27.0,0.09183615471624539,10.564172045939369,0.650311465392825,183.05671399801852
1986-01-02T05:00:00,extended_january,baseline,18.000156392501616,18.000813241959985,18.000053088317024,17.999883385436092,18.771172188749716,0.0,0.0,0.0,0.0,0.0,-1.1,18.0,27.0,0.09183615471624539,10.656008200655615,0.6501435859757703,183.7068575839943
1986-01-02T05:15:00,extended_january,baseline,17.999820490342067,18.000328605793815,17.999876032798483,17.99903536521569,18.757054401493928,0.0,0.0,0.0,0.0,0.0,-1.1,18.0,27.0,0.09183615471624539,10.74784435537186,0.645271136192558,184.35212872018684
1986-01-02T05:30:00,extended_january,baseline,18.000720200779778,17.99887998856646,17.99951279752123,17.99988847749446,18.751066385835987,0.0,0.0,0.0,0.0,0.0,-1.1,18.0,27.0,0.09183615471624539,10.839680510088106,0.6406172184949052,184.99274593868174
1986-01-02T05:45:00,extended_january,baseline,17.99989257095744,18.00019429963042,17.999324069318554,17.99986286107507,18.74857103228722,0.0,0.0,0.0,0.0,0.0,-1.1,18.0,27.0,0.09183615471624539,10.931516664804352,0.6362167430407772,185.62896268172253
1986-01-02T06:00:00,extended_january,baseline,18.000676166171992,18.000948887187295,17.999404850779086,17.999225748987968,18.7478934403148,0.0,0.0,0.0,0.0,0.0,-1.1,18.0,27.0,0.09183615471624539,11.023352819520598,0.6293550356274458,186.25831771734997
1986-01-02T06:19:00,extended_january,baseline,19.958482762183152,20.103423001311278,19.912359378315696,20.10756709312117,20.001091573864237,0.0,0.0,0.0,0.0,0.0,-0.9750000000000001,21.0,24.0,0.09183615471624539,11.115188974236844,6.88289622081011,193.1412139381601
1986-01-02T06:33:00,extended_january,baseline,20.84647961900224,20.96946854324899,20.773882885520614,20.964374883447434,20.60437700481034,0.0,0.0,0.0,0.0,0.0,-0.8500000000000001,21.0,24.0,0.09183615471624539,11.20702512895309,5.500859571595728,198.64207350975582
1986-01-02T06:53:00,extended_january,baseline,21.00012327707069,20.999110020506393,20.99935382877626,20.999241847577142,20.924844736516533,0.0,0.0,0.0,0.0,0.0,-0.725,21.0,24.0,0.09183615471624539,11.298861283669336,5.031793541372807,203.67386705112864
1986-01-02T07:00:00,extended_january,baseline,20.999250303505974,21.002192918168724,21.00218590952433,21.00102615564843,20.999143284343027,0.0,0.0,0.0,0.0,0.0,-0.6,21.0,24.0,0.09183615471624539,11.390697438385581,4.7320154850832,208.40588253621183
1986-01-02T07:15:00,extended_january,baseline,20.9998118889493,20.998195869411276,20.99894045806154,21.003277496490664,21.00102157840942,0.0,0.0,0.0,0.0,0.0,-0.6,21.0,24.0,0.09183615471624539,11.482533593101827,4.64840545943681,213.05428799564865
1986-01-02T07:30:00,extended_january,baseline,21.001564064974733,20.999115257054925,21.00026105636261,21.00277183215167,21.001688674046385,0.0,0.0,0.0,0.0,0.0,-0.6,21.0,24.0,0.09183615471624539,11.574369747818073,4.498183097019992,217.55247109266864
1986-01-02T07:45:00,extended_january,baseline,20.99981101231458,21.00148613255844,21.000114204156812,21.001466168439624,20.99965607520277,0.0,0.0,0.0,0.0,0.0,-0.6,21.0,24.0,0.09183615471624539,11.666205902534319,4.380652151036409,221.93312324370504
1986-01-02T08:00:00,extended_january,baseline,20.99888835498331,21.00061505858572,21.001494171909364,20.99909968031782,20.99930788993686,0.0,0.0,0.0,0.0,0.0,-0.6,21.0,24.0,0.09183615471624539,11.758042057250565,4.30068290677507,226.23380615048012
1986-01-02T08:23:00,extended_january,baseline,20.999763103436795,21.000479275737185,21.000817231700463,21.00170151646151,21.262631311179668,11.0,5.0,11.0,5.0,20.0,-0.44999999999999996,21.0,24.0,0.09183615471624539,11.84987821196681,2.40650782310485,228.64031397358497
1986-01-02T08:38:00,extended_january,baseline,21.000526009053683,21.00054508004159,21.000705287665216,21.00142196531742,21.5163802622371,11.0,5.0,11.0,5.0,20.0,-0.3,21.0,24.0,0.09183615471624539,11.941714366683057,2.3247095667601867,230.96502354034516
1986-01-02T08:45:00,extended_january,baseline,21.000864917871066,21.000796135443558,21.000977249514285,21.00029882539244,21.671590467319017,11.0,5.0,11.0,5.0,20.0,-0.15,21.0,24.0,0.09183615471624539,12.033550521399302,2.1816642831304294,233.1466878234756
1986-01-02T09:00:00,extended_january,baseline,21.00101871914611,21.002036512829278,21.001476228003064,21.001622501546933,21.810378822170133,11.0,5.0,11.0,5.0,20.0,0.0,21.0,24.0,0.09183615471624539,12.125386676115548,2.049062519046795,235.1957503425224
1986-01-02T09:23:00,extended_january,baseline,21.000572144676674,21.000789819663733,21.006443307367256,21.000472020088804,22.386240755991423,11.0,5.0,11.0,5.0,20.0,0.15,21.0,24.0,0.09183615471624539,12.217222830831794,1.6265301102788297,236.8222804528012
1986-01-02T09:38:00,extended_january,baseline,21.00098336104067,21.02104743564521,21.12514910253991,21.000836020743787,22.742325097402173,11.0,5.0,11.0,5.0,20.0,0.3,21.0,24.0,0.09183615471624539,12.30905898554804,1.4605432075869051,238.28282366038812
1986-01-02T09:45:00,extended_january,baseline,21.034342070092354,21.075632352429654,21.22813783973998,21.000405752994343,22.928958298910672,11.0,5.0,11.0,5.0,20.0,0.44999999999999996,21.0,24.0,0.09183615471624539,12.400895140264286,1.3948508584349033,239.677674518823
1986-01-02T10:00:00,extended_january,baseline,21.10681273197909,21.16103545819435,21.352578238642376,20.999384831811987,23.06825860631865,11.0,5.0,11.0,5.0,20.0,0.6,21.0,24.0,0.09183615471624539,12.492731294980532,1.3568686633865403,241.03454318220955
1986-01-02T10:15:00,extended_january,baseline,21.208723764394502,21.25846679050936,21.48129354208157,21.02327857277165,23.190833321229913,11.0,5.0,11.0,5.0,20.0,0.875,21.0,24.0,0.09183615471624539,12.584567449696777,1.3206142312486049,242.35515741345816
1986-01-02T10:30:00,extended_january,baseline,21.315650329082565,21.352795162608643,21.608441027224014,21.0869351828955,23.309597046449674,11.0,5.0,11.0,5.0,20.0,1.15,21.0,24.0,0.09183615471624539,12.676403604413023,1.2887788166260203,243.64393623008417
1986-01-02T10:45:00,extended_january,baseline,21.42774781174469,21.452866629499884,21.73835979407778,21.173558620955088,23.4178273044136,11.0,5.0,11.0,5.0,20.0,1.4249999999999998,21.0,24.0,0.09183615471624539,12.76823975912927,1.2590629572736067,244.90299918735778
1986-01-02T11:00:00,extended_january,baseline,21.545678571006174,21.56021926520963,21.87039473334925,21.266873972180022,23.514269472487815,11.0,5.0,11.0,5.0,20.0,1.7,21.0,24.0,0.09183615471624539,12.860075913845515,1.2297507655082471,246.13274995286602
1986-01-02T11:15:00,extended_january,baseline,21.579342827927995,21.575636321539694,21.91392884483236,21.26565212219486,23.514245815559622,8.8,4.0,8.8,4.0,16.0,1.7,21.0,24.0,0.09183615471624539,12.95191206856176,1.2215389012055864,247.3542888540716
1986-01-02T11:30:00,extended_january,baseline,21.63777161218709,21.61864742033633,21.97636070441984,21.292741687465583,23.527273364730952,8.8,4.0,8.8,4.0,16.0,1.7,21.0,24.0,0.09183615471624539,13.043748223278007,1.2183281181105525,248.57261697218215
1986-01-02T11:45:00,extended_january,baseline,21.728414506820975,21.696032760500618,22.067016675385716,21.360946173254742,23.580946560673322,8.8,4.0,8.8,4.0,16.0,1.7,21.0,24.0,0.09183615471624539,13.135584377994252,1.2157724783112664,249.7883894504934
1986-01-02T12:00:00,extended_january,baseline,21.830290270311252,21.77865636376138,22.165029451481892,21.44004274476776,23.655758591421105,8.8,4.0,8.8,4.0,16.0,1.7,21.0,24.0,0.09183615471624539,13.227420532710498,1.213290367801759,251.00167981829517
1986-01-02T12:15:00,extended_january,baseline,21.745226201593777,21.65150820302422,22.071853657351884,21.311381323297127,23.532331295970696,4.4,2.0,4.4,2.0,8.0,1.7,21.0,24.0,0.09183615471624539,13.319256687426744,1.210812021790422,252.2124918400856
1986-01-02T12:30:00,extended_january,baseline,21.675269305931735,21.565037791668203,21.98502577486216,21.227099896583642,23.427956734236137,4.4,2.0,4.4,2.0,8.0,1.7,21.0,24.0,0.09183615471624539,13.41109284214299,1.2105487569260807,253.42304059701166
1986-01-02T12:45:00,extended_january,baseline,21.68882729550333,21.559695292651988,21.98023693512693,21.229470049201502,23.407510610361896,4.4,2.0,4.4,2.0,8.0,1.7,21.0,24.0,0.09183615471624539,13.502928996859236,1.2091258165695327,254.6321664135812
1986-01-02T13:00:00,extended_january,baseline,21.74644446754756,21.58049067668901,22.01933311952546,21.26189451263955,23.436557742039973,4.4,2.0,4.4,2.0,8.0,1.7,21.0,24.0,0.09183615471624539,13.594765151575482,1.207529431843285,255.83969584542447
1986-01-02T13:15:00,extended_january,baseline,21.972573490901695,21.7562266814633,22.224794135974296,21.45349579588204,23.641667824589778,8.8,4.0,8.8,4.0,16.0,1.275,21.0,24.0,0.09183615471624539,13.686601306291728,1.2393942482920508,257.0790900937165
1986-01-02T13:30:00,extended_january,baseline,22.120311161983118,21.849086093629943,22.3501512758268,21.563129020216554,23.80244472839312,8.8,4.0,8.8,4.0,16.0,0.85,21.0,24.0,0.09183615471624539,13.778437461007973,1.2771479754728405,258.3562380691893
1986-01-02T13:45:00,extended_january,baseline,22.143955163724858,21.832368251368766,22.351977608331314,21.565344395891877,23.863404142296464,8.8,4.0,8.8,4.0,16.0,0.425,21.0,24.0,0.09183615471624539,13.87027361572422,1.316968363698219,259.6732064328875
1986-01-02T14:00:00,extended_january,baseline,22.107057127341307,21.76988298300128,22.293155953684074,21.523867294274538,23.87259719490464,8.8,4.0,8.8,4.0,16.0,0.0,21.0,24.0,0.09183615471624539,13.962109770440465,1.3584500568072435,261.0316564896948
1986-01-02T14:15:00,extended_january,baseline,22.1465112103915,21.784495871486474,22.307457711123757,21.56126959743726,23.937454620129365,11.0,5.0,11.0,5.0,20.0,-0.15,21.0,24.0,0.09183615471624539,14.053945925156711,1.3751440863089324,262.4068005760037
1986-01-02T14:30:00,extended_january,baseline,22.205024992805708,21.806165710205043,22.337644213869783,21.605254191355243,23.99728317530179,11.0,5.0,11.0,5.0,20.0,-0.3,21.0,24.0,0.09209520243877525,14.146041127595486,1.3550864141513481,263.76188699015506
1986-01-02T14:45:00,extended_january,baseline,22.22696395350333,21.79635248325406,22.338805115009727,21.615300706142076,23.999098669259297,11.0,5.0,11.0,5.0,20.0,-0.44999999999999996,21.0,24.0,0.09267281792733217,14.238713945522818,1.3195500246795346,265.0814370148346
1986-01-02T15:00:00,extended_january,baseline,22.21689608014515,21.76766724174498,22.315022864762273,21.604508023256464,23.999128341378427,11.0,5.0,11.0,5.0,20.0,-0.6,21.0,24.0,0.09271490537222771,14.331428850895046,1.3674770264880967,266.44891404132267
1986-01-02T15:15:00,extended_january,baseline,22.120194623205602,21.670749339229047,22.219419117449924,21.523893569597035,23.999264820653103,11.0,5.0,11.0,5.0,20.0,-0.29999999999999993,21.0,24.0,0.09195019233851162,14.423379043233558,1.4423041085976762,267.89121814992035
1986-01-02T15:30:00,extended_january,baseline,22.01156039639904,21.56934303533623,22.1048272519505,21.434847608426985,23.99794575190221,11.0,5.0,11.0,5.0,20.0,0.0,21.0,24.0,0.09183615471624539,14.515215197949804,1.3756150445466069,269.266833194467
1986-01-02T15:45:00,extended_january,baseline,21.93674043380564,21.487917867960153,22.010728182396566,21.367308021134548,23.984936234424783,11.0,5.0,11.0,5.0,20.0,0.29999999999999993,21.0,24.0,0.09183615471624539,14.60705135266605,1.3339776937594576,270.6008108882264
1986-01-02T16:00:00,extended_january,baseline,21.884328104557206,21.41628449685641,21.932395608567695,21.31123413203888,23.96133253472085,11.0,5.0,11.0,5.0,20.0,0.6,21.0,24.0,0.09183615471624539,14.698887507382295,1.3038207430311304,271.90463163125753
1986-01-02T16:15:00,extended_january,baseline,21.672882552414578,21.21114414472757,21.70258434525071,21.119786228000287,23.78526250112619,11.0,5.0,11.0,5.0,20.0,0.6,21.0,24.0,0.09183615471624539,14.790723662098541,1.2996347536362558,273.2042663848938
1986-01-02T16:30:00,extended_january,baseline,21.4089126946224,21.021400836631127,21.45816330143891,21.015077969218346,23.598888377116182,11.0,5.0,11.0,5.0,20.0,0.6,21.0,24.0,0.09183615471624539,14.882559816814787,1.3157772767187677,274.5200436616126
1986-01-02T16:45:00,extended_january,baseline,21.19598579894414,21.004987226055725,21.269691747314482,21.00393241809566,23.45060659380554,11.0,5.0,11.0,5.0,20.0,0.6,21.0,24.0,0.09183615471624539,14.974395971531033,1.3525678123079543,275.87261147392053
1986-01-02T17:00:00,extended_january,baseline,21.03038675309426,21.00245031441696,21.1183718839143,21.002736557627024,23.32249724581102,11.0,5.0,11.0,5.0,20.0,0.6,21.0,24.0,0.09183615471624539,15.066232126247279,1.3777657479934766,277.250377221914
1986-01-02T17:15:00,extended_january,baseline,21.002912751476277,21.00043797174367,21.04311766318411,20.999810380758685,23.269448934696705,11.0,5.0,11.0,5.0,20.0,0.29999999999999993,21.0,24.0,0.09183615471624539,15.158068280963525,1.4282605299705604,278.67863775188454
1986-01-02T17:30:00,extended_january,baseline,21.002091480640573,21.001088431954862,21.023035021023883,21.000676253423144,23.27730101499315,11.0,5.0,11.0,5.0,20.0,0.0,21.0,24.0,0.09183615471624539,15.24990443567977,1.4613597324939678,280.1399974843785
1986-01-02T17:45:00,extended_january,baseline,21.000723081636647,21.000441460331796,21.028980355056987,21.001449733556644,23.316372679518913,11.0,5.0,11.0,5.0,20.0,-0.29999999999999993,21.0,24.0,0.09183615471624539,15.341740590396016,1.4875327258317315,281.62753021021024
1986-01-02T18:00:00,extended_january,baseline,21.00137672905104,21.00308945709868,21.049411489428486,21.0008131002785,23.37166428059801,11.0,5.0,11.0,5.0,20.0,-0.6,21.0,24.0,0.09183615471624539,15.433576745112262,1.5099620644536083,283.1374922746638
1986-01-02T18:23:00,extended_january,baseline,21.00137246545885,21.00243765166347,21.00227453007669,21.00040222644154,22.78899982549073,5.5,2.5,5.5,2.5,10.0,-0.29999999999999993,21.0,24.0,0.09183615471624539,15.525412899828508,1.8895083281230383,285.02700060278687
1986-01-02T18:38:00,extended_january,baseline,21.001587748532437,21.001342623738058,21.001407380053728,21.001781511071858,22.42476153817188,5.5,2.5,5.5,2.5,10.0,0.0,21.0,24.0,0.09183615471624539,15.617249054544754,2.0588647685426738,287.08586537132953
1986-01-02T18:45:00,extended_january,baseline,21.00320818665742,21.002183787418467,21.00219609632329,21.001351050503125,22.23561832892267,5.5,2.5,5.5,2.5,10.0,0.29999999999999993,21.0,24.0,0.09183615471624539,15.709085209261,2.099110754701485,289.184976126031
1986-01-02T19:00:00,extended_january,baseline,21.003086191761053,21.00184088877348,21.002694571561573,21.002747561360348,22.10984831499709,5.5,2.5,5.5,2.5,10.0,0.6,21.0,24.0,0.09183615471624539,15.800921363977245,2.114073454746192,291.2990495807772
1986-01-02T19:23:00,extended_january,baseline,21.001619962295116,21.001236626114874,21.001567525815783,20.99947855414959,21.540750235291256,0.0,0.0,0.0,0.0,0.0,0.725,21.0,24.0,0.09183615471624539,15.892757518693491,2.548552357196129,293.8476019379733
1986-01-02T19:38:00,extended_january,baseline,21.00243680299303,21.00056880043292,21.000674260901494,21.001436622536897,21.139069276300617,0.0,0.0,0.0,0.0,0.0,0.8500000000000001,21.0,24.0,0.09183615471624539,15.984593673409737,2.6355574368108408,296.4831593747841
1986-01-02T19:45:00,extended_january,baseline,21.002999085676443,21.000326977111712,21.00159981200026,21.001216846521068,21.005046814965233,0.0,0.0,0.0,0.0,0.0,0.9750000000000001,21.0,24.0,0.09183615471624539,16.07642982812598,2.717817656782064,299.2009770315662
1986-01-02T20:00:00,extended_january,baseline,21.00245667541644,21.00059580743419,21.002489714562962,21.000938692205132,21.001117078148877,0.0,0.0,0.0,0.0,0.0,1.1,21.0,24.0,0.09183615471624539,16.168265982842225,2.819500482862143,302.02047751442836
1986-01-02T20:20:00,extended_january,baseline,19.66566301643995,19.836544082079918,19.695041631848554,19.84086065888812,20.680038677135585,0.0,0.0,0.0,0.0,0.0,1.25,18.0,27.0,0.09183615471624539,16.26010213755847,0.0,302.02047751442836
1986-01-02T20:35:00,extended_january,baseline,19.304822843765624,19.535098481785084,19.33350092823768,19.5430479864657,20.448840012982348,0.0,0.0,0.0,0.0,0.0,1.4,18.0,27.0,0.09183615471624539,16.351938292274713,0.0,302.02047751442836
1986-01-02T20:45:00,extended_january,baseline,19.112768511023877,19.37135622512899,19.140505425334013,19.381848013719377,20.34670248220118,0.0,0.0,0.0,0.0,0.0,1.5499999999999998,18.0,27.0,0.09183615471624539,16.443774446990957,0.0,302.02047751442836
1986-01-02T21:00:00,extended_january,baseline,18.98264829424854,19.23783820333152,19.009373657651093,19.2488326723079,20.239673265676835,0.0,0.0,0.0,0.0,0.0,1.7,18.0,27.0,0.09183615471624539,16.5356106017072,0.0,302.02047751442836
1986-01-02T21:15:00,extended_january,baseline,18.848297400867335,19.09575302886731,18.874258124896368,19.111783663714466,20.131842058390507,0.0,0.0,0.0,0.0,0.0,1.825,18.0,27.0,0.09183615471624539,16.627446756423446,0.0,302.02047751442836
1986-01-02T21:30:00,extended_january,baseline,18.716676415590804,18.96225591695579,18.741491398185346,18.977116098633992,20.024720228476696,0.0,0.0,0.0,0.0,0.0,1.9500000000000002,18.0,27.0,0.09183615471624539,16.71928291113969,0.0,302.02047751442836
1986-01-02T21:45:00,extended_january,baseline,18.608412399213808,18.84775896842675,18.639864181341427,18.860060908342334,19.93104161694359,0.0,0.0,0.0,0.0,0.0,2.075,18.0,27.0,0.09183615471624539,16.811119065855934,0.0,302.02047751442836
1986-01-02T22:00:00,extended_january,baseline,18.527583120807034,18.749946179699396,18.55112861540014,18.760713486253785,19.851739495701242,0.0,0.0,0.0,0.0,0.0,2.2,18.0,27.0,0.09183615471624539,16.902955220572178,0.0,302.02047751442836
1986-01-02T22:15:00,extended_january,baseline,18.451998835581026,18.66236978317269,18.474439450984107,18.67207622529334,19.792110601394157,0.0,0.0,0.0,0.0,0.0,1.6500000000000001,18.0,27.0,0.09183615471624539,16.994791375288422,0.0,302.02047751442836
1986-01-02T22:30:00,extended_january,baseline,18.38276448328166,18.583438624463867,18.405746440293118,18.592070230583165,19.74840070223023,0.0,0.0,0.0,0.0,0.0,1.1,18.0,27.0,0.09183615471624539,17.086627530004666,0.0,302.02047751442836
1986-01-02T22:45:00,extended_january,baseline,18.321855726319555,18.513213350713382,18.344621097910863,18.52071583578768,19.716275696286086,0.0,0.0,0.0,0.0,0.0,0.55,18.0,27.0,0.09183615471624539,17.17846368472091,0.0,302.02047751442836
1986-01-02T23:00:00,extended_january,baseline,18.269089741785926,18.451208455146748,18.29143773863237,18.457565302393483,19.69366821724756,0.0,0.0,0.0,0.0,0.0,0.0,18.0,27.0,0.09183615471624539,17.270299839437154,0.0,302.02047751442836
1986-01-02T23:15:00,extended_january,baseline,18.199111772493282,18.374725633376762,18.221245534356363,18.380149507650167,19.644082759657085,0.0,0.0,0.0,0.0,0.0,0.0,18.0,27.0,0.09183615471624539,17.362135994153398,0.0,302.02047751442836
1986-01-02T23:30:00,extended_january,baseline,18.11870836891111,18.290823648582688,18.140816726739626,18.29680071726329,19.574853850362373,0.0,0.0,0.0,0.0,0.0,0.0,18.0,27.0,0.09183615471624539,17.453972148869642,0.0,302.02047751442836
1986-01-02T23:45:00,extended_january,baseline,18.03717853760117,18.208309017717358,18.05910280582991,18.213314860674235,19.500129089560044,0.0,0.0,0.0,0.0,0.0,0.0,18.0,27.0,0.09183615471624539,17.545808303585886,0.0,302.02047751442836
1986-01-03T00:00:00,extended_january,baseline,18.001236551334376,18.127014302252896,18.002031650273917,18.13096062343315,19.425255457841,0.0,0.0,0.0,0.0,0.0,0.0,18.0,27.0,0.09183615471624539,17.63764445830213,0.016768356466370572,302.0372458708947
1986-01-03T00:15:00,extended_january,baseline,18.00030702331337,18.058833641415138,18.000233582802654,18.06198051249713,19.366389396970654,0.0,0.0,0.0,0.0,0.0,0.0,18.0,27.0,0.09183615471624539,17.729480613018374,0.04015326416878951,302.0773991350635
1986-01-03T00:30:00,extended_january,baseline,17.99961787473428,18.004742383589505,18.000214150225705,18.00476442525062,19.31960030048446,0.0,0.0,0.0,0.0,0.0,0.0,18.0,27.0,0.09183615471624539,17.82131676773462,0.05375416344587009,302.1311532985094
1986-01-03T00:45:00,extended_january,baseline,18.00012306542161,18.00001699421692,18.000601870104607,17.999982525882206,19.27848874849182,0.0,0.0,0.0,0.0,0.0,0.0,18.0,27.0,0.09183615471624539,17.913152922450863,0.08638269575730152,302.2175359942667
1986-01-03T01:00:00,extended_january,baseline,18.000611404807035,17.999502791924186,18.000401367638457,17.999387242151485,19.240908324974274,0.0,0.0,0.0,0.0,0.0,0.0,18.0,27.0,0.09183615471624539,18.004989077167107,0.11072144364147644,302.3282574379082
1986-01-03T01:15:00,extended_january,baseline,18.000224616576098,18.00047040360797,17.999391035209932,17.99963345341626,19.194767818972544,0.0,0.0,0.0,0.0,0.0,0.0,18.0,27.0,0.09183615471624539,18.09682523188335,0.15238765441036498,302.4806450923185
1986-01-03T01:30:00,extended_january,baseline,18.000060388208837,18.00018255671103,18.000592877537283,18.000117231813917,19.14285605880856,0.0,0.0,0.0,0.0,0.0,0.0,18.0,27.0,0.09183615471624539,18.188661386599595,0.1965386605259433,302.6771837528445
1986-01-03T01:45:00,extended_january,baseline,18.000789499872088,18.00032446378229,18.000478572021567,17.998673684816524,19.08999472468091,0.0,0.0,0.0,0.0,0.0,0.0,18.0,27.0,0.09183615471624539,18.28049754131584,0.24329826574240532,302.9204820185869
1986-01-03T02:00:00,extended_january,baseline,18.00079597104544,18.000395110335937,17.99940174122659,18.000353028433075,19.038016033893552,0.0,0.0,0.0,0.0,0.0,0.0,18.0,27.0,0.09183615471624539,18.372333696032083,0.2917700494085089,303.2122520679954
1986-01-03T02:15:00,extended_january,baseline,18.000689880576488,18.00105491076039,18.00047278597411,17.99873678966748,18.984620878830537,0.0,0.0,0.0,0.0,0.0,0.15,18.0,27.0,0.09183615471624539,18.464169850748327,0.33993428270528975,303.5521863507007
1986-01-03T02:30:00,extended_january,baseline,18.000280581288198,18.0002467752372,17.999124204030938,17.99882863432382,18.930643664737772,0.0,0.0,0.0,0.0,0.0,0.3,18.0,27.0,0.09183615471624539,18.55600600546457,0.3880939291912995,303.940280279892
1986-01-03T02:45:00,extended_january,baseline,18.000347843927706,17.99944391250745,17.999631534169957,17.998699685845033,18.877390312966828,0.0,0.0,0.0,0.0,0.0,0.44999999999999996,18.0,27.0,0.09183615471624539,18.647842160180815,0.4325005113807948,304.3727807912728
1986-01-03T03:00:00,extended_january,baseline,17.999910976148588,17.99984863089891,17.99957778252596,17.998847390417726,18.825413583603243,0.0,0.0,0.0,0.0,0.0,0.6,18.0,27.0,0.09183615471624539,18.73967831489706,0.47432924591249565,304.8471100371853
1986-01-03T03:15:00,extended_january,baseline,17.999528974050175,17.99987439986377,17.999396101715945,18.0011468096258,18.792217299614276,0.0,0.0,0.0,0.0,0.0,0.44999999999999996,18.0,27.0,0.09183615471624539,18.831514469613303,0.49044648154337833,305.33755651872866
1986-01-03T03:30:00,extended_january,baseline,18.00091465409947,17.99949923567368,17.999247444294138,17.999005856437464,18.77310985656408,0.0,0.0,0.0,0.0,0.0,0.3,18.0,27.0,0.09183615471624539,18.923350624329547,0.5060858350653707,305.84364235379405
1986-01-03T03:45:00,extended_january,baseline,18.000755356071167,17.999867912335677,17.9997893305849,18.000405177014265,18.76028003771662,0.0,0.0,0.0,0.0,0.0,0.15,18.0,27.0,0.09183615471624539,19.01518677904579,0.5203463293776857,306.3639886831717
1986-01-03T04:00:00,extended_january,baseline,17.999643131774132,18.000967866175664,17.999426244752524,17.999442987653488,18.750544891433364,0.0,0.0,0.0,0.0,0.0,0.0,18.0,27.0,0.09183615471624539,19.107022933762035,0.5296282397030525,306.8936169228748
1986-01-03T04:15:00,extended_january,baseline,18.00028283015531,18.000937230350143,18.000563246282233,18.000403076079692,18.739410812726213,0.0,0.0,0.0,0.0,0.0,-0.275,18.0,27.0,0.09183615471624539,19.19885908847828,0.5515782407485883,307.4451951636234
1986-01-03T04:30:00,extended_january,baseline,17.99912522633346,18.000057646586615,17.999810842927932,18.000295299700145,18.727504387322497,0.0,0.0,0.0,0.0,0.0,-0.55,18.0,27.0,0.09183615471624539,19.290695243194524,0.5711612331639445,308.01635639678733
1986-01-03T04:45:00,extended_january,baseline,18.00075452396992,17.998896394172206,18.00031176479829,17.999037345708558,18.716208366510713,0.0,0.0,0.0,0.0,0.0,-0.8250000000000001,18.0,27.0,0.09183615471624539,19.382531397910768,0.5899870510336092,308.60634344782096
1986-01-03T05:00:00,extended_january,baseline,18.00017352823491,18.00032147578472,18.000570204794702,18.000048544215602,18.705929117280274,0.0,0.0,0.0,0.0,0.0,-1.1,18.0,27.0,0.09183615471624539,19.47436755262701,0.6090273475828558,309.2153707954038
1986-01-03T05:15:00,extended_january,baseline,18.000116280835634,18.000800357731322,18.000007120568387,18.00009558921884,18.690222466343297,0.0,0.0,0.0,0.0,0.0,-1.375,18.0,27.0,0.09183615471624539,19.566203707343256,0.6375693583477599,309.8529401537516
1986-01-03T05:30:00,extended_january,baseline,17.99902783817443,17.999718608262146,17.99985228067808,17.998591233599537,18.670360307510816,0.0,0.0,0.0,0.0,0.0,-1.6500000000000001,18.0,27.0,0.09183615471624539,19.6580398620595,0.6695022075157755,310.5224423612674
1986-01-03T05:45:00,extended_january,baseline,17.999221131935766,18.00015761146059,17.99953639751083,17.998580903892105,18.648879437376554,0.0,0.0,0.0,0.0,0.0,-1.9250000000000003,18.0,27.0,0.09183615471624539,19.749876016775744,0.699457556203769,311.22189991747115
1986-01-03T06:00:00,extended_january,baseline,17.99985600367734,18.001203895677595,17.999701244349744,17.999144311369655,18.62677339543482,0.0,0.0,0.0,0.0,0.0,-2.2,18.0,27.0,0.09183615471624539,19.841712171491988,0.7276889091536223,311.9495888266248
1986-01-03T06:19:00,extended_january,baseline,19.83449921584568,20.01195993815937,19.795514879999068,20.016672373031433,19.84994535647914,0.0,0.0,0.0,0.0,0.0,-2.475,21.0,24.0,0.09183615471624539,19.933548326208232,6.949626833177712,318.8992156598025
1986-01-03T06:34:00,extended_january,baseline,20.630672232609633,20.811001784601487,20.56847094019331,20.807773050135655,20.40861604094331,0.0,0.0,0.0,0.0,0.0,-2.75,21.0,24.0,0.09183615471624539,20.025384480924476,5.680339777577875,324.5795554373804
1986-01-03T06:53:00,extended_january,baseline,20.99597374674418,21.00079158209095,20.954419623177678,21.00210040064086,20.7123500550518,0.0,0.0,0.0,0.0,0.0,-3.0249999999999995,21.0,24.0,0.09183615471624539,20.11722063564072,5.603299635341679,330.1828550727221
1986-01-03T07:00:00,extended_january,baseline,21.00360826229047,21.00322217922226,21.00138273742787,20.99914286793021,20.873303557752305,0.0,0.0,0.0,0.0,0.0,-3.3,21.0,24.0,0.09183615471624539,20.209056790356964,5.348672492720657,335.53152756544273
1986-01-03T07:15:00,extended_january,baseline,21.00183134378654,21.000992894934893,21.00268302218658,20.99815947765168,20.997248615657554,0.0,0.0,0.0,0.0,0.0,-3.3,21.0,24.0,0.09183615471624539,20.30089294507321,5.225882078193139,340.75740964363587
1986-01-03T07:30:00,extended_january,baseline,21.000656552859706,21.001528116248892,21.00322821351395,21.000339427382812,21.001264419825333,0.0,0.0,0.0,0.0,0.0,-3.3,21.0,24.0,0.09183615471624539,20.392729099789452,4.9890494247332855,345.7464590683692
1986-01-03T07:45:00,extended_january,baseline,20.99962633989756,21.003215412737408,21.001693379538565,20.998895729362584,21.001399176942165,0.0,0.0,0.0,0.0,0.0,-3.3,21.0,24.0,0.09183615471624539,20.484565254505696,4.880502480803995,350.6269615491732
1986-01-03T08:00:00,extended_january,baseline,21.001194662664055,21.000374198121797,21.001253932736663,20.997985076818996,21.000364325379795,0.0,0.0,0.0,0.0,0.0,-3.3,21.0,24.0,0.09183615471624539,20.57640140922194,4.756116946783245,355.38307849595645
1986-01-03T08:23:00,extended_january,baseline,20.999800077794262,21.000642619229005,20.999813796376642,21.00035877931554,21.14262696807232,11.0,5.0,11.0,5.0,20.0,-3.5749999999999997,21.0,24.0,0.09183615471624539,20.668237563938185,2.808313614534801,358.1913921104913
1986-01-03T08:30:00,extended_january,baseline,21.001701913085615,21.00130645721538,21.0009116857227,21.002854551871728,21.28640379591915,11.0,5.0,11.0,5.0,20.0,-3.85,21.0,24.0,0.09183615471624539,20.76007371865443,2.816327178392196,361.0077192888835
1986-01-03T08:45:00,extended_january,baseline,21.002294300914063,21.002167937207936,21.001086531728454,21.00154509207147,21.447849628655124,11.0,5.0,11.0,5.0,20.0,-4.125,21.0,24.0,0.09183615471624539,20.851909873370673,2.7185742928674155,363.7262935817509
1986-01-03T09:00:00,extended_january,baseline,21.001668096337205,21.001360320326228,21.001267572299135,20.999971436147717,21.575671456340007,11.0,5.0,11.0,5.0,20.0,-4.4,21.0,24.0,0.09183615471624539,20.943746028086917,2.637051263232953,366.3633448449838
1986-01-03T09:23:00,extended_january,baseline,21.000738545399795,21.00101973925383,21.000563557106503,21.001183444358386,22.140453355400147,11.0,5.0,11.0,5.0,20.0,-4.4,21.0,24.0,0.09183615471624539,21.03558218280316,2.2118771057093807,368.5752219506932
1986-01-03T09:38:00,extended_january,baseline,21.00110774473518,21.012129754855458,21.000535715620238,21.002094734534456,22.484890843864655,11.0,5.0,11.0,5.0,20.0,-4.4,21.0,24.0,0.09183615471624539,21.127418337519405,2.051686941157606,370.6269088918508
1986-01-03T09:45:00,extended_january,baseline,21.00133124610384,21.081454295783708,21.0004697530166,21.001419983458202,22.66363401551697,11.0,5.0,11.0,5.0,20.0,-4.4,21.0,24.0,0.09183615471624539,21.21925449223565,1.9636391198846936,372.5905480117355
1986-01-03T10:00:00,extended_january,baseline,21.000442782125013,21.186634199929127,21.053715754085307,21.001090943519333,22.794006950921446,11.0,5.0,11.0,5.0,20.0,-4.4,21.0,24.0,0.09183615471624539,21.311090646951893,1.9087919704765517,374.49933998221206
1986-01-03T10:15:00,extended_january,baseline,21.00776094869756,21.30963155606479,21.164584763195172,21.002557121192808,22.91497038542377,11.0,5.0,11.0,5.0,20.0,-4.275,21.0,24.0,0.09183615471624539,21.402926801668137,1.8508228866955103,376.35016286890755
1986-01-03T10:30:00,extended_january,baseline,21.07345960354289,21.43417819295606,21.29714831914982,21.0008881552626,23.038114870214862,11.0,5.0,11.0,5.0,20.0,-4.15,21.0,24.0,0.09183615471624539,21.49476295638438,1.8156821198682174,378.16584498877575
1986-01-03T10:45:00,extended_january,baseline,21.170918798785227,21.53321156933135,21.420836191988396,20.999922747749913,23.153617033886388,11.0,5.0,11.0,5.0,20.0,-4.025,21.0,24.0,0.09183615471624539,21.586599111100625,1.7903694608867058,379.95621444966247
1986-01-03T11:00:00,extended_january,baseline,21.270840431259497,21.60932826147748,21.531364199915384,21.03056974870104,23.257970725175348,11.0,5.0,11.0,5.0,20.0,-3.9,21.0,24.0,0.09183615471624539,21.67843526581687,1.771723464260655,381.72793791392314
1986-01-03T11:15:00,extended_january,baseline,21.256202225847673,21.57297678369233,21.524328372871786,21.004016708324727,23.252478587971567,8.8,4.0,8.8,4.0,16.0,-3.75,21.0,24.0,0.09183615471624539,21.770271420533113,1.756420676464501,383.48435859038767
1986-01-03T11:30:00,extended_january,baseline,21.256175664501537,21.55245278787985,21.528135475053237,21.001077120685522,23.2491003684636,8.8,4.0,8.8,4.0,16.0,-3.5999999999999996,21.0,24.0,0.09183615471624539,21.862107575249357,1.7409021175067338,385.2252607078944
1986-01-03T11:45:00,extended_january,baseline,21.30375808309979,21.568677239278177,21.5749720686411,21.02009446019892,23.280869050598028,8.8,4.0,8.8,4.0,16.0,-3.4499999999999997,21.0,24.0,0.09183615471624539,21.9539437299656,1.7218428065595799,386.947103514454
1986-01-03T12:00:00,extended_january,baseline,21.373159718991143,21.594995186733776,21.638987583741642,21.055595820627882,23.33112923427296,8.8,4.0,8.8,4.0,16.0,-3.3,21.0,24.0,0.09183615471624539,22.045779884681846,1.705341560345359,388.65244507479935
1986-01-03T12:15:00,extended_january,baseline,21.218304403695857,21.40829313493278,21.47441111355058,21.007100584858822,23.173686615161223,4.4,2.0,4.4,2.0,8.0,-3.175,21.0,24.0,0.09183615471624539,22.13761603939809,1.7088501133308522,390.3612951881302
1986-01-03T12:30:00,extended_january,baseline,21.092608709191698,21.257431547048448,21.331867443247727,21.003511933071287,23.029346608769092,4.4,2.0,4.4,2.0,8.0,-3.05,21.0,24.0,0.09183615471624539,22.229452194114334,1.7083292672225279,392.06962445535277
1986-01-03T12:45:00,extended_january,baseline,21.06798731924484,21.19326748614062,21.28413420823019,21.00160146979039,22.966438234046063,4.4,2.0,4.4,2.0,8.0,-2.925,21.0,24.0,0.09183615471624539,22.321288348830578,1.6944386092951667,393.7640630646479
1986-01-03T13:00:00,extended_january,baseline,21.0961285986081,21.162809622680616,21.282955492690245,21.00207787988718,22.95190598083608,4.4,2.0,4.4,2.0,8.0,-2.8,21.0,24.0,0.09183615471624539,22.413124503546822,1.6806394748782272,395.44470253952613
1986-01-03T13:15:00,extended_january,baseline,21.338618996381367,21.32072393546649,21.489009036144832,21.05722850242621,23.14033077444883,8.8,4.0,8.8,4.0,16.0,-2.8,21.0,24.0,0.09183615471624539,22.504960658263066,1.659038651866462,397.1037411913926
1986-01-03T13:30:00,extended_january,baseline,21.53979790430449,21.41939089220393,21.64512573058664,21.098170939170924,23.302262571099725,8.8,4.0,8.8,4.0,16.0,-2.8,21.0,24.0,0.09183615471624539,22.59679681297931,1.6501905963236736,398.7539317877163
1986-01-03T13:45:00,extended_january,baseline,21.6232167973193,21.412845298754966,21.686656878374116,21.102891410183886,23.37929389793605,8.8,4.0,8.8,4.0,16.0,-2.8,21.0,24.0,0.09183615471624539,22.688632967695554,1.6472937202128861,400.40122550792915
1986-01-03T14:00:00,extended_january,baseline,21.643405457093337,21.36157839042069,21.669951780079494,21.086016404224406,23.409530666728447,8.8,4.0,8.8,4.0,16.0,-2.8,21.0,24.0,0.09183615471624539,22.780469122411798,1.6455166779205275,402.04674218584967
1986-01-03T14:15:00,extended_january,baseline,21.74254528731458,21.397055458203383,21.732755293170985,21.155176589375667,23.511313787071312,11.0,5.0,11.0,5.0,20.0,-2.8,21.0,24.0,0.09183615471624539,22.872305277128042,1.6441909560188879,403.6909331418685
1986-01-03T14:30:00,extended_january,baseline,21.865438789757906,21.449127491532728,21.816924151574916,21.23812855053962,23.639950123627862,11.0,5.0,11.0,5.0,20.0,-2.8,21.0,24.0,0.09183615471624539,22.964141431844286,1.642025807759435,405.33295894962794
1986-01-03T14:45:00,extended_january,baseline,21.961127797138154,21.47883239673022,21.879016742944838,21.298075927396084,23.75605090428407,11.0,5.0,11.0,5.0,20.0,-2.8,21.0,24.0,0.09183615471624539,23.05597758656053,1.640342739463385,406.97330168909133
1986-01-03T15:00:00,extended_january,baseline,22.033249107055976,21.49224039209688,21.920065939087465,21.341958862846724,23.86186281819369,11.0,5.0,11.0,5.0,20.0,-2.8,21.0,24.0,0.09183615471624539,23.147813741276774,1.639174881898671,408.61247657099
1986-01-03T15:15:00,extended_january,baseline,22.013239893684666,21.428986855921966,21.869089862816793,21.30979315168739,23.879480921939493,11.0,5.0,11.0,5.0,20.0,-2.8,21.0,24.0,0.09183615471624539,23.23964989599302,1.637958016288141,410.25043458727816
1986-01-03T15:30:00,extended_january,baseline,21.983454748077392,21.363389893800566,21.806075887517782,21.275172446730206,23.883878631602162,11.0,5.0,11.0,5.0,20.0,-2.8,21.0,24.0,0.09183615471624539,23.331486050709263,1.6370065706779924,411.8874411579562
1986-01-03T15:45:00,extended_january,baseline,21.986181652847844,21.31514940481784,21.76106117379269,21.262096476999268,23.903384306896754,11.0,5.0,11.0,5.0,20.0,-2.8,21.0,24.0,0.09183615471624539,23.423322205425507,1.636399386393675,413.52384054434987
1986-01-03T16:00:00,extended_january,baseline,22.001960934802632,21.271022898831873,21.71796205634136,21.254899858677327,23.930883844919666,11.0,5.0,11.0,5.0,20.0,-2.8,21.0,24.0,0.09183615471624539,23.51515836014175,1.6359405732492147,415.1597811175991
1986-01-03T16:15:00,extended_january,baseline,21.838083089171377,21.0995741187655,21.550056263065855,21.107529245278723,23.81882664960134,11.0,5.0,11.0,5.0,20.0,-2.8,21.0,24.0,0.09183615471624539,23.606994514857995,1.6357041881474332,416.7954853057465
1986-01-03T16:30:00,extended_january,baseline,21.555749394856335,21.012553939691077,21.352722323951777,21.013710017306853,23.70122436014995,11.0,5.0,11.0,5.0,20.0,-2.8,21.0,24.0,0.09183615471624539,23.69883066957424,1.663460742496203,418.45894604824275
1986-01-03T16:45:00,extended_january,baseline,21.352067884156696,21.002795977083636,21.22435714833706,21.004613758940724,23.62097076264939,11.0,5.0,11.0,5.0,20.0,-2.8,21.0,24.0,0.09183615471624539,23.790666824290483,1.6899822205862884,420.148928268829
1986-01-03T17:00:00,extended_january,baseline,21.197186315305483,21.001769149896102,21.121074053188593,21.00040743133937,23.56037113278334,11.0,5.0,11.0,5.0,20.0,-2.8,21.0,24.0,0.09183615471624539,23.882502979006727,1.7073128360163194,421.85624110484537
1986-01-03T17:15:00,extended_january,baseline,21.087082236197315,21.003189134611326,21.045673329928434,21.00238725962681,23.519474902236663,11.0,5.0,11.0,5.0,20.0,-2.8,21.0,24.0,0.09183615471624539,23.97433913372297,1.72066379918643,423.5769049040318
1986-01-03T17:30:00,extended_january,baseline,21.006582773078797,21.00110003361268,21.00428054619137,21.003424420316282,23.49206321720517,11.0,5.0,11.0,5.0,20.0,-2.8,21.0,24.0,0.09183615471624539,24.066175288439215,1.7328330090301023,425.3097379130619
1986-01-03T17:45:00,extended_january,baseline,21.001809541200327,21.000118990772133,21.002433083916824,21.001713369322697,23.47201496268162,11.0,5.0,11.0,5.0,20.0,-2.8,21.0,24.0,0.09183615471624539,24.15801144315546,1.766648733323699,427.0763866463856
1986-01-03T18:00:00,extended_january,baseline,21.0009035628281,21.001683672049015,21.0005063546468,21.002168222952125,23.45646699918372,11.0,5.0,11.0,5.0,20.0,-2.8,21.0,24.0,0.09183615471624539,24.249847597871703,1.7853032506048316,428.8616898969904
1986-01-03T18:23:00,extended_january,baseline,21.001176475511212,21.00112610244139,21.002603883634002,21.001720423393294,22.830244798431035,5.5,2.5,5.5,2.5,10.0,-2.8,21.0,24.0,0.09183615471624539,24.341683752587947,2.289170061493261,431.1508599584837
1986-01-03T18:38:00,extended_january,baseline,21.002450157840606,21.001556317669024,21.001618779345883,21.000719259027502,22.443144932003808,5.5,2.5,5.5,2.5,10.0,-2.8,21.0,24.0,0.09183615471624539,24.43351990730419,2.4676263665352565,433.6184863250189
1986-01-03T18:45:00,extended_january,baseline,21.00209457513307,21.00118542074751,21.001927086939826,20.999820646015166,22.240223220327938,5.5,2.5,5.5,2.5,10.0,-2.8,21.0,24.0,0.09183615471624539,24.525356062020435,2.5405670966089455,436.15905342162785
1986-01-03T19:00:00,extended_january,baseline,21.0012232355015,21.001265942225892,21.001288856169005,21.00010417521877,22.101249917198118,5.5,2.5,5.5,2.5,10.0,-2.8,21.0,24.0,0.09183615471624539,24.61719221673668,2.5949058991512453,438.7539593207791
1986-01-03T19:23:00,extended_january,baseline,21.00270259867132,21.00007344099579,21.002866659808376,21.000831712502738,21.529827793403552,0.0,0.0,0.0,0.0,0.0,-2.8,21.0,24.0,0.09183615471624539,24.709028371452924,3.0642832239816764,441.8182425447608
1986-01-03T19:38:00,extended_january,baseline,21.001821046518312,20.99910766518794,21.002045092729478,20.99898560440409,21.150780723724857,0.0,0.0,0.0,0.0,0.0,-2.8,21.0,24.0,0.09183615471624539,24.800864526169168,3.1467842937851613,444.96502683854595
1986-01-03T19:45:00,extended_january,baseline,21.003111051490613,21.000279011446747,21.003448135838024,20.999930143761954,21.005216603820102,0.0,0.0,0.0,0.0,0.0,-2.8,21.0,24.0,0.09183615471624539,24.89270068088541,3.2398015958757926,448.20482843442176
1986-01-03T20:00:00,extended_january,baseline,21.001880996421146,21.000973768129263,21.002493313367147,21.000670360559102,21.00136843298458,0.0,0.0,0.0,0.0,0.0,-2.8,21.0,24.0,0.09183615471624539,24.984536835601656,3.356316956823483,451.56114539124525
1986-01-03T20:19:00,extended_january,baseline,19.45066550906101,19.62857494198562,19.479012444307415,19.630517534413556,20.65372004423204,0.0,0.0,0.0,0.0,0.0,-2.8,18.0,27.0,0.09183615471624539,25.0763729903179,0.0,451.56114539124525
1986-01-03T20:35:00,extended_january,baseline,19.071236155293395,19.294808132370683,19.09932679813844,19.299854561947345,20.468745113680722,0.0,0.0,0.0,0.0,0.0,-2.8,18.0,27.0,0.09183615471624539,25.168209145034144,0.0,451.56114539124525
1986-01-03T20:53:00,extended_january,baseline,18.843892589607066,19.087542973282495,18.871889964978998,19.094087243052925,20.3346709494977,0.0,0.0,0.0,0.0,0.0,-2.8,18.0,27.0,0.09183615471624539,25.260045299750388,0.0,451.56114539124525
1986-01-03T21:00:00,extended_january,baseline,18.71252292665825,18.96059331013887,18.740014631708913,18.96787098210085,20.23865429740774,0.0,0.0,0.0,0.0,0.0,-2.8,18.0,27.0,0.09183615471624539,25.351881454466632,0.0,451.56114539124525
1986-01-03T21:15:00,extended_january,baseline,18.526654294288782,18.783823530299504,18.55368171010123,18.791249932158994,20.090775705896554,0.0,0.0,0.0,0.0,0.0,-2.8,18.0,27.0,0.09183615471624539,25.443717609182876,0.0,451.56114539124525
1986-01-03T21:30:00,extended_january,baseline,18.357749619908773,18.608099513511675,18.384175798575363,18.615202484940536,19.94344302577802,0.0,0.0,0.0,0.0,0.0,-2.8,18.0,27.0,0.09183615471624539,25.53555376389912,0.0,451.56114539124525
1986-01-03T21:45:00,extended_january,baseline,18.191770665877467,18.445994070246186,18.21819094522962,18.45268580189217,19.807136934991618,0.0,0.0,0.0,0.0,0.0,-2.8,18.0,27.0,0.09183615471624539,25.627389918615364,0.0,451.56114539124525
1986-01-03T22:00:00,extended_january,baseline,18.05333468241221,18.299072033916566,18.079118680063594,18.305332756810202,19.68223963105618,0.0,0.0,0.0,0.0,0.0,-2.8,18.0,27.0,0.09183615471624539,25.71922607333161,0.0,451.56114539124525
1986-01-03T22:15:00,extended_january,baseline,18.00313008754375,18.166421702524715,18.003596844226838,18.172171681606812,19.569364358854834,0.0,0.0,0.0,0.0,0.0,-2.8,18.0,27.0,0.09183615471624539,25.811062228047852,0.029761382802223662,451.5909067740475
1986-01-03T22:30:00,extended_january,baseline,18.000565952469042,18.04464765082099,17.999331204721763,18.049776137985774,19.465832411214574,0.0,0.0,0.0,0.0,0.0,-2.8,18.0,27.0,0.09183615471624539,25.902898382764096,0.07606982190292466,451.6669765959504
1986-01-03T22:45:00,extended_january,baseline,18.000621778237825,18.00357535113372,17.99985041441735,18.004145676190653,19.369812291353867,0.0,0.0,0.0,0.0,0.0,-2.8,18.0,27.0,0.09183615471624539,25.99473453748034,0.13460263343056172,451.801579229381
1986-01-03T23:00:00,extended_january,baseline,18.00042206863178,18.000707163857754,18.000070197797886,17.99986640371065,19.28085872704491,0.0,0.0,0.0,0.0,0.0,-2.8,18.0,27.0,0.09183615471624539,26.086570692196585,0.2061780242021334,452.0077572535831
1986-01-03T23:15:00,extended_january,baseline,18.000212186690163,17.999939475452518,17.999521657232723,18.00005750230959,19.209197886293374,0.0,0.0,0.0,0.0,0.0,-2.8,18.0,27.0,0.09183615471624539,26.17840684691283,0.2655438773749986,452.27330113095815
1986-01-03T23:30:00,extended_january,baseline,18.000585208778915,18.000647425165724,17.999267758644258,18.000419021062815,19.151885896859955,0.0,0.0,0.0,0.0,0.0,-2.8,18.0,27.0,0.09183615471624539,26.270243001629073,0.32306934521667635,452.5963704761748
1986-01-03T23:45:00,extended_january,baseline,18.000107037167137,17.999305739864305,17.999809737501426,18.00086027919081,19.103847010927666,0.0,0.0,0.0,0.0,0.0,-2.8,18.0,27.0,0.09183615471624539,26.362079156345317,0.37496760055260536,452.9713380767274
1986-01-04T00:00:00,extended_january,baseline,17.999649043268306,17.99972484672942,17.99995080731852,17.998731337188946,19.06215848564157,0.0,0.0,0.0,0.0,0.0,-2.8,18.0,27.0,0.09183615471624539,26.45391531106156,0.42134657090887634,453.3926846476363
1986-01-04T00:15:00,extended_january,baseline,17.99981786171232,17.99859104072733,18.000110300566824,18.0008594015922,19.02216955814344,0.0,0.0,0.0,0.0,0.0,-2.8,18.0,27.0,0.09183615471624539,26.545751465777805,0.46868772287584026,453.86137237051213
1986-01-04T00:30:00,extended_january,baseline,18.00041414681134,18.001099702919884,18.000554043303953,17.999542307679345,18.984319968924062,0.0,0.0,0.0,0.0,0.0,-2.8,18.0,27.0,0.09183615471624539,26.63758762049405,0.509827811554728,454.37120018206684
1986-01-04T00:45:00,extended_january,baseline,18.000884085576363,17.99932446490323,18.000921344393642,17.999722203853203,18.949454513191892,0.0,0.0,0.0,0.0,0.0,-2.8,18.0,27.0,0.09183615471624539,26.729423775210293,0.5444928877271463,454.915693069794
1986-01-04T01:00:00,extended_january,baseline,17.999397878409933,18.001205168043565,17.999392757240525,18.00035287114101,18.91766445121675,0.0,0.0,0.0,0.0,0.0,-2.8,18.0,27.0,0.09183615471624539,26.821259929926537,0.5734312931542933,455.48912436294825
1986-01-04T01:15:00,extended_january,baseline,17.999223825759564,18.001523341171268,17.999265628936477,18.001519821204628,18.88103161450133,0.0,0.0,0.0,0.0,0.0,-2.8,18.0,27.0,0.09183615471624539,26.91309608464278,0.6146556670153626,456.1037800299636
1986-01-04T01:30:00,extended_january,baseline,18.000764460333897,18.00046381306879,18.000684025656724,18.000836891820885,18.841173137569598,0.0,0.0,0.0,0.0,0.0,-2.8,18.0,27.0,0.09183615471624539,27.004932239359025,0.652197411528298,456.7559774414919
1986-01-04T01:45:00,extended_january,baseline,18.000678261923802,17.9998485244343,18.000619171042487,17.999936187530686,18.801216463816303,0.0,0.0,0.0,0.0,0.0,-2.8,18.0,27.0,0.09183615471624539,27.09676839407527,0.6839296291154017,457.4399070706073
1986-01-04T02:00:00,extended_january,baseline,17.999624272591724,18.000405992203227,17.999463866842266,17.99958523276426,18.762354787156088,0.0,0.0,0.0,0.0,0.0,-2.8,18.0,27.0,0.09183615471624539,27.188604548791513,0.7125763588624461,458.1524834294698
1986-01-04T02:15:00,extended_january,baseline,17.999877554676935,17.999957934366808,17.999598983788392,17.998334937632933,18.728723109782496,0.0,0.0,0.0,0.0,0.0,-2.8,18.0,27.0,0.09183615471624539,27.280440703507757,0.7331430376176236,458.88562646708743
1986-01-04T02:30:00,extended_january,baseline,17.998899103900953,17.999234353968525,17.99986242136125,17.999447692572886,18.69916683732585,0.0,0.0,0.0,0.0,0.0,-2.8,18.0,27.0,0.09183615471624539,27.372276858224,0.7534140102523609,459.6390404773398
1986-01-04T02:45:00,extended_january,baseline,17.999631754803058,17.99909547286532,18.00011343443461,18.00017570006926,18.671838651443764,0.0,0.0,0.0,0.0,0.0,-2.8,18.0,27.0,0.09183615471624539,27.464113012940246,0.768512326725116,460.4075528040649
1986-01-04T03:00:00,extended_january,baseline,17.99967932499908,17.99975632326149,17.999562238011812,18.000639284049218,18.64597133252064,0.0,0.0,0.0,0.0,0.0,-2.8,18.0,27.0,0.09183615471624539,27.55594916765649,0.7855463531849917,461.1930991572499
1986-01-04T03:15:00,extended_january,baseline,17.999762882320226,17.999324753443947,17.99955855171203,17.9997258317126,18.627246526291206,0.0,0.0,0.0,0.0,0.0,-2.925,18.0,27.0,0.09183615471624539,27.647785322372734,0.7920048188941974,461.9851039761441
1986-01-04T03:30:00,extended_january,baseline,18.000348236910423,17.998371429166724,18.000297224777793,18.000729033449225,18.61411764957509,0.0,0.0,0.0,0.0,0.0,-3.05,18.0,27.0,0.09183615471624539,27.739621477088978,0.7970524122632308,462.7821563884073
1986-01-04T03:45:00,extended_january,baseline,17.999049187241514,18.00021489522482,17.999214592294408,18.001150917907253,18.60406526113221,0.0,0.0,0.0,0.0,0.0,-3.175,18.0,27.0,0.09183615471624539,27.831457631805222,0.8057880808080948,463.5879444692154
1986-01-04T04:00:00,extended_january,baseline,17.999082011446667,17.999165053379077,17.999434546708525,18.001005170591572,18.59574758674983,0.0,0.0,0.0,0.0,0.0,-3.3,18.0,27.0,0.09183615471624539,27.923293786521466,0.8148340563381613,464.4027785255536
1986-01-04T04:15:00,extended_january,baseline,17.998981011297527,18.001216311937103,17.99948322676408,17.998943343940493,18.590415963279195,0.0,0.0,0.0,0.0,0.0,-3.3,18.0,27.0,0.09183615471624539,28.01512994123771,0.8130636431656589,465.21584216871923
1986-01-04T04:30:00,extended_january,baseline,17.999025620021346,18.00155327788805,17.99961637381683,18.001070068088676,18.587531634180667,0.0,0.0,0.0,0.0,0.0,-3.3,18.0,27.0,0.09183615471624539,28.106966095953954,0.8126103321737934,466.028452500893
1986-01-04T04:45:00,extended_january,baseline,17.999614832282294,18.000463639494445,18.000259856266343,18.00168214859399,18.58624730048944,0.0,0.0,0.0,0.0,0.0,-3.3,18.0,27.0,0.09183615471624539,28.198802250670198,0.8126847134573406,466.84113721435034
1986-01-04T05:00:00,extended_january,baseline,18.000862112316103,17.999352801735014,17.99903835876438,18.00082207889551,18.58613939052187,0.0,0.0,0.0,0.0,0.0,-3.3,18.0,27.0,0.09183615471624539,28.290638405386442,0.8093897120511864,467.65052692640154
1986-01-04T05:15:00,extended_january,baseline,17.999554666124556,18.000638077262717,17.9998749276674,17.999429132733475,18.58641401784699,0.0,0.0,0.0,0.0,0.0,-3.3,18.0,27.0,0.09183615471624539,28.382474560102686,0.8103516774083082,468.4608786038099
1986-01-04T05:30:00,extended_january,baseline,17.99935707227118,17.99875325405824,18.000365485814807,18.000598240827763,18.587127052313225,0.0,0.0,0.0,0.0,0.0,-3.3,18.0,27.0,0.09183615471624539,28.47431071481893,0.8101858843023209,469.2710644881122
1986-01-04T05:45:00,extended_january,baseline,18.00060981823009,17.999559328380233,17.998942281638925,17.99882711621584,18.588465219014335,0.0,0.0,0.0,0.0,0.0,-3.3,18.0,27.0,0.09183615471624539,28.566146869535174,0.8081971974929646,470.07926168560516
1986-01-04T06:00:00,extended_january,baseline,18.000211154907895,18.00062309650188,17.99927542921979,17.99979692113287,18.59046582693869,0.0,0.0,0.0,0.0,0.0,-3.3,18.0,27.0,0.09183615471624539,28.65798302425142,0.8072894975006092,470.8865511831058
1986-01-04T06:19:00,extended_january,baseline,19.811608419277988,19.98563243233593,19.77231522759563,19.99123318789784,19.850176953261567,0.0,0.0,0.0,0.0,0.0,-3.175,21.0,24.0,0.09183615471624539,28.749819178967662,6.924397787269974,477.81094897037576
1986-01-04T06:34:00,extended_january,baseline,20.61563204252067,20.78828075494578,20.55259524420369,20.78600645232268,20.430836649819568,0.0,0.0,0.0,0.0,0.0,-3.05,21.0,24.0,0.09183615471624539,28.841655333683907,5.718197584258175,483.52914655463394
1986-01-04T06:53:00,extended_january,baseline,20.994263310826025,21.000996101232673,20.948378697175148,21.000527241029722,20.740499344639034,0.0,0.0,0.0,0.0,0.0,-2.925,21.0,24.0,0.09183615471624539,28.93349148840015,5.611079540248516,489.14022609488245
1986-01-04T07:00:00,extended_january,baseline,21.000601427301735,20.99932765911988,20.997144500480616,20.99917723918337,20.902107117977543,0.0,0.0,0.0,0.0,0.0,-2.8,21.0,24.0,0.09183615471624539,29.025327643116395,5.289331239488739,494.42955733437117
1986-01-04T07:15:00,extended_january,baseline,21.002367488335388,20.999972382415184,20.99870174289799,21.000119039828338,20.998589519088824,0.0,0.0,0.0,0.0,0.0,-2.8,21.0,24.0,0.09183615471624539,29.11716379783264,5.163877117510872,499.59343445188205
1986-01-04T07:30:00,extended_january,baseline,21.00156409969149,20.998598962194333,20.999936868520777,21.001290892429573,20.999650639356997,0.0,0.0,0.0,0.0,0.0,-2.8,21.0,24.0,0.09183615471624539,29.208999952548883,4.9687233465376615,504.5621577984197
1986-01-04T07:45:00,extended_january,baseline,20.998602009084582,21.002116164628784,20.998111141902296,21.001085461921296,21.00132884236706,0.0,0.0,0.0,0.0,0.0,-2.8,21.0,24.0,0.09183615471624539,29.300836107265127,4.866003113533516,509.4281609119532
1986-01-04T08:00:00,extended_january,baseline,20.997854548624616,20.998945989804714,21.00204269994176,20.997077160992582,21.001376873769683,0.0,0.0,0.0,0.0,0.0,-2.8,21.0,24.0,0.09183615471624539,29.39267226198137,4.761886483308309,514.1900473952616
1986-01-04T08:23:00,extended_january,baseline,21.000683613788787,21.001423922734197,20.999639397987085,21.000309078377818,21.131308897817995,11.0,5.0,11.0,5.0,20.0,-2.6499999999999995,21.0,24.0,0.09183615471624539,29.484508416697615,2.7141929018161597,516.9042402970778
1986-01-04T08:38:00,extended_january,baseline,20.9999516178799,21.00154370567937,21.000559768362837,21.00252404781948,21.332730795966913,11.0,5.0,11.0,5.0,20.0,-2.5,21.0,24.0,0.09183615471624539,29.57634457141386,2.6542867702512853,519.558527067329
1986-01-04T08:45:00,extended_january,baseline,21.001669956056205,21.00237039765037,21.00144244432323,21.00251548582958,21.47512051466346,11.0,5.0,11.0,5.0,20.0,-2.35,21.0,24.0,0.09183615471624539,29.668180726130103,2.511185735327478,522.0697128026565
1986-01-04T09:00:00,extended_january,baseline,21.000730051067244,21.002533480229108,21.000817187930505,21.0036143645721,21.62409880795541,11.0,5.0,11.0,5.0,20.0,-2.2,21.0,24.0,0.09183615471624539,29.760016880846347,2.3782047069259127,524.4479175095823
1986-01-04T09:23:00,extended_january,baseline,21.000937312055505,21.00071985360307,21.001075972455144,21.000708058567316,22.196603063112587,11.0,5.0,11.0,5.0,20.0,-2.075,21.0,24.0,0.09183615471624539,29.85185303556259,1.9579037503311545,526.4058212599135
1986-01-04T09:38:00,extended_january,baseline,21.000064160373032,21.000584693468937,21.00000847289418,21.001723500286296,22.539190002950402,11.0,5.0,11.0,5.0,20.0,-1.9500000000000002,21.0,24.0,0.09183615471624539,29.943689190278835,1.7926402247107829,528.1984614846243
1986-01-04T09:45:00,extended_january,baseline,21.000453924816462,21.001798565670047,21.03000842056595,21.000998930987063,22.712764689559737,11.0,5.0,11.0,5.0,20.0,-1.825,21.0,24.0,0.09183615471624539,30.03552534499508,1.6980187795191437,529.8964802641434
1986-01-04T10:00:00,extended_january,baseline,21.000552901832506,21.063913763236755,21.11076119373912,21.001653221218252,22.835655486527884,11.0,5.0,11.0,5.0,20.0,-1.7,21.0,24.0,0.09183615471624539,30.127361499711323,1.6333026782647964,531.5297829424082
1986-01-04T10:15:00,extended_january,baseline,21.040354434375107,21.18599522474012,21.243335565219056,21.000926390604377,22.961136909232387,11.0,5.0,11.0,5.0,20.0,-1.7,21.0,24.0,0.09183615471624539,30.219197654427568,1.594341420934962,533.1241243633432
1986-01-04T10:30:00,extended_january,baseline,21.138555303656872,21.330065824492596,21.395181505907814,21.001870336293234,23.09921972305382,11.0,5.0,11.0,5.0,20.0,-1.7,21.0,24.0,0.09183615471624539,30.31103380914381,1.5722891589802217,534.6964135223234
1986-01-04T10:45:00,extended_january,baseline,21.25528646513421,21.45235821217778,21.53865218491522,21.04968868739242,23.234810578525035,11.0,5.0,11.0,5.0,20.0,-1.7,21.0,24.0,0.09183615471624539,30.402869963860056,1.5639656243096884,536.2603791466331
1986-01-04T11:00:00,extended_january,baseline,21.371558498280663,21.556148484100255,21.671641540607332,21.131923997234697,23.36171261247699,11.0,5.0,11.0,5.0,20.0,-1.7,21.0,24.0,0.09183615471624539,30.4947061185763,1.5603178524287094,537.8206969990619
1986-01-04T11:15:00,extended_january,baseline,21.381757468247528,21.537576608720762,21.69386828263553,21.109715797788507,23.36674342492551,8.8,4.0,8.8,4.0,16.0,-1.5499999999999998,21.0,24.0,0.09183615471624539,30.586542273292544,1.543428810189987,539.3641258092518
1986-01-04T11:30:00,extended_january,baseline,21.402311776980223,21.531000489727106,21.713203696619406,21.10238865344143,23.36395995368827,8.8,4.0,8.8,4.0,16.0,-1.4,21.0,24.0,0.09183615471624539,30.678378428008788,1.5270710440362294,540.8911968532881
1986-01-04T11:45:00,extended_january,baseline,21.45292459187953,21.559315897415352,21.76416758290719,21.135140292514745,23.392041525069143,8.8,4.0,8.8,4.0,16.0,-1.25,21.0,24.0,0.09183615471624539,30.770214582725032,1.5103305862100467,542.4015274394982
1986-01-04T12:00:00,extended_january,baseline,21.51740054604075,21.597721069276837,21.827859110098473,21.18141157780147,23.43698655462506,8.8,4.0,8.8,4.0,16.0,-1.1,21.0,24.0,0.09183615471624539,30.862050737441276,1.4936943502133877,543.8952217897115
1986-01-04T12:15:00,extended_january,baseline,21.372259918437226,21.433851448137712,21.67851826243871,21.026023533212758,23.287671830323944,4.4,2.0,4.4,2.0,8.0,-0.9750000000000001,21.0,24.0,0.09183615471624539,30.95388689215752,1.4789656032180964,545.3741873929296
1986-01-04T12:30:00,extended_january,baseline,21.26870319271994,21.315164531430284,21.563612959436472,21.002985757722307,23.16306888752915,4.4,2.0,4.4,2.0,8.0,-0.8500000000000001,21.0,24.0,0.09183615471624539,31.045723046873764,1.4784110211389137,546.8525984140684
1986-01-04T12:45:00,extended_january,baseline,21.258094237092166,21.276795349539302,21.539657217181027,21.001673815453543,23.124493127192277,4.4,2.0,4.4,2.0,8.0,-0.725,21.0,24.0,0.09183615471624539,31.13755920159001,1.463549935739855,548.3161483498083
1986-01-04T13:00:00,extended_january,baseline,21.28602719508579,21.262507209293943,21.554671804741496,21.000873797195236,23.135170190470458,4.4,2.0,4.4,2.0,8.0,-0.6,21.0,24.0,0.09183615471624539,31.229395356306252,1.4487135725548739,549.7648619223631
1986-01-04T13:15:00,extended_january,baseline,21.51795290948756,21.434998647695213,21.772527397554033,21.15231712641905,23.35009789909988,8.8,4.0,8.8,4.0,16.0,-0.6,21.0,24.0,0.09183615471624539,31.321231511022496,1.4401315589374366,551.2049934813006
1986-01-04T13:30:00,extended_january,baseline,21.69879304700632,21.547232808359485,21.938971578216215,21.26141644641735,23.539282245589717,8.8,4.0,8.8,4.0,16.0,-0.6,21.0,24.0,0.09183615471624539,31.41306766573874,1.434641476250987,552.6396349575515
1986-01-04T13:45:00,extended_january,baseline,21.780487002207266,21.56848809188441,22.002994817361937,21.2993095736986,23.644365011083618,8.8,4.0,8.8,4.0,16.0,-0.6,21.0,24.0,0.09183615471624539,31.504903820454984,1.4325969927215136,554.072231950273
1986-01-04T14:00:00,extended_january,baseline,21.822772458487407,21.55822707818997,22.0219613727364,21.31127835050862,23.703859566821954,8.8,4.0,8.8,4.0,16.0,-0.6,21.0,24.0,0.09183615471624539,31.59673997517123,1.4300374258580333,555.502269376131
1986-01-04T14:15:00,extended_january,baseline,21.907147440222584,21.595286322226915,22.075438461268508,21.371280035878247,23.789335634192394,11.0,5.0,11.0,5.0,20.0,-0.725,21.0,24.0,0.09183615471624539,31.688576129887473,1.440180741476704,556.9424501176078
1986-01-04T14:30:00,extended_january,baseline,21.982983012073362,21.618382123010655,22.112140006144067,21.417952040825345,23.86376400619598,11.0,5.0,11.0,5.0,20.0,-0.8500000000000001,21.0,24.0,0.09183615471624539,31.780412284603717,1.4492664733160308,558.3917165909238
1986-01-04T14:45:00,extended_january,baseline,22.00718817868004,21.603800976026285,22.106079513960918,21.426039809283488,23.907783145284196,11.0,5.0,11.0,5.0,20.0,-0.9750000000000001,21.0,24.0,0.09183615471624539,31.87224843931996,1.4602599775496488,559.8519765684734
1986-01-04T15:00:00,extended_january,baseline,21.9894921662242,21.563841739256915,22.067802865767245,21.406982553450735,23.932953907528557,11.0,5.0,11.0,5.0,20.0,-1.1,21.0,24.0,0.09183615471624539,31.964084594036205,1.471365214932335,561.3233417834058
1986-01-04T15:15:00,extended_january,baseline,21.890642268896418,21.459471314777964,21.953699112618988,21.321629024408278,23.884341471218967,11.0,5.0,11.0,5.0,20.0,-1.1,21.0,24.0,0.09183615471624539,32.05592074875245,1.4709598751695199,562.7943016585754
1986-01-04T15:30:00,extended_january,baseline,21.788910971504375,21.360774153082808,21.841040514584712,21.23893794297867,23.836071736686204,11.0,5.0,11.0,5.0,20.0,-1.1,21.0,24.0,0.09183615471624539,32.1477569034687,1.470246661941606,564.264548320517
1986-01-04T15:45:00,extended_january,baseline,21.72218785299073,21.281652722123354,21.751436904801672,21.178411975627913,23.80487796664563,11.0,5.0,11.0,5.0,20.0,-1.1,21.0,24.0,0.09183615471624539,32.239593058184944,1.4697832297521274,565.7343315502691
1986-01-04T16:00:00,extended_january,baseline,21.677676344120634,21.207050036891623,21.669883742673818,21.126217762491315,23.780506189804562,11.0,5.0,11.0,5.0,20.0,-1.1,21.0,24.0,0.09183615471624539,32.33142921290119,1.469537983023711,567.2038695332927
1986-01-04T16:15:00,extended_january,baseline,21.461071607331544,21.022228048694256,21.42362738254267,21.014301074909977,23.605379011814886,11.0,5.0,11.0,5.0,20.0,-1.525,21.0,24.0,0.09183615471624539,32.42326536761744,1.5246228167440279,568.7284923500367
1986-01-04T16:38:00,extended_january,baseline,21.094913362784258,21.00047899077241,21.108554211941417,21.001842210029732,23.392421952702723,11.0,5.0,11.0,5.0,20.0,-1.95,21.0,24.0,0.09183615471624539,32.51510152233369,1.619388971658466,570.3478813216952
1986-01-04T16:45:00,extended_january,baseline,21.00686601580927,21.00362108217773,21.007787619347003,21.00196984406815,23.269740276757837,11.0,5.0,11.0,5.0,20.0,-2.3749999999999996,21.0,24.0,0.09183615471624539,32.606937677049935,1.7524179594237725,572.100299281119
1986-01-04T17:00:00,extended_january,baseline,21.00274243237959,21.00065782996562,21.003662320495796,21.002131102348137,23.12057875578375,11.0,5.0,11.0,5.0,20.0,-2.8,21.0,24.0,0.09183615471624539,32.69877383176618,1.9383533582194823,574.0386526393385
1986-01-04T17:15:00,extended_january,baseline,21.003552514997224,21.00175466947642,21.002435679993315,21.000632044576115,23.02205361519227,11.0,5.0,11.0,5.0,20.0,-3.0749999999999997,21.0,24.0,0.09183615471624539,32.79060998648243,2.0183151606149443,576.0569677999534
1986-01-04T17:30:00,extended_january,baseline,21.00331507637265,21.003924320131127,21.002371363068413,21.002728381285372,22.960998893256313,11.0,5.0,11.0,5.0,20.0,-3.3499999999999996,21.0,24.0,0.09183615471624539,32.88244614119868,2.0949082982316223,578.1518760981851
1986-01-04T17:45:00,extended_january,baseline,21.001503753457452,21.004366418510564,21.001744032961465,21.00292182385784,22.91739942180711,11.0,5.0,11.0,5.0,20.0,-3.625,21.0,24.0,0.09183615471624539,32.974282295914925,2.1628690830184327,580.3147451812035
1986-01-04T18:00:00,extended_january,baseline,21.001446585855216,21.001824587747745,21.003011053308125,21.00255322636427,22.881820793455155,11.0,5.0,11.0,5.0,20.0,-3.9,21.0,24.0,0.09183615471624539,33.06611845063117,2.2296020751205163,582.544347256324
1986-01-04T18:23:00,extended_january,baseline,21.002563659515225,21.000936843499076,21.002146783433695,21.002429260417376,22.225540535029857,5.5,2.5,5.5,2.5,10.0,-4.175,21.0,24.0,0.09183615471624539,33.15795460534742,2.823177952604485,585.3675252089286
1986-01-04T18:38:00,extended_january,baseline,21.00238771476174,21.000362136471608,21.00284567004648,21.000211598202196,21.770317172645658,5.5,2.5,5.5,2.5,10.0,-4.45,21.0,24.0,0.09183615471624539,33.24979076006367,3.005870910248549,588.3733961191771
1986-01-04T18:53:00,extended_january,baseline,21.001342691015957,21.001943167996494,21.002895640522823,21.001746060503493,21.534404827174704,5.5,2.5,5.5,2.5,10.0,-4.725,21.0,24.0,0.09183615471624539,33.341626914779916,3.1193359372554594,591.4927320564325
1986-01-04T19:00:00,extended_january,baseline,21.002377232326257,21.0032063689564,21.002706726407656,21.00188551135834,21.406441786590772,5.5,2.5,5.5,2.5,10.0,-5.0,21.0,24.0,0.09183615471624539,33.43346306949616,3.217885332917656,594.7106173893501
1986-01-04T19:23:00,extended_january,baseline,21.002805317091834,21.002816173953093,21.003624800321088,21.002724007041937,21.00334330875469,0.0,0.0,0.0,0.0,0.0,-5.0,21.0,24.0,0.09183615471624539,33.52529922421241,3.815986258993487,598.5266036483436
1986-01-04T19:30:00,extended_january,baseline,21.001757351985656,21.0037150417515,21.00343863104439,21.000164821240784,21.004024509428586,0.0,0.0,0.0,0.0,0.0,-5.0,21.0,24.0,0.09183615471624539,33.61713537892866,4.022394447425093,602.5489980957686
1986-01-04T19:45:00,extended_january,baseline,21.00403709130028,21.003237039915764,21.002441749799093,21.002315360140024,21.002185171333416,0.0,0.0,0.0,0.0,0.0,-5.0,21.0,24.0,0.09183615471624539,33.708971533644906,4.066265527046557,606.6152636228152
1986-01-04T20:00:00,extended_january,baseline,21.00152351875632,21.000616196753455,21.00418414829353,21.001676536512438,21.001342234821188,0.0,0.0,0.0,0.0,0.0,-5.0,21.0,24.0,0.09183615471624539,33.800807688361154,4.132851059682626,610.7481146824978
1986-01-04T20:18:00,extended_january,baseline,19.031213449167595,19.283235861733846,19.06929707701835,19.28627478987278,20.26697610006472,0.0,0.0,0.0,0.0,0.0,-4.85,18.0,27.0,0.09183615471624539,33.8926438430774,0.0,610.7481146824978
1986-01-04T20:34:00,extended_january,baseline,18.567197550664744,18.873856838915717,18.605752317532584,18.879792367116764,19.983062439144796,0.0,0.0,0.0,0.0,0.0,-4.7,18.0,27.0,0.09183615471624539,33.98447999779365,0.0,610.7481146824978
1986-01-04T20:53:00,extended_january,baseline,18.285472254365203,18.614768231090125,18.323377614704942,18.62303676291024,19.806739351792192,0.0,0.0,0.0,0.0,0.0,-4.550000000000001,18.0,27.0,0.09183615471624539,34.0763161525099,0.0,610.7481146824978
1986-01-04T21:00:00,extended_january,baseline,18.117317042015483,18.452542604102412,18.153585581355095,18.462111984838195,19.67784906933609,0.0,0.0,0.0,0.0,0.0,-4.4,18.0,27.0,0.09183615471624539,34.168152307226144,0.0,610.7481146824978
1986-01-04T21:15:00,extended_january,baseline,18.004996627269687,18.240145986016604,18.00648335127634,18.250626723432326,19.502797615259905,0.0,0.0,0.0,0.0,0.0,-4.550000000000001,18.0,27.0,0.09183615471624539,34.25998846194239,0.03720418030889311,610.7853188628067
1986-01-04T21:30:00,extended_january,baseline,17.999255020398675,18.035450327604487,18.000664051662596,18.045915513526616,19.34087602578653,0.0,0.0,0.0,0.0,0.0,-4.7,18.0,27.0,0.09183615471624539,34.35182461665864,0.115263077574851,610.9005819403815
1986-01-04T21:45:00,extended_january,baseline,17.999867684232775,18.001444212572807,17.9999820371039,18.003292520192346,19.196433378286585,0.0,0.0,0.0,0.0,0.0,-4.85,18.0,27.0,0.09183615471624539,34.44366077137489,0.2298908091373562,611.1304727495188
1986-01-04T22:00:00,extended_january,baseline,17.999016758615614,17.999204161386608,17.99991524702962,17.99919896485636,19.06861544074962,0.0,0.0,0.0,0.0,0.0,-5.0,18.0,27.0,0.09183615471624539,34.535496926091135,0.3622988884341949,611.4927716379531
1986-01-04T22:15:00,extended_january,baseline,18.00025289604741,17.999298458236378,18.000669523553434,17.998967333645922,18.97792939590421,0.0,0.0,0.0,0.0,0.0,-5.275,18.0,27.0,0.09183615471624539,34.62733308080738,0.4809056323705765,611.9736772703236
1986-01-04T22:30:00,extended_january,baseline,18.000063346999397,17.998901370660512,18.00007924578602,18.000027492927035,18.916792785614216,0.0,0.0,0.0,0.0,0.0,-5.55,18.0,27.0,0.09183615471624539,34.71916923552363,0.5835888693422472,612.5572661396659
1986-01-04T22:45:00,extended_january,baseline,18.00074632453099,18.000257942423513,18.00077449485515,17.99854452116293,18.872226250734162,0.0,0.0,0.0,0.0,0.0,-5.824999999999999,18.0,27.0,0.09183615471624539,34.81100539023988,0.6717715145659426,613.2290376542319
1986-01-04T23:00:00,extended_january,baseline,17.99942270328471,18.000275697322206,18.00089223935931,17.998151930550222,18.837153260859935,0.0,0.0,0.0,0.0,0.0,-6.1,18.0,27.0,0.09183615471624539,34.902841544956125,0.7363750790812016,613.9654127333131
1986-01-04T23:15:00,extended_january,baseline,17.99984771284427,17.99843647937977,17.99906299234524,18.000819739816894,18.803265829666312,0.0,0.0,0.0,0.0,0.0,-6.374999999999999,18.0,27.0,0.09183615471624539,34.99467769967237,0.7965942978544355,614.7620070311675
1986-01-04T23:30:00,extended_january,baseline,17.999424091152644,17.998696923542493,18.000866035636356,18.0004675095003,18.771863655418553,0.0,0.0,0.0,0.0,0.0,-6.65,18.0,27.0,0.09183615471624539,35.08651385438862,0.8457778899630455,615.6077849211306
1986-01-04T23:45:00,extended_january,baseline,17.999940971753297,18.00036068271375,18.00049000132346,18.00008398163036,18.745175796073298,0.0,0.0,0.0,0.0,0.0,-6.925000000000001,18.0,27.0,0.09183615471624539,35.17835000910487,0.8838324662004675,616.4916173873311
1986-01-05T00:00:00,extended_january,baseline,18.000820697043014,17.99968991736177,17.999542534461682,18.000117565832134,18.723642763537708,0.0,0.0,0.0,0.0,0.0,-7.2,18.0,27.0,0.09183615471624539,35.270186163821116,0.9146087851794499,617.4062261725105
1986-01-05T00:15:00,extended_january,baseline,18.000888532245245,18.000771935285115,17.998725593951622,18.00133733966503,18.687839984139583,0.0,0.0,0.0,0.0,0.0,-7.2,18.0,27.0,0.09183615471624539,35.36202231853736,0.965211572899451,618.3714377454099
1986-01-05T00:30:00,extended_january,baseline,17.999165611096963,18.000613826910726,17.99933445629282,18.00037732722302,18.641851986831387,0.0,0.0,0.0,0.0,0.0,-7.2,18.0,27.0,0.09183615471624539,35.45385847325361,1.006526854877138,619.3779646002871
1986-01-05T00:45:00,extended_january,baseline,17.99929325994729,18.000037308971464,17.99929860583823,17.998724486006363,18.593517857168578,0.0,0.0,0.0,0.0,0.0,-7.2,18.0,27.0,0.09183615471624539,35.54569462796986,1.0453873390196355,620.4233519393067
1986-01-05T01:00:00,extended_january,baseline,17.999534979330114,18.00077989023463,17.999533440746696,17.99838697403863,18.54608975188501,0.0,0.0,0.0,0.0,0.0,-7.2,18.0,27.0,0.09183615471624539,35.637530782686106,1.0806613615718845,621.5040133008786
1986-01-05T01:15:00,extended_january,baseline,17.99949424197704,18.001398412300826,17.999991218280694,17.999931969826704,18.517500525422935,0.0,0.0,0.0,0.0,0.0,-7.075,18.0,27.0,0.09183615471624539,35.729366937402354,1.0737722022446414,622.5777855031232
1986-01-05T01:30:00,extended_january,baseline,17.998637304744857,17.99865040923795,17.999539115921284,17.99936151747856,18.503029225723907,0.0,0.0,0.0,0.0,0.0,-6.95,18.0,27.0,0.09183615471624539,35.8212030921186,1.0660333864563396,623.6438188895795
1986-01-05T01:45:00,extended_january,baseline,18.00040453258001,17.999269716458997,17.999451145161835,18.000511531678562,18.49487759538471,0.0,0.0,0.0,0.0,0.0,-6.825,18.0,27.0,0.09183615471624539,35.91303924683485,1.0657599914115445,624.7095788809911
1986-01-05T02:00:00,extended_january,baseline,18.0010079947889,17.99961987594757,17.998789139959896,18.000319003477273,18.489913506541495,0.0,0.0,0.0,0.0,0.0,-6.7,18.0,27.0,0.09183615471624539,36.0048754015511,1.0587523367045897,625.7683312176957
1986-01-05T02:15:00,extended_january,baseline,17.999522414452116,17.999024498980546,18.000998877526982,17.99893980975159,18.490642488135123,0.0,0.0,0.0,0.0,0.0,-6.825,18.0,27.0,0.09183615471624539,36.096711556267344,1.0565834498290916,626.8249146675248
1986-01-05T02:30:00,extended_january,baseline,17.99969816797246,17.99879190176519,17.999707630955083,17.999990023352684,18.496366390530937,0.0,0.0,0.0,0.0,0.0,-6.95,18.0,27.0,0.09183615471624539,36.18854771098359,1.052272052533221,627.877186720058
1986-01-05T02:45:00,extended_january,baseline,17.999958940493432,17.999769544081413,18.0001389153657,17.999373051378246,18.505627472787005,0.0,0.0,0.0,0.0,0.0,-7.075,18.0,27.0,0.09183615471624539,36.28038386569984,1.0484738809802059,628.9256606010382
1986-01-05T03:00:00,extended_january,baseline,18.000416672142368,18.00002556258248,17.999161104813748,18.00003213790876,18.517645468600396,0.0,0.0,0.0,0.0,0.0,-7.2,18.0,27.0,0.09183615471624539,36.37222002041609,1.0415012949040692,629.9671618959422
1986-01-05T03:15:00,extended_january,baseline,18.000631521963896,18.000783154962924,18.000180522703065,17.998950574013037,18.512768712769027,0.0,0.0,0.0,0.0,0.0,-7.625,18.0,27.0,0.09183615471624539,36.464056175132335,1.0888312825697504,631.055993178512
1986-01-05T03:30:00,extended_january,baseline,18.000078185562977,18.00038743841551,18.00036714282335,18.00100742068747,18.49556938374603,0.0,0.0,0.0,0.0,0.0,-8.05,18.0,27.0,0.09183615471624539,36.55589232984858,1.129403711653398,632.1853968901654
1986-01-05T03:45:00,extended_january,baseline,17.99911393848361,18.000567858926047,17.999472799995335,17.999090999141092,18.474753168460946,0.0,0.0,0.0,0.0,0.0,-8.475000000000001,18.0,27.0,0.09183615471624539,36.64772848456483,1.1658436907793064,633.3512405809447
1986-01-05T04:00:00,extended_january,baseline,17.998853517006125,18.00055245843248,18.000805634363324,18.00110227631535,18.453136032885823,0.0,0.0,0.0,0.0,0.0,-8.9,18.0,27.0,0.09183615471624539,36.73956463928108,1.2081897863361595,634.5594303672808
1986-01-05T04:15:00,extended_january,baseline,18.000280752409065,17.998667269139883,17.999456994156404,18.001018422040676,18.417991690091945,0.0,0.0,0.0,0.0,0.0,-9.725000000000001,18.0,27.0,0.09183615471624539,36.831400793997325,1.290429178395897,635.8498595456767
1986-01-05T04:30:00,extended_january,baseline,18.00129883326204,17.99979155937604,18.001271091822534,17.999234131180113,18.37136701143923,0.0,0.0,0.0,0.0,0.0,-10.55,18.0,27.0,0.09183615471624539,36.92323694871357,1.3767632186942076,637.226622764371
1986-01-05T04:45:00,extended_january,baseline,18.000162212706876,17.99968559334206,18.000854174089206,18.000758117291085,18.31821212509417,0.0,0.0,0.0,0.0,0.0,-11.374999999999998,18.0,27.0,0.09183615471624539,37.01507310342982,1.4568844454697747,638.6835072098407
1986-01-05T05:00:00,extended_january,baseline,17.998663134004136,17.99803124328047,17.99882399771697,18.00093793814397,18.260661275089554,0.0,0.0,0.0,0.0,0.0,-12.2,18.0,27.0,0.09183615471624539,37.10690925814607,1.545406224316926,640.2289134341577
1986-01-05T05:15:00,extended_january,baseline,17.998691505699863,18.000454013963783,18.00092804713287,18.000939034121444,18.22309875883954,0.0,0.0,0.0,0.0,0.0,-12.749999999999998,18.0,27.0,0.09183615471624539,37.198745412862316,1.5611223062536768,641.7900357404113
1986-01-05T05:30:00,extended_january,baseline,17.999001782234124,17.998809041287288,18.000063315367147,18.000813999018998,18.200719387317317,0.0,0.0,0.0,0.0,0.0,-13.3,18.0,27.0,0.09183615471624539,37.29058156757856,1.5960638417231623,643.3860995821345
1986-01-05T05:45:00,extended_january,baseline,17.998456658004095,17.99955655187377,18.000596054977347,18.000150503517414,18.183960276243745,0.0,0.0,0.0,0.0,0.0,-13.850000000000001,18.0,27.0,0.09183615471624539,37.38241772229481,1.634101141033631,645.0202007231682
1986-01-05T06:00:00,extended_january,baseline,17.999295743279138,17.99943598175055,17.999926690437757,18.001884884252174,18.16894305888475,0.0,0.0,0.0,0.0,0.0,-14.4,18.0,27.0,0.09183615471624539,37.47425387701106,1.6706316968653323,646.6908324200335
1986-01-05T06:20:00,extended_january,baseline,19.162756935334116,19.456835921694086,19.127025908670202,19.46976060726768,19.41258113909863,0.0,0.0,0.0,0.0,0.0,-14.55,21.0,24.0,0.09183615471624539,37.566090031727306,7.6410796991956085,654.3319121192292
1986-01-05T06:35:00,extended_january,baseline,19.574237620421833,19.948151928029386,19.519041961246618,19.958691301677913,19.86325878602839,0.0,0.0,0.0,0.0,0.0,-14.7,21.0,24.0,0.09183615471624539,37.657926186443554,6.850941887833161,661.1828540070624
1986-01-05T06:53:00,extended_january,baseline,19.797356134744415,20.207684067918816,19.735336267230448,20.215009671370073,20.120657447228147,0.0,0.0,0.0,0.0,0.0,-14.85,21.0,24.0,0.09183615471624539,37.7497623411598,6.864005331396437,668.0468593384588
1986-01-05T07:00:00,extended_january,baseline,19.899156885770438,20.328780135323534,19.834654024396603,20.33380825011097,20.234488074623023,0.0,0.0,0.0,0.0,0.0,-15.0,21.0,24.0,0.09183615471624539,37.84159849587605,6.8763980986476305,674.9232574371065
1986-01-05T07:15:00,extended_january,baseline,20.004632359179332,20.45332912049701,19.93892905534984,20.455821570365412,20.34819157465403,0.0,0.0,0.0,0.0,0.0,-14.725,21.0,24.0,0.09183615471624539,37.9334346505923,6.8454339402069,681.7686913773134
1986-01-05T07:30:00,extended_january,baseline,20.113783861838268,20.751967471550365,20.053539252288616,20.581942917046625,20.433817073076874,0.0,0.0,0.0,0.0,0.0,-14.45,21.0,24.0,0.09183615471624539,38.025270805308544,6.818280579096509,688.5869719564099
1986-01-05T07:45:00,extended_january,baseline,20.22766246034183,20.980556215955282,20.168676977790078,20.70160528785857,20.501089585836386,0.0,0.0,0.0,0.0,0.0,-14.175,21.0,24.0,0.09183615471624539,38.11710696002479,6.732763666132652,695.3197356225426
1986-01-05T08:00:00,extended_january,baseline,20.343732907050267,20.9976563783446,20.277443693923303,20.809692380808123,20.55539240974351,0.0,0.0,0.0,0.0,0.0,-13.9,21.0,24.0,0.09183615471624539,38.20894311474104,6.617195485859408,701.936931108402
1986-01-05T08:20:00,extended_january,baseline,20.9995910820377,21.000450665860708,21.00058061927264,21.000367959154325,21.000349147426537,11.0,5.0,11.0,5.0,20.0,-13.9,21.0,24.0,0.09183615471624539,38.30077926945729,5.208505188936481,707.1454362973384
1986-01-05T08:38:00,extended_january,baseline,20.999663593936663,21.000112038887345,21.000814012254793,21.00007655049086,21.000605834686674,11.0,5.0,11.0,5.0,20.0,-13.9,21.0,24.0,0.09183615471624539,38.392615424173535,4.600548564614206,711.7459848619526
1986-01-05T08:45:00,extended_january,baseline,21.000569204403007,21.04226390781856,21.001041370446334,20.999713552333315,21.00056462013081,11.0,5.0,11.0,5.0,20.0,-13.9,21.0,24.0,0.09183615471624539,38.48445157888978,4.421356438822514,716.1673413007751
1986-01-05T09:08:00,extended_january,baseline,21.000972678556053,21.47331510653817,21.00167240322484,21.002043469358853,21.000506182639533,11.0,5.0,11.0,5.0,20.0,-13.9,21.0,24.0,0.09183615471624539,38.57628773360603,4.173371529568204,720.3407128303433
1986-01-05T09:20:00,extended_january,baseline,21.001697138484882,22.305534974870422,21.001764897826927,21.001268724858445,21.558875109225387,11.0,5.0,11.0,5.0,20.0,-13.350000000000001,21.0,24.0,0.09183615471624539,38.66812388832228,3.6217683466629103,723.9624811770061
1986-01-05T09:35:00,extended_january,baseline,21.000499616313988,22.8439947793447,21.000914139788946,21.00127598204375,21.86687091942051,11.0,5.0,11.0,5.0,20.0,-12.8,21.0,24.0,0.09183615471624539,38.759960043038525,3.4054217347368065,727.3679029117429
1986-01-05T09:53:00,extended_january,baseline,21.00161612158745,23.27939911223015,21.000823558945555,21.00149364001555,22.079030904759172,11.0,5.0,11.0,5.0,20.0,-12.249999999999998,21.0,24.0,0.09183615471624539,38.85179619775477,3.2050855512144967,730.5729884629575
1986-01-05T10:08:00,extended_january,baseline,21.00069427312239,23.650456328270742,21.000502984896194,21.00182205934183,22.25448195981617,11.0,5.0,11.0,5.0,20.0,-11.7,21.0,24.0,0.09183615471624539,38.94363235247102,3.0121320520745036,733.585120515032
1986-01-05T10:23:00,extended_january,baseline,21.030552474716814,23.97242429708988,21.00059602470232,21.001226605794656,22.412662067648576,11.0,5.0,11.0,5.0,20.0,-11.124999999999998,21.0,24.0,0.09183615471624539,39.03546850718727,2.827185209094374,736.4123057241264
1986-01-05T10:30:00,extended_january,baseline,21.167974221336063,23.996312684239758,21.00232518104771,21.00149836922498,22.51770844097497,11.0,5.0,11.0,5.0,20.0,-10.55,21.0,24.0,0.09256285591605279,39.12803136310332,2.680586992786927,739.0928927169134
1986-01-05T10:45:00,extended_january,baseline,21.430876550488218,23.99876038287403,21.001012465164983,21.00067413464399,22.634649038942698,11.0,5.0,11.0,5.0,20.0,-9.975000000000001,21.0,24.0,0.09286896494198235,39.2209003280453,2.5861685882357417,741.6790613051492
1986-01-05T11:08:00,extended_january,baseline,21.800841142039488,23.999319221328932,21.0002712401447,21.001964378549488,22.770996274997525,11.0,5.0,11.0,5.0,20.0,-9.4,21.0,24.0,0.09305967919028316,39.313960007235586,2.476212308027488,744.1552736131766
1986-01-05T11:15:00,extended_january,baseline,21.93788610323887,23.999196519392505,21.00084455435789,21.001593352494908,22.732732343702374,8.8,4.0,8.8,4.0,16.0,-9.0,21.0,24.0,0.09271536527733883,39.40667537251292,2.4935127339995726,746.6487863471762
1986-01-05T11:30:00,extended_january,baseline,22.16311139285704,23.999266800513364,21.00072011568607,21.00283197140747,22.708171181970673,8.8,4.0,8.8,4.0,16.0,-8.6,21.0,24.0,0.09249572327966948,39.49917109579259,2.44269322729072,749.0914795744669
1986-01-05T11:45:00,extended_january,baseline,22.425401532300114,23.999362915273025,21.001345866841177,21.00088800200358,22.71924906946819,8.8,4.0,8.8,4.0,16.0,-8.2,21.0,24.0,0.0921461297945126,39.591317225587105,2.3973121373252466,751.4887917117921
1986-01-05T12:00:00,extended_january,baseline,22.706964243708832,23.963111471543268,21.001177581962256,21.00298316126937,22.743560635818767,8.8,4.0,8.8,4.0,16.0,-7.8,21.0,24.0,0.09183615471624539,39.68315338030335,2.3490264215698557,753.837818133362
1986-01-05T12:23:00,extended_january,baseline,22.77704288630733,23.56040161724989,21.000653795873248,21.00134074177299,22.502957735536278,4.4,2.0,4.4,2.0,8.0,-7.5249999999999995,21.0,24.0,0.09183615471624539,39.7749895350196,2.405681114770682,756.2434992481327
1986-01-05T12:38:00,extended_january,baseline,22.997033071245987,23.26003254001056,21.001228078855352,21.001977175618844,22.391620265189502,4.4,2.0,4.4,2.0,8.0,-7.25,21.0,24.0,0.09183615471624539,39.86682568973585,2.3923456474902802,758.635844895623
1986-01-05T12:53:00,extended_january,baseline,23.236835767012906,22.95341653127771,21.001879706186184,21.000040701957268,22.378684741872664,4.4,2.0,4.4,2.0,8.0,-6.9750000000000005,21.0,24.0,0.09183615471624539,39.958661844452095,2.357168629884868,760.9930135255079
1986-01-05T13:08:00,extended_january,baseline,23.452409163005044,22.62756740795073,21.001432532179187,20.99995368442577,22.38660592720405,4.4,2.0,4.4,2.0,8.0,-6.7,21.0,24.0,0.09183615471624539,40.05049799916834,2.320633288177255,763.3136468136852
1986-01-05T13:23:00,extended_january,baseline,23.902225124126524,22.54537071394892,21.000624712190806,21.000927576726493,22.719304041719223,8.8,4.0,8.8,4.0,16.0,-6.425000000000001,21.0,24.0,0.09183615471624539,40.14233415388459,2.1656459958662735,765.4792928095515
1986-01-05T13:30:00,extended_january,baseline,23.991278038975558,22.377673977106895,21.00058804126972,20.999137885227935,22.8928587986517,8.8,4.0,8.8,4.0,16.0,-6.15,21.0,24.0,0.09327820285973078,40.23561235674432,1.9737763656319147,767.4530691751834
1986-01-05T13:45:00,extended_january,baseline,23.99842013781446,22.17209203027754,21.000286342694732,21.00161177374322,23.05737211459084,8.8,4.0,8.8,4.0,16.0,-5.874999999999999,21.0,24.0,0.09431332024702502,40.329925676991344,1.9183105209658846,769.3713796961492
1986-01-05T14:00:00,extended_january,baseline,23.99919856317579,21.992228248314746,21.000222756697045,21.000582640601795,23.17503165456653,8.8,4.0,8.8,4.0,16.0,-5.6,21.0,24.0,0.09513196080482844,40.42505763779617,1.847752978812402,771.2191326749617
1986-01-05T14:15:00,extended_january,baseline,23.999243311147872,21.882898375790038,21.00085128585268,20.99921671501008,23.296247192283086,11.0,5.0,11.0,5.0,20.0,-5.174999999999999,21.0,24.0,0.09601612578303492,40.52107376357921,1.733592569401324,772.952725244363
1986-01-05T14:30:00,extended_january,baseline,23.99924439872846,21.78297371256102,21.005849436034378,21.000402767113076,23.382261679731496,11.0,5.0,11.0,5.0,20.0,-4.75,21.0,24.0,0.09631368313652043,40.61738744671573,1.669177254495745,774.6219024988587
1986-01-05T14:45:00,extended_january,baseline,23.99928292167634,21.658240028058557,21.000409024252548,21.001743630698947,23.430074317062232,11.0,5.0,11.0,5.0,20.0,-4.324999999999999,21.0,24.0,0.0955793003165442,40.712966747032276,1.6653272480095478,776.2872297468683
1986-01-05T15:00:00,extended_january,baseline,23.999343915084587,21.52488650416543,21.00143391200635,20.999658102837106,23.452391917789797,11.0,5.0,11.0,5.0,20.0,-3.9,21.0,24.0,0.0944511448237621,40.80741789185604,1.6819522283680106,777.9691819752363
1986-01-05T15:15:00,extended_january,baseline,23.99946214604823,21.347003427777548,21.000911811637653,20.999789641765627,23.404557447963708,11.0,5.0,11.0,5.0,20.0,-3.75,21.0,24.0,0.09260951394326085,40.9000274057993,1.826198831082575,779.7953808063189
1986-01-05T15:30:00,extended_january,baseline,23.91411121670084,21.179649178794868,21.001313100924527,21.001966885329402,23.35359854500251,11.0,5.0,11.0,5.0,20.0,-3.5999999999999996,21.0,24.0,0.09183615471624539,40.99186356051555,1.827461952252965,781.6228427585719
1986-01-05T15:45:00,extended_january,baseline,23.699675152848855,21.034754699293,21.001259077292346,21.002946407355473,23.316102726417363,11.0,5.0,11.0,5.0,20.0,-3.4499999999999997,21.0,24.0,0.09183615471624539,41.083699715231795,1.7705915163748847,783.3934342749468
1986-01-05T16:00:00,extended_january,baseline,23.418804775394257,21.00423235785491,21.00197229489661,21.00153332685368,23.283797688293657,11.0,5.0,11.0,5.0,20.0,-3.3,21.0,24.0,0.09183615471624539,41.17553586994804,1.7840763981966643,785.1775106731435
1986-01-05T16:23:00,extended_january,baseline,22.86466636603379,21.00023500251051,21.001384186863614,21.00235363963318,23.10408260445112,11.0,5.0,11.0,5.0,20.0,-3.5749999999999997,21.0,24.0,0.09183615471624539,41.26737202466429,1.9087668564419356,787.0862775295855
1986-01-05T16:38:00,extended_january,baseline,22.237177252103518,21.000388239120607,21.001688355169012,21.002592051921642,23.016598741293997,11.0,5.0,11.0,5.0,20.0,-3.85,21.0,24.0,0.09183615471624539,41.35920817938054,2.00322119624738,789.0894987258329
1986-01-05T16:53:00,extended_january,baseline,21.845547978898303,20.999897899647998,21.000965224159692,21.002438503180628,22.978056943783052,11.0,5.0,11.0,5.0,20.0,-4.125,21.0,24.0,0.09183615471624539,41.451044334096785,2.066454980321053,791.1559537061539
1986-01-05T17:08:00,extended_january,baseline,21.560215897205683,21.000043403974555,21.00178159579529,20.99970224222274,22.947712530711335,11.0,5.0,11.0,5.0,20.0,-4.4,21.0,24.0,0.09183615471624539,41.54288048881303,2.1172632103647575,793.2732169165187
1986-01-05T17:15:00,extended_january,baseline,21.359650405413767,20.999965674698025,21.002585504605893,21.003163832496217,22.920920572596305,11.0,5.0,11.0,5.0,20.0,-4.550000000000001,21.0,24.0,0.09183615471624539,41.63471664352928,2.1545017688252193,795.4277186853438
1986-01-05T17:30:00,extended_january,baseline,21.132689912236966,21.00131068805362,21.00155934100288,21.001527228842264,22.887190193459517,11.0,5.0,11.0,5.0,20.0,-4.7,21.0,24.0,0.09183615471624539,41.72655279824553,2.188680127578196,797.6163988129221
1986-01-05T17:45:00,extended_january,baseline,21.0077120588766,21.001879896802233,21.00148651064632,21.0005815231015,22.854913400908067,11.0,5.0,11.0,5.0,20.0,-4.85,21.0,24.0,0.09183615471624539,41.818388952961776,2.2510599937524236,799.8674588066744
1986-01-05T18:00:00,extended_january,baseline,21.001770041567955,21.002696907628728,21.001948077838183,21.002818786397583,22.82543448064906,11.0,5.0,11.0,5.0,20.0,-5.0,21.0,24.0,0.09183615471624539,41.91022510767802,2.3382153815416666,802.2056741882161
1986-01-05T18:23:00,extended_january,baseline,21.00187005675578,21.003165612348916,21.001326035651182,21.00051128331263,22.179741951091202,5.5,2.5,5.5,2.5,10.0,-5.15,21.0,24.0,0.09183615471624539,42.00206126239427,2.926110147122273,805.1317843353384
1986-01-05T18:38:00,extended_january,baseline,21.002886669206156,21.001354548257748,21.0024327435427,21.00310312174061,21.741463807724674,5.5,2.5,5.5,2.5,10.0,-5.3,21.0,24.0,0.09183615471624539,42.09389741711052,3.104184770418096,808.2359691057565
1986-01-05T18:53:00,extended_january,baseline,21.002533009703644,21.000596587244473,21.001121888096982,21.002174033764362,21.52443392622242,5.5,2.5,5.5,2.5,10.0,-5.449999999999999,21.0,24.0,0.09183615471624539,42.185733571826766,3.20164297842435,811.4376120841808
1986-01-05T19:00:00,extended_january,baseline,21.00282516229419,21.0003243873184,21.002993643521126,21.00202107229906,21.4120493845874,5.5,2.5,5.5,2.5,10.0,-5.6,21.0,24.0,0.09183615471624539,42.277569726543014,3.2837858363575116,814.7213979205384
1986-01-05T19:23:00,extended_january,baseline,21.0019620914943,21.002416022655325,21.002741416784815,21.002541880196407,21.004061059475504,0.0,0.0,0.0,0.0,0.0,-5.874999999999999,21.0,24.0,0.09183615471624539,42.36940588125926,3.938600408885128,818.6599983294235
1986-01-05T19:30:00,extended_january,baseline,21.002972382204863,21.000154554525704,21.004038322047233,21.000594284130454,21.002129900285805,0.0,0.0,0.0,0.0,0.0,-6.15,21.0,24.0,0.09183615471624539,42.46124203597551,4.227881980008409,822.8878803094319
1986-01-05T19:45:00,extended_january,baseline,21.00303595978029,21.001489945557733,21.002905073449536,20.998384257107357,21.0010370093267,0.0,0.0,0.0,0.0,0.0,-6.425000000000001,21.0,24.0,0.09183615471624539,42.55307819069176,4.307197863745717,827.1950781731776
1986-01-05T20:00:00,extended_january,baseline,21.002348157535103,20.999749503805862,21.001959418621038,21.001740717578606,21.001470878729066,0.0,0.0,0.0,0.0,0.0,-6.7,21.0,24.0,0.09183615471624539,42.644914345408004,4.431492448202398,831.6265706213801
1986-01-05T20:18:00,extended_january,baseline,18.941428753334893,19.159406251346105,18.918481307078356,19.161235978197304,20.225672731765062,0.0,0.0,0.0,0.0,0.0,-6.9750000000000005,18.0,27.0,0.09183615471624539,42.73675050012425,0.0,831.6265706213801
1986-01-05T20:34:00,extended_january,baseline,18.473982783172787,18.7319810953672,18.428842433030006,18.735664249835246,19.95117771804359,0.0,0.0,0.0,0.0,0.0,-7.25,18.0,27.0,0.09183615471624539,42.8285866548405,0.0,831.6265706213801
1986-01-05T20:53:00,extended_january,baseline,18.168086270513847,18.454296308480377,18.125380037092,18.46028654954451,19.783595080312296,0.0,0.0,0.0,0.0,0.0,-7.5249999999999995,18.0,27.0,0.09183615471624539,42.92042280955675,0.0,831.6265706213801
1986-01-05T21:00:00,extended_january,baseline,18.007812035318544,18.27889257237076,18.006469158192424,18.28626555173167,19.6637421755477,0.0,0.0,0.0,0.0,0.0,-7.8,18.0,27.0,0.09183615471624539,43.012258964272995,0.01742070674735345,831.6439913281274
1986-01-05T21:15:00,extended_january,baseline,18.00097379648999,18.06297596059997,17.999512484679762,18.071270100908624,19.512957383725947,0.0,0.0,0.0,0.0,0.0,-8.075,18.0,27.0,0.09183615471624539,43.10409511898924,0.11204932189110463,831.7560406500185
1986-01-05T21:30:00,extended_january,baseline,17.99973612701467,18.00372358111011,17.999744356044495,18.007500670954258,19.385430482722132,0.0,0.0,0.0,0.0,0.0,-8.35,18.0,27.0,0.09183615471624539,43.19593127370549,0.21695589837409165,831.9729965483925
1986-01-05T21:45:00,extended_january,baseline,18.000018021331513,18.00151010979409,17.99971361043247,18.001896967746,19.286822193218722,0.0,0.0,0.0,0.0,0.0,-8.625,18.0,27.0,0.09183615471624539,43.28776742842174,0.3630536613261049,832.3360502097187
1986-01-05T22:00:00,extended_january,baseline,18.000496312966376,17.999812236020915,17.999791044974188,18.001044598668273,19.201838342352605,0.0,0.0,0.0,0.0,0.0,-8.9,18.0,27.0,0.09183615471624539,43.379603583137985,0.500984019703632,832.8370342294223
1986-01-05T22:15:00,extended_january,baseline,17.999989535037795,18.000270658821883,17.998981587682827,17.99877097457769,19.11538601405731,0.0,0.0,0.0,0.0,0.0,-8.9,18.0,27.0,0.09183615471624539,43.47143973785423,0.6380267896458658,833.4750610190682
1986-01-05T22:30:00,extended_january,baseline,17.999515685143628,18.001224492269067,17.999271999691622,17.999341377636462,19.031491207731214,0.0,0.0,0.0,0.0,0.0,-8.9,18.0,27.0,0.09183615471624539,43.56327589257048,0.7566718754823936,834.2317328945506
1986-01-05T22:45:00,extended_january,baseline,18.000977294423645,17.999814672481943,17.999711780330884,17.99970011925565,18.95446799134733,0.0,0.0,0.0,0.0,0.0,-8.9,18.0,27.0,0.09183615471624539,43.65511204728673,0.852964491431202,835.0846973859818
1986-01-05T23:00:00,extended_january,baseline,17.999687116282796,18.001254531818834,18.00048892703235,17.99883191069128,18.884974921541826,0.0,0.0,0.0,0.0,0.0,-8.9,18.0,27.0,0.09183615471624539,43.746948202002976,0.9250434788949614,836.0097408648768
1986-01-05T23:15:00,extended_january,baseline,17.999979077091513,17.999519572057647,17.99899351796462,17.998992331284928,18.82031638474582,0.0,0.0,0.0,0.0,0.0,-9.175,18.0,27.0,0.09183615471624539,43.83878435671922,0.9964583035355964,837.0061991684124
1986-01-05T23:30:00,extended_january,baseline,17.998921591447257,18.001406120353945,17.999130735774397,18.001724871732584,18.759748264453307,0.0,0.0,0.0,0.0,0.0,-9.45,18.0,27.0,0.09183615471624539,43.93062051143547,1.0594451901026603,838.0656443585151
1986-01-05T23:45:00,extended_january,baseline,17.999490617644387,17.99918810192084,17.9997373836131,17.998725279391646,18.70322271803844,0.0,0.0,0.0,0.0,0.0,-9.725,18.0,27.0,0.09183615471624539,44.02245666615172,1.1104001329579005,839.176044491473
1986-01-06T00:00:00,extended_january,baseline,18.00029208622167,17.999010455334137,18.000870588651612,18.00132217361445,18.650588933881423,0.0,0.0,0.0,0.0,0.0,-10.0,18.0,27.0,0.09183615471624539,44.114292820867966,1.1607340513910829,840.3367785428641
1986-01-06T00:15:00,extended_january,baseline,17.9986829864265,17.999964894937342,18.00071830061497,18.00115555699134,18.685687488436994,0.0,0.0,0.0,0.0,0.0,-10.275,18.0,27.0,0.09183615471624539,44.206128975584214,1.0347061998086364,841.3714847426727
1986-01-06T00:30:00,extended_january,baseline,18.000608086256754,18.001432140507262,17.99975814351927,17.998626042737936,18.700201271629453,0.0,0.0,0.0,0.0,0.0,-10.55,18.0,27.0,0.09183615471624539,44.29796513030046,1.1041613905684653,842.4756461332412
1986-01-06T00:45:00,extended_january,baseline,18.000929104469677,18.000954346625274,17.9999166423125,17.99946294954795,18.67779446483412,0.0,0.0,0.0,0.0,0.0,-10.825,18.0,27.0,0.09183615471624539,44.38980128501671,1.160758126885449,843.6364042601266
1986-01-06T01:00:00,extended_january,baseline,17.999133620671344,17.99933765986724,18.00054051277101,17.998700849645356,18.640861635079567,0.0,0.0,0.0,0.0,0.0,-11.1,18.0,27.0,0.09183615471624539,44.48163743973296,1.2085181983927282,844.8449224585194
1986-01-06T01:15:00,extended_january,baseline,17.99981869813355,18.000565241372705,17.9994773379448,17.999295716630417,18.62018614273258,0.0,0.0,0.0,0.0,0.0,-11.1,18.0,27.0,0.09183615471624539,44.573473594449204,1.205605296528069,846.0505277550475
1986-01-06T01:30:00,extended_january,baseline,18.00040125525938,18.00122749528795,17.998781343513723,17.99882274028855,18.613319765712152,0.0,0.0,0.0,0.0,0.0,-11.1,18.0,27.0,0.09183615471624539,44.66530974916545,1.2027908053125123,847.25331856036
1986-01-06T01:45:00,extended_january,baseline,17.999475174281493,17.99865818401999,17.99978662628882,17.999021126829014,18.61219611217381,0.0,0.0,0.0,0.0,0.0,-11.1,18.0,27.0,0.09183615471624539,44.7571459038817,1.2014392129243079,848.4547577732843
1986-01-06T02:00:00,extended_january,baseline,18.00072920915322,17.999492860766857,18.00090155257965,18.001724620095747,18.615159796494858,0.0,0.0,0.0,0.0,0.0,-11.1,18.0,27.0,0.09183615471624539,44.84898205859795,1.2033049259629716,849.6580626992472
1986-01-06T02:15:00,extended_january,baseline,17.999505954889838,18.001278092409887,18.000887711027612,18.00028795706118,18.613724468345627,0.0,0.0,0.0,0.0,0.0,-11.375,18.0,27.0,0.09183615471624539,44.940818213314195,1.2273715255005668,850.8854342247478
1986-01-06T02:30:00,extended_january,baseline,17.999586053583283,17.998942157572223,18.000042713600617,17.999606733257433,18.609084074647114,0.0,0.0,0.0,0.0,0.0,-11.649999999999999,18.0,27.0,0.09183615471624539,45.03265436803044,1.2520209306054775,852.1374551553532
1986-01-06T02:45:00,extended_january,baseline,17.999539805630086,17.999911015779425,17.9990378317398,18.000483843175303,18.604112318449374,0.0,0.0,0.0,0.0,0.0,-11.924999999999999,18.0,27.0,0.09183615471624539,45.12449052274669,1.275099518808956,853.4125546741622
1986-01-06T03:00:00,extended_january,baseline,17.999089853425062,18.000130306282372,17.999838386549474,17.99831526104192,18.5999135040334,0.0,0.0,0.0,0.0,0.0,-12.2,18.0,27.0,0.09183615471624539,45.21632667746294,1.2962882664143225,854.7088429405765
1986-01-06T03:15:00,extended_january,baseline,17.998957966460775,17.99876289520319,17.999134423438015,17.999301075567352,18.595656965216524,0.0,0.0,0.0,0.0,0.0,-12.624999999999998,18.0,27.0,0.09183615471624539,45.308162832179185,1.3293763689266003,856.038219309503
1986-01-06T03:30:00,extended_january,baseline,17.998840231261585,18.0002399967321,18.000143566873586,17.999051157172296,18.591496405524293,0.0,0.0,0.0,0.0,0.0,-13.05,18.0,27.0,0.09183615471624539,45.39999898689543,1.3588649224038452,857.3970842319069
1986-01-06T03:45:00,extended_january,baseline,18.000133472458757,17.999972779788482,17.999248542975113,18.00075304107945,18.587805224595204,0.0,0.0,0.0,0.0,0.0,-13.475000000000001,18.0,27.0,0.09183615471624539,45.49183514161168,1.3851222519709432,858.7822064838779
1986-01-06T04:00:00,extended_january,baseline,17.99888382705691,18.001439555607256,17.999703848748666,18.000357863002176,18.584737655119017,0.0,0.0,0.0,0.0,0.0,-13.9,18.0,27.0,0.09183615471624539,45.58367129632793,1.4101725051946645,860.1923789890725
1986-01-06T04:15:00,extended_january,baseline,18.00133317051872,17.9998960702042,17.99887310100211,18.000756037984818,18.57911923471514,0.0,0.0,0.0,0.0,0.0,-13.9,18.0,27.0,0.09183615471624539,45.675507451044176,1.425201908823972,861.6175808978965
1986-01-06T04:30:00,extended_january,baseline,18.000853156452596,17.99997015029193,17.998783352091017,17.999014855286006,18.571625628078568,0.0,0.0,0.0,0.0,0.0,-13.9,18.0,27.0,0.09183615471624539,45.76734360576042,1.4380830484828102,863.0556639463792
1986-01-06T04:45:00,extended_january,baseline,18.00104684198198,17.998547568584154,17.99986915235693,17.999516525504053,18.563579964531005,0.0,0.0,0.0,0.0,0.0,-13.9,18.0,27.0,0.09183615471624539,45.85917976047667,1.453388716555595,864.5090526629349
1986-01-06T05:00:00,extended_january,baseline,17.9997191736613,17.99954728403067,17.998737533983014,17.998722127109048,18.555531828212285,0.0,0.0,0.0,0.0,0.0,-13.9,18.0,27.0,0.09183615471624539,45.95101591519292,1.4655207022946084,865.9745733652295
1986-01-06T05:15:00,extended_january,baseline,18.00107004662886,18.00080813348594,17.999905648225212,17.99843804278555,18.546898919505786,0.0,0.0,0.0,0.0,0.0,-14.025,18.0,27.0,0.09183615471624539,46.042852069909166,1.4865030242263368,867.4610763894558
1986-01-06T05:30:00,extended_january,baseline,18.001262218413647,18.001706655338637,17.999975863312823,17.998855211636272,18.537853018578044,0.0,0.0,0.0,0.0,0.0,-14.15,18.0,27.0,0.09183615471624539,46.134688224625414,1.5018455922429281,868.9629219816987
1986-01-06T05:45:00,extended_january,baseline,18.00022690172529,17.99923736866285,17.99887412130632,17.99966972516148,18.528727672373417,0.0,0.0,0.0,0.0,0.0,-14.275,18.0,27.0,0.09183615471624539,46.22652437934166,1.5189335183972812,870.481855500096
1986-01-06T06:00:00,extended_january,baseline,17.998752310324427,18.00163542575048,18.000285163276637,18.000746566445972,18.519684883565294,0.0,0.0,0.0,0.0,0.0,-14.4,18.0,27.0,0.09183615471624539,46.31836053405791,1.5365514130471571,872.0184069131432
1986-01-06T06:15:00,extended_january,baseline,18.001247116390513,18.00059907361925,17.998629158614985,18.00161203724481,18.500457294173586,0.0,0.0,0.0,0.0,0.0,-14.4,18.0,27.0,0.09183615471624539,46.41019668877416,1.5696851501894578,873.5880920633326
1986-01-06T06:30:00,extended_january,baseline,18.000314419498416,17.99969084962124,17.999753474661027,17.99916329221415,18.473651007417896,0.0,0.0,0.0,0.0,0.0,-14.4,18.0,27.0,0.09183615471624539,46.502032843490404,1.5999368005299615,875.1880288638625
1986-01-06T06:45:00,extended_january,baseline,17.999036554328384,17.999770914286028,18.000625727069067,18.001177856362784,18.443840385062217,0.0,0.0,0.0,0.0,0.0,-14.4,18.0,27.0,0.09183615471624539,46.59386899820665,1.6256022404325416,876.813631104295
1986-01-06T07:00:00,extended_january,baseline,18.000850557241453,18.000184632993747,18.0002679973823,18.000145497548253,18.412934506180836,0.0,0.0,0.0,0.0,0.0,-14.4,18.0,27.0,0.09183615471624539,46.6857051529229,1.6563778429390736,878.4700089472341
1986-01-06T07:15:00,extended_january,baseline,18.000324169437764,17.998804538620238,18.001001711183864,18.00053625187398,18.4076917853671,0.0,0.0,0.0,0.0,0.0,-14.55,18.0,27.0,0.09183615471624539,46.77754130763915,1.6288612617262601,880.0988702089603
1986-01-06T07:30:00,extended_january,baseline,18.00063866616898,18.001449099631227,18.000031737308234,17.999669740900252,18.4220800692583,0.0,0.0,0.0,0.0,0.0,-14.7,18.0,27.0,0.09183615471624539,46.869377462355395,1.5242650035127998,881.6231352124731
1986-01-06T07:45:00,extended_january,baseline,17.999985662847347,18.000747548634266,17.999876221068117,17.998609026386585,18.446058989947886,0.0,0.0,0.0,0.0,0.0,-14.85,18.0,27.0,0.09183615471624539,46.96121361707164,1.4148441892591341,883.0379794017323
1986-01-06T08:00:00,extended_january,baseline,17.999752050964013,17.99962030359954,17.99879306117545,17.999117703914475,18.47596723733096,0.0,0.0,0.0,0.0,0.0,-15.0,18.0,27.0,0.09183615471624539,47.05304977178789,1.2928111835944966,884.3307905853268
1986-01-06T08:15:00,extended_january,baseline,17.99988518636336,18.12012092875545,18.000337518782295,17.999069228286743,18.473079429123754,0.0,0.0,0.0,0.0,0.0,-14.725,18.0,27.0,0.09183615471624539,47.14488592650414,1.2538631872348738,885.5846537725616
1986-01-06T08:38:00,extended_january,baseline,18.000137189114607,18.563621479019226,18.000452130410636,17.998551504994882,18.440679223785445,0.0,0.0,0.0,0.0,0.0,-14.45,18.0,27.0,0.09183615471624539,47.236722081220385,1.2198534160232486,886.8045071885849
1986-01-06T08:53:00,extended_january,baseline,17.999249924924815,18.961651340674067,18.000843796903965,17.99845503202029,18.406684517972423,0.0,0.0,0.0,0.0,0.0,-14.175,18.0,27.0,0.09183615471624539,47.32855823593663,1.1836668761882465,887.9881740647731
1986-01-06T09:08:00,extended_january,baseline,18.000402971647265,19.33472725050699,18.00043404872698,17.999585216579945,18.37414024726434,0.0,0.0,0.0,0.0,0.0,-13.9,18.0,27.0,0.09183615471624539,47.42039439065288,1.1400411876360963,889.1282152524093
1986-01-06T09:23:00,extended_january,baseline,18.000115238939053,19.7442583993372,17.999568341234905,17.99914389100196,18.387771855324484,0.0,0.0,0.0,0.0,0.0,-13.75,18.0,27.0,0.09183615471624539,47.51223054536913,1.0360666535500738,890.1642819059593
1986-01-06T09:38:00,extended_january,baseline,18.000088850445483,20.147897625915082,18.000422637459355,18.000698200832378,18.420294084251513,0.0,0.0,0.0,0.0,0.0,-13.600000000000001,18.0,27.0,0.09183615471624539,47.604066700085376,0.9306115648129746,891.0948934707723
1986-01-06T09:53:00,extended_january,baseline,17.999359644657996,20.438962049169373,18.000182550203522,17.999955732027964,18.460173576127147,0.0,0.0,0.0,0.0,0.0,-13.450000000000001,18.0,27.0,0.09183615471624539,47.69590285480162,0.8175129446647764,891.9124064154371
1986-01-06T10:00:00,extended_january,baseline,18.000046804584194,20.61715842934464,18.00032994891146,18.000124403768595,18.49641927516637,0.0,0.0,0.0,0.0,0.0,-13.3,18.0,27.0,0.09183615471624539,47.78773900951787,0.7086218749181074,892.6210282903552
1986-01-06T10:15:00,extended_january,baseline,17.999648733671048,20.75424549682934,17.999774347872478,18.001164987769016,18.53210480100473,0.0,0.0,0.0,0.0,0.0,-13.025000000000002,18.0,27.0,0.09183615471624539,47.87957516423412,0.6355734356532408,893.2566017260084
1986-01-06T10:30:00,extended_january,baseline,18.00049659024416,20.83320777612524,17.999129970851985,18.00063422603741,18.562329624833144,0.0,0.0,0.0,0.0,0.0,-12.75,18.0,27.0,0.09183615471624539,47.971411318950366,0.5468675611046468,893.803469287113
1986-01-06T10:45:00,extended_january,baseline,17.999368933171688,20.777966359899025,17.99928787515607,18.001466601642342,18.59150163597741,0.0,0.0,0.0,0.0,0.0,-12.474999999999998,18.0,27.0,0.09183615471624539,48.063247473666614,0.48147905163406335,894.2849483387471
1986-01-06T11:00:00,extended_january,baseline,18.00060405062128,20.569170626229674,17.999843233523872,18.000169332931776,18.619881923818312,0.0,0.0,0.0,0.0,0.0,-12.2,18.0,27.0,0.09183615471624539,48.15508362838286,0.43847285535151775,894.7234211940986
1986-01-06T11:15:00,extended_january,baseline,18.000061719270413,20.289538606539285,18.000208133242857,17.999361824710682,18.645690530791065,0.0,0.0,0.0,0.0,0.0,-11.924999999999999,18.0,27.0,0.09183615471624539,48.24691978309911,0.4005442733864129,895.123965467485
1986-01-06T11:38:00,extended_january,baseline,17.999863401938114,19.847936902895665,17.99998671403811,17.999206018280216,18.671779390146828,0.0,0.0,0.0,0.0,0.0,-11.649999999999999,18.0,27.0,0.09183615471624539,48.33875593781536,0.37377109003905273,895.4977365575241
1986-01-06T11:53:00,extended_january,baseline,18.00013541770921,19.57477217058167,17.999624626594738,18.000576187354998,18.689287621532568,0.0,0.0,0.0,0.0,0.0,-11.375,18.0,27.0,0.09183615471624539,48.430592092531604,0.35164001822592666,895.8493765757501
1986-01-06T12:00:00,extended_january,baseline,17.99960795733578,19.38872504538374,18.000395165662127,17.998471643617428,18.70131720532365,0.0,0.0,0.0,0.0,0.0,-11.1,18.0,27.0,0.09183615471624539,48.52242824724785,0.32218249186555525,896.1715590676156
1986-01-06T12:15:00,extended_january,baseline,18.000801359736297,19.20712665698862,17.999259797749264,18.00092368430933,18.726231336033436,0.0,0.0,0.0,0.0,0.0,-11.25,18.0,27.0,0.09183615471624539,48.6142644019641,0.2993438808623964,896.4709029484779
1986-01-06T12:30:00,extended_january,baseline,18.00000857632617,19.049627018054498,17.99995900166955,17.999361707151735,18.760152263697204,0.0,0.0,0.0,0.0,0.0,-11.399999999999999,18.0,27.0,0.09183615471624539,48.70610055668035,0.2534880712746666,896.7243910197526
1986-01-06T12:45:00,extended_january,baseline,17.99960311945272,18.874665434037396,17.999255387939407,18.00061929520576,18.798255639172616,0.0,0.0,0.0,0.0,0.0,-11.549999999999999,18.0,27.0,0.09183615471624539,48.797936711396595,0.24290996337766566,896.9673009831303
1986-01-06T13:00:00,extended_january,baseline,17.99975943568126,18.68987546774329,17.999313190049673,18.00141693813865,18.83703499863017,0.0,0.0,0.0,0.0,0.0,-11.7,18.0,27.0,0.09183615471624539,48.88977286611284,0.25675543334188106,897.2240564164722
1986-01-06T13:15:00,extended_january,baseline,18.000402121657125,18.491867927919724,18.000229064026886,18.000869734374465,18.85072180278047,0.0,0.0,0.0,0.0,0.0,-11.549999999999999,18.0,27.0,0.09183615471624539,48.98160902082909,0.3072727799436323,897.5313291964159
1986-01-06T13:30:00,extended_january,baseline,17.99926996950355,18.290262368192433,17.99982144417504,18.000586549864764,18.84467303559943,0.0,0.0,0.0,0.0,0.0,-11.399999999999999,18.0,27.0,0.09183615471624539,49.07344517554534,0.3986133922905919,897.9299425887065
1986-01-06T13:45:00,extended_january,baseline,18.000402742336178,18.132946240806262,17.999414622702975,18.000584035831046,18.829558732699542,0.0,0.0,0.0,0.0,0.0,-11.25,18.0,27.0,0.09183615471624539,49.165281330261585,0.4006991741156521,898.3306417628221
1986-01-06T14:00:00,extended_january,baseline,17.99956116014345,18.010973456495847,18.000321041657692,17.999344319375695,18.811576049663454,0.0,0.0,0.0,0.0,0.0,-11.1,18.0,27.0,0.09183615471624539,49.25711748497783,0.4057246727149567,898.7363664355371
1986-01-06T14:15:00,extended_january,baseline,17.999434522723174,18.000445689751405,18.000133075770194,18.001229410426113,18.81082512169469,0.0,0.0,0.0,0.0,0.0,-11.25,18.0,27.0,0.09183615471624539,49.34895363969408,0.3985870235112343,899.1349534590483
1986-01-06T14:30:00,extended_january,baseline,17.999970937825882,18.000388208543313,18.00017770939913,17.999413188001206,18.82367175988425,0.0,0.0,0.0,0.0,0.0,-11.399999999999999,18.0,27.0,0.09183615471624539,49.44078979441033,0.35518622296251007,899.4901396820109
1986-01-06T14:45:00,extended_january,baseline,18.00016767975264,18.000331256059813,18.000813657678034,18.000743631665497,18.84296914152237,0.0,0.0,0.0,0.0,0.0,-11.549999999999999,18.0,27.0,0.09183615471624539,49.532625949126576,0.3588386505948328,899.8489783326057
1986-01-06T15:00:00,extended_january,baseline,18.011779313507212,18.001169582000504,18.000219893154647,17.999098786833628,18.864756245151387,0.0,0.0,0.0,0.0,0.0,-11.7,18.0,27.0,0.09183615471624539,49.62446210384282,0.36847607142663436,900.2174544040323
1986-01-06T15:15:00,extended_january,baseline,18.033370460693774,18.000238592523065,17.999127746393164,18.00004430093795,18.87740662630584,0.0,0.0,0.0,0.0,0.0,-11.825,18.0,27.0,0.09183615471624539,49.71629825855907,0.3975666030859524,900.6150210071182
1986-01-06T15:30:00,extended_january,baseline,18.061815397904333,17.99868564360228,17.99971962085652,18.000504242353664,18.882851751039137,0.0,0.0,0.0,0.0,0.0,-11.95,18.0,27.0,0.09183615471624539,49.80813441327532,0.4269143803326179,901.0419353874508
1986-01-06T15:45:00,extended_january,baseline,18.07137009164717,17.99859198024408,17.9998559895778,17.999580084263272,18.8852304723862,0.0,0.0,0.0,0.0,0.0,-12.075,18.0,27.0,0.09183615471624539,49.899970567991566,0.4638853169135488,901.5058207043644
1986-01-06T16:00:00,extended_january,baseline,18.054065845885635,18.000160892996472,17.999465219868547,18.001090596282005,18.88591207873895,0.0,0.0,0.0,0.0,0.0,-12.2,18.0,27.0,0.09183615471624539,49.991806722707814,0.5061167137529036,902.0119374181173
1986-01-06T16:15:00,extended_january,baseline,18.002207254206247,17.999111441691984,17.99994435802784,18.001090809542607,18.872028118298548,0.0,0.0,0.0,0.0,0.0,-12.749999999999998,18.0,27.0,0.09183615471624539,50.08364287742406,0.6140803009202604,902.6260177190376
1986-01-06T16:30:00,extended_january,baseline,18.001212109673187,17.99991764212805,18.00010746204056,17.99993183954648,18.84403265634761,0.0,0.0,0.0,0.0,0.0,-13.3,18.0,27.0,0.09183615471624539,50.17547903214031,0.8981417680933753,903.524159487131
1986-01-06T16:45:00,extended_january,baseline,17.999409195123626,18.000016517900775,17.999698987299464,18.000532164528305,18.80506488268,0.0,0.0,0.0,0.0,0.0,-13.850000000000001,18.0,27.0,0.09183615471624539,50.26731518685656,1.070729101212007,904.594888588343
1986-01-06T17:00:00,extended_january,baseline,18.00111671888895,18.000593664689962,17.99915629705786,18.00092084576231,18.759617340914065,0.0,0.0,0.0,0.0,0.0,-14.4,18.0,27.0,0.09183615471624539,50.359151341572804,1.1796477682269852,905.77453635657
1986-01-06T17:15:00,extended_january,baseline,17.99967077619508,18.00149856794021,17.99879566850752,18.000934237497766,18.729223765784514,0.0,0.0,0.0,0.0,0.0,-14.700000000000001,18.0,27.0,0.09183615471624539,50.45098749628905,1.218161456535766,906.9926978131058
1986-01-06T17:30:00,extended_january,baseline,17.99979787278177,18.000824304992836,17.999703009818386,17.999779786587794,18.71131208715033,0.0,0.0,0.0,0.0,0.0,-15.0,18.0,27.0,0.09183615471624539,50.5428236510053,1.2604110812662,908.253108894372
1986-01-06T17:45:00,extended_january,baseline,17.999398506587735,18.001017309102835,17.998999799827033,18.000380386776694,18.698642336899916,0.0,0.0,0.0,0.0,0.0,-15.299999999999999,18.0,27.0,0.09183615471624539,50.63465980572155,1.2988555080844584,909.5519644024564
1986-01-06T18:00:00,extended_january,baseline,18.001291728552175,18.000020390968995,18.001100308519657,18.000614829521943,18.68811865224993,0.0,0.0,0.0,0.0,0.0,-15.6,18.0,27.0,0.09183615471624539,50.726495960437795,1.3436355267593736,910.8955999292158
1986-01-06T18:15:00,extended_january,baseline,18.00130811366197,17.99917079710905,17.999632528785053,17.998562988262403,18.655394971323325,0.0,0.0,0.0,0.0,0.0,-16.0,18.0,27.0,0.09183615471624539,50.81833211515404,1.4434840595063128,912.3390839887221
1986-01-06T18:30:00,extended_january,baseline,18.001383748068417,18.00118946370056,17.9987368787539,17.99827329115787,18.605714635849917,0.0,0.0,0.0,0.0,0.0,-16.4,18.0,27.0,0.09183615471624539,50.91016826987029,1.5328464914974202,913.8719304802195
1986-01-06T18:45:00,extended_january,baseline,18.000076240526106,18.000414730862172,17.999135316686765,18.001775797441418,18.54896526086448,0.0,0.0,0.0,0.0,0.0,-16.799999999999997,18.0,27.0,0.09183615471624539,51.00200442458654,1.611737860767583,915.483668340987
1986-01-06T19:00:00,extended_january,baseline,18.000889152193192,17.999239488332975,17.999528125440925,17.999646265756134,18.489173066739617,0.0,0.0,0.0,0.0,0.0,-17.2,18.0,27.0,0.09183615471624539,51.093840579302785,1.6889664533199973,917.172634794307
1986-01-06T19:15:00,extended_january,baseline,18.001016866020706,17.99805991144921,17.999101893794727,18.001991671603555,18.45411701950735,0.0,0.0,0.0,0.0,0.0,-17.2,18.0,27.0,0.09183615471624539,51.18567673401903,1.684816934131808,918.8574517284388
1986-01-06T19:30:00,extended_january,baseline,17.99966708060126,18.00080956183241,17.99928967591788,18.0005607753726,18.437633830457234,0.0,0.0,0.0,0.0,0.0,-17.2,18.0,27.0,0.09183615471624539,51.27751288873528,1.6933361926101809,920.550787921049
1986-01-06T19:45:00,extended_january,baseline,17.99922825731163,18.000998280430704,18.00088469953511,17.999771427041836,18.428376299529788,0.0,0.0,0.0,0.0,0.0,-17.2,18.0,27.0,0.09183615471624539,51.36934904345153,1.709280546336519,922.2600684673856
1986-01-06T20:00:00,extended_january,baseline,18.00119154590536,17.999859660525996,17.999490178931836,17.99849376531665,18.42177300006699,0.0,0.0,0.0,0.0,0.0,-17.2,18.0,27.0,0.09183615471624539,51.461185198167776,1.7218450675885904,923.9819135349742
1986-01-06T20:15:00,extended_january,baseline,17.999527775140635,18.001922791474136,18.000654365544108,17.999832977124527,18.432992066885344,0.0,0.0,0.0,0.0,0.0,-17.625,18.0,27.0,0.09183615471624539,51.55302135288402,1.713325471004012,925.6952390059782
1986-01-06T20:30:00,extended_january,baseline,18.00119225591469,18.00094081799267,18.00032216680217,18.000817346970607,18.458738824694283,0.0,0.0,0.0,0.0,0.0,-18.049999999999997,18.0,27.0,0.09183615471624539,51.64485750760027,1.7084488806587732,927.403687886637
1986-01-06T20:45:00,extended_january,baseline,18.000079854501077,17.99829959293661,17.999258574036947,17.999103854430743,18.492306898512673,0.0,0.0,0.0,0.0,0.0,-18.474999999999998,18.0,27.0,0.09183615471624539,51.73669366231652,1.699229504958162,929.1029173915952
1986-01-06T21:00:00,extended_january,baseline,18.00000226796782,17.99936402972661,17.99909268059115,17.999991295482086,18.5307220565529,0.0,0.0,0.0,0.0,0.0,-18.9,18.0,27.0,0.09183615471624539,51.828529817032766,1.6919095136541595,930.7948269052494
1986-01-06T21:15:00,extended_january,baseline,17.999409994637357,17.99948413529942,18.00086369395886,17.99999346314676,18.523718382758258,0.0,0.0,0.0,0.0,0.0,-18.75,18.0,27.0,0.09183615471624539,51.920365971749014,1.7680433400982147,932.5628702453475
1986-01-06T21:30:00,extended_january,baseline,17.99981745268492,17.99816040806697,18.00053994612299,17.998814056129646,18.482823121465813,0.0,0.0,0.0,0.0,0.0,-18.6,18.0,27.0,0.09183615471624539,52.01220212646526,1.823573228621049,934.3864434739686
1986-01-06T21:45:00,extended_january,baseline,18.000488297756608,18.001811814833122,18.00021605976287,17.99997899631612,18.429331756865725,0.0,0.0,0.0,0.0,0.0,-18.450000000000003,18.0,27.0,0.09183615471624539,52.10403828118151,1.871574591838137,936.2580180658067
1986-01-06T22:00:00,extended_january,baseline,17.999756255706036,18.00032352040637,17.999228667410204,17.999836885912064,18.37206223866172,0.0,0.0,0.0,0.0,0.0,-18.3,18.0,27.0,0.09183615471624539,52.19587443589776,1.9184202407332134,938.1764383065399
1986-01-06T22:15:00,extended_january,baseline,18.001494803278334,17.998837166018454,18.001294609242894,17.99961370565399,18.33715216535955,0.0,0.0,0.0,0.0,0.0,-18.175,18.0,27.0,0.09183615471624539,52.287710590614005,1.9171999860062119,940.0936382925462
1986-01-06T22:30:00,extended_january,baseline,18.00117011622879,18.001911832343403,18.00148629495494,18.00035246848575,18.318498046915668,0.0,0.0,0.0,0.0,0.0,-18.05,18.0,27.0,0.09183615471624539,52.37954674533025,1.9233739864543504,942.0170122790005
1986-01-06T22:45:00,extended_january,baseline,17.999447762111917,18.000091021067636,18.000214921566382,18.002176440935138,18.305606218554658,0.0,0.0,0.0,0.0,0.0,-17.925,18.0,27.0,0.09183615471624539,52.4713829000465,1.9296349751871145,943.9466472541876
1986-01-06T23:00:00,extended_january,baseline,18.000414500619968,18.000167520405217,17.999092660041285,17.99968963673865,18.294450748585287,0.0,0.0,0.0,0.0,0.0,-17.8,18.0,27.0,0.09183615471624539,52.56321905476275,1.9361606253284402,945.882807879516
1986-01-06T23:15:00,extended_january,baseline,17.998731824545,17.999142626466895,17.998462551620246,17.999031561409545,18.27583754739825,0.0,0.0,0.0,0.0,0.0,-18.075000000000003,18.0,27.0,0.09183615471624539,52.655055209478995,1.9685137409316589,947.8513216204477
1986-01-06T23:30:00,extended_january,baseline,18.000566339147262,18.00117020917411,18.00145252816732,17.999597471896525,18.251789059052893,0.0,0.0,0.0,0.0,0.0,-18.35,18.0,27.0,0.09183615471624539,52.74689136419524,2.0012538872637644,949.8525755077114
1986-01-06T23:45:00,extended_january,baseline,18.000305010799586,17.999920177271438,17.99951712732603,17.999924923283274,18.226015237536163,0.0,0.0,0.0,0.0,0.0,-18.625,18.0,27.0,0.09183615471624539,52.83872751891149,2.030071265140924,951.8826467728524
1986-01-07T00:00:00,extended_january,baseline,18.00136202890667,18.000323969895152,18.001375316067808,18.001802483003797,18.199695958653276,0.0,0.0,0.0,0.0,0.0,-18.9,18.0,27.0,0.09183615471624539,52.93056367362774,2.0636679775850597,953.9463147504374
1986-01-07T00:15:00,extended_january,baseline,18.000041423664985,18.000297771596586,18.001305238153737,17.99975094022457,18.187664015556866,0.0,0.0,0.0,0.0,0.0,-18.9,18.0,27.0,0.09183615471624539,53.022399828343985,2.0535119386360083,955.9998266890734
1986-01-07T00:30:00,extended_january,baseline,18.00165230285299,17.99979592252841,17.999233710007527,18.00025788089204,18.186401595454,0.0,0.0,0.0,0.0,0.0,-18.9,18.0,27.0,0.09183615471624539,53.11423598306023,2.05119897742446,958.0510256664978
1986-01-07T00:45:00,extended_january,baseline,17.999522112812997,18.001900745158274,18.00105334914609,17.998429880419955,18.189565896762712,0.0,0.0,0.0,0.0,0.0,-18.9,18.0,27.0,0.09183615471624539,53.20607213777648,2.04863515555665,960.0996608220545
1986-01-07T01:00:00,extended_january,baseline,17.99884639417038,18.00102146813689,17.99963764088144,17.999715139589185,18.19454074242416,0.0,0.0,0.0,0.0,0.0,-18.9,18.0,27.0,0.09183615471624539,53.29790829249273,2.044701779925584,962.1443626019801
1986-01-07T01:15:00,extended_january,baseline,18.000213596556492,18.001180120119553,17.999495971327374,18.001988111525534,18.20006009373482,0.0,0.0,0.0,0.0,0.0,-19.025,18.0,27.0,0.09183615471624539,53.389744447208976,2.048695507787883,964.193058109768
1986-01-07T01:30:00,extended_january,baseline,18.0000028440758,18.00009850537251,17.998852398067424,17.998981550741288,18.206277689433126,0.0,0.0,0.0,0.0,0.0,-19.15,18.0,27.0,0.09183615471624539,53.481580601925224,2.0480241199116294,966.2410822296796
1986-01-07T01:45:00,extended_january,baseline,17.998504615681224,17.99794628567019,17.999691362198618,17.997850438157325,18.213407610954143,0.0,0.0,0.0,0.0,0.0,-19.275,18.0,27.0,0.09183615471624539,53.57341675664147,2.0497009534577404,968.2907831831374
1986-01-07T02:00:00,extended_january,baseline,17.998999531826247,17.998012908403943,17.999660842835123,17.99905948362271,18.221416290420365,0.0,0.0,0.0,0.0,0.0,-19.4,18.0,27.0,0.09183615471624539,53.66525291135772,2.049217688611709,970.3400008717491
1986-01-07T02:15:00,extended_january,baseline,18.000594439544074,17.999248961839015,18.000460532613754,18.00070653191176,18.23005313813943,0.0,0.0,0.0,0.0,0.0,-19.549999999999997,18.0,27.0,0.09183615471624539,53.757089066073966,2.050876529618163,972.3908774013672
1986-01-07T02:30:00,extended_january,baseline,18.00019841027432,18.000740351466753,17.999948385603044,17.999763077281877,18.23927414325156,0.0,0.0,0.0,0.0,0.0,-19.7,18.0,27.0,0.09183615471624539,53.848925220790214,2.0521392284062663,974.4430166297735
1986-01-07T02:45:00,extended_january,baseline,17.998432156503362,17.999846972914153,18.00058966099347,17.999872702461445,18.249086680615402,0.0,0.0,0.0,0.0,0.0,-19.85,18.0,27.0,0.09183615471624539,53.94076137550646,2.0526760488181504,976.4956926785917
1986-01-07T03:00:00,extended_january,baseline,17.998586243526542,18.000069524159063,18.00021484589372,17.998664466724087,18.259455938454565,0.0,0.0,0.0,0.0,0.0,-20.0,18.0,27.0,0.09183615471624539,54.03259753022271,2.053064456236967,978.5487571348286
1986-01-07T03:15:00,extended_january,baseline,17.998739200877267,17.999742861904473,18.001432058250803,17.999878460882726,18.25046462165023,0.0,0.0,0.0,0.0,0.0,-20.15,18.0,27.0,0.09183615471624539,54.12443368493896,2.093691151890712,980.6424482867194
1986-01-07T03:30:00,extended_january,baseline,17.99966511508924,18.00059031589925,18.001019351782144,17.999836319554753,18.22672872230609,0.0,0.0,0.0,0.0,0.0,-20.3,18.0,27.0,0.09183615471624539,54.216269839655205,2.1285404644281476,982.7709887511476
1986-01-07T03:45:00,extended_january,baseline,18.000270438080634,17.99928731667633,18.00027651719751,18.000270208744176,18.19681651745659,0.0,0.0,0.0,0.0,0.0,-20.450000000000003,18.0,27.0,0.09183615471624539,54.30810599437145,2.1632288665522195,984.9342176176998
1986-01-07T04:00:00,extended_january,baseline,18.00152676992233,18.00034806095767,17.99880246141664,17.998352733486822,18.16431436066994,0.0,0.0,0.0,0.0,0.0,-20.6,18.0,27.0,0.09183615471624539,54.3999421490877,2.1979762434712518,987.132193861171
1986-01-07T04:15:00,extended_january,baseline,18.001665286123178,17.99868564141361,18.001614590678965,17.99893730375064,18.1568989400352,0.0,0.0,0.0,0.0,0.0,-20.725,18.0,27.0,0.09183615471624539,54.49177830380395,2.178039198103446,989.3102330592744
1986-01-07T04:30:00,extended_january,baseline,18.001192856659618,17.999434380884875,17.999913590975865,18.001673792900835,18.16830008553863,0.0,0.0,0.0,0.0,0.0,-20.85,18.0,27.0,0.09183615471624539,54.583614458520195,2.1647968496403633,991.4750299089147
1986-01-07T04:45:00,extended_january,baseline,18.00073975002862,17.997821929723802,18.000248712128624,18.00055875770778,18.187048153806124,0.0,0.0,0.0,0.0,0.0,-20.975,18.0,27.0,0.09183615471624539,54.67545061323644,2.1532878994979305,993.6283178084127
1986-01-07T05:00:00,extended_january,baseline,18.00059558521709,17.99904780545071,17.99944045531505,18.001797462124706,18.208488463875852,0.0,0.0,0.0,0.0,0.0,-21.1,18.0,27.0,0.09183615471624539,54.76728676795269,2.143260804333815,995.7715786127466
1986-01-07T05:15:00,extended_january,baseline,18.000730063772206,17.99799552520238,17.99891229924207,18.00092929517931,18.21747879195761,0.0,0.0,0.0,0.0,0.0,-21.375,18.0,27.0,0.09183615471624539,54.85912292266894,2.16392878358227,997.9355073963288
1986-01-07T05:30:00,extended_january,baseline,18.00056432923326,17.999266773593607,17.998495098863245,18.000186485118316,18.217317738705773,0.0,0.0,0.0,0.0,0.0,-21.65,18.0,27.0,0.09183615471624539,54.950959077385185,2.182147786608101,1000.1176551829369
1986-01-07T05:45:00,extended_january,baseline,17.999850151607003,17.999995104917993,18.00162325060834,17.999794817555898,18.213973929549887,0.0,0.0,0.0,0.0,0.0,-21.924999999999997,18.0,27.0,0.09183615471624539,55.04279523210143,2.2003533071279464,1002.3180084900648
1986-01-07T06:00:00,extended_january,baseline,17.99850280775193,17.999514671493372,17.998990912886548,18.001481199183367,18.209774946253987,0.0,0.0,0.0,0.0,0.0,-22.2,18.0,27.0,0.09183615471624539,55.13463138681768,2.2161793466698936,1004.5341878367348
1986-01-07T06:15:00,extended_january,baseline,18.001026719223116,18.000708982775688,17.999825665326966,17.99934229083523,18.219738369968788,0.0,0.0,0.0,0.0,0.0,-22.349999999999998,18.0,27.0,0.09183615471624539,55.22646754153393,2.2026720344909396,1006.7368598712256
1986-01-07T06:30:00,extended_january,baseline,17.998484646241735,17.998663161153633,18.00082937153258,17.99922759052974,18.2404041603304,0.0,0.0,0.0,0.0,0.0,-22.5,18.0,27.0,0.09183615471624539,55.318303696250176,2.1891943932754336,1008.9260542645011
1986-01-07T06:45:00,extended_january,baseline,17.999984092916872,17.998987194900113,18.000983305007445,18.00142366590677,18.265511213502027,0.0,0.0,0.0,0.0,0.0,-22.650000000000002,18.0,27.0,0.09183615471624539,55.410139850966424,2.1818649223971116,1011.1079191868982
1986-01-07T07:00:00,extended_january,baseline,17.999633046553196,18.001765891324563,18.000960813927392,17.999879905460453,18.292501704968934,0.0,0.0,0.0,0.0,0.0,-22.8,18.0,27.0,0.09183615471624539,55.50197600568267,2.1691534496248486,1013.2770726365231
1986-01-07T07:15:00,extended_january,baseline,17.99828073473335,18.00204363814237,17.999861353738837,18.00216318565863,18.293800562276328,0.0,0.0,0.0,0.0,0.0,-22.525000000000002,18.0,27.0,0.09183615471624539,55.59381216039892,2.1967445622044566,1015.4738171987276
1986-01-07T07:30:00,extended_january,baseline,17.999713806253904,17.998812100874844,17.9990961426265,17.997939212872627,18.276440453925762,0.0,0.0,0.0,0.0,0.0,-22.25,18.0,27.0,0.09183615471624539,55.685648315115166,2.0840484789477394,1017.5578656776753
1986-01-07T07:45:00,extended_january,baseline,17.99858897379428,17.998388699722064,17.999244504994383,18.00157980553382,18.25394962387216,0.0,0.0,0.0,0.0,0.0,-21.974999999999998,18.0,27.0,0.09183615471624539,55.777484469831414,1.9975142794280698,1019.5553799571034
1986-01-07T08:00:00,extended_january,baseline,17.99877467526231,18.000712562279585,18.000182591654745,17.9989140906909,18.232110949713732,0.0,0.0,0.0,0.0,0.0,-21.7,18.0,27.0,0.09183615471624539,55.86932062454766,1.8900855902144025,1021.4454655473178
1986-01-07T08:15:00,extended_january,baseline,18.000587585003895,18.205081083142662,17.99882305739054,18.000985350219803,18.200131069998644,0.0,0.0,0.0,0.0,0.0,-20.849999999999998,18.0,27.0,0.09183615471624539,55.96115677926391,1.83144116004018,1023.276906707358
1986-01-07T08:38:00,extended_january,baseline,18.000198548171735,18.769835183030036,17.99900307323225,18.000921460441138,18.154169929160446,0.0,0.0,0.0,0.0,0.0,-20.0,18.0,27.0,0.09183615471624539,56.05299293398016,1.7789563589637372,1025.0558630663218
1986-01-07T08:53:00,extended_january,baseline,17.99956601295239,19.21541672335403,17.99953057500304,18.001709216845615,18.11561841549601,0.0,0.0,0.0,0.0,0.0,-19.150000000000002,18.0,27.0,0.09183615471624539,56.144829088696405,1.713974299767197,1026.769837366089
1986-01-07T09:08:00,extended_january,baseline,17.999413153038134,19.629360722119962,18.00047850252041,18.00085224102763,18.08198069371084,0.0,0.0,0.0,0.0,0.0,-18.3,18.0,27.0,0.09183615471624539,56.23666524341265,1.6418721327498726,1028.4117094988387
1986-01-07T09:23:00,extended_january,baseline,17.99927598403781,20.041009351159847,18.000774421168543,18.00030255408125,18.067735873950145,0.0,0.0,0.0,0.0,0.0,-17.75,18.0,27.0,0.09183615471624539,56.3285013981289,1.549686274161147,1029.9613957729998
1986-01-07T09:38:00,extended_january,baseline,18.000310951375308,20.42639605281293,17.998879824782403,17.999097410958747,18.063100098899984,0.0,0.0,0.0,0.0,0.0,-17.200000000000003,18.0,27.0,0.09183615471624539,56.42033755284515,1.4471421147489139,1031.4085378877487
1986-01-07T09:53:00,extended_january,baseline,18.00020867954468,20.73680958831111,17.999890785678947,17.998748887573832,18.06371550419293,0.0,0.0,0.0,0.0,0.0,-16.650000000000002,18.0,27.0,0.09183615471624539,56.512173707561395,1.346053842907957,1032.7545917306566
1986-01-07T10:00:00,extended_january,baseline,18.00011732843829,20.942838780054256,17.999298377972277,18.000134204549166,18.067436188159352,0.0,0.0,0.0,0.0,0.0,-16.1,18.0,27.0,0.09183615471624539,56.60400986227764,1.2423403590230766,1033.9969320896796
1986-01-07T10:15:00,extended_january,baseline,18.000188001423787,21.148729335462342,18.00034001969284,18.001200451372068,18.078811763646687,0.0,0.0,0.0,0.0,0.0,-15.675,18.0,27.0,0.09183615471624539,56.69584601699389,1.1453500937836454,1035.1422821834633
1986-01-07T10:30:00,extended_january,baseline,17.999505084823006,21.303344435564515,17.999865983967815,18.000969212351823,18.096000832524656,0.0,0.0,0.0,0.0,0.0,-15.25,18.0,27.0,0.09183615471624539,56.78768217171014,1.0250668621966172,1036.1673490456599
1986-01-07T10:45:00,extended_january,baseline,18.000342575064348,21.391689943401314,18.000259290248902,17.999411105989566,18.116655270300118,0.0,0.0,0.0,0.0,0.0,-14.825000000000001,18.0,27.0,0.09183615471624539,56.879518326426385,0.9178724684415779,1037.0852215141015
1986-01-07T11:00:00,extended_january,baseline,18.03892495104791,21.414402769598535,18.000267699361963,17.998885372984418,18.139505855696296,0.0,0.0,0.0,0.0,0.0,-14.4,18.0,27.0,0.09183615471624539,56.97135448114263,0.8240199629892007,1037.9092414770907
1986-01-07T11:15:00,extended_january,baseline,18.213696080953035,21.39390569268601,18.000926473444096,17.99877592163283,18.181577564878328,0.0,0.0,0.0,0.0,0.0,-14.4,18.0,27.0,0.09183615471624539,57.06319063585888,0.7550843782424775,1038.6643258553331
1986-01-07T11:30:00,extended_january,baseline,18.476227276003293,21.328123577586776,17.9999172662209,17.999824951160548,18.23817925019762,0.0,0.0,0.0,0.0,0.0,-14.4,18.0,27.0,0.09183615471624539,57.15502679057513,0.6963370278630165,1039.360662883196
1986-01-07T11:45:00,extended_january,baseline,18.766762083682814,21.208056866397627,17.999924137223072,18.00171616425758,18.301486969007946,0.0,0.0,0.0,0.0,0.0,-14.4,18.0,27.0,0.09183615471624539,57.246862945291376,0.6444347543033473,1040.0050976374994
1986-01-07T12:08:00,extended_january,baseline,19.130293418327494,20.99865781793933,17.999223888395303,17.999889145454652,18.3818495413713,0.0,0.0,0.0,0.0,0.0,-14.4,18.0,27.0,0.09183615471624539,57.338699100007624,0.5543198173747476,1040.5594174548742
1986-01-07T12:23:00,extended_january,baseline,19.44074899198196,20.755376969914476,17.99968138325227,17.99869180130953,18.436528866967816,0.0,0.0,0.0,0.0,0.0,-14.125,18.0,27.0,0.09183615471624539,57.43053525472387,0.5170372279160801,1041.0764546827902
1986-01-07T12:38:00,extended_january,baseline,19.754699159790064,20.476128827678526,18.00020998053197,17.999662914656653,18.483919798199956,0.0,0.0,0.0,0.0,0.0,-13.850000000000001,18.0,27.0,0.09183615471624539,57.52237140944012,0.4781937792834875,1041.5546484620736
1986-01-07T12:53:00,extended_january,baseline,20.064153568156268,20.164544680848003,18.000851490800418,17.99890736148704,18.529485722037837,0.0,0.0,0.0,0.0,0.0,-13.575000000000001,18.0,27.0,0.09183615471624539,57.61420756415637,0.43908499889643565,1041.9937334609701
1986-01-07T13:08:00,extended_january,baseline,20.368890280758023,19.836155817599554,17.99998706750238,17.999336498111294,18.573431461411438,0.0,0.0,0.0,0.0,0.0,-13.3,18.0,27.0,0.09183615471624539,57.706043718872614,0.4029348943771162,1042.3966683553472
1986-01-07T13:23:00,extended_january,baseline,20.65511590266635,19.49371108787799,18.000100753478364,17.998987882691598,18.607074385161575,0.0,0.0,0.0,0.0,0.0,-13.175,18.0,27.0,0.09183615471624539,57.79787987358886,0.3795833796793964,1042.7762517350266
1986-01-07T13:38:00,extended_january,baseline,20.933276823173788,19.16057479384601,17.99916216379378,17.99959424131608,18.63581849642767,0.0,0.0,0.0,0.0,0.0,-13.05,18.0,27.0,0.09183615471624539,57.88971602830511,0.37767080312342993,1043.15392253815
1986-01-07T13:53:00,extended_january,baseline,21.182802976598122,18.850756753886063,17.999872120150194,17.999869676464026,18.661877169891763,0.0,0.0,0.0,0.0,0.0,-12.925,18.0,27.0,0.09183615471624539,57.98155218302136,0.3849777979232393,1043.5389003360733
1986-01-07T14:00:00,extended_january,baseline,21.365597472534738,18.632364901443548,17.999668227671325,18.000169323142668,18.68132998988135,0.0,0.0,0.0,0.0,0.0,-12.8,18.0,27.0,0.09183615471624539,58.073388337737605,0.38952840691475704,1043.928428742988
1986-01-07T14:15:00,extended_january,baseline,21.590537489904406,18.4214974426921,18.000554278998184,17.99933603145739,18.719352460242877,0.0,0.0,0.0,0.0,0.0,-12.925,18.0,27.0,0.09183615471624539,58.16522449245385,0.3886592444504527,1044.3170879874385
1986-01-07T14:30:00,extended_january,baseline,21.808026564056,18.252589930526437,18.000041023488528,18.000644757811006,18.767862383677695,0.0,0.0,0.0,0.0,0.0,-13.05,18.0,27.0,0.09183615471624539,58.2570606471701,0.3757405181852153,1044.6928285056238
1986-01-07T14:45:00,extended_january,baseline,21.97600271705965,18.10329775662108,18.000645197930584,17.999102809560846,18.819741022119086,0.0,0.0,0.0,0.0,0.0,-13.175,18.0,27.0,0.09183615471624539,58.34889680188635,0.3654004808353118,1045.058228986459
1986-01-07T15:00:00,extended_january,baseline,22.087487839222554,18.00946328164508,18.000389470031234,18.000767791438044,18.871213858334745,0.0,0.0,0.0,0.0,0.0,-13.3,18.0,27.0,0.09183615471624539,58.440732956602595,0.3585271425210149,1045.41675612898
1986-01-07T15:15:00,extended_january,baseline,22.117407383050388,18.00089788373151,17.99968889686903,18.000327159293647,18.902332326092083,0.0,0.0,0.0,0.0,0.0,-13.450000000000001,18.0,27.0,0.09183615471624539,58.53256911131884,0.38587177904659997,1045.8026279080266
1986-01-07T15:30:00,extended_january,baseline,22.097710916291277,18.000050222913984,17.999281408290155,18.000220939787482,18.917105523746066,0.0,0.0,0.0,0.0,0.0,-13.600000000000001,18.0,27.0,0.09183615471624539,58.62440526603509,0.41608205568510304,1046.2187099637117
1986-01-07T15:45:00,extended_january,baseline,21.93259352494186,18.000108783684606,18.000193852061344,18.000878802671654,18.922817328152806,0.0,0.0,0.0,0.0,0.0,-13.75,18.0,27.0,0.09183615471624539,58.71624142075134,0.45737910288241,1046.6760890665942
1986-01-07T16:08:00,extended_january,baseline,21.533959332359608,17.999751223878725,18.000421943864556,17.999559449060666,18.91996233497683,0.0,0.0,0.0,0.0,0.0,-13.9,18.0,27.0,0.09183615471624539,58.808077575467586,0.5016158450617336,1047.1777049116558
1986-01-07T16:23:00,extended_january,baseline,20.998546137988487,18.000680548166798,17.999476086470107,18.000675906491477,18.90165126677023,0.0,0.0,0.0,0.0,0.0,-14.450000000000001,18.0,27.0,0.09183615471624539,58.89991373018383,0.5722331378351426,1047.749938049491
1986-01-07T16:35:00,extended_january,baseline,20.267210834691152,17.999928242389284,17.999360453923995,17.9997229321583,18.865727166535784,0.0,0.0,0.0,0.0,0.0,-15.0,18.0,27.0,0.09183615471624539,58.99174988490008,0.6542042002075013,1048.4041422496985
1986-01-07T16:50:00,extended_january,baseline,19.429715253472487,17.999260691515154,17.99916876606656,17.999916429659066,18.814908765718755,0.0,0.0,0.0,0.0,0.0,-15.55,18.0,27.0,0.09183615471624539,59.08358603961633,0.7801478339226994,1049.1842900836211
1986-01-07T17:05:00,extended_january,baseline,18.854558857210574,18.000726870234384,18.000855512882545,18.000098360724017,18.750485054717725,0.0,0.0,0.0,0.0,0.0,-16.1,18.0,27.0,0.09183615471624539,59.175422194332576,0.8541900172410207,1050.0384801008622
1986-01-07T17:23:00,extended_january,baseline,18.415673724705368,17.999903826177743,17.999944992934704,17.999717037740808,18.73088811079989,0.0,0.0,0.0,0.0,0.0,-16.25,18.0,27.0,0.09183615471624539,59.267258349048824,0.8532793138095556,1050.8917594146717
1986-01-07T17:38:00,extended_january,baseline,18.05611234084882,17.999440280152324,18.000607872974406,18.00047414328084,18.722464720688777,0.0,0.0,0.0,0.0,0.0,-16.4,18.0,27.0,0.09183615471624539,59.35909450376507,0.860318683023053,1051.7520780976947
1986-01-07T17:45:00,extended_january,baseline,18.002269283264642,17.999513233014753,17.99942031852952,18.000935932295462,18.721192643004695,0.0,0.0,0.0,0.0,0.0,-16.549999999999997,18.0,27.0,0.09183615471624539,59.45093065848132,0.9563491817103651,1052.708427279405
1986-01-07T18:00:00,extended_january,baseline,18.00027081382472,17.99943847139915,17.998776877057814,17.99832637994491,18.725829237926035,0.0,0.0,0.0,0.0,0.0,-16.7,18.0,27.0,0.09183615471624539,59.54276681319757,1.0388180799762194,1053.7472453593812
1986-01-07T18:15:00,extended_january,baseline,17.99905571572294,17.999659803750635,18.000447199916163,18.00136074155896,18.70466854754878,0.0,0.0,0.0,0.0,0.0,-17.099999999999998,18.0,27.0,0.09183615471624539,59.634602967913814,1.1924085229276256,1054.939653882309
1986-01-07T18:30:00,extended_january,baseline,18.000300705081028,17.998144091354362,17.999775130622673,17.999905733356325,18.6646388664449,0.0,0.0,0.0,0.0,0.0,-17.5,18.0,27.0,0.09183615471624539,59.72643912263006,1.3252919251504227,1056.2649458074593
1986-01-07T18:45:00,extended_january,baseline,17.998854779804144,17.999576008763544,17.998629572517014,17.99954573661757,18.619137800106035,0.0,0.0,0.0,0.0,0.0,-17.900000000000002,18.0,27.0,0.09183615471624539,59.81827527734631,1.4368800109684858,1057.7018258184278
1986-01-07T19:00:00,extended_january,baseline,17.999684583035723,18.000384955698397,18.001309891791237,17.998888751098697,18.57347539764682,0.0,0.0,0.0,0.0,0.0,-18.3,18.0,27.0,0.09183615471624539,59.91011143206256,1.5380031240656997,1059.2398289424934
1986-01-07T19:15:00,extended_january,baseline,17.99997665015321,18.001091052048135,18.000840448076904,18.001348619977662,18.55615190427091,0.0,0.0,0.0,0.0,0.0,-18.3,18.0,27.0,0.09183615471624539,60.001947586778805,1.5455596070546078,1060.785388549548
1986-01-07T19:30:00,extended_january,baseline,18.00020361326613,18.00094904354054,18.00084621043141,17.9991252160786,18.560387273238977,0.0,0.0,0.0,0.0,0.0,-18.3,18.0,27.0,0.09183615471624539,60.09378374149505,1.563776368304744,1062.349164917853
1986-01-07T19:45:00,extended_january,baseline,17.999055856296476,17.99880513796699,18.000577096880846,18.001886554428026,18.57406916147473,0.0,0.0,0.0,0.0,0.0,-18.3,18.0,27.0,0.09183615471624539,60.1856198962113,1.5748677313291914,1063.9240326491822
1986-01-07T20:00:00,extended_january,baseline,18.000971662405995,18.000177180762243,18.000685088801912,18.001473116971376,18.592169661686896,0.0,0.0,0.0,0.0,0.0,-18.3,18.0,27.0,0.09183615471624539,60.27745605092755,1.5815772670610069,1065.5056099162432
1986-01-07T20:15:00,extended_january,baseline,18.000707241043507,18.001001899432126,18.001177106847354,17.998637084479395,18.59362971670161,0.0,0.0,0.0,0.0,0.0,-18.575000000000003,18.0,27.0,0.09183615471624539,60.369292205643795,1.6365354727636021,1067.1421453890068
1986-01-07T20:30:00,extended_january,baseline,18.00008137587869,18.001003526887143,17.999190483523876,18.001956547263607,18.583144830078666,0.0,0.0,0.0,0.0,0.0,-18.85,18.0,27.0,0.09183615471624539,60.46112836036004,1.6813448177247186,1068.8234902067315
1986-01-07T20:45:00,extended_january,baseline,18.00127187546848,18.00105257321519,18.000093336370092,18.000716372703295,18.568994846858114,0.0,0.0,0.0,0.0,0.0,-19.125,18.0,27.0,0.09183615471624539,60.55296451507629,1.7162405638901237,1070.5397307706216
1986-01-07T21:00:00,extended_january,baseline,17.999537563027896,17.99849164990661,17.998646290317446,18.001632924343077,18.554461891081232,0.0,0.0,0.0,0.0,0.0,-19.4,18.0,27.0,0.09183615471624539,60.64480066979254,1.7489435788304997,1072.288674349452
1986-01-07T21:15:00,extended_january,baseline,17.999021926557077,17.999231454229776,17.999430158618107,17.998545567642843,18.540420454499525,0.0,0.0,0.0,0.0,0.0,-19.549999999999997,18.0,27.0,0.09183615471624539,60.736636824508786,1.776235779093391,1074.0649101285455
1986-01-07T21:30:00,extended_january,baseline,17.99868041250317,17.99992076920082,18.000394566283113,17.998520568775014,18.526705614829286,0.0,0.0,0.0,0.0,0.0,-19.7,18.0,27.0,0.09183615471624539,60.82847297922503,1.8003888733976188,1075.8652990019432
1986-01-07T21:45:00,extended_january,baseline,17.998817353929176,18.000129582719534,17.998663054443277,18.00153443191217,18.513207575019084,0.0,0.0,0.0,0.0,0.0,-19.85,18.0,27.0,0.09183615471624539,60.92030913394128,1.8267084153649404,1077.692007417308
1986-01-07T22:00:00,extended_january,baseline,17.999956645562474,18.0001268172894,17.998846967261024,18.00038182729977,18.499966340225196,0.0,0.0,0.0,0.0,0.0,-20.0,18.0,27.0,0.09183615471624539,61.01214528865753,1.8483376837461982,1079.5403451010543
1986-01-07T22:15:00,extended_january,baseline,18.00142060302112,17.999396261565554,18.00065397128891,18.000636069116474,18.49497804233944,0.0,0.0,0.0,0.0,0.0,-19.85,18.0,27.0,0.09183615471624539,61.103981443373776,1.845181748439199,1081.3855268494935
1986-01-07T22:30:00,extended_january,baseline,17.999855295922934,18.001813918752347,17.998699720586448,17.99811649326912,18.49635924767,0.0,0.0,0.0,0.0,0.0,-19.7,18.0,27.0,0.09183615471624539,61.195817598090024,1.8433659010354813,1083.228892750529
1986-01-07T22:45:00,extended_january,baseline,17.99956016715255,18.001364653484572,17.999718328213387,17.999647070370205,18.500633678251962,0.0,0.0,0.0,0.0,0.0,-19.549999999999997,18.0,27.0,0.09183615471624539,61.28765375280627,1.8435900138764705,1085.0724827644055
1986-01-07T23:00:00,extended_january,baseline,17.999469732737914,17.999023412688544,18.000128106990484,17.999295147727835,18.50632231776601,0.0,0.0,0.0,0.0,0.0,-19.4,18.0,27.0,0.09183615471624539,61.37948990752252,1.8382535347623734,1086.9107362991679
1986-01-07T23:15:00,extended_january,baseline,17.9993507573952,17.99847044816573,17.99907041957289,17.99919638749724,18.50563969110756,0.0,0.0,0.0,0.0,0.0,-19.549999999999997,18.0,27.0,0.09183615471624539,61.47132606223877,1.8592721813845712,1088.7700084805524
1986-01-07T23:30:00,extended_january,baseline,18.001128035936024,17.9989251543981,17.999616431107746,17.99959779167456,18.500336475407384,0.0,0.0,0.0,0.0,0.0,-19.7,18.0,27.0,0.09183615471624539,61.563162216955014,1.8779607807301428,1090.6479692612825
1986-01-07T23:45:00,extended_january,baseline,18.000085172389603,17.99972528445265,17.99971340067399,18.00038295981275,18.493610504660428,0.0,0.0,0.0,0.0,0.0,-19.85,18.0,27.0,0.09183615471624539,61.65499837167126,1.8924761961206356,1092.5404454574032
1986-01-08T00:00:00,extended_january,baseline,18.00160031925268,18.000664276815723,18.001529322150578,18.00136203012023,18.486753781009313,0.0,0.0,0.0,0.0,0.0,-20.0,18.0,27.0,0.09183615471624539,61.74683452638751,1.9082584219925849,1094.4487038793957
1986-01-08T00:15:00,extended_january,baseline,17.999696771127525,17.998018571839967,18.001452746691058,17.999751677937187,18.391077576056784,0.0,0.0,0.0,0.0,0.0,-20.275,18.0,27.0,0.09183615471624539,61.83867068110376,2.0886907897177602,1096.5373946691134
1986-01-08T00:30:00,extended_january,baseline,17.99967171467108,18.00131740916775,17.998781507423185,17.99895790023815,18.313964530483734,0.0,0.0,0.0,0.0,0.0,-20.55,18.0,27.0,0.09183615471624539,61.930506835820005,2.085065508675335,1098.6224601777888
1986-01-08T00:45:00,extended_january,baseline,17.99977698991141,17.999579422687976,17.999205404097005,17.999403346332397,18.27461174496236,0.0,0.0,0.0,0.0,0.0,-20.825000000000003,18.0,27.0,0.09183615471624539,62.02234299053625,2.105099979850277,1100.7275601576391
1986-01-08T01:00:00,extended_january,baseline,17.999236851504637,17.998076728049448,17.99990622459396,18.000250892783708,18.25201507792624,0.0,0.0,0.0,0.0,0.0,-21.1,18.0,27.0,0.09183615471624539,62.1141791452525,2.1267180548199214,1102.8542782124591
1986-01-08T01:15:00,extended_january,baseline,18.00166358096035,17.999718649222224,18.000945199491486,18.000396046059425,18.23396139987418,0.0,0.0,0.0,0.0,0.0,-21.1,18.0,27.0,0.09183615471624539,62.20601529996875,2.140967428798646,1104.9952456412577
1986-01-08T01:30:00,extended_january,baseline,17.998507260149346,17.998723160377605,18.000824267517856,18.000540238238933,18.217825506339665,0.0,0.0,0.0,0.0,0.0,-21.1,18.0,27.0,0.09183615471624539,62.297851454684995,2.148594673711122,1107.1438403149689
1986-01-08T01:45:00,extended_january,baseline,17.99959185773824,17.998173875747984,18.00028494293813,18.00123704237856,18.203624357331687,0.0,0.0,0.0,0.0,0.0,-21.1,18.0,27.0,0.09183615471624539,62.38968760940124,2.1617143288530483,1109.305554643822
1986-01-08T02:00:00,extended_january,baseline,18.00135293117502,17.99907849560409,18.000236143714506,17.998034404821478,18.191325351334687,0.0,0.0,0.0,0.0,0.0,-21.1,18.0,27.0,0.09183615471624539,62.48152376411749,2.172125805159061,1111.4776804489811
1986-01-08T02:15:00,extended_january,baseline,17.998490908761013,18.000866855220703,18.000738618675943,18.00182153986524,18.180308795416053,0.0,0.0,0.0,0.0,0.0,-21.1,18.0,27.0,0.09183615471624539,62.57335991883374,2.1812647004504107,1113.6589451494315
1986-01-08T02:30:00,extended_january,baseline,18.001012853503973,17.998702028551538,17.99983673651091,18.00178801761896,18.170241348383126,0.0,0.0,0.0,0.0,0.0,-21.1,18.0,27.0,0.09183615471624539,62.665196073549986,2.190970100157713,1115.8499152495892
1986-01-08T02:45:00,extended_january,baseline,18.000513874259944,17.99882428464896,18.000109672444726,17.998077939203306,18.161003396433436,0.0,0.0,0.0,0.0,0.0,-21.1,18.0,27.0,0.09183615471624539,62.75703222826623,2.1979058038728914,1118.047821053462
1986-01-08T03:00:00,extended_january,baseline,18.000764085690378,18.001452463293102,17.99985027007423,17.9980910773167,18.152520682881395,0.0,0.0,0.0,0.0,0.0,-21.1,18.0,27.0,0.09183615471624539,62.84886838298248,2.206384055232607,1120.2542051086946
1986-01-08T03:15:00,extended_january,baseline,17.998944359439893,18.000881405796058,18.00126591859019,18.001299817517726,18.144715139979468,0.0,0.0,0.0,0.0,0.0,-21.1,18.0,27.0,0.09183615471624539,62.94070453769873,2.2132895830644554,1122.467494691759
1986-01-08T03:30:00,extended_january,baseline,17.999597117527948,17.998244465507902,18.000521383842305,18.001281058129415,18.137523252137786,0.0,0.0,0.0,0.0,0.0,-21.1,18.0,27.0,0.09183615471624539,63.032540692414976,2.2175762087839015,1124.6850709005428
1986-01-08T03:45:00,extended_january,baseline,17.99868578700814,17.999802267639502,18.00005043558309,17.999089967707288,18.130892365666856,0.0,0.0,0.0,0.0,0.0,-21.1,18.0,27.0,0.09183615471624539,63.124376847131224,2.2260798395508723,1126.9111507400937
1986-01-08T04:00:00,extended_january,baseline,18.000138098376514,17.999901079169728,18.00053672701944,18.001105404945832,18.124770564475643,0.0,0.0,0.0,0.0,0.0,-21.1,18.0,27.0,0.09183615471624539,63.21621300184747,2.2286038696679973,1129.1397546097617
1986-01-08T04:15:00,extended_january,baseline,18.000855953119785,18.000479497158484,18.000549389977852,17.999360133973347,18.118626529118032,0.0,0.0,0.0,0.0,0.0,-21.25,18.0,27.0,0.09183615471624539,63.30804915656372,2.2399242354762294,1131.379678845238
1986-01-08T04:30:00,extended_january,baseline,17.999935178770034,18.001309471234684,17.99941495064579,17.998237351226862,18.112517615549738,0.0,0.0,0.0,0.0,0.0,-21.4,18.0,27.0,0.09183615471624539,63.39988531127997,2.2505888637886526,1133.6302677090266
1986-01-08T04:45:00,extended_january,baseline,17.998223217138765,18.002136870277056,18.00133131662918,17.998468910012562,18.106591388846407,0.0,0.0,0.0,0.0,0.0,-21.549999999999997,18.0,27.0,0.09183615471624539,63.491721465996214,2.2636660069703156,1135.893933715997
1986-01-08T05:00:00,extended_january,baseline,17.999948512339195,17.99845583175027,18.001732873242407,17.999069948264307,18.100880483326574,0.0,0.0,0.0,0.0,0.0,-21.7,18.0,27.0,0.09183615471624539,63.58355762071246,2.2710951350804307,1138.1650288510775
1986-01-08T05:15:00,extended_january,baseline,17.99932678307488,17.998375533060447,17.999367685119367,18.001707691659725,18.09587684358923,0.0,0.0,0.0,0.0,0.0,-21.7,18.0,27.0,0.09183615471624539,63.67539377542871,2.277230665138785,1140.4422595162164
1986-01-08T05:30:00,extended_january,baseline,18.000184892759307,18.001451674663898,17.99935855111854,18.00129929861828,18.091451468628286,0.0,0.0,0.0,0.0,0.0,-21.7,18.0,27.0,0.09183615471624539,63.76722993014496,2.282390449456399,1142.7246499656728
1986-01-08T05:45:00,extended_january,baseline,17.999136350336585,18.0012673409443,18.00151204983584,17.998705839287208,18.087371189688273,0.0,0.0,0.0,0.0,0.0,-21.7,18.0,27.0,0.09183615471624539,63.859066084861205,2.2874869732978333,1145.0121369389706
1986-01-08T06:00:00,extended_january,baseline,18.000167751596184,17.998735583517316,18.000926558084174,17.99994320105911,18.083533484981906,0.0,0.0,0.0,0.0,0.0,-21.7,18.0,27.0,0.09183615471624539,63.95090223957745,2.291069584635987,1147.3032065236066
1986-01-08T06:20:00,extended_january,baseline,18.758571018658134,18.895792940734914,18.733741482771812,18.87069411931896,19.273243400476066,0.0,0.0,0.0,0.0,0.0,-21.7,21.0,24.0,0.09183615471624539,64.04273839429369,7.6597170003190165,1154.9629235239256
1986-01-08T06:35:00,extended_january,baseline,19.01914712531856,19.17647157657836,18.980089391729866,19.134515806903778,19.724327845404932,0.0,0.0,0.0,0.0,0.0,-21.7,21.0,24.0,0.09183615471624539,64.13457454900994,7.301827470509598,1162.2647509944352
1986-01-08T06:53:00,extended_january,baseline,19.192748403782744,19.357775359262448,19.14821416999733,19.30687770382776,19.999086571052516,0.0,0.0,0.0,0.0,0.0,-21.7,21.0,24.0,0.09183615471624539,64.22641070372619,7.301151947268312,1169.5659029417036
1986-01-08T07:00:00,extended_january,baseline,19.291253869517917,19.458686757033217,19.244547114846394,19.403106464694964,20.134094690033308,0.0,0.0,0.0,0.0,0.0,-21.7,21.0,24.0,0.09183615471624539,64.31824685844244,7.300564746612274,1176.8664676883159
1986-01-08T07:15:00,extended_january,baseline,19.390916330443964,19.56466213149178,19.342813546450564,19.505041500093995,20.268429537122973,0.0,0.0,0.0,0.0,0.0,-21.549999999999997,21.0,24.0,0.09183615471624539,64.41008301315868,7.292355706348118,1184.158823394664
1986-01-08T07:38:00,extended_january,baseline,19.51184945342679,20.09671073869697,19.469876663652514,19.63889920623617,20.38767833043865,0.0,0.0,0.0,0.0,0.0,-21.4,21.0,24.0,0.09183615471624539,64.50191916787493,7.283353859683251,1191.4421772543474
1986-01-08T07:50:00,extended_january,baseline,19.633194476673193,20.79946127350855,19.581032198723,19.753525563517346,20.472875241524157,0.0,0.0,0.0,0.0,0.0,-21.25,21.0,24.0,0.09183615471624539,64.59375532259118,7.274257921900067,1198.7164351762474
1986-01-08T08:08:00,extended_january,baseline,19.753010294835207,20.99829836035665,19.68349868913878,19.85726414600896,20.53649986854688,0.0,0.0,0.0,0.0,0.0,-21.1,21.0,24.0,0.09183615471624539,64.68559147730743,7.173554353536595,1205.889989529784
1986-01-08T08:19:00,extended_january,baseline,20.999691951846046,20.999633041412846,20.999974879814264,20.998651913836017,21.00030199767496,11.0,5.0,11.0,5.0,20.0,-20.125,21.0,24.0,0.09183615471624539,64.77742763202367,6.185790376708894,1212.075779906493
1986-01-08T08:38:00,extended_january,baseline,21.00185344862367,20.99988776369374,21.000368807514477,20.999685819798454,21.000260789649133,11.0,5.0,11.0,5.0,20.0,-19.15,21.0,24.0,0.09183615471624539,64.86926378673992,5.158384005754678,1217.2341639122476
1986-01-08T08:45:00,extended_january,baseline,21.000004635335124,21.226501161917238,21.003226903504224,21.001067445168175,21.000563485954274,11.0,5.0,11.0,5.0,20.0,-18.174999999999997,21.0,24.0,0.09183615471624539,64.96109994145617,4.84541861450074,1222.0795825267483
1986-01-08T09:08:00,extended_january,baseline,21.00077661627093,21.80755296782471,21.001492301038443,21.000858418110898,21.08850478379015,11.0,5.0,11.0,5.0,20.0,-17.2,21.0,24.0,0.09183615471624539,65.05293609617242,4.520316700794362,1226.5998992275427
1986-01-08T09:20:00,extended_january,baseline,21.00042967821348,22.62123014656257,21.000489761297093,21.000721488727184,21.672992099574973,11.0,5.0,11.0,5.0,20.0,-16.5,21.0,24.0,0.09183615471624539,65.14477225088866,4.0349059503729485,1230.6348051779157
1986-01-08T09:38:00,extended_january,baseline,21.00194466913675,23.046816987209972,21.000857956564506,21.00150329343701,21.93289989965809,11.0,5.0,11.0,5.0,20.0,-15.8,21.0,24.0,0.09183615471624539,65.23660840560491,3.839306110173253,1234.474111288089
1986-01-08T09:53:00,extended_january,baseline,21.000473001600824,23.376091424323686,21.00064269248617,21.000504840465464,22.122396670959432,11.0,5.0,11.0,5.0,20.0,-15.100000000000001,21.0,24.0,0.09183615471624539,65.32844456032116,3.6286403862374157,1238.1027516743266
1986-01-08T10:00:00,extended_january,baseline,21.000792530959764,23.60138916226477,21.001954134711077,20.99959322535554,22.227165200321853,11.0,5.0,11.0,5.0,20.0,-14.4,21.0,24.0,0.09183615471624539,65.4202807150374,3.4335861933175016,1241.536337867644
1986-01-08T10:15:00,extended_january,baseline,21.00070851982043,23.841995587436507,21.001517267195347,21.001762874378123,22.340592234682198,11.0,5.0,11.0,5.0,20.0,-14.0,21.0,24.0,0.09183615471624539,65.51211686975365,3.2679403485328637,1244.804278216177
1986-01-08T10:30:00,extended_january,baseline,21.03260528561961,23.985096831493884,21.00289746745203,21.002116281509924,22.454590748513947,11.0,5.0,11.0,5.0,20.0,-13.600000000000001,21.0,24.0,0.0920506009194789,65.60416747067313,3.106353370463637,1247.9106315866406
1986-01-08T10:45:00,extended_january,baseline,21.187856133520636,23.997707250393677,21.00116151167289,21.001897945767816,22.564951419895575,11.0,5.0,11.0,5.0,20.0,-13.200000000000001,21.0,24.0,0.0923695571495671,65.6965370278227,3.001451353129885,1250.9120829397705
1986-01-08T11:00:00,extended_january,baseline,21.4365362877616,23.99895348694326,21.00057456989569,21.001902251594938,22.66788088917315,11.0,5.0,11.0,5.0,20.0,-12.8,21.0,24.0,0.09237858788571968,65.78891561570842,2.9125518712874245,1253.8246348110579
1986-01-08T11:15:00,extended_january,baseline,21.621461529196605,23.999152444744386,21.001772910154795,21.001253820536455,22.67439697964127,8.8,4.0,8.8,4.0,16.0,-12.650000000000002,21.0,24.0,0.0920788719920865,65.8809944877005,2.9196561313650733,1256.744290942423
1986-01-08T11:30:00,extended_january,baseline,21.834922014238533,23.999236855307746,21.001438129827303,20.999646232191175,22.694045783274145,8.8,4.0,8.8,4.0,16.0,-12.5,21.0,24.0,0.09190643030288159,65.97290091800339,2.861295841987202,1259.6055867844102
1986-01-08T11:45:00,extended_january,baseline,22.10549108461774,23.9510911348533,21.000491574816078,20.999935322827014,22.755465040116015,8.8,4.0,8.8,4.0,16.0,-12.349999999999998,21.0,24.0,0.09183615471624539,66.06473707271964,2.8130387099568352,1262.418625494367
1986-01-08T12:08:00,extended_january,baseline,22.467432320675012,23.817783949569392,21.000801215485268,21.001171362737523,22.85502291241486,8.8,4.0,8.8,4.0,16.0,-12.2,21.0,24.0,0.09183615471624539,66.15657322743589,2.768869056085231,1265.1874945504521
1986-01-08T12:23:00,extended_january,baseline,22.474257135691012,23.3666451465988,21.001822114041563,21.001271392916298,22.635584884262286,4.4,2.0,4.4,2.0,8.0,-11.799999999999999,21.0,24.0,0.09183615471624539,66.24840938215213,2.837366908190623,1268.0248614586428
1986-01-08T12:38:00,extended_january,baseline,22.618530866263264,23.06483571924032,21.000953971964915,21.001714022405906,22.506256017306676,4.4,2.0,4.4,2.0,8.0,-11.399999999999999,21.0,24.0,0.09183615471624539,66.34024553686838,2.820509490386611,1270.8453709490295
1986-01-08T12:53:00,extended_january,baseline,22.846410066033524,22.765434145979473,21.00077481645189,21.001434361990558,22.463402107730104,4.4,2.0,4.4,2.0,8.0,-11.0,21.0,24.0,0.09183615471624539,66.43208169158463,2.7826099576916588,1273.6279809067212
1986-01-08T13:08:00,extended_january,baseline,23.0734844996448,22.440306642822403,21.00111072784533,21.0001886043576,22.446717724472443,4.4,2.0,4.4,2.0,8.0,-10.6,21.0,24.0,0.09183615471624539,66.52391784630088,2.7435509647662655,1276.3715318714874
1986-01-08T13:23:00,extended_january,baseline,23.511080981746993,22.31589901167874,21.000282357582396,21.00165939952076,22.69701990665643,8.8,4.0,8.8,4.0,16.0,-10.45,21.0,24.0,0.09183615471624539,66.61575400101712,2.626234698387316,1278.9977665698748
1986-01-08T13:38:00,extended_january,baseline,23.835673239126056,22.04822684543198,21.000682809290975,20.999928934199676,22.824813358740798,8.8,4.0,8.8,4.0,16.0,-10.3,21.0,24.0,0.09183615471624539,66.70759015573337,2.5973668630228204,1281.5951334328977
1986-01-08T13:45:00,extended_january,baseline,23.989336895577345,21.830601853639347,21.000510684509035,21.001762143236274,22.86955067181146,8.8,4.0,8.8,4.0,16.0,-10.15,21.0,24.0,0.09203411617609263,66.79962427190947,2.575518615848023,1284.1706520487458
1986-01-08T14:00:00,extended_january,baseline,23.998401358388353,21.5669872347085,21.001727435866083,21.000193061150675,22.876526452817412,8.8,4.0,8.8,4.0,16.0,-10.0,21.0,24.0,0.09304546921796202,66.89266974112742,2.518470783445607,1286.6891228321913
1986-01-08T14:15:00,extended_january,baseline,23.999121344952602,21.408685048380466,21.001972951473785,21.0016892399948,22.94819013323793,11.0,5.0,11.0,5.0,20.0,-9.85,21.0,24.0,0.09429925938253524,66.98696900050996,2.437338116586274,1289.1264609487775
1986-01-08T14:30:00,extended_january,baseline,23.99907422693344,21.277523407602512,21.002479109684415,21.0000662620087,23.037561590527933,11.0,5.0,11.0,5.0,20.0,-9.7,21.0,24.0,0.09556410096717421,67.08253310147714,2.373377646310899,1291.4998385950885
1986-01-08T14:45:00,extended_january,baseline,23.999061493228687,21.147559441510175,21.00039349709373,21.001199790161944,23.11239901051493,11.0,5.0,11.0,5.0,20.0,-9.55,21.0,24.0,0.09616918015216766,67.17870228162931,2.336244292113347,1293.8360828872019
1986-01-08T15:00:00,extended_january,baseline,23.999089252035287,21.024725132394668,21.00098536640209,20.99923293075082,23.170483393378113,11.0,5.0,11.0,5.0,20.0,-9.4,21.0,24.0,0.09644373684746164,67.27514601847678,2.3008263627290355,1296.136909249931
1986-01-08T15:15:00,extended_january,baseline,23.99915168656924,21.001532064895816,21.001209955637126,21.00195139013961,23.183274177100145,11.0,5.0,11.0,5.0,20.0,-9.4,21.0,24.0,0.0961169208976514,67.37126293937443,2.3492078839366664,1298.4861171338678
1986-01-08T15:30:00,extended_january,baseline,23.99918164625914,21.000791710642698,21.001019826012183,21.00020042581752,23.216503113385915,11.0,5.0,11.0,5.0,20.0,-9.4,21.0,24.0,0.09600544141281324,67.46726838078725,2.339408389706987,1300.8255255235747
1986-01-08T15:45:00,extended_january,baseline,23.99925734126581,20.99981046899712,21.000602986081656,21.001393159083964,23.27936133249645,11.0,5.0,11.0,5.0,20.0,-9.4,21.0,24.0,0.09483484576586747,67.56210322655312,2.382523287070625,1303.2080488106453
1986-01-08T16:00:00,extended_january,baseline,23.99934516276931,21.001490523548913,21.000871445318094,20.99970302125647,23.353409089015607,11.0,5.0,11.0,5.0,20.0,-9.4,21.0,24.0,0.09343809607249678,67.65554132262562,2.4360791205992385,1305.6441279312446
1986-01-08T16:15:00,extended_january,baseline,23.813366024378148,21.002091450837977,21.00271054914711,21.000663597658065,23.299682584241687,11.0,5.0,11.0,5.0,20.0,-9.55,21.0,24.0,0.09183615471624539,67.74737747734187,2.62859281326321,1308.2727207445078
1986-01-08T16:38:00,extended_january,baseline,23.248451452911624,21.000182725108967,21.001484203006545,21.00105226624967,23.246110223641,11.0,5.0,11.0,5.0,20.0,-9.7,21.0,24.0,0.09183615471624539,67.83921363205812,2.6254146756661734,1310.898135420174
1986-01-08T16:50:00,extended_january,baseline,22.57755883154543,21.000380140916903,21.001371498600776,21.00118498095546,23.236959539951265,11.0,5.0,11.0,5.0,20.0,-9.85,21.0,24.0,0.09183615471624539,67.93104978677437,2.6844278278231517,1313.582563247997
1986-01-08T17:08:00,extended_january,baseline,22.18823081527547,21.001877313137136,21.001240910617383,21.002615946986133,23.23604103947305,11.0,5.0,11.0,5.0,20.0,-10.0,21.0,24.0,0.09183615471624539,68.02288594149061,2.719047962116686,1316.3016112101138
1986-01-08T17:23:00,extended_january,baseline,21.8017912436174,21.001956234785844,21.00218840159032,21.002221620626205,23.18014493279969,11.0,5.0,11.0,5.0,20.0,-10.0,21.0,24.0,0.09183615471624539,68.11472209620686,2.7555471573697776,1319.0571583674837
1986-01-08T17:38:00,extended_january,baseline,21.460533300112218,21.001849240933062,21.001319319256083,21.001271230396885,23.097561259951426,11.0,5.0,11.0,5.0,20.0,-10.0,21.0,24.0,0.09183615471624539,68.20655825092311,2.7974685632368215,1321.8546269307205
1986-01-08T17:53:00,extended_january,baseline,21.154842606046145,21.00168197404438,21.00152082195506,21.001466757196273,23.008077805299994,11.0,5.0,11.0,5.0,20.0,-10.0,21.0,24.0,0.09183615471624539,68.29839440563936,2.8377688693598726,1324.6923958000805
1986-01-08T18:00:00,extended_january,baseline,21.007714735664212,21.000507895380945,21.002124034274715,21.001177241485117,22.934746367249865,11.0,5.0,11.0,5.0,20.0,-10.0,21.0,24.0,0.09183615471624539,68.3902305603556,2.9046508335173646,1327.5970466335978
1986-01-08T18:23:00,extended_january,baseline,21.00257171745087,21.002696405584945,21.003196465361434,21.001338158496292,22.285596117775547,5.5,2.5,5.5,2.5,10.0,-10.0,21.0,24.0,0.09183615471624539,68.48206671507185,3.4969948626706935,1331.0940414962683
1986-01-08T18:38:00,extended_january,baseline,21.001820334437653,21.000890840510877,21.00317228545229,21.00298666710529,21.91713386343391,5.5,2.5,5.5,2.5,10.0,-10.0,21.0,24.0,0.09183615471624539,68.5739028697881,3.6636582822523547,1334.7576997785206
1986-01-08T18:45:00,extended_january,baseline,21.0027510282839,21.0031753875635,21.004484550750593,21.00210182145915,21.740207213492713,5.5,2.5,5.5,2.5,10.0,-10.0,21.0,24.0,0.09183615471624539,68.66573902450435,3.7204086568575647,1338.4781084353783
1986-01-08T19:00:00,extended_january,baseline,21.003235736638363,21.001821231753556,21.002855069150765,21.001341151896053,21.641416427720074,5.5,2.5,5.5,2.5,10.0,-10.0,21.0,24.0,0.09183615471624539,68.7575751792206,3.7600338083910954,1342.2381422437695
1986-01-08T19:23:00,extended_january,baseline,21.002100936576102,21.00205076553676,21.00300982129852,21.00131791986245,21.063336103541317,0.0,0.0,0.0,0.0,0.0,-9.85,21.0,24.0,0.09183615471624539,68.84941133393684,4.26337156120192,1346.5015138049714
1986-01-08T19:30:00,extended_january,baseline,21.00447659000483,20.999663207669485,21.003474310485874,21.00091528519144,21.005005873942928,0.0,0.0,0.0,0.0,0.0,-9.7,21.0,24.0,0.09183615471624539,68.94124748865309,4.498344308970999,1350.9998581139423
1986-01-08T19:45:00,extended_january,baseline,21.00332790932746,21.00181452435251,21.004537138441755,21.002749109798007,21.001762997324086,0.0,0.0,0.0,0.0,0.0,-9.55,21.0,24.0,0.09183615471624539,69.03308364336934,4.666032589100355,1355.6658907030426
1986-01-08T20:00:00,extended_january,baseline,21.000747663598712,21.00158968825145,21.000472528455195,21.000483733102815,21.00181852278193,0.0,0.0,0.0,0.0,0.0,-9.4,21.0,24.0,0.09183615471624539,69.12491979808559,4.737236350218255,1360.4031270532607
1986-01-08T20:18:00,extended_january,baseline,18.863852622682508,19.015085294488458,18.800449203903472,19.021410003967336,20.267646659521727,0.0,0.0,0.0,0.0,0.0,-9.275,18.0,27.0,0.09183615471624539,69.21675595280183,0.0,1360.4031270532607
1986-01-08T20:34:00,extended_january,baseline,18.425031550960977,18.595033210649607,18.328118263702873,18.605698649601443,20.035481851402317,0.0,0.0,0.0,0.0,0.0,-9.15,18.0,27.0,0.09183615471624539,69.30859210751808,0.0,1360.4031270532607
1986-01-08T20:53:00,extended_january,baseline,18.13485965542353,18.327798127847277,18.042275249772455,18.33955796596155,19.88748237148158,0.0,0.0,0.0,0.0,0.0,-9.025,18.0,27.0,0.09183615471624539,69.40042826223433,0.0,1360.4031270532607
1986-01-08T21:00:00,extended_january,baseline,18.006508498656974,18.16828663539473,18.001973113771918,18.179970063749657,19.781488050142634,0.0,0.0,0.0,0.0,0.0,-8.9,18.0,27.0,0.09183615471624539,69.49226441695058,0.029970984812101743,1360.4330980380728
1986-01-08T21:15:00,extended_january,baseline,18.00023456092211,18.013653123369114,18.00025531087537,18.01568039445541,19.6113581994674,0.0,0.0,0.0,0.0,0.0,-8.9,18.0,27.0,0.09183615471624539,69.58410057166682,0.13875228853739502,1360.5718503266103
1986-01-08T21:30:00,extended_january,baseline,17.999269206819857,18.000037613662766,18.000090869709314,18.000489252373693,19.437317427108862,0.0,0.0,0.0,0.0,0.0,-8.9,18.0,27.0,0.09183615471624539,69.67593672638307,0.30014024397053174,1360.871990570581
1986-01-08T21:45:00,extended_january,baseline,17.999938437836786,18.00019237007648,18.000550976198447,18.000166180909275,19.276902177846637,0.0,0.0,0.0,0.0,0.0,-8.9,18.0,27.0,0.09183615471624539,69.76777288109932,0.48525516154163206,1361.3572457321225
1986-01-08T22:00:00,extended_january,baseline,18.00093019799073,17.999879838937204,17.999872416505806,17.998187590905943,19.132947720051146,0.0,0.0,0.0,0.0,0.0,-8.9,18.0,27.0,0.09183615471624539,69.85960903581557,0.6714855503099386,1362.0287312824323
1986-01-08T22:15:00,extended_january,baseline,17.998964163954888,18.000241764099947,18.000758812475087,18.001184467580714,18.999971997159673,0.0,0.0,0.0,0.0,0.0,-8.75,18.0,27.0,0.09183615471624539,69.95144519053181,0.8354932977049719,1362.8642245801373
1986-01-08T22:30:00,extended_january,baseline,17.999517866408087,18.00083009971424,18.000659148185477,18.000344515102313,18.876090596238782,0.0,0.0,0.0,0.0,0.0,-8.600000000000001,18.0,27.0,0.09183615471624539,70.04328134524806,0.9692857231024172,1363.8335103032398
1986-01-08T22:45:00,extended_january,baseline,18.00090019826065,17.998976466636186,18.00006852598355,18.000335375780793,18.760739404480876,0.0,0.0,0.0,0.0,0.0,-8.450000000000001,18.0,27.0,0.09183615471624539,70.13511749996431,1.074901818894074,1364.9084121221338
1986-01-08T23:00:00,extended_january,baseline,18.00045652398922,17.998842887746907,17.99958518695549,18.000851189105685,18.653168169839464,0.0,0.0,0.0,0.0,0.0,-8.3,18.0,27.0,0.09183615471624539,70.22695365468056,1.1576483361261747,1366.06606045826
1986-01-08T23:15:00,extended_january,baseline,17.998811156833316,18.001339246234792,17.99987892985303,17.998392861286984,18.579850317054742,0.0,0.0,0.0,0.0,0.0,-8.450000000000001,18.0,27.0,0.09183615471624539,70.3187898093968,1.1765181024446527,1367.2425785607045
1986-01-08T23:30:00,extended_january,baseline,18.00112030159975,17.999760649681953,18.00096541033292,18.00060435416938,18.53295273345767,0.0,0.0,0.0,0.0,0.0,-8.600000000000001,18.0,27.0,0.09183615471624539,70.41062596411305,1.197921250525067,1368.4404998112295
1986-01-08T23:45:00,extended_january,baseline,17.99950594056669,18.001592578443756,18.001033593403886,18.00107800121843,18.49962146905451,0.0,0.0,0.0,0.0,0.0,-8.75,18.0,27.0,0.09183615471624539,70.5024621188293,1.2091092575709688,1369.6496090688006
1986-01-09T00:00:00,extended_january,baseline,18.00008451473353,18.001072227029244,17.99876344441558,18.00167469097938,18.474277441452834,0.0,0.0,0.0,0.0,0.0,-8.9,18.0,27.0,0.09183615471624539,70.59429827354555,1.2205883016482197,1370.8701973704488
1986-01-09T00:15:00,extended_january,baseline,17.99999306052955,17.99990147804609,17.998576180137647,18.00099624025896,18.443589357292424,0.0,0.0,0.0,0.0,0.0,-8.9,18.0,27.0,0.09183615471624539,70.6861344282618,1.2495919154729673,1372.1197892859218
1986-01-09T00:30:00,extended_january,baseline,18.00001422433577,18.000366634463425,17.999668023917785,18.00087081387447,18.409621633986358,0.0,0.0,0.0,0.0,0.0,-8.9,18.0,27.0,0.09183615471624539,70.77797058297804,1.2747843937546532,1373.3945736796763
1986-01-09T00:45:00,extended_january,baseline,17.99976024233831,17.99934949295617,17.99869623972207,17.998902157591385,18.376811562131817,0.0,0.0,0.0,0.0,0.0,-8.9,18.0,27.0,0.09183615471624539,70.86980673769429,1.2919214822458838,1374.6864951619223
1986-01-09T01:00:00,extended_january,baseline,18.000163141809757,18.001615894472465,17.998654621602032,18.000200555785455,18.346661382681532,0.0,0.0,0.0,0.0,0.0,-8.9,18.0,27.0,0.09183615471624539,70.96164289241054,1.3137321099885317,1376.0002272719107
1986-01-09T01:15:00,extended_january,baseline,17.999375784166368,18.000275587510004,18.00084543934007,18.00149923941058,18.305864176906276,0.0,0.0,0.0,0.0,0.0,-8.9,18.0,27.0,0.09183615471624539,71.05347904712679,1.3591188849068465,1377.3593461568175
1986-01-09T01:30:00,extended_january,baseline,17.999038827934296,17.999687807329554,17.999377785035385,17.999281936184662,18.25874492368169,0.0,0.0,0.0,0.0,0.0,-8.9,18.0,27.0,0.09183615471624539,71.14531520184303,1.3952757641967655,1378.7546219210144
1986-01-09T01:45:00,extended_january,baseline,17.999330232308257,18.00064458387033,18.000869966567613,17.99874803370519,18.21055547640089,0.0,0.0,0.0,0.0,0.0,-8.9,18.0,27.0,0.09183615471624539,71.23715135655928,1.4373212350038755,1380.1919431560182
1986-01-09T02:00:00,extended_january,baseline,17.999545659466143,17.998949868005404,17.99929435279818,17.999946813351027,18.16290444174089,0.0,0.0,0.0,0.0,0.0,-8.9,18.0,27.0,0.09183615471624539,71.32898751127553,1.4712389249069624,1381.663182080925
1986-01-09T02:15:00,extended_january,baseline,18.000971633029806,18.000250265369214,17.99938927624353,17.999912486284533,18.139454437857555,0.0,0.0,0.0,0.0,0.0,-8.75,18.0,27.0,0.09183615471624539,71.42082366599178,1.4509115443236436,1383.1140936252486
1986-01-09T02:30:00,extended_january,baseline,18.001176329106507,17.9981271039253,17.999407367431626,17.999559537939984,18.1341049405385,0.0,0.0,0.0,0.0,0.0,-8.600000000000001,18.0,27.0,0.09183615471624539,71.51265982070802,1.4347110197913444,1384.54880464504
1986-01-09T02:45:00,extended_january,baseline,18.000803903726034,18.00026390939591,17.999259085051236,17.999861925074143,18.136403241360796,0.0,0.0,0.0,0.0,0.0,-8.450000000000001,18.0,27.0,0.09183615471624539,71.60449597542427,1.4254579185666671,1385.9742625636068
1986-01-09T03:00:00,extended_january,baseline,18.000874315298933,17.999719979007097,17.99957233981669,18.001079362682834,18.14204766023629,0.0,0.0,0.0,0.0,0.0,-8.3,18.0,27.0,0.09183615471624539,71.69633213014052,1.413580999425625,1387.3878435630324
1986-01-09T03:15:00,extended_january,baseline,17.999196754070088,18.000531552872076,18.000998204275746,18.000084253905914,18.140456264715713,0.0,0.0,0.0,0.0,0.0,-8.3,18.0,27.0,0.09183615471624539,71.78816828485677,1.4338976226319577,1388.8217411856645
1986-01-09T03:30:00,extended_january,baseline,17.99940654685773,17.9997578565845,18.000229456133674,18.001121712435058,18.13382441017352,0.0,0.0,0.0,0.0,0.0,-8.3,18.0,27.0,0.09183615471624539,71.88000443957301,1.439649094455267,1390.2613902801197
1986-01-09T03:45:00,extended_january,baseline,17.999920598375443,18.00115298328103,18.000945841126338,18.000736816719552,18.1262023588826,0.0,0.0,0.0,0.0,0.0,-8.3,18.0,27.0,0.09183615471624539,71.97184059428926,1.4504234782018899,1391.7118137583216
1986-01-09T04:00:00,extended_january,baseline,18.000258599790364,18.00105825037487,18.0003948595104,17.999085492653602,18.119098077023903,0.0,0.0,0.0,0.0,0.0,-8.3,18.0,27.0,0.09183615471624539,72.06367674900551,1.4535077106992895,1393.165321469021
1986-01-09T04:15:00,extended_january,baseline,17.999164640094648,17.99966759347361,17.998672149071574,18.000520251891064,18.11264671180373,0.0,0.0,0.0,0.0,0.0,-8.3,18.0,27.0,0.09183615471624539,72.15551290372176,1.4597071406592523,1394.6250286096802
1986-01-09T04:30:00,extended_january,baseline,18.000310005886192,18.001301822915163,17.999539895832132,18.000736399958146,18.10671370005297,0.0,0.0,0.0,0.0,0.0,-8.3,18.0,27.0,0.09183615471624539,72.247349058438,1.4615904394037593,1396.086619049084
1986-01-09T04:45:00,extended_january,baseline,18.000275476461763,17.998329769659815,17.99943219480491,17.999588792728815,18.101243391948948,0.0,0.0,0.0,0.0,0.0,-8.3,18.0,27.0,0.09183615471624539,72.33918521315425,1.4661907851963598,1397.5528098342804
1986-01-09T05:00:00,extended_january,baseline,17.99895596845193,17.998571461100042,18.001022319794806,18.001411544698573,18.096231399707854,0.0,0.0,0.0,0.0,0.0,-8.3,18.0,27.0,0.09183615471624539,72.4310213678705,1.4719771372296353,1399.0247869715101
1986-01-09T05:15:00,extended_january,baseline,18.000214806689765,17.99851566100509,18.001221663646817,18.001938630125547,18.09159715203476,0.0,0.0,0.0,0.0,0.0,-8.3,18.0,27.0,0.09183615471624539,72.52285752258675,1.4732236805110277,1400.498010652021
1986-01-09T05:30:00,extended_january,baseline,18.000426147498388,18.00076725785679,18.0001333835763,18.001076003458063,18.08732355488147,0.0,0.0,0.0,0.0,0.0,-8.3,18.0,27.0,0.09183615471624539,72.614693677303,1.4764302823211761,1401.9744409343423
1986-01-09T05:45:00,extended_january,baseline,17.99936647421063,18.001425811084204,17.99864941778279,17.999828917355867,18.08340397595635,0.0,0.0,0.0,0.0,0.0,-8.3,18.0,27.0,0.09183615471624539,72.70652983201924,1.4823023050040005,1403.4567432393462
1986-01-09T06:00:00,extended_january,baseline,18.00102685663251,18.00080278938295,18.00015527592093,17.998666423957623,18.079956421649687,0.0,0.0,0.0,0.0,0.0,-8.3,18.0,27.0,0.09183615471624539,72.79836598673549,1.4822064212820625,1404.9389496606284
1986-01-09T06:19:00,extended_january,baseline,19.350921823061014,19.590247837744347,19.307712601697755,19.599761528805214,19.358607536403717,0.0,0.0,0.0,0.0,0.0,-8.175,21.0,24.0,0.09183615471624539,72.89020214145174,6.996421089887485,1411.9353707505159
1986-01-09T06:34:00,extended_january,baseline,19.896436483730035,20.190155206650484,19.82835306814903,20.19659824754314,19.829663501407058,0.0,0.0,0.0,0.0,0.0,-8.05,21.0,24.0,0.09183615471624539,72.98203829616799,6.2084601894774245,1418.1438309399932
1986-01-09T06:53:00,extended_january,baseline,20.195164451184247,20.50747279975489,20.118599990162366,20.509797040687697,20.105833417861042,0.0,0.0,0.0,0.0,0.0,-7.925,21.0,24.0,0.09183615471624539,73.07387445088423,6.194743022913804,1424.338573962907
1986-01-09T07:00:00,extended_january,baseline,20.358557174676083,20.679370583980653,20.278794656113266,20.678444794829204,20.252159970844854,0.0,0.0,0.0,0.0,0.0,-7.8,21.0,24.0,0.09183615471624539,73.16571060560048,6.18107470699927,1430.5196486699062
1986-01-09T07:15:00,extended_january,baseline,20.51700766006161,20.847957577859933,20.435711249544273,20.84341928169142,20.399503083750574,0.0,0.0,0.0,0.0,0.0,-7.8,21.0,24.0,0.09183615471624539,73.25754676031673,6.179779241202432,1436.6994279111086
1986-01-09T07:30:00,extended_january,baseline,20.65177936878662,20.98681734001004,20.576642698304653,20.987155215188025,20.51097155447214,0.0,0.0,0.0,0.0,0.0,-7.8,21.0,24.0,0.09183615471624539,73.34938291503298,6.15092541489905,1442.8503533260077
1986-01-09T07:45:00,extended_january,baseline,20.778746135080127,20.999618158490975,20.710753649438203,20.99682895626447,20.600803541309112,0.0,0.0,0.0,0.0,0.0,-7.8,21.0,24.0,0.09183615471624539,73.44121906974922,6.05592068987591,1448.9062740158836
1986-01-09T08:00:00,extended_january,baseline,20.902774438720886,20.99884216471097,20.83790454463676,21.000040421001263,20.67508465547089,0.0,0.0,0.0,0.0,0.0,-7.8,21.0,24.0,0.09183615471624539,73.53305522446547,6.007985604902835,1454.9142596207864
1986-01-09T08:23:00,extended_january,baseline,20.99997819795168,21.001161087782716,20.999101066856454,20.99929049364029,20.999875027771505,11.0,5.0,11.0,5.0,20.0,-7.25,21.0,24.0,0.09183615471624539,73.62489137918172,3.8420328630480562,1458.7562924838344
1986-01-09T08:38:00,extended_january,baseline,21.001122808776802,21.000850153467887,21.00177223372313,21.00184679576024,21.00052344951488,11.0,5.0,11.0,5.0,20.0,-6.699999999999999,21.0,24.0,0.09183615471624539,73.71672753389797,3.663161169292451,1462.4194536531268
1986-01-09T08:45:00,extended_january,baseline,21.002756738211062,21.000089012752973,21.002509010388223,21.0014713070016,21.00050350570045,11.0,5.0,11.0,5.0,20.0,-6.1499999999999995,21.0,24.0,0.09183615471624539,73.80856368861421,3.3806343683976916,1465.8000880215245
1986-01-09T09:00:00,extended_january,baseline,21.000701041419976,21.00184687108587,21.001476431440985,21.003036028977764,21.009296757736802,11.0,5.0,11.0,5.0,20.0,-5.6,21.0,24.0,0.09183615471624539,73.90039984333046,3.1062513374062095,1468.9063393589308
1986-01-09T09:23:00,extended_january,baseline,21.001346945698256,21.2129284012592,21.00150167701465,21.002348400528238,21.549500074375015,11.0,5.0,11.0,5.0,20.0,-5.174999999999999,21.0,24.0,0.09183615471624539,73.99223599804671,2.557933037252753,1471.4642723961836
1986-01-09T09:38:00,extended_january,baseline,21.00054412673549,21.547302665098755,21.000337112012893,21.001675986631803,21.927263022370475,11.0,5.0,11.0,5.0,20.0,-4.75,21.0,24.0,0.09183615471624539,74.08407215276296,2.328398701975151,1473.7926710981587
1986-01-09T09:45:00,extended_january,baseline,21.000936553110844,21.765662315756476,21.00083491784745,21.002163733742538,22.15620847225439,11.0,5.0,11.0,5.0,20.0,-4.324999999999999,21.0,24.0,0.09183615471624539,74.1759083074792,2.1540308252325233,1475.9467019233912
1986-01-09T10:00:00,extended_january,baseline,21.0003257257303,22.002711557326855,21.000730940024933,21.00250736705126,22.356170139755587,11.0,5.0,11.0,5.0,20.0,-3.9,21.0,24.0,0.09183615471624539,74.26774446219545,1.9734179150663331,1477.9201198384576
1986-01-09T10:15:00,extended_january,baseline,21.036880022491797,22.199605341038357,21.00006391696685,21.00140696526964,22.515797077116513,11.0,5.0,11.0,5.0,20.0,-3.625,21.0,24.0,0.09183615471624539,74.3595806169117,1.8473962456133786,1479.767516084071
1986-01-09T10:30:00,extended_january,baseline,21.15180019835593,22.36599425045117,21.05605105431135,21.00067579160407,22.650990859983377,11.0,5.0,11.0,5.0,20.0,-3.3499999999999996,21.0,24.0,0.09183615471624539,74.45141677162795,1.7757071466147705,1481.543223230686
1986-01-09T10:45:00,extended_january,baseline,21.314796550111545,22.505425990583902,21.144298655986244,20.999841741825847,22.76793804742344,11.0,5.0,11.0,5.0,20.0,-3.0749999999999997,21.0,24.0,0.09183615471624539,74.5432529263442,1.7322818127178266,1483.2755050434039
1986-01-09T11:00:00,extended_january,baseline,21.522780511606083,22.653177985994503,21.245896687831877,20.999360672792214,22.87135721216809,11.0,5.0,11.0,5.0,20.0,-2.8,21.0,24.0,0.09183615471624539,74.63508908106044,1.6928729568581862,1484.968378000262
1986-01-09T11:15:00,extended_january,baseline,21.655406587178522,22.701817802797027,21.253299790072006,21.00150889048933,22.8774283101541,8.8,4.0,8.8,4.0,16.0,-2.2499999999999996,21.0,24.0,0.09183615471624539,74.72692523577669,1.6415911679244872,1486.6099691681864
1986-01-09T11:30:00,extended_january,baseline,21.827166617080756,22.750091425820127,21.284527349766925,20.999616655788223,22.89777202122183,8.8,4.0,8.8,4.0,16.0,-1.7,21.0,24.0,0.09183615471624539,74.81876139049294,1.581201124878915,1488.1911702930652
1986-01-09T11:45:00,extended_january,baseline,22.061740586097677,22.813488354442,21.373170314339134,21.002445131470825,22.959849152760338,8.8,4.0,8.8,4.0,16.0,-1.15,21.0,24.0,0.09183615471624539,74.91059754520919,1.517366977661531,1489.7085372707268
1986-01-09T12:00:00,extended_january,baseline,22.33081135380326,22.86863066844023,21.491347543972005,21.01858281268057,23.049537886637236,8.8,4.0,8.8,4.0,16.0,-0.6,21.0,24.0,0.09183615471624539,75.00243369992543,1.4542245086535275,1491.1627617793804
1986-01-09T12:15:00,extended_january,baseline,22.380402518746944,22.692482126172116,21.37191829603778,21.004323508656665,22.91476275307887,4.4,2.0,4.4,2.0,8.0,-0.29999999999999993,21.0,24.0,0.09183615471624539,75.09426985464168,1.438671107671745,1492.6014328870522
1986-01-09T12:30:00,extended_january,baseline,22.456281334185345,22.524672771802514,21.267806587056278,21.00085050563636,22.785283076926742,4.4,2.0,4.4,2.0,8.0,0.0,21.0,24.0,0.09183615471624539,75.18610600935793,1.4138603565961514,1494.0152932436483
1986-01-09T12:45:00,extended_january,baseline,22.59302850432467,22.39349334387779,21.242247013302933,21.00055994643405,22.74103019158577,4.4,2.0,4.4,2.0,8.0,0.29999999999999993,21.0,24.0,0.09183615471624539,75.27794216407418,1.381529577984024,1495.3968228216324
1986-01-09T13:00:00,extended_january,baseline,22.73759453400628,22.255863727141406,21.247004745942107,21.000446092152128,22.74139782736325,4.4,2.0,4.4,2.0,8.0,0.6,21.0,24.0,0.09183615471624539,75.36977831879042,1.3487831939929409,1496.7456060156253
1986-01-09T13:23:00,extended_january,baseline,23.13680932430188,22.312747900777502,21.52661993856925,21.10177045214861,23.02320076454475,8.8,4.0,8.8,4.0,16.0,0.875,21.0,24.0,0.09183615471624539,75.46161447350667,1.2994091344609158,1498.045015150086
1986-01-09T13:30:00,extended_january,baseline,23.2920319621461,22.256702815579473,21.612193793415585,21.13197556173286,23.143448183204193,8.8,4.0,8.8,4.0,16.0,1.15,21.0,24.0,0.09183615471624539,75.55345062822292,1.2661970815259724,1499.311212231612
1986-01-09T13:45:00,extended_january,baseline,23.44958651167156,22.131477684009674,21.653867449678557,21.14451076107548,23.23046385797998,8.8,4.0,8.8,4.0,16.0,1.4249999999999998,21.0,24.0,0.09183615471624539,75.64528678293917,1.2351777299038629,1500.5463899615158
1986-01-09T14:00:00,extended_january,baseline,23.576905340422353,21.987813429266144,21.642700282787384,21.138173872331073,23.26450710434265,8.8,4.0,8.8,4.0,16.0,1.7,21.0,24.0,0.09183615471624539,75.73712293765541,1.2058362683624444,1501.7522262298783
1986-01-09T14:15:00,extended_january,baseline,23.83822170158892,21.950665645509503,21.71370207269963,21.22784938946157,23.375309235189118,11.0,5.0,11.0,5.0,20.0,1.7,21.0,24.0,0.09183615471624539,75.82895909237166,1.1981923015761644,1502.9504185314545
1986-01-09T14:30:00,extended_january,baseline,23.98698456165491,21.937120380904272,21.798728358414227,21.33836093853223,23.513199883412483,11.0,5.0,11.0,5.0,20.0,1.7,21.0,24.0,0.0928351322766692,75.92179422464834,1.0798082040997496,1504.0302267355542
1986-01-09T14:45:00,extended_january,baseline,23.997997482314037,21.916410310325258,21.86245242410274,21.445116349974054,23.644701541661565,11.0,5.0,11.0,5.0,20.0,1.7,21.0,24.0,0.09342027299964045,76.01521449764797,1.0763592710843843,1505.1065860066385
1986-01-09T15:00:00,extended_january,baseline,23.99891118967323,21.89369038162735,21.90966925718335,21.551397674100517,23.76608076749042,11.0,5.0,11.0,5.0,20.0,1.7,21.0,24.0,0.09347820044549085,76.10869269809346,1.1041143275918794,1506.2107003342303
1986-01-09T15:15:00,extended_january,baseline,23.99909142609506,21.793289202038572,21.856548430781714,21.57654766334145,23.78624825818047,11.0,5.0,11.0,5.0,20.0,1.7,21.0,24.0,0.09281569363548878,76.20150839172895,1.1825185051292566,1507.3932188393596
1986-01-09T15:30:00,extended_january,baseline,23.999224747126583,21.684658111011558,21.78023024253448,21.570455630386594,23.77790175732737,11.0,5.0,11.0,5.0,20.0,1.7,21.0,24.0,0.09202242846601993,76.29353082019497,1.2454563052488572,1508.6386751446084
1986-01-09T15:45:00,extended_january,baseline,23.91943651510296,21.587197847204337,21.713256883881755,21.557784031126417,23.772078378148063,11.0,5.0,11.0,5.0,20.0,1.7,21.0,24.0,0.09183615471624539,76.38536697491122,1.2102323116020655,1509.8489074562106
1986-01-09T16:00:00,extended_january,baseline,23.74493878796948,21.49519735308042,21.65076543802922,21.536288706672337,23.766565564921642,11.0,5.0,11.0,5.0,20.0,1.7,21.0,24.0,0.09183615471624539,76.47720312962747,1.1883383646068755,1511.0372458208174
1986-01-09T16:23:00,extended_january,baseline,23.19336022039834,21.232986377834113,21.396719782275436,21.294555346159505,23.595425871998692,11.0,5.0,11.0,5.0,20.0,1.275,21.0,24.0,0.09183615471624539,76.56903928434372,1.2170793923739043,1512.2543252131914
1986-01-09T16:38:00,extended_january,baseline,22.702350467375297,21.077696615640242,21.239833312735527,21.106289667736363,23.499105116767254,11.0,5.0,11.0,5.0,20.0,0.85,21.0,24.0,0.09183615471624539,76.66087543905996,1.2576737104124711,1513.5119989236039
1986-01-09T16:53:00,extended_january,baseline,22.316450586715252,21.001457201086982,21.126805042231883,21.002498954293657,23.445238746541776,11.0,5.0,11.0,5.0,20.0,0.425,21.0,24.0,0.09183615471624539,76.75271159377621,1.309465370212437,1514.8214642938162
1986-01-09T17:08:00,extended_january,baseline,22.009482956221643,21.001796009514827,21.02552652705837,21.001557422130983,23.39323579903264,11.0,5.0,11.0,5.0,20.0,0.0,21.0,24.0,0.09183615471624539,76.84454774849246,1.380451332414008,1516.2019156262302
1986-01-09T17:15:00,extended_january,baseline,21.829195723430427,21.00109524580369,21.00288323710989,21.000830490269117,23.36839581686065,11.0,5.0,11.0,5.0,20.0,0.0,21.0,24.0,0.09183615471624539,76.93638390320871,1.4100026477394993,1517.6119182739696
1986-01-09T17:30:00,extended_january,baseline,21.64754809069958,21.00294934198377,21.00167633345797,20.999883427751275,23.348908549135007,11.0,5.0,11.0,5.0,20.0,0.0,21.0,24.0,0.09183615471624539,77.02822005792495,1.4342908082332182,1519.046209082203
1986-01-09T17:45:00,extended_january,baseline,21.503177166550078,21.002452319873246,21.001423237962463,21.00191628960045,23.33844376771633,11.0,5.0,11.0,5.0,20.0,0.0,21.0,24.0,0.09183615471624539,77.1200562126412,1.4480926290308487,1520.494301711234
1986-01-09T18:00:00,extended_january,baseline,21.384187824191212,21.000205445754695,21.001836669867288,21.002960243553076,23.333287205363693,11.0,5.0,11.0,5.0,20.0,0.0,21.0,24.0,0.09183615471624539,77.21189236735745,1.4579008375916487,1521.9522025488257
1986-01-09T18:23:00,extended_january,baseline,21.002424596126474,21.001585971914594,21.000863623828362,21.00128770885896,22.700878834816862,5.5,2.5,5.5,2.5,10.0,0.0,21.0,24.0,0.09183615471624539,77.3037285220737,1.8240207285631482,1523.776223277389
1986-01-09T18:38:00,extended_january,baseline,21.00123217566088,21.00116732885691,21.00176352727007,21.000845686747557,22.287290540933945,5.5,2.5,5.5,2.5,10.0,0.0,21.0,24.0,0.09183615471624539,77.39556467678995,2.0514806601907827,1525.8277039375796
1986-01-09T18:45:00,extended_january,baseline,21.001470569373183,21.002544392455352,21.00190276234924,21.000282889192896,22.081546161756794,5.5,2.5,5.5,2.5,10.0,0.0,21.0,24.0,0.09183615471624539,77.48740083150619,2.1583521582430083,1527.9860560958225
1986-01-09T19:00:00,extended_january,baseline,21.001660936902837,21.00147834482478,21.001449812061296,21.003237710330453,21.9306746986593,5.5,2.5,5.5,2.5,10.0,0.0,21.0,24.0,0.09183615471624539,77.57923698622244,2.2465919865011803,1530.2326480823237
1986-01-09T19:23:00,extended_january,baseline,21.001506564749373,21.00086770727877,21.002019368862882,21.00197956060276,21.339400207465896,0.0,0.0,0.0,0.0,0.0,0.275,21.0,24.0,0.09183615471624539,77.67107314093869,2.70021150714587,1532.9328595894697
1986-01-09T19:38:00,extended_january,baseline,21.00119577735652,21.001491551462347,21.001399628249214,20.999848012937722,21.002631075275016,0.0,0.0,0.0,0.0,0.0,0.55,21.0,24.0,0.09183615471624539,77.76290929565494,2.8116328140464106,1535.744492403516
1986-01-09T19:45:00,extended_january,baseline,21.001313731092587,20.998464158664884,21.00256485053319,21.000158164489967,21.00197861126663,0.0,0.0,0.0,0.0,0.0,0.8250000000000001,21.0,24.0,0.09183615471624539,77.85474545037118,2.9774221161037326,1538.7219145196198
1986-01-09T20:00:00,extended_january,baseline,21.001496013909396,21.000490331993603,21.000679000053,21.00276679806568,21.001690561606605,0.0,0.0,0.0,0.0,0.0,1.1,21.0,24.0,0.09183615471624539,77.94658160508743,2.98737575540866,1541.7092902750285
1986-01-09T20:19:00,extended_january,baseline,19.58253989563999,19.745611631522742,19.5592853564513,19.75569526826909,20.555658245989648,0.0,0.0,0.0,0.0,0.0,0.9750000000000001,18.0,27.0,0.09183615471624539,78.03841775980368,0.0,1541.7092902750285
1986-01-09T20:35:00,extended_january,baseline,19.24187453399843,19.43686620759395,19.201781997624952,19.450192511168453,20.354501919918356,0.0,0.0,0.0,0.0,0.0,0.8500000000000001,18.0,27.0,0.09183615471624539,78.13025391451993,0.0,1541.7092902750285
1986-01-09T20:53:00,extended_january,baseline,19.04324964214543,19.25924417309669,19.00571634145214,19.273966109471885,20.246591254800855,0.0,0.0,0.0,0.0,0.0,0.725,18.0,27.0,0.09183615471624539,78.22209006923617,0.0,1541.7092902750285
1986-01-09T21:00:00,extended_january,baseline,18.931785949741663,19.154820654443593,18.898638385494248,19.1700314259487,20.17779388620433,0.0,0.0,0.0,0.0,0.0,0.6,18.0,27.0,0.09183615471624539,78.31392622395242,0.0,1541.7092902750285
1986-01-09T21:15:00,extended_january,baseline,18.763939125145818,18.994283454020074,18.73659129252607,19.00976053314234,20.055419514096922,0.0,0.0,0.0,0.0,0.0,0.44999999999999996,18.0,27.0,0.09183615471624539,78.40576237866867,0.0,1541.7092902750285
1986-01-09T21:30:00,extended_january,baseline,18.594816718622294,18.839870007724492,18.572780021860858,18.854398960614738,19.932583175402737,0.0,0.0,0.0,0.0,0.0,0.3,18.0,27.0,0.09183615471624539,78.49759853338492,0.0,1541.7092902750285
1986-01-09T21:45:00,extended_january,baseline,18.442835372494656,18.687077088516652,18.425568293557248,18.701245292820378,19.81233610452462,0.0,0.0,0.0,0.0,0.0,0.15,18.0,27.0,0.09183615471624539,78.58943468810116,0.0,1541.7092902750285
1986-01-09T22:00:00,extended_january,baseline,18.309103673744037,18.5576987814634,18.29631291392189,18.570969001936238,19.707638332023187,0.0,0.0,0.0,0.0,0.0,0.0,18.0,27.0,0.09183615471624539,78.68127084281741,0.0,1541.7092902750285
1986-01-09T22:15:00,extended_january,baseline,18.20260532168278,18.44419698647185,18.193643118279898,18.456919871846377,19.625828559958205,0.0,0.0,0.0,0.0,0.0,-0.15,18.0,27.0,0.09183615471624539,78.77310699753366,0.0,1541.7092902750285
1986-01-09T22:30:00,extended_january,baseline,18.11502197830236,18.349901621773114,18.109632324680454,18.361467043909204,19.559562767973574,0.0,0.0,0.0,0.0,0.0,-0.3,18.0,27.0,0.09183615471624539,78.86494315224991,0.0,1541.7092902750285
1986-01-09T22:45:00,extended_january,baseline,18.038494550754052,18.265433674885617,18.036356468702895,18.275779267470988,19.50255231879177,0.0,0.0,0.0,0.0,0.0,-0.44999999999999996,18.0,27.0,0.09183615471624539,78.95677930696615,0.0,1541.7092902750285
1986-01-09T23:00:00,extended_january,baseline,18.002628018585742,18.187566550876745,18.00143210860383,18.19676222267157,19.452646889297235,0.0,0.0,0.0,0.0,0.0,-0.6,18.0,27.0,0.09183615471624539,79.0486154616824,0.012757636349493411,1541.722047911378
1986-01-09T23:15:00,extended_january,baseline,17.999965869538592,18.09283236203343,17.999548222946117,18.10104800335218,19.37934467480516,0.0,0.0,0.0,0.0,0.0,-0.725,18.0,27.0,0.09183615471624539,79.14045161639865,0.05082555693394022,1541.772873468312
1986-01-09T23:30:00,extended_january,baseline,18.000699381632373,18.007818039863032,18.000585979587537,18.00656929731706,19.289600224689135,0.0,0.0,0.0,0.0,0.0,-0.8500000000000001,18.0,27.0,0.09183615471624539,79.2322877711149,0.09109885092306963,1541.863972319235
1986-01-09T23:45:00,extended_january,baseline,17.99961258058864,18.000849608786478,18.000162851608433,18.001995450666946,19.195954101561863,0.0,0.0,0.0,0.0,0.0,-0.9750000000000001,18.0,27.0,0.09183615471624539,79.32412392583115,0.16622568552236222,1542.0301980047573
1986-01-10T00:00:00,extended_january,baseline,18.000329728688403,17.999308432858115,18.00008087843735,17.999463023158622,19.10326013798914,0.0,0.0,0.0,0.0,0.0,-1.1,18.0,27.0,0.09183615471624539,79.41596008054739,0.24039037081429515,1542.2705883755716
1986-01-10T00:15:00,extended_january,baseline,18.000502596006168,18.001265314174766,18.000025156714152,17.99906694151457,19.02999605972999,0.0,0.0,0.0,0.0,0.0,-1.1,18.0,27.0,0.09183615471624539,79.50779623526364,0.3015574742189104,1542.5721458497906
1986-01-10T00:30:00,extended_january,baseline,17.999959098598765,18.00081011148756,17.999829517855744,17.999848804358972,18.97199203513122,0.0,0.0,0.0,0.0,0.0,-1.1,18.0,27.0,0.09183615471624539,79.59963238997989,0.3578430642984533,1542.929988914089
1986-01-10T00:45:00,extended_january,baseline,17.99973287677443,18.001438142612763,18.000060917548357,18.000938660732928,18.92164076072422,0.0,0.0,0.0,0.0,0.0,-1.1,18.0,27.0,0.09183615471624539,79.69146854469614,0.4132734518372458,1543.3432623659264
1986-01-10T01:00:00,extended_january,baseline,17.999690337719148,17.999306430736304,18.00040134545398,18.000999308700685,18.875547705954602,0.0,0.0,0.0,0.0,0.0,-1.1,18.0,27.0,0.09183615471624539,79.78330469941238,0.4627172281843393,1543.8059795941108
1986-01-10T01:15:00,extended_january,baseline,17.999541359260625,17.999309814278423,18.000403207190733,17.998719034420972,18.855345242736167,0.0,0.0,0.0,0.0,0.0,-1.1,18.0,27.0,0.09183615471624539,79.87514085412863,0.4706290874738146,1544.2766086815845
1986-01-10T01:30:00,extended_january,baseline,17.99960986154723,18.000482935765994,18.000606233808497,18.000381624736406,18.85501590796777,0.0,0.0,0.0,0.0,0.0,-1.1,18.0,27.0,0.09183615471624539,79.96697700884488,0.4734743547334006,1544.7500830363178
1986-01-10T01:45:00,extended_january,baseline,17.999779480762076,18.00053665608026,17.999216617833277,18.000709662559846,18.864367273749533,0.0,0.0,0.0,0.0,0.0,-1.1,18.0,27.0,0.09183615471624539,80.05881316356113,0.46838771605526686,1545.2184707523732
1986-01-10T02:00:00,extended_january,baseline,17.99974942742563,18.001385363858,17.9994523934575,18.000946184998956,18.879068344127216,0.0,0.0,0.0,0.0,0.0,-1.1,18.0,27.0,0.09183615471624539,80.15064931827737,0.4613805639616983,1545.6798513163349
1986-01-10T02:15:00,extended_january,baseline,17.999857684683338,18.000433438904693,17.999757710733032,17.999132757393067,18.876115390927602,0.0,0.0,0.0,0.0,0.0,-0.9750000000000001,18.0,27.0,0.09183615471624539,80.24248547299362,0.48377829640151804,1546.1636296127365
1986-01-10T02:30:00,extended_january,baseline,17.99952197381333,17.999367243543926,17.999106953207868,18.000148959197162,18.86066475852333,0.0,0.0,0.0,0.0,0.0,-0.8500000000000001,18.0,27.0,0.09183615471624539,80.33432162770987,0.5054227676917156,1546.6690523804282
1986-01-10T02:45:00,extended_january,baseline,17.99964720089867,17.99957840952307,18.00021419929181,17.99849024496583,18.84193326278299,0.0,0.0,0.0,0.0,0.0,-0.725,18.0,27.0,0.09183615471624539,80.42615778242612,0.5216391683498083,1547.190691548778
1986-01-10T03:00:00,extended_january,baseline,18.000840254092633,18.00129694018437,18.000341168261468,18.001078634874716,18.823469140736034,0.0,0.0,0.0,0.0,0.0,-0.6,18.0,27.0,0.09183615471624539,80.51799393714236,0.5361021779021238,1547.7267937266802
1986-01-10T03:15:00,extended_january,baseline,18.00097612232011,17.99927935880433,17.999437931115402,17.999748246562763,18.808881255996344,0.0,0.0,0.0,0.0,0.0,-0.44999999999999996,18.0,27.0,0.09183615471624539,80.60983009185861,0.538540965074398,1548.2653346917546
1986-01-10T03:30:00,extended_january,baseline,18.000765077436963,18.001177846877454,18.000248302349146,18.001476316322194,18.79724626688047,0.0,0.0,0.0,0.0,0.0,-0.3,18.0,27.0,0.09183615471624539,80.70166624657486,0.5428988448385039,1548.808233536593
1986-01-10T03:45:00,extended_january,baseline,17.999653994604596,18.001355077270617,17.999925838477175,18.00118887911502,18.787196093169946,0.0,0.0,0.0,0.0,0.0,-0.15,18.0,27.0,0.09183615471624539,80.79350240129111,0.5410247661696866,1549.3492583027626
1986-01-10T04:00:00,extended_january,baseline,18.00012149506457,18.00027788634951,18.000547208953087,17.999660672886243,18.778398271514536,0.0,0.0,0.0,0.0,0.0,0.0,18.0,27.0,0.09183615471624539,80.88533855600735,0.5430606487457049,1549.8923189515083
1986-01-10T04:15:00,extended_january,baseline,18.000153743785276,17.999860057162174,18.000437248718494,18.001607268457196,18.76309243231937,0.0,0.0,0.0,0.0,0.0,0.0,18.0,27.0,0.09183615471624539,80.9771747107236,0.5602837954685893,1550.452602746977
1986-01-10T04:30:00,extended_january,baseline,18.00066001517622,17.999771344594215,17.999181319583666,18.00003531098735,18.74307574241631,0.0,0.0,0.0,0.0,0.0,0.0,18.0,27.0,0.09183615471624539,81.06901086543985,0.5778095882288161,1551.0304123352057
1986-01-10T04:45:00,extended_january,baseline,18.000266342682277,17.999919964935014,18.000415337678056,18.001358352539587,18.72159840997973,0.0,0.0,0.0,0.0,0.0,0.0,18.0,27.0,0.09183615471624539,81.1608470201561,0.5955844099857063,1551.6259967451915
1986-01-10T05:00:00,extended_january,baseline,17.99931020227602,18.000290925595888,18.000580135027107,17.999978647026296,18.69995867439826,0.0,0.0,0.0,0.0,0.0,0.0,18.0,27.0,0.09183615471624539,81.25268317487235,0.6096307174363417,1552.235627462628
1986-01-10T05:15:00,extended_january,baseline,17.999826437959573,18.0014980223063,17.99975763171042,17.999587120044747,18.6910011596711,0.0,0.0,0.0,0.0,0.0,-0.425,18.0,27.0,0.09183615471624539,81.34451932958859,0.6183235375254229,1552.8539510001533
1986-01-10T05:30:00,extended_january,baseline,18.00001517573133,18.000338021449295,17.99988337264794,18.000333627917442,18.691886526675255,0.0,0.0,0.0,0.0,0.0,-0.85,18.0,27.0,0.09183615471624539,81.43635548430484,0.626233570403677,1553.480184570557
1986-01-10T05:45:00,extended_january,baseline,17.999536890259396,18.000225424623345,17.999324622167112,18.00138668993268,18.69734742797422,0.0,0.0,0.0,0.0,0.0,-1.275,18.0,27.0,0.09183615471624539,81.52819163902109,0.6342522021536335,1554.1144367727106
1986-01-10T06:00:00,extended_january,baseline,18.000274749928945,17.99850212915649,17.999449614583952,17.999748814824684,18.70523422409235,0.0,0.0,0.0,0.0,0.0,-1.7,18.0,27.0,0.09183615471624539,81.62002779373734,0.6422939358835803,1554.7567307085942
1986-01-10T06:19:00,extended_january,baseline,19.902452022297872,20.062075700678694,19.85372602162317,20.06744894259381,19.94064001505526,0.0,0.0,0.0,0.0,0.0,-1.9749999999999999,21.0,24.0,0.09183615471624539,81.71186394845358,6.968614023102944,1561.725344731697
1986-01-10T06:33:00,extended_january,baseline,20.726050728132396,20.880078585089613,20.64958234796778,20.87679309345318,20.51015277838391,0.0,0.0,0.0,0.0,0.0,-2.25,21.0,24.0,0.09183615471624539,81.80370010316983,5.632267835033586,1567.3576125667307
1986-01-10T06:53:00,extended_january,baseline,20.998377821793234,20.998022117239714,20.99587216216252,20.99950751417753,20.806354786206427,0.0,0.0,0.0,0.0,0.0,-2.5249999999999995,21.0,24.0,0.09183615471624539,81.89553625788608,5.436979025202283,1572.794591591933
1986-01-10T07:00:00,extended_january,baseline,20.99829511049133,20.999809773551103,20.9997771802787,21.000998917930424,20.987494658127346,0.0,0.0,0.0,0.0,0.0,-2.8,21.0,24.0,0.09183615471624539,81.98737241260233,5.213230880328952,1578.007822472262
1986-01-10T07:15:00,extended_january,baseline,21.002913856568696,21.00281614766152,21.003061499359475,21.003121385442036,20.99929166836011,0.0,0.0,0.0,0.0,0.0,-2.8,21.0,24.0,0.09183615471624539,82.07920856731857,5.003493770069147,1583.011316242331
1986-01-10T07:30:00,extended_january,baseline,21.00066666811145,21.001749034084153,20.999039028371797,21.002199746776657,21.00071611333402,0.0,0.0,0.0,0.0,0.0,-2.8,21.0,24.0,0.09183615471624539,82.17104472203482,4.832087274631119,1587.843403516962
1986-01-10T07:45:00,extended_january,baseline,21.00003218156511,21.00111241240792,21.001625748093012,20.999544342013497,21.0007022796467,0.0,0.0,0.0,0.0,0.0,-2.8,21.0,24.0,0.09183615471624539,82.26288087675107,4.626650552909388,1592.4700540698716
1986-01-10T08:00:00,extended_january,baseline,21.001560885261082,21.001448637615216,21.000817412012307,21.000357490997153,21.000895002867825,0.0,0.0,0.0,0.0,0.0,-2.8,21.0,24.0,0.09183615471624539,82.35471703146732,4.451646521805798,1596.9217005916773
1986-01-10T08:23:00,extended_january,baseline,21.001228556723643,21.043070300519087,20.999824859839432,21.001510275453093,21.234686437682022,11.0,5.0,11.0,5.0,20.0,-2.3749999999999996,21.0,24.0,0.09183615471624539,82.44655318618356,2.466238251730985,1599.3879388434084
1986-01-10T08:38:00,extended_january,baseline,20.999646908689297,21.473963625066425,21.00002163948447,21.001853463930384,21.478725145943258,11.0,5.0,11.0,5.0,20.0,-1.95,21.0,24.0,0.09183615471624539,82.53838934089981,2.339099296643705,1601.7270381400522
1986-01-10T08:53:00,extended_january,baseline,21.000878899106972,21.98524448633693,21.000880918429456,21.001788298682015,21.659809796518132,11.0,5.0,11.0,5.0,20.0,-1.525,21.0,24.0,0.09183615471624539,82.63022549561606,2.17102224630516,1603.8980603863574
1986-01-10T09:08:00,extended_january,baseline,21.000372657838106,22.473169378031862,21.00145684382947,21.001197568313312,21.818147530657324,11.0,5.0,11.0,5.0,20.0,-1.1,21.0,24.0,0.09183615471624539,82.72206165033231,2.009480759643845,1605.9075411460012
1986-01-10T09:20:00,extended_january,baseline,21.116829460086056,23.299701429402347,21.00002603644127,21.00056280915857,22.42469317723993,11.0,5.0,11.0,5.0,20.0,-0.8250000000000001,21.0,24.0,0.09183615471624539,82.81389780504855,1.6561305762877203,1607.563671722289
1986-01-10T09:35:00,extended_january,baseline,21.355331333754634,23.87421891482425,21.05971954272241,21.000463726744858,22.73628069816444,11.0,5.0,11.0,5.0,20.0,-0.55,21.0,24.0,0.09183615471624539,82.9057339597648,1.523603704125057,1609.087275426414
1986-01-10T09:45:00,extended_january,baseline,21.55580797746982,23.983213615078135,21.139314490054442,21.002280344922937,22.904380999828895,11.0,5.0,11.0,5.0,20.0,-0.275,21.0,24.0,0.09257143709176276,82.99830539685657,1.4023553701417772,1610.4896307965557
1986-01-10T10:00:00,extended_january,baseline,21.83189715530073,23.996478984356056,21.25885844263715,21.002267631923218,23.047309190953655,11.0,5.0,11.0,5.0,20.0,0.0,21.0,24.0,0.0932356865810667,83.09154108343763,1.3463141478457907,1611.8359449444015
1986-01-10T10:23:00,extended_january,baseline,22.227383322406425,23.999204088906076,21.446888863466267,20.999976560688555,23.229159640223404,11.0,5.0,11.0,5.0,20.0,0.275,21.0,24.0,0.0940109354652106,83.18555201890284,1.2763318773354344,1613.112276821737
1986-01-10T10:38:00,extended_january,baseline,22.60697495439587,23.99928281372432,21.622579827036006,21.071832631307167,23.400740104264916,11.0,5.0,11.0,5.0,20.0,0.55,21.0,24.0,0.09458344386153363,83.28013546276438,1.2270709004984743,1614.3393477222355
1986-01-10T10:53:00,extended_january,baseline,22.973601032547634,23.999319682510162,21.788462620406992,21.18173705523167,23.560080527323485,11.0,5.0,11.0,5.0,20.0,0.8250000000000001,21.0,24.0,0.0949194272803196,83.3750548900447,1.1875931442197893,1615.5269408664553
1986-01-10T11:08:00,extended_january,baseline,23.35207930632594,23.999335250148125,21.948162248551686,21.29724650127787,23.710384015445346,11.0,5.0,11.0,5.0,20.0,1.1,21.0,24.0,0.09508969784801166,83.4701445878927,1.152101419359929,1616.6790422858153
1986-01-10T11:15:00,extended_january,baseline,23.551248440498043,23.999168525145038,21.986498892251365,21.296441953873014,23.72571512918137,8.8,4.0,8.8,4.0,16.0,1.25,21.0,24.0,0.09474981216943032,83.56489440006213,1.1638788864136886,1617.842921172229
1986-01-10T11:30:00,extended_january,baseline,23.83734699297316,23.99920290251471,22.04464897137743,21.338086569462476,23.768638649630404,8.8,4.0,8.8,4.0,16.0,1.4,21.0,24.0,0.09460125836497389,83.6594956584271,1.1429560663534397,1618.9858772385824
1986-01-10T11:45:00,extended_january,baseline,23.986191985062078,23.999353047884288,22.128896999602034,21.413815591884465,23.844541984107757,8.8,4.0,8.8,4.0,16.0,1.5499999999999998,21.0,24.0,0.09564059663774595,83.75513625506485,1.0336147528243664,1620.0194919914068
1986-01-10T12:00:00,extended_january,baseline,23.9974626946125,23.999470696653557,22.228123609148984,21.503136212630764,23.941168284582428,8.8,4.0,8.8,4.0,16.0,1.7,21.0,24.0,0.09685305082213548,83.85198930588699,0.9569665354529002,1620.9764585268597
1986-01-10T12:15:00,extended_january,baseline,23.998703314798668,23.999445554977843,22.10201721328611,21.385806834254254,23.83242164950539,4.4,2.0,4.4,2.0,8.0,1.825,21.0,24.0,0.09517415853345369,83.94716346442044,1.0563405086875959,1622.0327990355472
1986-01-10T12:30:00,extended_january,baseline,23.99885434338672,23.999453267680508,21.98401105477577,21.292384922072753,23.7261071827719,4.4,2.0,4.4,2.0,8.0,1.9500000000000002,21.0,24.0,0.09575198797184936,84.0429154523923,1.0007273325669357,1623.033526368114
1986-01-10T12:45:00,extended_january,baseline,23.998991311444687,23.999570453998704,21.949826392369975,21.281031720289008,23.693458336553583,4.4,2.0,4.4,2.0,8.0,2.075,21.0,24.0,0.09618293763448074,84.13909839002677,0.952674325381754,1623.986200693496
1986-01-10T13:00:00,extended_january,baseline,23.999132289391795,23.920126907821263,21.947474238584007,21.292695559565317,23.70504645609058,4.4,2.0,4.4,2.0,8.0,2.2,21.0,24.0,0.09692568202540941,84.23602407205219,0.8824820991735884,1624.8686827926695
1986-01-10T13:15:00,extended_january,baseline,23.99923651137739,23.893400142172382,22.152368647461135,21.49612790999071,23.922775553407153,8.8,4.0,8.8,4.0,16.0,2.075,21.0,24.0,0.09952909934152876,84.33555317139371,0.7502546693746946,1625.6189374620442
1986-01-10T13:30:00,extended_january,baseline,23.999262301447597,23.77483577984948,22.319940755957994,21.650023271806273,23.995729209083443,8.8,4.0,8.8,4.0,16.0,1.9500000000000002,21.0,24.0,0.10331992437094778,84.43887309576466,0.6118401189480287,1626.2307775809923
1986-01-10T13:45:00,extended_january,baseline,24.114012973615093,23.580183072352835,22.389301454100067,21.717045164189187,23.999020504944134,8.8,4.0,8.8,4.0,16.0,1.825,21.0,24.0,0.10375165577530161,84.54262475153996,0.6268063400961841,1626.8575839210885
1986-01-10T14:00:00,extended_january,baseline,24.251676636511768,23.374318681881082,22.407198641982035,21.744948558209998,23.999155540321794,8.8,4.0,8.8,4.0,16.0,1.7,21.0,24.0,0.10410056779925124,84.64672531933921,0.6272871445626641,1627.484871065651
1986-01-10T14:15:00,extended_january,baseline,24.391846387448126,23.240085981328082,22.462551989025776,21.83203451538568,23.999060474943377,11.0,5.0,11.0,5.0,20.0,1.7,21.0,24.0,0.10562404011925895,84.75234935945846,0.5652622845783746,1628.0501333502295
1986-01-10T14:30:00,extended_january,baseline,24.501536739778516,23.123577727268117,22.509319051405388,21.935500685121863,23.999032282369818,11.0,5.0,11.0,5.0,20.0,1.7,21.0,24.0,0.10605669045240641,84.85840604991087,0.5435418925194384,1628.593675242749
1986-01-10T14:45:00,extended_january,baseline,24.54377372520488,22.996073056349168,22.522402782685706,22.031573412469296,23.99901218855318,11.0,5.0,11.0,5.0,20.0,1.7,21.0,24.0,0.10637079787543337,84.9647768477863,0.524395245276116,1629.118070488025
1986-01-10T15:00:00,extended_january,baseline,24.52822781316793,22.863881016374993,22.510522545560566,22.125208436195116,23.999003214809086,11.0,5.0,11.0,5.0,20.0,1.7,21.0,24.0,0.10659136937371694,85.07136821716001,0.5099222777437746,1629.6279927657688
1986-01-10T15:15:00,extended_january,baseline,24.41759996356325,22.68157821944603,22.423036498189347,22.1666523935432,23.99910457919066,11.0,5.0,11.0,5.0,20.0,1.4249999999999998,21.0,24.0,0.10534108963878215,85.1767093067988,0.5845418470864074,1630.2125346128553
1986-01-10T15:30:00,extended_january,baseline,24.276117835232338,22.515615100522375,22.334974569264702,22.21474080530566,23.99910421982641,11.0,5.0,11.0,5.0,20.0,1.15,21.0,24.0,0.10539265018540868,85.2821019569842,0.6051826735344434,1630.8177172863898
1986-01-10T15:45:00,extended_january,baseline,24.06673297456605,22.37397473183816,22.2631207251193,22.25800905579422,23.999095576887814,11.0,5.0,11.0,5.0,20.0,0.875,21.0,24.0,0.10536858523782475,85.38747054222203,0.6340579897052091,1631.451775276095
1986-01-10T16:00:00,extended_january,baseline,24.00716786218456,22.240582956859903,22.191615231350355,22.27057729009443,23.999048215387234,11.0,5.0,11.0,5.0,20.0,0.6,21.0,24.0,0.10169420935338495,85.48916475157542,0.8373323349182491,1632.2891076110134
1986-01-10T16:15:00,extended_january,baseline,23.999856138257194,22.010670155765183,21.998654388532795,22.123366035470315,23.999193401504407,11.0,5.0,11.0,5.0,20.0,0.17499999999999993,21.0,24.0,0.09533655726512892,85.58450130884054,1.341135235368132,1633.6302428463814
1986-01-10T16:30:00,extended_january,baseline,23.999265749893958,21.799600748843407,21.817385237853095,21.918920385209404,23.999152845780625,11.0,5.0,11.0,5.0,20.0,-0.25000000000000006,21.0,24.0,0.0930910028962749,85.67759231173682,1.4868698326035856,1635.117112678985
1986-01-10T16:45:00,extended_january,baseline,23.740619546424867,21.623897556522632,21.676720364182668,21.690459179024945,23.99914452424435,11.0,5.0,11.0,5.0,20.0,-0.675,21.0,24.0,0.09242949504489167,85.77002180678171,1.4524567050335648,1636.5695693840185
1986-01-10T17:08:00,extended_january,baseline,23.287257723393083,21.446822710945682,21.547757621223965,21.47191024772238,23.999411372911165,11.0,5.0,11.0,5.0,20.0,-1.1,21.0,24.0,0.09216911988906423,85.86219092667078,1.4512611116858463,1638.0208304957043
1986-01-10T17:23:00,extended_january,baseline,22.92868873171205,21.316443493040005,21.452437698249646,21.323734149837033,23.99943151282495,11.0,5.0,11.0,5.0,20.0,-1.525,21.0,24.0,0.09192117865330375,85.95411210532409,1.4989441638277936,1639.5197746595322
1986-01-10T17:38:00,extended_january,baseline,22.6305618495239,21.197775817525628,21.365033073706815,21.189533434045245,23.982416507201428,11.0,5.0,11.0,5.0,20.0,-1.95,21.0,24.0,0.09183615471624539,86.04594826004033,1.532641520144011,1641.0524161796761
1986-01-10T17:45:00,extended_january,baseline,22.418437386671073,21.111589036378234,21.301257012867136,21.09212370528462,23.95747635981819,11.0,5.0,11.0,5.0,20.0,-2.3749999999999996,21.0,24.0,0.09183615471624539,86.13778441475658,1.5659293665324234,1642.6183455462085
1986-01-10T18:00:00,extended_january,baseline,22.171948575835323,21.011846095337813,21.225403772667917,21.01176617853977,23.920851603341188,11.0,5.0,11.0,5.0,20.0,-2.8,21.0,24.0,0.09183615471624539,86.22962056947283,1.6135976876218756,1644.2319432338304
1986-01-10T18:20:00,extended_january,baseline,21.232705171729236,21.000416291908216,21.0020429500801,21.00092446818727,23.21214043707702,5.5,2.5,5.5,2.5,10.0,-3.1999999999999997,21.0,24.0,0.09183615471624539,86.32145672418908,1.9139913123821446,1646.1459345462126
1986-01-10T18:38:00,extended_january,baseline,21.005433299130356,21.000735328924325,21.002051643314314,21.000353449918222,22.93298781450318,5.5,2.5,5.5,2.5,10.0,-3.6,21.0,24.0,0.09183615471624539,86.41329287890532,2.1384371321290305,1648.2843716783416
1986-01-10T18:53:00,extended_january,baseline,21.002018214778225,21.000853025866657,21.001351924480595,21.00085187189142,22.65349992312393,5.5,2.5,5.5,2.5,10.0,-4.0,21.0,24.0,0.09183615471624539,86.50512903362157,2.3443662719659715,1650.6287379503076
1986-01-10T19:00:00,extended_january,baseline,21.00201020584287,21.001411312722468,21.001644503408464,21.00355196487016,22.489931533531028,5.5,2.5,5.5,2.5,10.0,-4.4,21.0,24.0,0.09183615471624539,86.59696518833782,2.511464752350657,1653.1402027026581
1986-01-10T19:23:00,extended_january,baseline,21.00157776534786,21.001238438641387,21.001263671016183,21.00142686787384,21.88613295328447,0.0,0.0,0.0,0.0,0.0,-4.550000000000001,21.0,24.0,0.09183615471624539,86.68880134305407,3.008714979124741,1656.148917681783
1986-01-10T19:38:00,extended_january,baseline,21.002067699199987,21.000829877206513,21.002793520516107,21.00197892621486,21.447622571372627,0.0,0.0,0.0,0.0,0.0,-4.7,21.0,24.0,0.09183615471624539,86.78063749777031,3.1942889651582473,1659.343206646941
1986-01-10T19:53:00,extended_january,baseline,21.00219997380759,21.001163241328832,21.002342919670014,21.001725914997863,21.184935210684987,0.0,0.0,0.0,0.0,0.0,-4.85,21.0,24.0,0.09183615471624539,86.87247365248656,3.3048929896965697,1662.6480996366377
1986-01-10T20:00:00,extended_january,baseline,21.003083134741583,21.00186892072938,21.00272057827249,21.00059159811702,21.040391481126992,0.0,0.0,0.0,0.0,0.0,-5.0,21.0,24.0,0.09183615471624539,86.96430980720281,3.3960747648231777,1666.0441744014609
1986-01-10T20:19:00,extended_january,baseline,19.578681774187324,19.739491724527124,19.505396749992062,19.756593980983986,20.800514559600263,0.0,0.0,0.0,0.0,0.0,-5.275,18.0,27.0,0.09183615471624539,87.05614596191906,0.0,1666.0441744014609
1986-01-10T20:35:00,extended_january,baseline,19.18078525447592,19.37589905542633,19.075156498812852,19.397399922396296,20.626033400773984,0.0,0.0,0.0,0.0,0.0,-5.55,18.0,27.0,0.09183615471624539,87.1479821166353,0.0,1666.0441744014609
1986-01-10T20:53:00,extended_january,baseline,18.911571540621523,19.140092043478848,18.810781956743057,19.163144004632063,20.460079459278234,0.0,0.0,0.0,0.0,0.0,-5.824999999999999,18.0,27.0,0.09183615471624539,87.23981827135155,0.0,1666.0441744014609
1986-01-10T21:00:00,extended_january,baseline,18.73741332404415,18.983829955284364,18.645463276865716,19.00722137141228,20.348719819543497,0.0,0.0,0.0,0.0,0.0,-6.1,18.0,27.0,0.09183615471624539,87.3316544260678,0.0,1666.0441744014609
1986-01-10T21:23:00,extended_january,baseline,18.461295089610886,18.715617398287975,18.383820290140022,18.737468537425702,20.137633204056034,0.0,0.0,0.0,0.0,0.0,-5.674999999999999,18.0,27.0,0.09183615471624539,87.42349058078405,0.0,1666.0441744014609
1986-01-10T21:30:00,extended_january,baseline,18.311412471723745,18.568481846789616,18.244063337739178,18.589836917416047,20.01466251699547,0.0,0.0,0.0,0.0,0.0,-5.25,18.0,27.0,0.09183615471624539,87.5153267355003,0.0,1666.0441744014609
1986-01-10T21:45:00,extended_january,baseline,18.139684072930237,18.411255544530245,18.08443348100413,18.430924322635157,19.867292992369553,0.0,0.0,0.0,0.0,0.0,-4.825,18.0,27.0,0.09183615471624539,87.60716289021654,0.0,1666.0441744014609
1986-01-10T22:00:00,extended_january,baseline,18.006001332698656,18.260702704150354,18.00447997441046,18.279307112388036,19.733713978305925,0.0,0.0,0.0,0.0,0.0,-4.4,18.0,27.0,0.09183615471624539,87.69899904493279,0.013504881835659392,1666.0576792832965
1986-01-10T22:15:00,extended_january,baseline,18.000185199569604,18.126881193456544,17.999531229124504,18.143660354971434,19.616003255325865,0.0,0.0,0.0,0.0,0.0,-4.550000000000001,18.0,27.0,0.09183615471624539,87.79083519964904,0.06251771876653239,1666.120197002063
1986-01-10T22:30:00,extended_january,baseline,17.999332552124027,18.0098392269936,17.99919644675969,18.01471708120156,19.51099880677915,0.0,0.0,0.0,0.0,0.0,-4.7,18.0,27.0,0.09183615471624539,87.88267135436529,0.10420096708666204,1666.2243979691495
1986-01-10T22:45:00,extended_january,baseline,17.999587544813686,17.999250455819,18.000147545771586,18.002431368687,19.415949168597756,0.0,0.0,0.0,0.0,0.0,-4.85,18.0,27.0,0.09183615471624539,87.97450750908153,0.19220405440020366,1666.4166020235498
1986-01-10T23:00:00,extended_january,baseline,18.00042469957324,18.001010461990944,18.00061893598844,18.000709011484567,19.329514671215026,0.0,0.0,0.0,0.0,0.0,-5.0,18.0,27.0,0.09183615471624539,88.06634366379778,0.2696578711737333,1666.6862598947234
1986-01-10T23:15:00,extended_january,baseline,18.000271185532082,18.00045536269136,18.00058159583767,17.999682580419528,19.247189539467726,0.0,0.0,0.0,0.0,0.0,-5.15,18.0,27.0,0.09183615471624539,88.15817981851403,0.3611495071560055,1667.0474094018793
1986-01-10T23:30:00,extended_january,baseline,18.00055163359193,17.99925967803717,17.99977600581598,18.000492358630638,19.169222674768317,0.0,0.0,0.0,0.0,0.0,-5.3,18.0,27.0,0.09183615471624539,88.25001597323028,0.452050692179338,1667.4994600940586
1986-01-10T23:45:00,extended_january,baseline,18.000512253754803,18.000528217526828,18.000337395779017,17.998867885579248,19.09646459619482,0.0,0.0,0.0,0.0,0.0,-5.449999999999999,18.0,27.0,0.09183615471624539,88.34185212794652,0.5377761980112905,1668.0372362920698
1986-01-11T00:00:00,extended_january,baseline,18.000804014702624,17.99909114917296,17.99967386992505,17.999694087920577,19.029187625640525,0.0,0.0,0.0,0.0,0.0,-5.6,18.0,27.0,0.09183615471624539,88.43368828266277,0.6134208361519451,1668.6506571282218
1986-01-11T00:15:00,extended_january,baseline,17.999947298975957,17.999178680736613,18.000063134531008,18.00092712617341,18.974104794019492,0.0,0.0,0.0,0.0,0.0,-5.299999999999999,18.0,27.0,0.09183615471624539,88.52552443737902,0.6545390795866083,1669.3051962078084
1986-01-11T00:30:00,extended_january,baseline,18.000722823223832,18.000799445535467,17.99981600488298,17.99917343262931,18.928544280544656,0.0,0.0,0.0,0.0,0.0,-5.0,18.0,27.0,0.09183615471624539,88.61736059209527,0.685843091467303,1669.9910392992758
1986-01-11T00:45:00,extended_january,baseline,17.999530057580984,17.999894002926357,17.99937226253164,18.000464974262165,18.88874492874238,0.0,0.0,0.0,0.0,0.0,-4.7,18.0,27.0,0.09183615471624539,88.70919674681151,0.7081092921932233,1670.699148591469
1986-01-11T01:00:00,extended_january,baseline,17.99984466434973,17.999380840135846,17.99949417077488,17.998710752355024,18.853110873303745,0.0,0.0,0.0,0.0,0.0,-4.4,18.0,27.0,0.09183615471624539,88.80103290152776,0.7256137560409318,1671.42476234751
1986-01-11T01:15:00,extended_january,baseline,17.99968809599538,17.99929506334591,18.000420411107378,17.999091390138027,18.809401331989257,0.0,0.0,0.0,0.0,0.0,-4.125,18.0,27.0,0.09183615471624539,88.89286905624401,0.7624829513559462,1672.187245298866
1986-01-11T01:30:00,extended_january,baseline,17.99889508128766,17.9984164103761,18.000542994085635,17.998240481607713,18.7605164825602,0.0,0.0,0.0,0.0,0.0,-3.85,18.0,27.0,0.09183615471624539,88.98470521096026,0.7910310507383074,1672.9782763496044
1986-01-11T01:45:00,extended_january,baseline,17.999295034627096,17.998596330259584,17.998892220233813,18.00013493793343,18.71164478479422,0.0,0.0,0.0,0.0,0.0,-3.5749999999999997,18.0,27.0,0.09183615471624539,89.0765413656765,0.8168353016920725,1673.7951116512963
1986-01-11T02:00:00,extended_january,baseline,17.99941122561267,18.00106130840681,17.99997929242875,18.000757159341497,18.664825104190022,0.0,0.0,0.0,0.0,0.0,-3.3,18.0,27.0,0.09183615471624539,89.16837752039275,0.8396233496255496,1674.6347350009219
1986-01-11T02:15:00,extended_january,baseline,18.00017881154894,18.000540410256942,17.99970856828179,18.000657812090857,18.6335771027027,0.0,0.0,0.0,0.0,0.0,-3.175,18.0,27.0,0.09183615471624539,89.260213675109,0.8342141308664252,1675.4689491317883
1986-01-11T02:30:00,extended_january,baseline,17.99981951581517,17.9987637008623,18.0009505900816,18.001545630557786,18.614110467282696,0.0,0.0,0.0,0.0,0.0,-3.05,18.0,27.0,0.09183615471624539,89.35204982982525,0.830832323470489,1676.2997814552589
1986-01-11T02:45:00,extended_january,baseline,17.999296119243308,18.00025836565177,17.999506355650094,18.00173204478988,18.600285262603244,0.0,0.0,0.0,0.0,0.0,-2.925,18.0,27.0,0.09183615471624539,89.4438859845415,0.8268957031924743,1677.1266771584515
1986-01-11T03:00:00,extended_january,baseline,17.99962563011735,17.999920177630806,17.99892491670241,17.99977064644339,18.589573247887756,0.0,0.0,0.0,0.0,0.0,-2.8,18.0,27.0,0.09183615471624539,89.53572213925774,0.8214176388553848,1677.9480947973068
1986-01-11T03:15:00,extended_january,baseline,18.00108037372964,18.00015481720323,18.00031480268359,18.001507318807448,18.59472255559528,0.0,0.0,0.0,0.0,0.0,-2.8,18.0,27.0,0.09183615471624539,89.62755829397399,0.7935220247509672,1678.7416168220577
1986-01-11T03:30:00,extended_january,baseline,18.001071103937598,17.999537351249106,18.00061717861574,17.99936177376573,18.61241227686912,0.0,0.0,0.0,0.0,0.0,-2.8,18.0,27.0,0.09183615471624539,89.71939444869024,0.7651034739469946,1679.5067202960047
1986-01-11T03:45:00,extended_january,baseline,18.000157172877472,17.998620863231455,18.000016629201106,17.999354153430218,18.636430336933074,0.0,0.0,0.0,0.0,0.0,-2.8,18.0,27.0,0.09183615471624539,89.81123060340649,0.7406363393691863,1680.2473566353738
1986-01-11T04:00:00,extended_january,baseline,17.999282827111763,18.00066746824491,17.999391180421945,17.99961853736102,18.66406155876363,0.0,0.0,0.0,0.0,0.0,-2.8,18.0,27.0,0.09183615471624539,89.90306675812273,0.7134437260437745,1680.9608003614176
1986-01-11T04:15:00,extended_january,baseline,17.998986947339354,17.99995662798528,17.9992787895799,17.999819706382528,18.665819790119485,0.0,0.0,0.0,0.0,0.0,-2.925,18.0,27.0,0.09183615471624539,89.99490291283898,0.7455908120617778,1681.7063911734795
1986-01-11T04:30:00,extended_january,baseline,18.000783670939718,18.001434891844884,17.999958729738708,17.99956047605226,18.648391327370454,0.0,0.0,0.0,0.0,0.0,-3.05,18.0,27.0,0.09183615471624539,90.08673906755523,0.7767767596628343,1682.4831679331423
1986-01-11T04:45:00,extended_january,baseline,18.00063160256838,17.999642840976914,18.000455603423234,17.998664557813253,18.623940359033828,0.0,0.0,0.0,0.0,0.0,-3.175,18.0,27.0,0.09183615471624539,90.17857522227148,0.80631452904999,1683.2894824621924
1986-01-11T05:00:00,extended_january,baseline,18.00068659089069,17.999606043884825,18.000027501741766,17.999356539298727,18.5973211875153,0.0,0.0,0.0,0.0,0.0,-3.3,18.0,27.0,0.09183615471624539,90.27041137698772,0.8344102601805664,1684.123892722373
1986-01-11T05:15:00,extended_january,baseline,17.999948355358974,17.999885837796388,18.000041243663766,17.99965737518431,18.580548578009807,0.0,0.0,0.0,0.0,0.0,-3.3,18.0,27.0,0.09183615471624539,90.36224753170397,0.8347395812797113,1684.9586323036528
1986-01-11T05:30:00,extended_january,baseline,18.001082480625104,17.999815510128716,17.999317649309617,17.999376418976944,18.570905458144367,0.0,0.0,0.0,0.0,0.0,-3.3,18.0,27.0,0.09183615471624539,90.45408368642022,0.8381203365400265,1685.7967526401928
1986-01-11T05:45:00,extended_january,baseline,17.99992175152927,17.999589813300656,17.999197110419704,18.00130269365533,18.563710999095655,0.0,0.0,0.0,0.0,0.0,-3.3,18.0,27.0,0.09183615471624539,90.54591984113647,0.8400685188708886,1686.6368211590636
1986-01-11T06:00:00,extended_january,baseline,17.999370585044886,17.99944125991665,17.99973496828988,18.000066598888868,18.557199077032596,0.0,0.0,0.0,0.0,0.0,-3.3,18.0,27.0,0.09183615471624539,90.63775599585271,0.8428853378809824,1687.4797064969446
1986-01-11T06:19:00,extended_january,baseline,19.79375704574103,19.97126996367368,19.755276228431352,19.97739841642693,19.826099884276072,0.0,0.0,0.0,0.0,0.0,-3.4499999999999997,21.0,24.0,0.09183615471624539,90.72959215056896,6.926113866551648,1694.4058203634963
1986-01-11T06:34:00,extended_january,baseline,20.594608610058028,20.77390785958356,20.53284023387426,20.77211291978477,20.420978070266806,0.0,0.0,0.0,0.0,0.0,-3.5999999999999996,21.0,24.0,0.09183615471624539,90.82142830528521,5.771683249855296,1700.1775036133515
1986-01-11T06:53:00,extended_january,baseline,20.992606942223787,20.997627898742756,20.934381982169707,21.00014073715119,20.75325910293982,0.0,0.0,0.0,0.0,0.0,-3.75,21.0,24.0,0.09183615471624539,90.91326446000146,5.702033829461845,1705.8795374428134
1986-01-11T07:00:00,extended_january,baseline,21.00027434576381,21.000222358250827,20.99721500676002,21.000449650700286,20.93796864402697,0.0,0.0,0.0,0.0,0.0,-3.9,21.0,24.0,0.09183615471624539,91.0051006147177,5.3938798596949065,1711.2734173025083
1986-01-11T07:15:00,extended_january,baseline,20.99887612989943,21.002698424399625,21.001143498077603,21.003399113486065,20.997508745400538,0.0,0.0,0.0,0.0,0.0,-3.9,21.0,24.0,0.09183615471624539,91.09693676943395,5.224006352051798,1716.4974236545602
1986-01-11T07:30:00,extended_january,baseline,21.00202881437474,20.99765179375029,20.999042262188542,21.000038360760055,21.00003280328748,0.0,0.0,0.0,0.0,0.0,-3.9,21.0,24.0,0.09183615471624539,91.1887729241502,5.12885629668549,1721.6262799512456
1986-01-11T07:45:00,extended_january,baseline,20.998965743027988,20.99855886019228,21.000825520011762,20.99900554868829,21.00000943798556,0.0,0.0,0.0,0.0,0.0,-3.9,21.0,24.0,0.09183615471624539,91.28060907886645,5.025989966438464,1726.652269917684
1986-01-11T08:00:00,extended_january,baseline,20.99839011137139,20.999616742714263,21.000363446551464,20.999395243628367,20.999662899959766,0.0,0.0,0.0,0.0,0.0,-3.9,21.0,24.0,0.09183615471624539,91.3724452335827,4.954961566785603,1731.6072314844696
1986-01-11T08:23:00,extended_january,baseline,21.000807561241167,21.000319472253423,21.000546239623485,21.002019163783576,21.11290420468276,11.0,5.0,11.0,5.0,20.0,-3.75,21.0,24.0,0.09183615471624539,91.46428138829894,2.924656529829168,1734.5318880142988
1986-01-11T08:38:00,extended_january,baseline,21.00048757771607,20.9997968438141,21.001293263072874,20.999857773611087,21.282307939423465,11.0,5.0,11.0,5.0,20.0,-3.5999999999999996,21.0,24.0,0.09183615471624539,91.55611754301519,2.900096697998429,1737.4319847122972
1986-01-11T08:45:00,extended_january,baseline,21.00238923517165,21.000436083717755,21.000900311355583,21.00045454057617,21.394866498649463,11.0,5.0,11.0,5.0,20.0,-3.4499999999999997,21.0,24.0,0.09183615471624539,91.64795369773144,2.7463294553870425,1740.1783141676842
1986-01-11T09:00:00,extended_january,baseline,21.00230073817815,21.002363591951404,21.00032003631411,21.00331111934969,21.50578916177053,11.0,5.0,11.0,5.0,20.0,-3.3,21.0,24.0,0.09183615471624539,91.73978985244769,2.608220878370754,1742.786535046055
1986-01-11T09:23:00,extended_january,baseline,21.001206607767894,21.000002388780924,21.000219811651643,21.000338519956646,22.076904701064628,11.0,5.0,11.0,5.0,20.0,-3.0249999999999995,21.0,24.0,0.09183615471624539,91.83162600716393,2.1110860882048468,1744.89762113426
1986-01-11T09:38:00,extended_january,baseline,21.000577636529748,21.075421881904713,21.000157449598582,21.00208919567001,22.44749126515579,11.0,5.0,11.0,5.0,20.0,-2.75,21.0,24.0,0.09183615471624539,91.92346216188018,1.9002243425758474,1746.7978454768358
1986-01-11T09:45:00,extended_january,baseline,21.000714110123457,21.244711459933338,21.003021651118743,21.000197551054313,22.651043878325773,11.0,5.0,11.0,5.0,20.0,-2.475,21.0,24.0,0.09183615471624539,92.01529831659643,1.758218115795694,1748.5560635926315
1986-01-11T10:00:00,extended_january,baseline,21.034046057600953,21.472441134915034,21.07083239171706,21.001270757413593,22.815182647791115,11.0,5.0,11.0,5.0,20.0,-2.2,21.0,24.0,0.09183615471624539,92.10713447131268,1.6710951901211422,1750.2271587827527
1986-01-11T10:15:00,extended_january,baseline,21.13492196359129,21.67424158007701,21.17275178679765,21.000975269255648,22.943360428330035,11.0,5.0,11.0,5.0,20.0,-1.9250000000000003,21.0,24.0,0.09183615471624539,92.19897062602892,1.620043026055763,1751.8472018088084
1986-01-11T10:30:00,extended_january,baseline,21.297216062134154,21.883367157922567,21.27566160449502,20.99990074637956,23.0516111010528,11.0,5.0,11.0,5.0,20.0,-1.6500000000000001,21.0,24.0,0.09183615471624539,92.29080678074517,1.5810726491138987,1753.4282744579223
1986-01-11T10:45:00,extended_january,baseline,21.503326147989473,22.122660015231727,21.377301753924293,21.00103073754235,23.143502081707137,11.0,5.0,11.0,5.0,20.0,-1.375,21.0,24.0,0.09183615471624539,92.38264293546142,1.5439057797026035,1754.9721802376248
1986-01-11T11:00:00,extended_january,baseline,21.772868560737255,22.414930407811717,21.485332526953652,21.00923036288667,23.223824112558276,11.0,5.0,11.0,5.0,20.0,-1.1,21.0,24.0,0.09183615471624539,92.47447909017767,1.5072169530885868,1756.4793971907134
1986-01-11T11:15:00,extended_january,baseline,21.98179862511738,22.61458959112372,21.508801968528626,21.003065157825077,23.208342703682778,8.8,4.0,8.8,4.0,16.0,-0.8250000000000001,21.0,24.0,0.09183615471624539,92.56631524489391,1.4811731043365233,1757.9605702950498
1986-01-11T11:30:00,extended_january,baseline,22.24442943310264,22.80974015608392,21.535881250199555,21.000371325519776,23.208196880121385,8.8,4.0,8.8,4.0,16.0,-0.55,21.0,24.0,0.09183615471624539,92.65815139961016,1.4486500062781846,1759.409220301328
1986-01-11T11:53:00,extended_january,baseline,22.611955293908515,22.998141784873162,21.621971686993895,21.04859612013437,23.27388026715951,8.8,4.0,8.8,4.0,16.0,-0.275,21.0,24.0,0.09183615471624539,92.74998755432641,1.413539573602283,1760.8227598749304
1986-01-11T12:08:00,extended_january,baseline,22.939645688802553,23.092268868271365,21.709956942837426,21.114523645582523,23.34498896742593,8.8,4.0,8.8,4.0,16.0,0.0,21.0,24.0,0.09183615471624539,92.84182370904266,1.38436387712087,1762.2071237520513
1986-01-11T12:15:00,extended_january,baseline,23.000349992289753,22.946824939637317,21.563687841355595,21.012212195394376,23.20072433496236,4.4,2.0,4.4,2.0,8.0,0.55,21.0,24.0,0.09183615471624539,92.9336598637589,1.340650069022394,1763.5477738210736
1986-01-11T12:30:00,extended_january,baseline,23.153330506985085,22.813953255059385,21.465043058094988,21.000390455468107,23.081810076825146,4.4,2.0,4.4,2.0,8.0,1.1,21.0,24.0,0.09183615471624539,93.02549601847515,1.2946961626277596,1764.8424699837014
1986-01-11T12:45:00,extended_january,baseline,23.396816141203562,22.718988566433605,21.45685580058413,20.99998407760543,23.049581835773065,4.4,2.0,4.4,2.0,8.0,1.6500000000000001,21.0,24.0,0.09183615471624539,93.1173321731914,1.2369342417296638,1766.079404225431
1986-01-11T13:00:00,extended_january,baseline,23.684589934458756,22.617893685748932,21.488044411509843,20.99996853457289,23.0682717532339,4.4,2.0,4.4,2.0,8.0,2.2,21.0,24.0,0.09183615471624539,93.20916832790765,1.0864056229080838,1767.1658098483392
1986-01-11T13:15:00,extended_january,baseline,23.97339085085649,22.68328611147413,21.74058622073842,21.192501384086796,23.30216904389196,8.8,4.0,8.8,4.0,16.0,2.625,21.0,24.0,0.09322891997104302,93.30239724787869,0.804975590650613,1767.9707854389899
1986-01-11T13:30:00,extended_january,baseline,23.99627004128807,22.693157883692,21.95350263457331,21.356914433310784,23.521829837502956,8.8,4.0,8.8,4.0,16.0,3.05,21.0,24.0,0.09527150477119442,93.39766875264988,0.5681696509179355,1768.5389550899079
1986-01-11T13:45:00,extended_january,baseline,23.998722629457543,22.61766222823017,22.06159866448778,21.447010431169048,23.665549334873326,8.8,4.0,8.8,4.0,16.0,3.4749999999999996,21.0,24.0,0.09605441895710537,93.49372317160699,0.37773400393351103,1768.9166890938413
1986-01-11T14:00:00,extended_january,baseline,23.998948151778517,22.513757890387463,22.113964454602975,21.497932759111812,23.764685092290573,8.8,4.0,8.8,4.0,16.0,3.9,21.0,24.0,0.09736816964622988,93.59109134125322,0.2140715673031076,1769.1307606611444
1986-01-11T14:15:00,extended_january,baseline,23.99899905487309,22.474079618567824,22.199606175406934,21.604445972290318,23.898772445838848,11.0,5.0,11.0,5.0,20.0,4.025,21.0,24.0,0.0988926704917056,93.68998401174493,0.17769362157308013,1769.3084542827175
1986-01-11T14:30:00,extended_january,baseline,23.999179451096314,22.444501374461293,22.275212564453504,21.72248895216824,23.996025454170702,11.0,5.0,11.0,5.0,20.0,4.15,21.0,24.0,0.10112537469985233,93.79110938644477,0.1390609129246286,1769.4475151956422
1986-01-11T14:45:00,extended_january,baseline,24.056629927228713,22.403692144581996,22.323986035046484,21.84076600166128,23.999119858102677,11.0,5.0,11.0,5.0,20.0,4.275,21.0,24.0,0.10296300135014774,93.89407238779492,0.09324711479952277,1769.5407623104418
1986-01-11T15:00:00,extended_january,baseline,24.14394270774746,22.35880039242662,22.354872035280813,21.96841426557791,23.999211333292454,11.0,5.0,11.0,5.0,20.0,4.4,21.0,24.0,0.10318539208889374,93.99725777988381,0.04175860097855543,1769.5825209114203
1986-01-11T15:15:00,extended_january,baseline,24.149602828243708,22.24862592714864,22.299235763587763,22.04105469353741,23.999282147462573,11.0,5.0,11.0,5.0,20.0,4.125,21.0,24.0,0.10239897276674909,94.09965675265056,0.20306861880979463,1769.78558953023
1986-01-11T15:30:00,extended_january,baseline,24.125088296189904,22.141503227075916,22.23239309817811,22.122103551598695,23.999250990240327,11.0,5.0,11.0,5.0,20.0,3.85,21.0,24.0,0.10264992410556925,94.20230667675612,0.43504323413120544,1770.2206327643612
1986-01-11T15:45:00,extended_january,baseline,24.017178571605815,22.05385641921312,22.17955668279831,22.199802679681035,23.999220521855783,11.0,5.0,11.0,5.0,20.0,3.5749999999999997,21.0,24.0,0.10265892415629158,94.30496560091241,0.6774222815196136,1770.8980550458807
1986-01-11T16:00:00,extended_january,baseline,24.00148964311251,21.972409444304493,22.129049890120562,22.25685293840355,23.99917979189608,11.0,5.0,11.0,5.0,20.0,3.3,21.0,24.0,0.10024673722614286,94.40521233813855,0.8687030529890831,1771.7667580988698
1986-01-11T16:15:00,extended_january,baseline,23.999468088918167,21.738386047460452,21.931389315246005,22.09654128691429,23.97197622614559,11.0,5.0,11.0,5.0,20.0,3.0249999999999995,21.0,24.0,0.09455244097308717,94.49976477911164,1.010492607036584,1772.7772507059065
1986-01-11T16:38:00,extended_january,baseline,23.999421832615212,21.364852513524948,21.655506848994193,21.702980056076086,23.893218700861386,11.0,5.0,11.0,5.0,20.0,2.75,21.0,24.0,0.09219514821645958,94.5919599273281,1.0787297317879858,1773.8559804376944
1986-01-11T16:45:00,extended_january,baseline,23.714814542380175,21.235049650317777,21.54984554618698,21.484958127397825,23.859442282021387,11.0,5.0,11.0,5.0,20.0,2.475,21.0,24.0,0.09183615471624539,94.68379608204435,1.2535563291059064,1775.1095367668004
1986-01-11T17:08:00,extended_january,baseline,23.27733794947132,21.1539187560501,21.467615600882677,21.325980801021007,23.834235505371637,11.0,5.0,11.0,5.0,20.0,2.2,21.0,24.0,0.09183615471624539,94.7756322367606,1.2779755275135527,1776.3875122943139
1986-01-11T17:23:00,extended_january,baseline,22.96779415455338,21.126045531678567,21.438239164952122,21.260396218645095,23.814707942331463,11.0,5.0,11.0,5.0,20.0,2.2,21.0,24.0,0.09183615471624539,94.86746839147685,1.2209487705864468,1777.6084610649002
1986-01-11T17:30:00,extended_january,baseline,22.756539281660725,21.10226127181514,21.417476942957755,21.20999038680879,23.796068618938296,11.0,5.0,11.0,5.0,20.0,2.2,21.0,24.0,0.09183615471624539,94.9593045461931,1.2150346990738543,1778.823495763974
1986-01-11T17:45:00,extended_january,baseline,22.539037835605804,21.070813483844688,21.392968130977078,21.149741330015832,23.77043221436054,11.0,5.0,11.0,5.0,20.0,2.2,21.0,24.0,0.09183615471624539,95.05114070090934,1.2210133875057205,1780.0445091514798
1986-01-11T18:00:00,extended_january,baseline,22.345651678455834,21.036662030252938,21.36769895606322,21.089152427855232,23.74216062247112,11.0,5.0,11.0,5.0,20.0,2.2,21.0,24.0,0.09183615471624539,95.14297685562559,1.1974018957507429,1781.2419110472306
1986-01-11T18:20:00,extended_january,baseline,21.442163916425308,21.001468742164487,21.00093054811515,21.001041796570444,23.019934319104827,5.5,2.5,5.5,2.5,10.0,2.35,21.0,24.0,0.09183615471624539,95.23481301034184,1.881874476180614,1783.1237855234112
1986-01-11T18:38:00,extended_january,baseline,21.098246403095185,21.002256635441423,21.002044423604207,21.001542599629712,22.703796327856242,5.5,2.5,5.5,2.5,10.0,2.5,21.0,24.0,0.09183615471624539,95.32664916505809,1.6262238401034965,1784.7500093635147
1986-01-11T18:53:00,extended_january,baseline,21.001482025352935,21.001311342314185,21.001964545513555,20.99951165734481,22.41922357996582,5.5,2.5,5.5,2.5,10.0,2.6499999999999995,21.0,24.0,0.09183615471624539,95.41848531977433,1.5846673253798573,1786.3346766888944
1986-01-11T19:00:00,extended_january,baseline,21.001211788649016,20.999605361138613,21.00192697769838,21.001912033660044,22.22718883659825,5.5,2.5,5.5,2.5,10.0,2.8,21.0,24.0,0.09183615471624539,95.51032147449058,1.661995318598322,1787.9966720074929
1986-01-11T19:23:00,extended_january,baseline,21.002099688592523,21.001529473500206,21.00218334754974,20.999762149636098,21.624165512611576,0.0,0.0,0.0,0.0,0.0,2.8,21.0,24.0,0.09183615471624539,95.60215762920683,2.0958004994361574,1790.092472506929
1986-01-11T19:38:00,extended_january,baseline,21.001435044259562,21.002072536234923,21.00132474660971,21.000143962420864,21.161340685480056,0.0,0.0,0.0,0.0,0.0,2.8,21.0,24.0,0.09183615471624539,95.69399378392308,2.269926580809958,1792.3623990877388
1986-01-11T19:45:00,extended_january,baseline,21.002076255801185,21.00142795207869,21.000548084554076,21.001735912773448,21.00787592650588,0.0,0.0,0.0,0.0,0.0,2.8,21.0,24.0,0.09183615471624539,95.78582993863932,2.401524206236693,1794.7639232939755
1986-01-11T20:00:00,extended_january,baseline,21.001177473941794,21.000070254759095,21.002457370313124,20.998229131343354,21.002316041816915,0.0,0.0,0.0,0.0,0.0,2.8,21.0,24.0,0.09183615471624539,95.87766609335557,2.5305000763156396,1797.294423370291
1986-01-11T20:20:00,extended_january,baseline,19.88344944928156,19.997025267055434,19.79943042178772,20.022245347548072,20.663589065089088,0.0,0.0,0.0,0.0,0.0,2.925,18.0,27.0,0.09183615471624539,95.96950224807182,0.0,1797.294423370291
1986-01-11T20:35:00,extended_january,baseline,19.55242142067417,19.69368998302901,19.430344347463706,19.726543621713553,20.472505057825177,0.0,0.0,0.0,0.0,0.0,3.05,18.0,27.0,0.09183615471624539,96.06133840278807,0.0,1797.294423370291
1986-01-11T20:45:00,extended_january,baseline,19.364754819880293,19.535959454626767,19.240927253736324,19.57141182652773,20.357853204358907,0.0,0.0,0.0,0.0,0.0,3.175,18.0,27.0,0.09183615471624539,96.15317455750431,0.0,1797.294423370291
1986-01-11T21:00:00,extended_january,baseline,19.221361059851496,19.403746446647755,19.11016137598797,19.43799436931466,20.257037268217342,0.0,0.0,0.0,0.0,0.0,3.3,18.0,27.0,0.09183615471624539,96.24501071222056,0.0,1797.294423370291
1986-01-11T21:15:00,extended_january,baseline,19.05739869069242,19.250044588174433,18.96026491285711,19.282794485160927,20.13747322887516,0.0,0.0,0.0,0.0,0.0,3.0249999999999995,18.0,27.0,0.09183615471624539,96.33684686693681,0.0,1797.294423370291
1986-01-11T21:30:00,extended_january,baseline,18.884689600683686,19.08783951225549,18.798542622568696,19.119057877459024,20.009860952464106,0.0,0.0,0.0,0.0,0.0,2.75,18.0,27.0,0.09183615471624539,96.42868302165306,0.0,1797.294423370291
1986-01-11T21:45:00,extended_january,baseline,18.729110784660318,18.940696231461118,18.65261100690748,18.970239707418067,19.89346060153947,0.0,0.0,0.0,0.0,0.0,2.475,18.0,27.0,0.09183615471624539,96.5205191763693,0.0,1797.294423370291
1986-01-11T22:00:00,extended_january,baseline,18.592444246740346,18.809807247080453,18.525187462203952,18.837624520573133,19.791383479171657,0.0,0.0,0.0,0.0,0.0,2.2,18.0,27.0,0.09183615471624539,96.61235533108555,0.0,1797.294423370291
1986-01-11T22:15:00,extended_january,baseline,18.469525808163446,18.690074397032443,18.41076408826863,18.716181454258418,19.69757250477787,0.0,0.0,0.0,0.0,0.0,2.075,18.0,27.0,0.09183615471624539,96.7041914858018,0.0,1797.294423370291
1986-01-11T22:30:00,extended_january,baseline,18.35625400277022,18.57815936155644,18.305015708375805,18.60258349454519,19.609121185076877,0.0,0.0,0.0,0.0,0.0,1.9500000000000002,18.0,27.0,0.09183615471624539,96.79602764051805,0.0,1797.294423370291
1986-01-11T22:45:00,extended_january,baseline,18.25081207726191,18.47284687735489,18.20618284775162,18.495621788654894,19.525754668704245,0.0,0.0,0.0,0.0,0.0,1.825,18.0,27.0,0.09183615471624539,96.8878637952343,0.0,1797.294423370291
1986-01-11T23:00:00,extended_january,baseline,18.1522679521996,18.373471917967446,18.11345666242523,18.394636650406284,19.447413563639284,0.0,0.0,0.0,0.0,0.0,1.7,18.0,27.0,0.09183615471624539,96.97969994995054,0.0,1797.294423370291
1986-01-11T23:15:00,extended_january,baseline,18.064721998573397,18.283678447468784,18.030942267597005,18.303239705887837,19.38015350002327,0.0,0.0,0.0,0.0,0.0,1.5499999999999998,18.0,27.0,0.09183615471624539,97.07153610466679,0.0,1797.294423370291
1986-01-11T23:30:00,extended_january,baseline,18.003871131443553,18.20125958010955,18.001098374773303,18.219216168103806,19.321958490937472,0.0,0.0,0.0,0.0,0.0,1.4,18.0,27.0,0.09183615471624539,97.16337225938304,0.01306704426542535,1797.3074904145565
1986-01-11T23:45:00,extended_january,baseline,17.999236599220705,18.124024606319583,18.00053246412153,18.145257813068017,19.271618336770796,0.0,0.0,0.0,0.0,0.0,1.25,18.0,27.0,0.09183615471624539,97.25520841409929,0.03569477793747616,1797.343185192494
1986-01-12T00:00:00,extended_january,baseline,17.99938558411551,18.055759951870748,18.00071476860169,18.070030287185897,19.223417386298014,0.0,0.0,0.0,0.0,0.0,1.1,18.0,27.0,0.09183615471624539,97.34704456881553,0.055481184480641814,1797.3986663769747
1986-01-12T00:15:00,extended_january,baseline,18.000368365058083,18.004231469074366,17.999850068158917,18.005499211816282,19.175838125225205,0.0,0.0,0.0,0.0,0.0,1.1,18.0,27.0,0.09183615471624539,97.43888072353178,0.08002418978627722,1797.4786905667609
1986-01-12T00:30:00,extended_january,baseline,17.999939594028156,17.99966567994935,18.00037034863452,18.00100389518636,19.1304711618974,0.0,0.0,0.0,0.0,0.0,1.1,18.0,27.0,0.09183615471624539,97.53071687824803,0.1193047060993374,1797.59799527286
1986-01-12T00:45:00,extended_january,baseline,17.999235665917073,17.998673451036847,18.000522254550507,18.00094113986425,19.088320478106564,0.0,0.0,0.0,0.0,0.0,1.1,18.0,27.0,0.09183615471624539,97.62255303296428,0.15233477305427015,1797.7503300459143
1986-01-12T01:00:00,extended_january,baseline,18.00000771231459,18.00112637872509,18.000308108651915,17.99869294545216,19.04962245600688,0.0,0.0,0.0,0.0,0.0,1.1,18.0,27.0,0.09183615471624539,97.71438918768052,0.1897167308471601,1797.9400467767614
1986-01-12T01:15:00,extended_january,baseline,18.0004655657988,17.999120210308757,18.00033661998071,17.999564085214686,19.00995734420201,0.0,0.0,0.0,0.0,0.0,1.25,18.0,27.0,0.09183615471624539,97.80622534239677,0.226731715702003,1798.1667784924634
1986-01-12T01:30:00,extended_january,baseline,18.00015358294447,17.99949823177796,18.00044175981732,17.998478682477646,18.970572978608296,0.0,0.0,0.0,0.0,0.0,1.4,18.0,27.0,0.09183615471624539,97.89806149711302,0.26175498766088984,1798.4285334801243
1986-01-12T01:45:00,extended_january,baseline,18.00052831285684,18.00003689578099,17.999346524604874,17.999883688641727,18.933212044873205,0.0,0.0,0.0,0.0,0.0,1.5499999999999998,18.0,27.0,0.09183615471624539,97.98989765182927,0.2958633869265233,1798.724396867051
1986-01-12T02:00:00,extended_january,baseline,18.000695477183964,18.001137048218002,18.00046049682452,18.00130182737985,18.89810922178079,0.0,0.0,0.0,0.0,0.0,1.7,18.0,27.0,0.09183615471624539,98.08173380654551,0.3254132930544356,1799.0498101601054
1986-01-12T02:15:00,extended_january,baseline,18.000263877202986,17.998645738718885,18.00069153064172,18.001360773449164,18.867246624862325,0.0,0.0,0.0,0.0,0.0,2.0999999999999996,18.0,27.0,0.09183615471624539,98.17356996126176,0.3415796298163353,1799.3913897899217
1986-01-12T02:30:00,extended_january,baseline,17.999494865365264,17.998865095394954,18.000123251299826,17.99948045323789,18.84018879929024,0.0,0.0,0.0,0.0,0.0,2.5,18.0,27.0,0.09183615471624539,98.26540611597801,0.3540070141731536,1799.745396804095
1986-01-12T02:45:00,extended_january,baseline,18.000228645708653,18.00014270377145,18.00079056330657,17.9985668410492,18.816110350276908,0.0,0.0,0.0,0.0,0.0,2.8999999999999995,18.0,27.0,0.09183615471624539,98.35724227069426,0.3630537795499512,1800.108450583645
1986-01-12T03:00:00,extended_january,baseline,18.000144690301262,17.999961342902512,18.000595607425726,18.000317570236906,18.794648815808998,0.0,0.0,0.0,0.0,0.0,3.3,18.0,27.0,0.09183615471624539,98.4490784254105,0.3656994451379923,1800.474150028783
1986-01-12T03:15:00,extended_january,baseline,18.00017521071108,18.00052525246648,18.00061544428908,17.998810473170764,18.780692207795965,0.0,0.0,0.0,0.0,0.0,3.4499999999999997,18.0,27.0,0.09183615471624539,98.54091458012675,0.36506341103125045,1800.8392134398143
1986-01-12T03:30:00,extended_january,baseline,17.999461585561747,17.999701281012857,17.999965450355074,17.99899416245432,18.772527275378106,0.0,0.0,0.0,0.0,0.0,3.5999999999999996,18.0,27.0,0.09183615471624539,98.632750734843,0.362319304672127,1801.2015327444865
1986-01-12T03:45:00,extended_january,baseline,18.000596651276403,17.998723948079423,17.999422960709204,17.99882277949354,18.76774578396436,0.0,0.0,0.0,0.0,0.0,3.75,18.0,27.0,0.09183615471624539,98.72458688955925,0.35838397827553536,1801.559916722762
1986-01-12T04:00:00,extended_january,baseline,18.000118670232144,17.998624765493496,17.99952597956469,17.998653646102444,18.76509045286702,0.0,0.0,0.0,0.0,0.0,3.9,18.0,27.0,0.09183615471624539,98.8164230442755,0.35163767243036703,1801.9115543951923
1986-01-12T04:15:00,extended_january,baseline,17.999289842594827,17.99992799826442,17.999581102329312,18.001163873928395,18.75542967305824,0.0,0.0,0.0,0.0,0.0,3.75,18.0,27.0,0.09183615471624539,98.90825919899174,0.36729808932854935,1802.278852484521
1986-01-12T04:30:00,extended_january,baseline,17.999885626468124,17.99854430626827,18.000674838996908,17.998846253582144,18.740812382685498,0.0,0.0,0.0,0.0,0.0,3.5999999999999996,18.0,27.0,0.09183615471624539,99.00009535370799,0.3825645998272864,1802.6614170843482
1986-01-12T04:45:00,extended_january,baseline,17.99940155306012,17.999872578221613,18.00057133956898,17.999231178227202,18.724857154703056,0.0,0.0,0.0,0.0,0.0,3.4499999999999997,18.0,27.0,0.09183615471624539,99.09193150842424,0.3993536120745704,1803.0607706964227
1986-01-12T05:00:00,extended_january,baseline,17.999216345705136,18.000090755862665,17.99911180730789,17.998988529128862,18.708891364779227,0.0,0.0,0.0,0.0,0.0,3.3,18.0,27.0,0.09183615471624539,99.18376766314049,0.4146756160779874,1803.4754463125007
1986-01-12T05:15:00,extended_january,baseline,17.99946502158948,17.998903034417037,18.000266778153986,18.00056498773781,18.699832135295548,0.0,0.0,0.0,0.0,0.0,3.0249999999999995,18.0,27.0,0.09183615471624539,99.27560381785673,0.4242515534132639,1803.899697865914
1986-01-12T05:30:00,extended_january,baseline,17.999428873419554,17.99987282020466,17.999638877286078,18.000057454469115,18.6958494495717,0.0,0.0,0.0,0.0,0.0,2.75,18.0,27.0,0.09183615471624539,99.36743997257298,0.4336185791298349,1804.333316445044
1986-01-12T05:45:00,extended_january,baseline,18.000550818471392,17.99903222769896,18.00016742120921,18.000692981386752,18.69407160700554,0.0,0.0,0.0,0.0,0.0,2.475,18.0,27.0,0.09183615471624539,99.45927612728923,0.44294599271413515,1804.776262437758
1986-01-12T06:00:00,extended_january,baseline,18.000506823575375,17.99920607363208,18.000004904333647,17.999085067969247,18.69324803565383,0.0,0.0,0.0,0.0,0.0,2.2,18.0,27.0,0.09183615471624539,99.55111228200548,0.4532633215087748,1805.2295257592668
1986-01-12T06:19:00,extended_january,baseline,20.02543677136288,20.162904580033594,19.971453662774913,20.166958695331775,19.904847854498342,0.0,0.0,0.0,0.0,0.0,2.075,21.0,24.0,0.09183615471624539,99.64294843672172,6.722178215087982,1811.9517039743548
1986-01-12T06:33:00,extended_january,baseline,20.908594121342585,21.00029928640747,20.82394889514719,21.00141299052988,20.454521427601563,0.0,0.0,0.0,0.0,0.0,1.9500000000000002,21.0,24.0,0.09183615471624539,99.73478459143797,5.207585475653698,1817.1592894500086
1986-01-12T06:53:00,extended_january,baseline,21.000400867430656,20.999758810229554,21.002707440087953,21.001208212545215,20.747693586137828,0.0,0.0,0.0,0.0,0.0,1.825,21.0,24.0,0.09183615471624539,99.82662074615422,4.729941617524489,1821.889231067533
1986-01-12T07:00:00,extended_january,baseline,21.003567557196316,20.998983657544194,21.003988588530955,20.99875779569033,20.92947994231295,0.0,0.0,0.0,0.0,0.0,1.7,21.0,24.0,0.09183615471624539,99.91845690087047,4.656681146011057,1826.5459122135442
1986-01-12T07:15:00,extended_january,baseline,21.000074116336428,21.001395046559473,21.003536630024996,21.00128099550866,20.998841428779937,0.0,0.0,0.0,0.0,0.0,1.5499999999999998,21.0,24.0,0.09183615471624539,100.01029305558671,4.4977783183443805,1831.0436905318886
1986-01-12T07:30:00,extended_january,baseline,21.001149598499634,21.00137882672085,21.001660226356048,21.00215132074428,21.000815539403465,0.0,0.0,0.0,0.0,0.0,1.4,21.0,24.0,0.09183615471624539,100.10212921030296,4.309115117693437,1835.352805649582
1986-01-12T07:45:00,extended_january,baseline,21.003083828720868,21.002873959418697,20.99923854972116,21.00165309571488,21.000355823474013,0.0,0.0,0.0,0.0,0.0,1.25,21.0,24.0,0.09183615471624539,100.19396536501921,4.199211712882261,1839.5520173624643
1986-01-12T08:00:00,extended_january,baseline,21.001598454047052,20.999147117672887,20.999124874335948,21.000653501871383,21.000666120667695,0.0,0.0,0.0,0.0,0.0,1.1,21.0,24.0,0.09183615471624539,100.28580151973546,4.094520927793371,1843.6465382902577
1986-01-12T08:23:00,extended_january,baseline,21.000236168853036,21.00023567654667,21.000441578050225,21.00050490992469,21.146227177125517,11.0,5.0,11.0,5.0,20.0,1.525,21.0,24.0,0.09183615471624539,100.3776376744517,2.075754614023732,1845.7222929042814
1986-01-12T08:38:00,extended_january,baseline,21.00049087740919,21.000557773061335,21.00079929604103,21.000479782527286,21.346865712194266,11.0,5.0,11.0,5.0,20.0,1.95,21.0,24.0,0.09183615471624539,100.46947382916795,1.9394598175041806,1847.6617527217857
1986-01-12T08:45:00,extended_january,baseline,21.001038122602786,21.000987926392902,21.00063137875745,21.002667758045273,21.49056026574663,11.0,5.0,11.0,5.0,20.0,2.3749999999999996,21.0,24.0,0.09183615471624539,100.5613099838842,1.7924329183689487,1849.4541856401547
1986-01-12T09:00:00,extended_january,baseline,21.001611788205075,21.002334590848434,21.001542495052256,21.001611247056506,21.631630117213483,11.0,5.0,11.0,5.0,20.0,2.8,21.0,24.0,0.09183615471624539,100.65314613860045,1.660832764785046,1851.1150184049397
1986-01-12T09:23:00,extended_january,baseline,21.000349026260842,21.141452244891607,21.000542729730753,21.00186546250308,22.18390697174586,11.0,5.0,11.0,5.0,20.0,2.8,21.0,24.0,0.09183615471624539,100.7449822933167,1.3468173399760734,1852.4618357449158
1986-01-12T09:38:00,extended_january,baseline,21.000722124796326,21.110835546911073,21.008636631841913,21.001606299046827,22.477939039218665,11.0,5.0,11.0,5.0,20.0,2.8,21.0,24.0,0.09183615471624539,100.83681844803294,1.1010988793584793,1853.5629346242742
1986-01-12T09:45:00,extended_january,baseline,21.000803170462177,21.1053666386585,21.052432118296437,21.00268328566264,22.626453829230535,11.0,5.0,11.0,5.0,20.0,2.8,21.0,24.0,0.09183615471624539,100.92865460274919,0.9973500385131862,1854.5602846627874
1986-01-12T10:00:00,extended_january,baseline,21.00030821494946,21.105162546744214,21.121414890256837,21.00039005430514,22.71196626339263,11.0,5.0,11.0,5.0,20.0,2.8,21.0,24.0,0.09183615471624539,101.02049075746544,0.954899455705451,1855.5151841184927
1986-01-12T10:15:00,extended_january,baseline,21.044592427104057,21.16164232721093,21.234087232564654,20.999612754409387,22.813512814913672,11.0,5.0,11.0,5.0,20.0,2.8,21.0,24.0,0.09183615471624539,101.11232691218169,0.8703839726432414,1856.3855680911358
1986-01-12T10:30:00,extended_january,baseline,21.13362818774691,21.24780615490314,21.368028698475975,21.001791249407958,22.939506119626387,11.0,5.0,11.0,5.0,20.0,2.8,21.0,24.0,0.09183615471624539,101.20416306689793,0.8334110536990068,1857.2189791448347
1986-01-12T10:45:00,extended_january,baseline,21.237843573467327,21.331592688412034,21.501933224010468,21.018359349015597,23.066924121214043,11.0,5.0,11.0,5.0,20.0,2.8,21.0,24.0,0.09183615471624539,101.29599922161418,0.8046734153452209,1858.02365256018
1986-01-12T11:00:00,extended_january,baseline,21.3381381329867,21.396396339386953,21.62603917025789,21.060116013143023,23.182360740722253,11.0,5.0,11.0,5.0,20.0,2.8,21.0,24.0,0.09183615471624539,101.38783537633043,0.8066189914371169,1858.830271551617
1986-01-12T11:15:00,extended_january,baseline,21.331101581953405,21.343717775004695,21.62460217348651,21.008556627048456,23.173639532427796,8.8,4.0,8.8,4.0,16.0,2.8,21.0,24.0,0.09183615471624539,101.47967153104668,0.8141997316295044,1859.6444712832465
1986-01-12T11:30:00,extended_january,baseline,21.319134847000793,21.311693179494224,21.626691839215773,21.00286214804165,23.15858848721605,8.8,4.0,8.8,4.0,16.0,2.8,21.0,24.0,0.09183615471624539,101.57150768576292,0.8223398743221771,1860.4668111575686
1986-01-12T11:45:00,extended_january,baseline,21.34479285107905,21.321820883292364,21.666778041276704,21.006160999553774,23.176996321796207,8.8,4.0,8.8,4.0,16.0,2.8,21.0,24.0,0.09183615471624539,101.66334384047917,0.8312369724078107,1861.2980481299765
1986-01-12T12:00:00,extended_january,baseline,21.391807949380357,21.346394298823327,21.722318442245108,21.022080392480532,23.21458539705211,8.8,4.0,8.8,4.0,16.0,2.8,21.0,24.0,0.09183615471624539,101.75517999519542,0.8392776922863353,1862.1373258222627
1986-01-12T12:15:00,extended_january,baseline,21.210400834832086,21.154672110245876,21.54476427189907,21.00520200171248,23.037041212205,4.4,2.0,4.4,2.0,8.0,2.8,21.0,24.0,0.09183615471624539,101.84701614991167,0.9451426523526306,1863.0824684746153
1986-01-12T12:30:00,extended_january,baseline,21.05938329346095,21.01683306491424,21.390733930915985,21.002855229314452,22.87075623838232,4.4,2.0,4.4,2.0,8.0,2.8,21.0,24.0,0.09183615471624539,101.93885230462791,0.9632966028422337,1864.0457650774576
1986-01-12T12:45:00,extended_january,baseline,21.005686314900156,21.002547737308387,21.328541224586488,21.00248696043676,22.78498723416787,4.4,2.0,4.4,2.0,8.0,2.8,21.0,24.0,0.09183615471624539,102.03068845934416,0.9688697076277407,1865.0146347850855
1986-01-12T13:00:00,extended_january,baseline,21.00145692712522,21.001285679977663,21.30831753584423,21.000247758244285,22.746175906553688,4.4,2.0,4.4,2.0,8.0,2.8,21.0,24.0,0.09183615471624539,102.12252461406041,0.970885502710538,1865.9855202877961
1986-01-12T13:15:00,extended_january,baseline,21.22027908948066,21.138082508193786,21.508887263196577,21.01400537331398,22.922740396620206,8.8,4.0,8.8,4.0,16.0,2.925,21.0,24.0,0.09183615471624539,102.21436076877666,0.7717289311800325,1866.757249218976
1986-01-12T13:30:00,extended_january,baseline,21.39594270988279,21.214206762503956,21.66250423849712,21.01431151444089,23.078075482735613,8.8,4.0,8.8,4.0,16.0,3.05,21.0,24.0,0.09183615471624539,102.3061969234929,0.7019055424197223,1867.459154761396
1986-01-12T13:45:00,extended_january,baseline,21.455263263770366,21.20115862883649,21.701574436708857,21.001530634506558,23.14607188596895,8.8,4.0,8.8,4.0,16.0,3.175,21.0,24.0,0.09183615471624539,102.39803307820915,0.6408989108094492,1868.1000536722054
1986-01-12T14:00:00,extended_january,baseline,21.45299288697254,21.147474407837873,21.681380027939486,20.999578668288773,23.16763889690203,8.8,4.0,8.8,4.0,16.0,3.3,21.0,24.0,0.09183615471624539,102.4898692329254,0.5816787650241825,1868.6817324372296
1986-01-12T14:15:00,extended_january,baseline,21.494403664136314,21.147994852760547,21.706102808985214,21.000409787047094,23.2357492717279,11.0,5.0,11.0,5.0,20.0,3.0249999999999995,21.0,24.0,0.09183615471624539,102.58170538764165,0.7622410265373216,1869.443973463767
1986-01-12T14:30:00,extended_january,baseline,21.54121491476779,21.163646094581566,21.736846905917954,20.9991825788628,23.315062258197205,11.0,5.0,11.0,5.0,20.0,2.75,21.0,24.0,0.09183615471624539,102.6735415423579,0.9540689124983217,1870.3980423762653
1986-01-12T14:45:00,extended_january,baseline,21.57168017726083,21.17784124113665,21.752453011743246,21.013646529967218,23.38418013302695,11.0,5.0,11.0,5.0,20.0,2.475,21.0,24.0,0.09183615471624539,102.76537769707414,1.1297650136323614,1871.5278073898976
1986-01-12T15:00:00,extended_january,baseline,21.590577984644995,21.196798989911613,21.75921073275956,21.045280341927324,23.445581407766973,11.0,5.0,11.0,5.0,20.0,2.2,21.0,24.0,0.09183615471624539,102.85721385179039,1.2866629222180082,1872.8144703121156
1986-01-12T15:15:00,extended_january,baseline,21.54589258216937,21.16917709566973,21.703348892550448,21.03267723182628,23.441352142222552,11.0,5.0,11.0,5.0,20.0,2.075,21.0,24.0,0.09183615471624539,102.94905000650664,1.3274226987763158,1874.1418930108919
1986-01-12T15:30:00,extended_january,baseline,21.505745660328774,21.15125107794566,21.653079747439655,21.027472651430788,23.43901515882669,11.0,5.0,11.0,5.0,20.0,1.9500000000000002,21.0,24.0,0.09183615471624539,103.04088616122289,1.3713145076581539,1875.51320751855
1986-01-12T15:45:00,extended_january,baseline,21.478980984391367,21.132123266091494,21.614594602863598,21.018308819870125,23.450861944900353,11.0,5.0,11.0,5.0,20.0,1.825,21.0,24.0,0.09183615471624539,103.13272231593913,1.428711395935425,1876.9419189144853
1986-01-12T16:00:00,extended_january,baseline,21.45126816563081,21.096529015367516,21.57167457139115,21.003786667687415,23.46476917117524,11.0,5.0,11.0,5.0,20.0,1.7,21.0,24.0,0.09183615471624539,103.22455847065538,1.4842376549135028,1878.426156569399
1986-01-12T16:15:00,extended_january,baseline,21.289312575337764,21.012276947264173,21.398981038586275,21.002251998983134,23.357078684724197,11.0,5.0,11.0,5.0,20.0,1.4249999999999998,21.0,24.0,0.09183615471624539,103.31639462537163,1.5793010644648684,1880.005457633864
1986-01-12T16:30:00,extended_january,baseline,21.131931750976413,21.0034672903657,21.242773864739867,21.002771285939613,23.263001472303493,11.0,5.0,11.0,5.0,20.0,1.15,21.0,24.0,0.09183615471624539,103.40823078008788,1.387523934896282,1881.3929815687602
1986-01-12T16:45:00,extended_january,baseline,21.021069139913745,21.001039412001333,21.139000047299415,21.001272225166076,23.218335411329893,11.0,5.0,11.0,5.0,20.0,0.875,21.0,24.0,0.09183615471624539,103.50006693480412,1.3650378391609457,1882.7580194079212
1986-01-12T17:00:00,extended_january,baseline,21.002999783369464,21.001755498417207,21.069161494997157,21.000651449459802,23.19970479007379,11.0,5.0,11.0,5.0,20.0,0.6,21.0,24.0,0.09183615471624539,103.59190308952037,1.4036503333412276,1884.1616697412624
1986-01-12T17:15:00,extended_january,baseline,21.002307578914348,21.002235735377795,21.00511275762603,21.00176573608838,23.156314677008055,11.0,5.0,11.0,5.0,20.0,0.29999999999999993,21.0,24.0,0.09183615471624539,103.68373924423662,1.4738822447327067,1885.635551985995
1986-01-12T17:30:00,extended_january,baseline,21.00178752307782,21.00235469677319,21.001558636127918,21.003658139512428,23.087068173016362,11.0,5.0,11.0,5.0,20.0,0.0,21.0,24.0,0.09183615471624539,103.77557539895287,1.5733507363217467,1887.208902722317
1986-01-12T17:45:00,extended_january,baseline,21.002481796404798,21.002285306774738,21.001040959952878,21.00317421087769,23.00617042375788,11.0,5.0,11.0,5.0,20.0,-0.29999999999999993,21.0,24.0,0.09183615471624539,103.86741155366911,1.6667741112705559,1888.8756768335875
1986-01-12T18:00:00,extended_january,baseline,21.001772739512404,21.001629646332457,21.001555041069352,21.004523741457543,22.921602589956365,11.0,5.0,11.0,5.0,20.0,-0.6,21.0,24.0,0.09183615471624539,103.95924770838536,1.7600297352665135,1890.635706568854
1986-01-12T18:23:00,extended_january,baseline,21.002434454289997,21.001453525712215,21.002069549070086,21.001656034976694,22.22137036461755,5.5,2.5,5.5,2.5,10.0,-1.275,21.0,24.0,0.09183615471624539,104.05108386310161,2.352046763308191,1892.9877533321621
1986-01-12T18:38:00,extended_january,baseline,21.00193691668008,21.002193679114818,21.00132628593349,21.0022002851763,21.70333639047094,5.5,2.5,5.5,2.5,10.0,-1.95,21.0,24.0,0.09183615471624539,104.14292001781786,2.6682879800721104,1895.6560413122343
1986-01-12T18:53:00,extended_january,baseline,21.002161973533035,21.001716085258025,21.001122722745105,21.00132389746218,21.407939084103727,5.5,2.5,5.5,2.5,10.0,-2.6249999999999996,21.0,24.0,0.09183615471624539,104.2347561725341,2.8599012787147555,1898.515942590949
1986-01-12T19:00:00,extended_january,baseline,21.003838294069006,21.000692976675573,21.001575445923052,21.002449763033486,21.235322689261732,5.5,2.5,5.5,2.5,10.0,-3.3,21.0,24.0,0.09183615471624539,104.32659232725035,3.0350055240879605,1901.5509481150368
1986-01-12T19:15:00,extended_january,baseline,21.004427649891174,21.001349883757154,21.004576332973443,21.00473729032995,21.01239229358198,0.0,0.0,0.0,0.0,0.0,-3.7249999999999996,21.0,24.0,0.09183615471624539,104.4184284819666,3.742555933834964,1905.2935040488717
1986-01-12T19:30:00,extended_january,baseline,21.006089903823074,21.002547009273897,21.004169862031482,21.001152580059816,21.00394121800396,0.0,0.0,0.0,0.0,0.0,-4.15,21.0,24.0,0.09183615471624539,104.51026463668285,3.9485498854306154,1909.2420539343022
1986-01-12T19:45:00,extended_january,baseline,21.004133503729598,21.004579937287307,21.003816993242946,21.004016999021857,21.003107740118267,0.0,0.0,0.0,0.0,0.0,-4.575,21.0,24.0,0.09183615471624539,104.6021007913991,4.0475779280478745,1913.2896318623502
1986-01-12T20:00:00,extended_january,baseline,21.002828820756346,21.002130837644984,21.003689227358766,21.00317022299988,21.002333628333165,0.0,0.0,0.0,0.0,0.0,-5.0,21.0,24.0,0.09183615471624539,104.69393694611534,4.150313380975398,1917.4399452433256
1986-01-12T20:18:00,extended_january,baseline,19.05763165871316,19.33327190918068,19.094065441049118,19.339442474228324,20.278950112463384,0.0,0.0,0.0,0.0,0.0,-5.275,18.0,27.0,0.09183615471624539,104.78577310083159,0.0,1917.4399452433256
1986-01-12T20:34:00,extended_january,baseline,18.593446312677596,18.92647484767544,18.629904067828765,18.9357228336167,20.013770657321825,0.0,0.0,0.0,0.0,0.0,-5.55,18.0,27.0,0.09183615471624539,104.87760925554784,0.0,1917.4399452433256
1986-01-12T20:53:00,extended_january,baseline,18.315913137104054,18.672553564296475,18.34972182847261,18.684207655403625,19.867485507241227,0.0,0.0,0.0,0.0,0.0,-5.824999999999999,18.0,27.0,0.09183615471624539,104.96944541026409,0.0,1917.4399452433256
1986-01-12T21:00:00,extended_january,baseline,18.1503201593823,18.512497746723373,18.180344716844928,18.525417226458828,19.766937483215195,0.0,0.0,0.0,0.0,0.0,-6.1,18.0,27.0,0.09183615471624539,105.06128156498033,0.0,1917.4399452433256
1986-01-12T21:15:00,extended_january,baseline,18.006191272202734,18.288858902922847,18.00820351812809,18.302724636577683,19.60165826212765,0.0,0.0,0.0,0.0,0.0,-6.249999999999999,18.0,27.0,0.09183615471624539,105.15311771969658,0.03025407926355066,1917.4701993225892
1986-01-12T21:30:00,extended_january,baseline,18.000543456091748,18.064607020344173,18.000534255464217,18.07859156982985,19.427772302987766,0.0,0.0,0.0,0.0,0.0,-6.4,18.0,27.0,0.09183615471624539,105.24495387441283,0.12539097137346825,1917.5955902939627
1986-01-12T21:45:00,extended_january,baseline,18.000249766730605,18.003710196630124,18.000468165239933,18.005230207773312,19.263671896012905,0.0,0.0,0.0,0.0,0.0,-6.550000000000001,18.0,27.0,0.09183615471624539,105.33679002912908,0.24521408354966817,1917.8408043775123
1986-01-12T22:00:00,extended_january,baseline,18.000085886625865,18.001584091136753,17.9992511814051,17.999646016130576,19.114757278884042,0.0,0.0,0.0,0.0,0.0,-6.7,18.0,27.0,0.09183615471624539,105.42862618384532,0.4074565785809899,1918.2482609560932
1986-01-12T22:15:00,extended_january,baseline,18.000670617308224,17.999089407073395,18.00045719400525,17.999459455599666,18.999280997240955,0.0,0.0,0.0,0.0,0.0,-6.825,18.0,27.0,0.09183615471624539,105.52046233856157,0.5492016764774239,1918.7974626325706
1986-01-12T22:30:00,extended_january,baseline,17.999689149948118,17.999733463437945,17.99908642920895,18.000446248326835,18.90955628144385,0.0,0.0,0.0,0.0,0.0,-6.95,18.0,27.0,0.09183615471624539,105.61229849327782,0.6769715462008798,1919.4744341787714
1986-01-12T22:45:00,extended_january,baseline,17.999323109006323,18.000410435403293,17.99995556762192,17.99963294105064,18.833828874666295,0.0,0.0,0.0,0.0,0.0,-7.075,18.0,27.0,0.09183615471624539,105.70413464799407,0.7869681383066103,1920.261402317078
1986-01-12T23:00:00,extended_january,baseline,18.000797283027094,18.000592808245546,17.999560020602566,18.000380619004417,18.766798808684225,0.0,0.0,0.0,0.0,0.0,-7.2,18.0,27.0,0.09183615471624539,105.79597080271031,0.8751808419202384,1921.136583158998
1986-01-12T23:15:00,extended_january,baseline,17.999515429434478,18.00019884732891,18.000803863198687,17.9996696770711,18.706854072135258,0.0,0.0,0.0,0.0,0.0,-7.75,18.0,27.0,0.09183615471624539,105.88780695742656,0.9583921412047223,1922.0949753002028
1986-01-12T23:30:00,extended_january,baseline,18.00054466490065,18.00062892838327,17.999697594495185,17.998892725054176,18.654267657914822,0.0,0.0,0.0,0.0,0.0,-8.3,18.0,27.0,0.09183615471624539,105.97964311214281,1.029911446002161,1923.124886746205
1986-01-12T23:45:00,extended_january,baseline,17.998600835248496,17.99888185107044,17.99954658975204,17.999942177590025,18.60837130514595,0.0,0.0,0.0,0.0,0.0,-8.850000000000001,18.0,27.0,0.09183615471624539,106.07147926685906,1.0886333359056282,1924.2135200821106
1986-01-13T00:00:00,extended_january,baseline,18.00053116960567,18.000911026179605,17.999402947513435,17.998963902829097,18.568215527519797,0.0,0.0,0.0,0.0,0.0,-9.4,18.0,27.0,0.09183615471624539,106.1633154215753,1.1457536744288106,1925.3592737565393
1986-01-13T00:15:00,extended_january,baseline,17.99977577346342,18.00022801312911,17.999147097898458,18.0008255191542,18.615742531512762,0.0,0.0,0.0,0.0,0.0,-9.4,18.0,27.0,0.09183615471624539,106.25515157629155,1.0007767753665961,1926.360050531906
1986-01-13T00:30:00,extended_january,baseline,18.000267647026252,17.99977357920202,18.000386643435313,17.999767418949606,18.64327516079284,0.0,0.0,0.0,0.0,0.0,-9.4,18.0,27.0,0.09183615471624539,106.3469877310078,1.0496376977344626,1927.4096882296403
1986-01-13T00:45:00,extended_january,baseline,17.99916504993176,17.999046062642616,17.99947812032737,18.00145517264305,18.634683142709513,0.0,0.0,0.0,0.0,0.0,-9.4,18.0,27.0,0.09183615471624539,106.43882388572405,1.0841492472569942,1928.4938374768974
1986-01-13T01:00:00,extended_january,baseline,17.999447791153003,17.998970286076332,17.999635375713616,17.99834439911333,18.61217343223672,0.0,0.0,0.0,0.0,0.0,-9.4,18.0,27.0,0.09183615471624539,106.5306600404403,1.1146848341555406,1929.6085223110529
1986-01-13T01:15:00,extended_january,baseline,17.9994914703809,18.00049024997271,18.000262444624784,18.000853683865298,18.597858053031306,0.0,0.0,0.0,0.0,0.0,-9.4,18.0,27.0,0.09183615471624539,106.62249619515654,1.1204608025893532,1930.7289831136422
1986-01-13T01:30:00,extended_january,baseline,18.000297452909383,18.00033005169107,18.000344213683327,18.001341994768968,18.591650313372664,0.0,0.0,0.0,0.0,0.0,-9.4,18.0,27.0,0.09183615471624539,106.71433234987279,1.122228335529586,1931.8512114491718
1986-01-13T01:45:00,extended_january,baseline,17.998805474046254,18.00021708594986,17.99923205334721,18.000613873920038,18.588820612402156,0.0,0.0,0.0,0.0,0.0,-9.4,18.0,27.0,0.09183615471624539,106.80616850458904,1.1208436522693053,1932.9720551014411
1986-01-13T02:00:00,extended_january,baseline,18.000435724207343,18.001415471178785,18.000075280436132,18.000736706812535,18.587611638879707,0.0,0.0,0.0,0.0,0.0,-9.4,18.0,27.0,0.09183615471624539,106.89800465930529,1.1257389529135162,1934.0977940543546
1986-01-13T02:15:00,extended_january,baseline,17.999922110459185,18.001717080347422,17.99903203285997,18.000002514265912,18.559123018771405,0.0,0.0,0.0,0.0,0.0,-9.55,18.0,27.0,0.09183615471624539,106.98984081402153,1.1906773499135996,1935.2884714042682
1986-01-13T02:30:00,extended_january,baseline,18.00117577974481,18.000373733017277,18.000079702608517,18.001458443794252,18.51049615218748,0.0,0.0,0.0,0.0,0.0,-9.7,18.0,27.0,0.09183615471624539,107.08167696873778,1.2558858492851392,1936.5443572535532
1986-01-13T02:45:00,extended_january,baseline,17.998876643586133,18.00006457429938,17.999356849756204,17.99913799097043,18.45518592813513,0.0,0.0,0.0,0.0,0.0,-9.85,18.0,27.0,0.09183615471624539,107.17351312345403,1.3053268332280579,1937.8496840867813
1986-01-13T03:00:00,extended_january,baseline,17.999998808294745,17.998207516834288,18.001247038841143,17.999090348502634,18.398746094655483,0.0,0.0,0.0,0.0,0.0,-10.0,18.0,27.0,0.09183615471624539,107.26534927817028,1.364879923563638,1939.214564010345
1986-01-13T03:15:00,extended_january,baseline,17.99893244487204,18.000922562675896,18.000221408482165,18.000035821731664,18.35133529580439,0.0,0.0,0.0,0.0,0.0,-10.0,18.0,27.0,0.09183615471624539,107.35718543288652,1.3867023278772301,1940.601266338222
1986-01-13T03:30:00,extended_january,baseline,17.99851769972408,18.000061732072467,17.999693438336756,18.001108781212647,18.310180305731723,0.0,0.0,0.0,0.0,0.0,-10.0,18.0,27.0,0.09183615471624539,107.44902158760277,1.417574826829665,1942.0188411650518
1986-01-13T03:45:00,extended_january,baseline,17.999035944207627,17.99918868756271,17.99985515083756,17.99857351924262,18.27111622016839,0.0,0.0,0.0,0.0,0.0,-10.0,18.0,27.0,0.09183615471624539,107.54085774231902,1.4499216667257042,1943.4687628317774
1986-01-13T04:00:00,extended_january,baseline,17.999924939782883,17.999576402941287,18.000281018008728,18.000858675313417,18.23265448582293,0.0,0.0,0.0,0.0,0.0,-10.0,18.0,27.0,0.09183615471624539,107.63269389703527,1.4776965118047747,1944.9464593435823
1986-01-13T04:15:00,extended_january,baseline,17.999423717002045,18.001278505936625,17.999605725032044,18.000839645247993,18.220996110267237,0.0,0.0,0.0,0.0,0.0,-10.275,18.0,27.0,0.09183615471624539,107.72453005175151,1.4673853611992835,1946.4138447047817
1986-01-13T04:30:00,extended_january,baseline,17.998522331923127,18.000611322932304,17.998611073837175,18.0019481977087,18.229945469217046,0.0,0.0,0.0,0.0,0.0,-10.55,18.0,27.0,0.09183615471624539,107.81636620646776,1.460956338524233,1947.874801043306
1986-01-13T04:45:00,extended_january,baseline,18.001210611741534,17.99865614208602,18.001067893375804,18.001539125135103,18.2481489674171,0.0,0.0,0.0,0.0,0.0,-10.825,18.0,27.0,0.09183615471624539,107.90820236118401,1.455759991085003,1949.330561034391
1986-01-13T05:00:00,extended_january,baseline,18.000874709183808,18.00020107662338,18.00050824306102,18.000226436309138,18.270877128220942,0.0,0.0,0.0,0.0,0.0,-11.1,18.0,27.0,0.09183615471624539,108.00003851590026,1.4473250489332388,1950.7778860833241
1986-01-13T05:15:00,extended_january,baseline,18.00131544845047,18.001307266674374,18.000515871672153,17.99935952134655,18.289108873993527,0.0,0.0,0.0,0.0,0.0,-11.1,18.0,27.0,0.09183615471624539,108.0918746706165,1.449711462610834,1952.227597545935
1986-01-13T05:30:00,extended_january,baseline,18.000722218910695,18.00180710865353,17.999411844156924,17.99924185294146,18.304309104690137,0.0,0.0,0.0,0.0,0.0,-11.1,18.0,27.0,0.09183615471624539,108.18371082533275,1.4434599835568718,1953.671057529492
1986-01-13T05:45:00,extended_january,baseline,17.999608052919214,17.99927027884906,18.000744712484586,17.99990582226525,18.31956982945407,0.0,0.0,0.0,0.0,0.0,-11.1,18.0,27.0,0.09183615471624539,108.275546980049,1.4408186981853341,1955.1118762276772
1986-01-13T06:00:00,extended_january,baseline,17.99863630500666,17.998614596168437,18.001179444865468,18.001183472755578,18.33578200227244,0.0,0.0,0.0,0.0,0.0,-11.1,18.0,27.0,0.09183615471624539,108.36738313476525,1.4365813063821375,1956.5484575340593
1986-01-13T06:15:00,extended_january,baseline,17.999523516572374,18.001141565369213,17.9990286592463,18.000754232763146,18.35389492630359,0.0,0.0,0.0,0.0,0.0,-11.1,18.0,27.0,0.09183615471624539,108.4592192894815,1.4229133951609845,1957.9713709292203
1986-01-13T06:30:00,extended_january,baseline,17.99861068093099,17.998761424807746,17.99921853034256,17.999860425430686,18.373533114779324,0.0,0.0,0.0,0.0,0.0,-11.1,18.0,27.0,0.09183615471624539,108.55105544419774,1.413420135798461,1959.3847910650188
1986-01-13T06:45:00,extended_january,baseline,17.99958902071701,18.000066515882466,18.000103968452162,17.99924362160477,18.394220034505057,0.0,0.0,0.0,0.0,0.0,-11.1,18.0,27.0,0.09183615471624539,108.64289159891399,1.4038523949827781,1960.7886434600016
1986-01-13T07:00:00,extended_january,baseline,17.999253712809264,18.00153433605502,18.00098119355192,17.99901091603412,18.41575538392949,0.0,0.0,0.0,0.0,0.0,-11.1,18.0,27.0,0.09183615471624539,108.73472775363024,1.3925521115012982,1962.181195571503
1986-01-13T07:15:00,extended_january,baseline,17.99954252498679,17.99874141129912,18.00021586310026,17.999197135303902,18.411688235653003,0.0,0.0,0.0,0.0,0.0,-11.1,18.0,27.0,0.09183615471624539,108.82656390834649,1.4342530638980708,1963.615448635401
1986-01-13T07:30:00,extended_january,baseline,17.999861109217804,18.001381143614196,18.00032583758672,18.000967343837956,18.388708077159674,0.0,0.0,0.0,0.0,0.0,-11.1,18.0,27.0,0.09183615471624539,108.91840006306273,1.3873248349772942,1965.0027734703783
1986-01-13T07:45:00,extended_january,baseline,17.99937402239985,17.999806099860038,17.999774370829517,17.998873431789562,18.359572921724883,0.0,0.0,0.0,0.0,0.0,-11.1,18.0,27.0,0.09183615471624539,109.01023621777898,1.3248292571208835,1966.3276027274992
1986-01-13T08:00:00,extended_january,baseline,17.999986144887156,18.000646418282642,17.99952367993708,18.0014391004761,18.32997650918923,0.0,0.0,0.0,0.0,0.0,-11.1,18.0,27.0,0.09183615471624539,109.10207237249523,1.2497244089178798,1967.5773271364171
1986-01-13T08:15:00,extended_january,baseline,18.001006548700254,18.036531038821074,17.99967229875923,18.001613652564348,18.323957400943335,0.0,0.0,0.0,0.0,0.0,-10.825,18.0,27.0,0.09183615471624539,109.19390852721148,1.140923409169479,1968.7182505455867
1986-01-13T08:30:00,extended_january,baseline,18.000185578612093,18.309525718057618,18.000894770399306,18.000840918802645,18.335794424227803,0.0,0.0,0.0,0.0,0.0,-10.55,18.0,27.0,0.09183615471624539,109.28574468192772,1.0645462315918754,1969.7827967771786
1986-01-13T08:53:00,extended_january,baseline,17.99968002749323,18.788041935614316,18.00002555265624,18.001315482924905,18.359331693162563,0.0,0.0,0.0,0.0,0.0,-10.275,18.0,27.0,0.09183615471624539,109.37758083664397,0.9803645029120962,1970.7631612800908
1986-01-13T09:08:00,extended_january,baseline,17.99929226368008,19.206642458662124,17.999407805679503,17.999970980560004,18.38554005364937,0.0,0.0,0.0,0.0,0.0,-10.0,18.0,27.0,0.09183615471624539,109.46941699136022,0.8934025803407546,1971.6565638604316
1986-01-13T09:23:00,extended_january,baseline,18.0001566319813,19.63907665073894,18.000021471156604,17.999051278395896,18.43073766556831,0.0,0.0,0.0,0.0,0.0,-9.575,18.0,27.0,0.09183615471624539,109.56125314607647,0.7778517281848267,1972.4344155886163
1986-01-13T09:38:00,extended_january,baseline,17.999500122155688,20.077194140249986,18.000328248361058,18.000544941027027,18.485308577559344,0.0,0.0,0.0,0.0,0.0,-9.15,18.0,27.0,0.09183615471624539,109.65308930079271,0.6539388749103685,1973.0883544635267
1986-01-13T09:53:00,extended_january,baseline,17.999477283452222,20.452268807708222,18.000080894079062,17.998836215205536,18.54477323639185,0.0,0.0,0.0,0.0,0.0,-8.725000000000001,18.0,27.0,0.09183615471624539,109.74492545550896,0.5346496675863629,1973.623004131113
1986-01-13T10:08:00,extended_january,baseline,17.999897633086345,20.782695957934138,17.999877802262397,17.999846443210597,18.60797378112846,0.0,0.0,0.0,0.0,0.0,-8.3,18.0,27.0,0.09183615471624539,109.83676161022521,0.41193949918290057,1974.0349436302959
1986-01-13T10:15:00,extended_january,baseline,18.050659904864453,20.999870830124923,17.999664622246925,18.001488517810014,18.645947280736895,0.0,0.0,0.0,0.0,0.0,-8.025,18.0,27.0,0.09183615471624539,109.92859776494146,0.3411506885083416,1974.3760943188042
1986-01-13T10:30:00,extended_january,baseline,18.21054481857667,21.222092386204547,18.000247088393404,18.00026636456879,18.685558936917264,0.0,0.0,0.0,0.0,0.0,-7.75,18.0,27.0,0.09183615471624539,110.0204339196577,0.30486833727910506,1974.6809626560832
1986-01-13T10:45:00,extended_january,baseline,18.431691001090616,21.381250422977658,17.999891316637814,17.99895925309619,18.723258089126144,0.0,0.0,0.0,0.0,0.0,-7.4750000000000005,18.0,27.0,0.09183615471624539,110.11227007437395,0.25121648999756646,1974.932179146081
1986-01-13T11:00:00,extended_january,baseline,18.676219565397915,21.48240782376643,17.999414992689974,17.99985418608051,18.762517003438738,0.0,0.0,0.0,0.0,0.0,-7.2,18.0,27.0,0.09183615471624539,110.2041062290902,0.1962797307888548,1975.1284588768697
1986-01-13T11:15:00,extended_january,baseline,18.942028415967943,21.536132510927214,18.000714585198818,18.001097095580832,18.80762314296222,0.0,0.0,0.0,0.0,0.0,-6.925000000000001,18.0,27.0,0.09183615471624539,110.29594238380645,0.14097641405601044,1975.2694352909257
1986-01-13T11:30:00,extended_january,baseline,19.23028066525463,21.545242105604054,17.999570632036342,17.99916240692336,18.857653156585126,0.0,0.0,0.0,0.0,0.0,-6.65,18.0,27.0,0.09183615471624539,110.3877785385227,0.11269008822682611,1975.3821253791525
1986-01-13T11:45:00,extended_january,baseline,19.522430470518145,21.499021261232667,17.999628268661098,17.999191879787844,18.913464005502227,0.0,0.0,0.0,0.0,0.0,-6.374999999999999,18.0,27.0,0.09183615471624539,110.47961469323894,0.08539531044639632,1975.4675206895988
1986-01-13T12:00:00,extended_january,baseline,19.809883153213992,21.400533521547676,17.999798873325524,17.99987194442338,18.972971759780904,0.0,0.0,0.0,0.0,0.0,-6.1,18.0,27.0,0.09183615471624539,110.57145084795519,0.0642622027030589,1975.5317828923019
1986-01-13T12:15:00,extended_january,baseline,20.09731385921377,21.265754342176983,18.00026792046981,17.99882088997644,19.038237358114973,0.0,0.0,0.0,0.0,0.0,-5.824999999999999,18.0,27.0,0.09183615471624539,110.66328700267144,0.03789068554255374,1975.5696735778445
1986-01-13T12:30:00,extended_january,baseline,20.38220535532737,21.103317100403988,17.999674033813438,18.00076445426485,19.107166210633046,0.0,0.0,0.0,0.0,0.0,-5.55,18.0,27.0,0.09183615471624539,110.75512315738769,0.014219098819166668,1975.5838926766637
1986-01-13T12:45:00,extended_january,baseline,20.574668555359217,20.897047925946616,18.020625910577902,18.042869661117255,19.177134624803625,0.0,0.0,0.0,0.0,0.0,-5.275,18.0,27.0,0.09183615471624539,110.84695931210393,0.0,1975.5838926766637
1986-01-13T13:00:00,extended_january,baseline,20.642756740001005,20.66781312474005,18.07816649306374,18.12136861346432,19.24583772106995,0.0,0.0,0.0,0.0,0.0,-5.0,18.0,27.0,0.09183615471624539,110.93879546682018,0.0,1975.5838926766637
1986-01-13T13:15:00,extended_january,baseline,20.558932102098275,20.408607370910158,18.11049870670211,18.175006828153936,19.280529371914625,0.0,0.0,0.0,0.0,0.0,-5.275,18.0,27.0,0.09183615471624539,111.03063162153643,0.0,1975.5838926766637
1986-01-13T13:30:00,extended_january,baseline,20.365590746834467,20.15143520487139,18.1138678120902,18.203038074546907,19.28715249259555,0.0,0.0,0.0,0.0,0.0,-5.55,18.0,27.0,0.09183615471624539,111.12246777625268,0.0,1975.5838926766637
1986-01-13T13:45:00,extended_january,baseline,20.2608112661478,19.902996301620025,18.089535512109002,18.206241896969193,19.278196360747092,0.0,0.0,0.0,0.0,0.0,-5.824999999999999,18.0,27.0,0.09183615471624539,111.21430393096892,0.0,1975.5838926766637
1986-01-13T14:00:00,extended_january,baseline,20.229282657539937,19.65399650318452,18.04046918452435,18.186255698889063,19.259445726758063,0.0,0.0,0.0,0.0,0.0,-6.1,18.0,27.0,0.09183615471624539,111.30614008568517,0.0,1975.5838926766637
1986-01-13T14:15:00,extended_january,baseline,20.30643700546362,19.45232673959562,18.013180783498978,18.19543355092522,19.265144886300607,0.0,0.0,0.0,0.0,0.0,-6.1,18.0,27.0,0.09183615471624539,111.39797624040142,0.0,1975.5838926766637
1986-01-13T14:30:00,extended_january,baseline,20.432209223970595,19.282165598757846,18.00049922431985,18.225661272753413,19.288825742285333,0.0,0.0,0.0,0.0,0.0,-6.1,18.0,27.0,0.09183615471624539,111.48981239511767,0.0033110956859145144,1975.5872037723495
1986-01-13T14:45:00,extended_january,baseline,20.41405824596438,19.117035036865293,17.999953712213372,18.245829229563483,19.316925141137805,0.0,0.0,0.0,0.0,0.0,-6.1,18.0,27.0,0.09183615471624539,111.58164854983391,0.01204746847410906,1975.5992512408236
1986-01-13T15:00:00,extended_january,baseline,20.236484145406113,18.950915842549627,17.999809043940914,18.241718246931637,19.3422031317162,0.0,0.0,0.0,0.0,0.0,-6.1,18.0,27.0,0.09183615471624539,111.67348470455016,0.024752348050076013,1975.6240035888736
1986-01-13T15:23:00,extended_january,baseline,19.789512262478844,18.719407709492582,17.999543325976315,18.150505280453437,19.33704611705412,0.0,0.0,0.0,0.0,0.0,-6.374999999999999,18.0,27.0,0.09183615471624539,111.76532085926641,0.04988009550908873,1975.6738836843826
1986-01-13T15:38:00,extended_january,baseline,19.273411932871017,18.511882395148405,17.999816089410782,18.004751751986063,19.306665351401477,0.0,0.0,0.0,0.0,0.0,-6.65,18.0,27.0,0.09183615471624539,111.85715701398266,0.09334760778263247,1975.7672312921652
1986-01-13T15:53:00,extended_january,baseline,18.91775818740113,18.317408921011044,18.000513289351872,18.00098468720217,19.26166854177835,0.0,0.0,0.0,0.0,0.0,-6.925000000000001,18.0,27.0,0.09183615471624539,111.9489931686989,0.14225964191766916,1975.909490934083
1986-01-13T16:08:00,extended_january,baseline,18.611293069439203,18.140950571106817,17.999289603902028,18.000097210863547,19.20737816308736,0.0,0.0,0.0,0.0,0.0,-7.2,18.0,27.0,0.09183615471624539,112.04082932341515,0.18671620654695306,1976.0962071406298
1986-01-13T16:15:00,extended_january,baseline,18.4217685236037,18.02620725553393,18.00021182480007,18.001036267039453,19.18805441523683,0.0,0.0,0.0,0.0,0.0,-7.4750000000000005,18.0,27.0,0.09183615471624539,112.1326654781314,0.21193931791037962,1976.3081464585403
1986-01-13T16:30:00,extended_january,baseline,18.219653279861774,18.002517357816167,17.99907272495503,17.999982316258084,19.17796677710484,0.0,0.0,0.0,0.0,0.0,-7.75,18.0,27.0,0.09183615471624539,112.22450163284765,0.25648918134864396,1976.5646356398888
1986-01-13T16:45:00,extended_january,baseline,18.04060490465638,17.999335370896386,18.000039209646275,18.001057251006632,19.17512290562868,0.0,0.0,0.0,0.0,0.0,-8.025,18.0,27.0,0.09183615471624539,112.3163377875639,0.2993685221061917,1976.864004161995
1986-01-13T17:00:00,extended_january,baseline,18.001597336086547,18.000750614732905,18.00076707185883,17.999354734884403,19.17466080681789,0.0,0.0,0.0,0.0,0.0,-8.3,18.0,27.0,0.09183615471624539,112.40817394228014,0.3887355815452927,1977.2527397435401
1986-01-13T17:15:00,extended_january,baseline,17.999653688345624,17.999471922539033,17.999876726430905,17.999545866758638,19.159096667797346,0.0,0.0,0.0,0.0,0.0,-8.3,18.0,27.0,0.09183615471624539,112.50001009699639,0.46834974713812455,1977.7210894906782
1986-01-13T17:30:00,extended_january,baseline,18.00028339477558,17.998693484237222,17.99981274574339,17.9984114979619,19.133485311168137,0.0,0.0,0.0,0.0,0.0,-8.3,18.0,27.0,0.09183615471624539,112.59184625171264,0.5450527405499949,1978.2661422312283
1986-01-13T17:45:00,extended_january,baseline,18.000479053635647,18.000224108055754,18.000667665403224,18.00079710797091,19.10571298748469,0.0,0.0,0.0,0.0,0.0,-8.3,18.0,27.0,0.09183615471624539,112.68368240642889,0.612574996776395,1978.8787172280047
1986-01-13T18:00:00,extended_january,baseline,17.999847776073576,18.000752597236083,18.000358003546594,17.99963713680785,19.07877703847195,0.0,0.0,0.0,0.0,0.0,-8.3,18.0,27.0,0.09183615471624539,112.77551856114513,0.6645227865372173,1979.5432400145419
1986-01-13T18:15:00,extended_january,baseline,18.000296892975427,17.999272751769237,17.999610392753908,17.99923329353349,19.080105198029024,0.0,0.0,0.0,0.0,0.0,-8.450000000000001,18.0,27.0,0.09183615471624539,112.86735471586138,0.6614097080365333,1980.2046497225783
1986-01-13T18:30:00,extended_january,baseline,18.00042858281019,18.000504389789654,18.00085104408401,18.00004578566491,19.103382006601937,0.0,0.0,0.0,0.0,0.0,-8.600000000000001,18.0,27.0,0.09183615471624539,112.95919087057763,0.6534829806487715,1980.858132703227
1986-01-13T18:45:00,extended_january,baseline,17.99902067674872,17.998987822335135,17.999486869837693,18.001088215714276,19.136902900456445,0.0,0.0,0.0,0.0,0.0,-8.75,18.0,27.0,0.09183615471624539,113.05102702529388,0.6347525457108084,1981.492885248938
1986-01-13T19:00:00,extended_january,baseline,17.999594222844465,18.000593736268467,18.000218566501527,17.99882588437126,19.175914969767536,0.0,0.0,0.0,0.0,0.0,-8.9,18.0,27.0,0.09183615471624539,113.14286318001012,0.6174206274453867,1982.1103058763833
1986-01-13T19:15:00,extended_january,baseline,18.000755736080684,17.999538544805574,18.00070562686763,17.998923454115285,19.1629547385174,0.0,0.0,0.0,0.0,0.0,-8.475000000000001,18.0,27.0,0.09183615471624539,113.23469933472637,0.6877945503823066,1982.7981004267656
1986-01-13T19:30:00,extended_january,baseline,17.999707386691398,18.0006394660165,17.99899038910341,18.000110348073108,19.112468626903567,0.0,0.0,0.0,0.0,0.0,-8.05,18.0,27.0,0.09183615471624539,113.32653548944262,0.7479183560324612,1983.546018782798
1986-01-13T19:45:00,extended_january,baseline,17.999368092307737,18.00036475661678,17.999914045796093,18.00026715916449,19.049505248943483,0.0,0.0,0.0,0.0,0.0,-7.625,18.0,27.0,0.09183615471624539,113.41837164415887,0.8028148518238425,1984.3488336346218
1986-01-13T20:00:00,extended_january,baseline,17.999183291755404,18.00024752463169,17.99906458770871,17.9986734268868,18.984300767133398,0.0,0.0,0.0,0.0,0.0,-7.2,18.0,27.0,0.09183615471624539,113.51020779887511,0.8469233687354611,1985.1957570033571
1986-01-13T20:15:00,extended_january,baseline,18.00061055189314,18.0016155859748,18.0006278420899,17.99953360982845,18.942304364273646,0.0,0.0,0.0,0.0,0.0,-7.2,18.0,27.0,0.09183615471624539,113.60204395359136,0.857665840972127,1986.0534228443294
1986-01-13T20:30:00,extended_january,baseline,18.000110240039856,17.999701756063203,17.99964555400171,18.000328841611783,18.916850160464826,0.0,0.0,0.0,0.0,0.0,-7.2,18.0,27.0,0.09183615471624539,113.69388010830761,0.8609771038837044,1986.914399948213
1986-01-13T20:45:00,extended_january,baseline,17.99889300447986,18.00098940399533,17.99916190472167,18.001180454119396,18.897429287956044,0.0,0.0,0.0,0.0,0.0,-7.2,18.0,27.0,0.09183615471624539,113.78571626302386,0.8700336229725477,1987.7844335711857
1986-01-13T21:00:00,extended_january,baseline,17.99988342125387,18.001210742776067,18.00021709866374,18.0007950689891,18.88019521977874,0.0,0.0,0.0,0.0,0.0,-7.2,18.0,27.0,0.09183615471624539,113.8775524177401,0.878735587315195,1988.663169158501
1986-01-13T21:15:00,extended_january,baseline,17.999396280191277,18.000302834487833,17.999920916718416,18.000229999837256,18.866203623896837,0.0,0.0,0.0,0.0,0.0,-7.075,18.0,27.0,0.09183615471624539,113.96938857245635,0.877590999058279,1989.5407601575594
1986-01-13T21:30:00,extended_january,baseline,18.000928496750582,17.999859021962585,17.999132271938034,18.000482924063732,18.855155357057725,0.0,0.0,0.0,0.0,0.0,-6.95,18.0,27.0,0.09183615471624539,114.0612247271726,0.8802202161957022,1990.4209803737551
1986-01-13T21:45:00,extended_january,baseline,17.99983801230442,18.000185953352563,17.999895034765146,18.001455866480608,18.845925715112934,0.0,0.0,0.0,0.0,0.0,-6.825,18.0,27.0,0.09183615471624539,114.15306088188885,0.8821729189399287,1991.303153292695
1986-01-13T22:00:00,extended_january,baseline,17.999468480344653,18.001197296627875,17.999598605283698,17.99838031637722,18.837931959386918,0.0,0.0,0.0,0.0,0.0,-6.7,18.0,27.0,0.09183615471624539,114.2448970366051,0.8815003321204924,1992.1846536248156
1986-01-13T22:15:00,extended_january,baseline,18.000696041384625,18.000993256130986,18.00102970411084,18.000406672102248,18.830460483363396,0.0,0.0,0.0,0.0,0.0,-6.7,18.0,27.0,0.09183615471624539,114.33673319132134,0.8868758266478065,1993.0715294514634
1986-01-13T22:30:00,extended_january,baseline,18.00029552500999,18.000025335413568,17.999074912909016,17.999474505145784,18.823526537387373,0.0,0.0,0.0,0.0,0.0,-6.7,18.0,27.0,0.09183615471624539,114.42856934603759,0.8891720762383483,1993.9607015277018
1986-01-13T22:45:00,extended_january,baseline,18.001134008215754,17.998946711630328,17.999338455648232,18.000191761466827,18.81725143608638,0.0,0.0,0.0,0.0,0.0,-6.7,18.0,27.0,0.09183615471624539,114.52040550075384,0.897631218941928,1994.8583327466438
1986-01-13T23:00:00,extended_january,baseline,18.00085413934843,18.000137240591055,17.99947168456619,18.000379051669146,18.811574218925923,0.0,0.0,0.0,0.0,0.0,-6.7,18.0,27.0,0.09183615471624539,114.61224165547009,0.8970750930834731,1995.7554078397272
1986-01-13T23:15:00,extended_january,baseline,17.99958826649695,18.000469295212557,18.000028929860523,17.999863036923035,18.806512061905668,0.0,0.0,0.0,0.0,0.0,-6.7,18.0,27.0,0.09183615471624539,114.70407781018633,0.9007671971445007,1996.6561750368717
1986-01-13T23:30:00,extended_january,baseline,18.000606715196334,17.999930839879433,17.99990594816886,17.99919303902244,18.802158172334966,0.0,0.0,0.0,0.0,0.0,-6.7,18.0,27.0,0.09183615471624539,114.79591396490258,0.9056853033729857,1997.5618603402447
1986-01-13T23:45:00,extended_january,baseline,18.000791773300513,18.001439279422105,18.000381842714738,17.998454007034592,18.798263209763995,0.0,0.0,0.0,0.0,0.0,-6.7,18.0,27.0,0.09183615471624539,114.88775011961883,0.9065818055915631,1998.4684421458362
1986-01-14T00:00:00,extended_january,baseline,17.99991930658958,17.999674333383982,18.000219861676293,17.999945593270965,18.794712658440552,0.0,0.0,0.0,0.0,0.0,-6.7,18.0,27.0,0.09183615471624539,114.97958627433508,0.9117407823513964,1999.3801829281877
1986-01-14T00:15:00,extended_january,baseline,17.998893219589,18.000011646839862,17.999707538638248,18.00034353577449,18.773510142322916,0.0,0.0,0.0,0.0,0.0,-6.825,18.0,27.0,0.09183615471624539,115.07142242905132,0.9566948886460649,2000.3368778168337
1986-01-14T00:30:00,extended_january,baseline,17.999128107786063,17.99927607533268,18.000323508484684,18.001116380753793,18.739047259142215,0.0,0.0,0.0,0.0,0.0,-6.95,18.0,27.0,0.09183615471624539,115.16325858376757,0.9989491856074912,2001.3358270024412
1986-01-14T00:45:00,extended_january,baseline,17.99895588457435,17.998657191304787,18.000519167380645,18.001587955974266,18.69883093772454,0.0,0.0,0.0,0.0,0.0,-7.075,18.0,27.0,0.09183615471624539,115.25509473848382,1.0387925429641034,2002.3746195454053
1986-01-14T01:00:00,extended_january,baseline,17.999495709709237,17.999859794464605,17.99921406171428,18.001049124101726,18.656194565482462,0.0,0.0,0.0,0.0,0.0,-7.2,18.0,27.0,0.09183615471624539,115.34693089320007,1.0779087403422252,2003.4525282857476
1986-01-14T01:15:00,extended_january,baseline,18.000676384243206,18.00155956722431,17.999380988960894,17.999477356729127,18.638368423419248,0.0,0.0,0.0,0.0,0.0,-7.3500000000000005,18.0,27.0,0.09183615471624539,115.43876704791631,1.0611091879768868,2004.5136374737244
1986-01-14T01:30:00,extended_january,baseline,18.000006667850748,18.001012027145485,18.00085134114434,18.001626295959777,18.63894313139528,0.0,0.0,0.0,0.0,0.0,-7.5,18.0,27.0,0.09183615471624539,115.53060320263256,1.0505697015379212,2005.5642071752623
1986-01-14T01:45:00,extended_january,baseline,18.00047709902564,17.999239419632683,18.00082512630051,17.9999008032957,18.64675215814112,0.0,0.0,0.0,0.0,0.0,-7.6499999999999995,18.0,27.0,0.09183615471624539,115.62243935734881,1.0431228775596235,2006.607330052822
1986-01-14T02:00:00,extended_january,baseline,18.000041150684748,18.00155502807265,17.999701243587207,17.999356667525223,18.657114134747555,0.0,0.0,0.0,0.0,0.0,-7.8,18.0,27.0,0.09183615471624539,115.71427551206506,1.0374048192240939,2007.644734872046
1986-01-14T02:15:00,extended_january,baseline,17.999423279729314,18.00004521047368,18.00060700173447,18.000695319813808,18.678210704924165,0.0,0.0,0.0,0.0,0.0,-6.949999999999999,18.0,27.0,0.09183615471624539,115.8061116667813,0.9765788073106244,2008.6213136793567
1986-01-14T02:30:00,extended_january,baseline,17.998955674711166,17.999949615090866,18.0007289324546,17.998424816877723,18.70675815685814,0.0,0.0,0.0,0.0,0.0,-6.1,18.0,27.0,0.09183615471624539,115.89794782149755,0.9207580788504613,2009.5420717582072
1986-01-14T02:45:00,extended_january,baseline,18.00044479681826,17.99947137574739,17.999121327397113,17.998268956114853,18.73810880466827,0.0,0.0,0.0,0.0,0.0,-5.25,18.0,27.0,0.09183615471624539,115.9897839762138,0.8666516658771013,2010.4087234240842
1986-01-14T03:00:00,extended_january,baseline,18.000224908369177,17.998409095142765,17.999970562090606,18.000502122244995,18.770344077987982,0.0,0.0,0.0,0.0,0.0,-4.4,18.0,27.0,0.09183615471624539,116.08162013093005,0.8121383273752804,2011.2208617514596
1986-01-14T03:15:00,extended_january,baseline,17.999921004787375,17.999167243831344,18.001045711191182,18.00068123030534,18.78897296865705,0.0,0.0,0.0,0.0,0.0,-4.4,18.0,27.0,0.09183615471624539,116.1734562856463,0.8138568759422402,2012.0347186274018
1986-01-14T03:30:00,extended_january,baseline,17.99980307672419,18.001220681109587,18.00012496770617,17.999364765278532,18.79810603673065,0.0,0.0,0.0,0.0,0.0,-4.4,18.0,27.0,0.09183615471624539,116.26529244036254,0.8131272074191912,2012.847845834821
1986-01-14T03:45:00,extended_january,baseline,18.000940526932194,18.001275556679456,18.000538553703244,18.000149129763354,18.804129649074035,0.0,0.0,0.0,0.0,0.0,-4.4,18.0,27.0,0.09183615471624539,116.35712859507879,0.8078299395874408,2013.6556757744086
1986-01-14T04:00:00,extended_january,baseline,17.99986676426063,17.999649661765915,17.999333878127253,17.999601404278707,18.80941546012842,0.0,0.0,0.0,0.0,0.0,-4.4,18.0,27.0,0.09183615471624539,116.44896474979504,0.800716696257319,2014.4563924706658
1986-01-14T04:15:00,extended_january,baseline,18.000164708598746,17.999278398477596,17.99993719190165,17.999601642244173,18.83243701346801,0.0,0.0,0.0,0.0,0.0,-4.825,18.0,27.0,0.09183615471624539,116.54080090451129,0.7740051320959561,2015.2303976027617
1986-01-14T04:30:00,extended_january,baseline,17.999079012424932,17.999672958406943,17.999315519818147,18.000125490655112,18.86956190598817,0.0,0.0,0.0,0.0,0.0,-5.25,18.0,27.0,0.09183615471624539,116.63263705922753,0.7465708081444556,2015.9769684109062
1986-01-14T04:45:00,extended_january,baseline,17.999604894949698,18.00010507776241,18.000269573964243,18.000719565564943,18.913343215072036,0.0,0.0,0.0,0.0,0.0,-5.674999999999999,18.0,27.0,0.09183615471624539,116.72447321394378,0.7185395809690888,2016.6955079918753
1986-01-14T05:00:00,extended_january,baseline,18.000398827718715,18.000511115650507,18.000006007940787,17.998708735783755,18.960773310520626,0.0,0.0,0.0,0.0,0.0,-6.1,18.0,27.0,0.09183615471624539,116.81630936866003,0.6900948535786534,2017.3856028454538
1986-01-14T05:15:00,extended_january,baseline,18.000755498977725,18.00094298001591,17.999840597436474,18.00013669170458,18.97280660677576,0.0,0.0,0.0,0.0,0.0,-6.249999999999999,18.0,27.0,0.09183615471624539,116.90814552337628,0.7282527648899408,2018.1138556103438
1986-01-14T05:30:00,extended_january,baseline,18.001065298880228,18.00042149175036,18.00031938834683,18.000597502005995,18.95793599492105,0.0,0.0,0.0,0.0,0.0,-6.4,18.0,27.0,0.09183615471624539,116.99998167809252,0.7647510666715253,2018.8786066770153
1986-01-14T05:45:00,extended_january,baseline,18.000304976155377,18.000862358828556,17.999961677809154,18.00119794382931,18.9320554480539,0.0,0.0,0.0,0.0,0.0,-6.550000000000001,18.0,27.0,0.09183615471624539,117.09181783280877,0.8012986565253707,2019.6799053335408
1986-01-14T06:00:00,extended_january,baseline,18.00026705651913,18.001074719561185,17.999029429376122,17.99886191406491,18.901830585753206,0.0,0.0,0.0,0.0,0.0,-6.7,18.0,27.0,0.09183615471624539,117.18365398752502,0.8398962498618472,2020.5198015834026
1986-01-14T06:15:00,extended_january,baseline,18.00029993303801,18.00029680678937,18.00084739518028,18.00139803107442,18.88289166607644,0.0,0.0,0.0,0.0,0.0,-6.425000000000001,18.0,27.0,0.09183615471624539,117.27549014224127,0.8357487984460303,2021.3555503818486
1986-01-14T06:30:00,extended_january,baseline,18.00080814712787,17.99947141850874,17.9999685963992,18.000657725739643,18.872174808360302,0.0,0.0,0.0,0.0,0.0,-6.15,18.0,27.0,0.09183615471624539,117.36732629695751,0.8307735606255495,2022.1863239424742
1986-01-14T06:45:00,extended_january,baseline,17.999752325860662,17.999365877883143,17.99996545192322,17.999864103048626,18.863515676767868,0.0,0.0,0.0,0.0,0.0,-5.874999999999999,18.0,27.0,0.09183615471624539,117.45916245167376,0.8273852690644268,2023.0137092115388
1986-01-14T07:00:00,extended_january,baseline,18.00041989088685,17.99995818326186,18.000228397889927,18.000234866973923,18.855197451342985,0.0,0.0,0.0,0.0,0.0,-5.6,18.0,27.0,0.09183615471624539,117.55099860639001,0.8252573059256778,2023.8389665174645
1986-01-14T07:15:00,extended_january,baseline,17.998982097673004,18.001318688638083,17.999210459135803,17.999153555967574,18.823156369077985,0.0,0.0,0.0,0.0,0.0,-5.299999999999999,18.0,27.0,0.09183615471624539,117.64283476110626,0.8690268746521519,2024.7079933921168
1986-01-14T07:30:00,extended_january,baseline,17.999018632462413,17.999397244271595,17.999316470377124,17.999597793220474,18.77415185689976,0.0,0.0,0.0,0.0,0.0,-5.0,18.0,27.0,0.09183615471624539,117.7346709158225,0.8651407617464572,2025.5731341538633
1986-01-14T07:45:00,extended_january,baseline,18.000654832539755,17.998853175010872,17.99946900656379,18.000530821436733,18.720199217881586,0.0,0.0,0.0,0.0,0.0,-4.7,18.0,27.0,0.09183615471624539,117.82650707053875,0.8467409396016469,2026.419875093465
1986-01-14T08:00:00,extended_january,baseline,18.000464351657026,17.99994316407526,18.000490700366804,18.000259818628756,18.666466543636105,0.0,0.0,0.0,0.0,0.0,-4.4,18.0,27.0,0.09183615471624539,117.918343225255,0.8262124373998797,2027.2460875308648
1986-01-14T08:15:00,extended_january,baseline,18.000097964604183,17.99995469116064,18.00063893795026,17.99954119478948,18.64787019985666,0.0,0.0,0.0,0.0,0.0,-4.550000000000001,18.0,27.0,0.09183615471624539,118.01017937997125,0.7577593956808462,2028.0038469265455
1986-01-14T08:30:00,extended_january,baseline,18.000948469827364,18.000016956327087,17.999820384316973,17.99919100887241,18.655164517673217,0.0,0.0,0.0,0.0,0.0,-4.7,18.0,27.0,0.09183615471624539,118.1020155346875,0.693095646596679,2028.6969425731422
1986-01-14T08:45:00,extended_january,baseline,18.00006691045171,17.999308392342805,17.999984776327413,17.999554724152702,18.6730066250337,0.0,0.0,0.0,0.0,0.0,-4.85,18.0,27.0,0.09183615471624539,118.19385168940374,0.6336476351480704,2029.3305902082902
1986-01-14T09:00:00,extended_january,baseline,18.000015327915992,18.00038432265132,18.000348846001838,17.99998686244602,18.695390189664234,0.0,0.0,0.0,0.0,0.0,-5.0,18.0,27.0,0.09183615471624539,118.28568784411999,0.5728473724756256,2029.903437580766
1986-01-14T09:15:00,extended_january,baseline,17.999554129918565,18.000078783064332,17.999912301428186,17.998578208184945,18.698854539298694,0.0,0.0,0.0,0.0,0.0,-4.85,18.0,27.0,0.09183615471624539,118.37752399883624,0.5396920205950807,2030.443129601361
1986-01-14T09:30:00,extended_january,baseline,17.999695687549778,18.000610811482566,17.999650323881202,17.99974565849224,18.688869388012396,0.0,0.0,0.0,0.0,0.0,-4.7,18.0,27.0,0.09183615471624539,118.46936015355249,0.5080302709762157,2030.9511598723373
1986-01-14T09:45:00,extended_january,baseline,17.999592908474252,17.999791654529776,17.999935841900335,18.000252243012433,18.674835407632305,0.0,0.0,0.0,0.0,0.0,-4.550000000000001,18.0,27.0,0.09183615471624539,118.56119630826873,0.4906186674837654,2031.441778539821
1986-01-14T10:00:00,extended_january,baseline,17.99993184231792,18.000196362449405,17.999256148952856,17.998502541374194,18.66016952591008,0.0,0.0,0.0,0.0,0.0,-4.4,18.0,27.0,0.09183615471624539,118.65303246298498,0.4717775180628808,2031.9135560578839
1986-01-14T10:15:00,extended_january,baseline,18.00030313944712,17.99943306091074,17.999272607602972,18.001299210572977,18.65920789172277,0.0,0.0,0.0,0.0,0.0,-4.4,18.0,27.0,0.09183615471624539,118.74486861770123,0.43373862087493265,2032.3472946787588
1986-01-14T10:30:00,extended_january,baseline,17.999751022105055,18.00083410036816,18.000245009627843,17.999812700428166,18.66812538218145,0.0,0.0,0.0,0.0,0.0,-4.4,18.0,27.0,0.09183615471624539,118.83670477241748,0.395970763616966,2032.7432654423758
1986-01-14T10:45:00,extended_january,baseline,17.999312000146034,17.999124495980357,18.000360731001976,18.001220417134213,18.680792565177917,0.0,0.0,0.0,0.0,0.0,-4.4,18.0,27.0,0.09183615471624539,118.92854092713372,0.3548056592561794,2033.098071101632
1986-01-14T11:00:00,extended_january,baseline,17.999234094157398,18.00014521277839,17.999984257269876,18.000769468467546,18.695654189326163,0.0,0.0,0.0,0.0,0.0,-4.4,18.0,27.0,0.09183615471624539,119.02037708184997,0.3143524536757077,2033.4124235553077
1986-01-14T11:15:00,extended_january,baseline,17.999859686370097,18.00125019759757,18.000040934087973,18.000039636098265,18.702489446471276,0.0,0.0,0.0,0.0,0.0,-4.275,18.0,27.0,0.09183615471624539,119.11221323656622,0.2855932237229336,2033.6980167790307
1986-01-14T11:30:00,extended_january,baseline,18.000772197843936,17.999281757802517,18.000210850990268,18.000083728855547,18.70351341016094,0.0,0.0,0.0,0.0,0.0,-4.15,18.0,27.0,0.09183615471624539,119.20404939128247,0.26114673038170066,2033.9591635094123
1986-01-14T11:45:00,extended_january,baseline,17.99923513091723,17.999855164417763,18.000464063102818,18.00080090466818,18.702793949976208,0.0,0.0,0.0,0.0,0.0,-4.025,18.0,27.0,0.09183615471624539,119.29588554599871,0.24490437932659284,2034.2040678887388
1986-01-14T12:00:00,extended_january,baseline,18.000532618027016,17.999628761892964,17.99989598926091,17.999556657344794,18.70162810680502,0.0,0.0,0.0,0.0,0.0,-3.9,18.0,27.0,0.09183615471624539,119.38772170071496,0.23125876415989158,2034.4353266528988
1986-01-14T12:15:00,extended_january,baseline,17.999367641223508,18.000315677489017,18.000799675672436,18.000072589531786,18.724717572645815,0.0,0.0,0.0,0.0,0.0,-3.9,18.0,27.0,0.09183615471624539,119.47955785543121,0.18349154294380976,2034.6188181958426
1986-01-14T12:30:00,extended_january,baseline,17.99982913398307,18.00401772275215,17.99956252334658,18.000005335934173,18.765729745902068,0.0,0.0,0.0,0.0,0.0,-3.9,18.0,27.0,0.09183615471624539,119.57139401014746,0.13789724844930437,2034.7567154442918
1986-01-14T12:45:00,extended_january,baseline,18.16105134973819,18.102523166236402,17.99933081676962,17.99940069682797,18.814808036538388,0.0,0.0,0.0,0.0,0.0,-3.9,18.0,27.0,0.09183615471624539,119.6632301648637,0.04394157709635844,2034.8006570213881
1986-01-14T13:08:00,extended_january,baseline,18.656958630584256,18.2451612493033,18.00035080732736,18.000227652243883,18.88349135815961,0.0,0.0,0.0,0.0,0.0,-3.9,18.0,27.0,0.09183615471624539,119.75506631957995,0.027575245665307335,2034.8282322670534
1986-01-14T13:23:00,extended_january,baseline,19.278519808567324,18.278149545472576,18.000208760021465,17.999360445126108,18.919003323831184,0.0,0.0,0.0,0.0,0.0,-3.75,18.0,27.0,0.09183615471624539,119.8469024742962,0.03223518673728134,2034.8604674537908
1986-01-14T13:35:00,extended_january,baseline,19.99860848927048,18.253034316681365,17.999831523655175,18.00019656513798,18.951763213526092,0.0,0.0,0.0,0.0,0.0,-3.5999999999999996,18.0,27.0,0.09183615471624539,119.93873862901245,0.03518630844112273,2034.8956537622319
1986-01-14T13:53:00,extended_january,baseline,20.480003284857005,18.20370958965782,18.0002476854256,18.00075312565355,18.98145372808275,0.0,0.0,0.0,0.0,0.0,-3.4499999999999997,18.0,27.0,0.09183615471624539,120.0305747837287,0.043144381763753285,2034.9387981439957
1986-01-14T14:08:00,extended_january,baseline,20.89552989087848,18.16895023269527,18.000050707218175,18.000865207163827,19.01466695360182,0.0,0.0,0.0,0.0,0.0,-3.3,18.0,27.0,0.09183615471624539,120.12241093844494,0.04626536545104185,2034.9850635094467
1986-01-14T14:23:00,extended_january,baseline,21.236599291104596,18.159089637985968,18.00017713322679,18.000477192270125,19.048451302600448,0.0,0.0,0.0,0.0,0.0,-3.175,18.0,27.0,0.09183615471624539,120.21424709316119,0.043955926999116254,2035.0290194364459
1986-01-14T14:30:00,extended_january,baseline,21.45896702504566,18.151140244338162,18.000059156030513,18.034864111973093,19.073860284786832,0.0,0.0,0.0,0.0,0.0,-3.05,18.0,27.0,0.09183615471624539,120.30608324787744,0.044238438998184595,2035.0732578754441
1986-01-14T14:45:00,extended_january,baseline,21.66182331098757,18.134286876316516,17.99972411010278,18.09984979899741,19.10329033968591,0.0,0.0,0.0,0.0,0.0,-2.925,18.0,27.0,0.09183615471624539,120.39791940259369,0.0542174444996136,2035.1274753199439
1986-01-14T15:00:00,extended_january,baseline,21.767242206528383,18.11435945736453,17.99936391567842,18.18427560886528,19.129862706326506,0.0,0.0,0.0,0.0,0.0,-2.8,18.0,27.0,0.09183615471624539,120.48975555730993,0.06070128429035291,2035.1881766042343
1986-01-14T15:15:00,extended_january,baseline,21.778019703306594,18.089618565952314,18.000414759767246,18.274781407470428,19.156469391046844,0.0,0.0,0.0,0.0,0.0,-3.0749999999999997,18.0,27.0,0.09183615471624539,120.58159171202618,0.07245532819009312,2035.2606319324243
1986-01-14T15:30:00,extended_january,baseline,21.706511155716843,18.059782868205613,17.99923786129292,18.360565732799113,19.180826856103867,0.0,0.0,0.0,0.0,0.0,-3.3499999999999996,18.0,27.0,0.09183615471624539,120.67342786674243,0.0830507999002376,2035.3436827323246
1986-01-14T15:45:00,extended_january,baseline,21.56939139588977,18.021953506804206,18.000616126153062,18.432283378353382,19.20028700479206,0.0,0.0,0.0,0.0,0.0,-3.625,18.0,27.0,0.09183615471624539,120.76526402145868,0.09890771766457657,2035.4425904499892
1986-01-14T16:00:00,extended_january,baseline,21.375654725100727,18.0020128518215,17.999689156585465,18.48234372678285,19.213445509397815,0.0,0.0,0.0,0.0,0.0,-3.9,18.0,27.0,0.09183615471624539,120.85710017617492,0.12203583800689988,2035.5646262879961
1986-01-14T16:15:00,extended_january,baseline,21.09919575388839,18.00118577380342,18.000517075147773,18.49647814137587,19.23026024536685,0.0,0.0,0.0,0.0,0.0,-4.324999999999999,18.0,27.0,0.09183615471624539,120.94893633089117,0.14333304919666148,2035.7079593371927
1986-01-14T16:38:00,extended_january,baseline,20.621219993564857,18.000464581965694,17.999635911425088,18.435341265415495,19.250253140377737,0.0,0.0,0.0,0.0,0.0,-4.75,18.0,27.0,0.09183615471624539,121.04077248560742,0.1654237520702891,2035.873383089263
1986-01-14T16:53:00,extended_january,baseline,19.965491442227446,18.00055447563526,17.999939686730254,18.22433794340422,19.258806406968763,0.0,0.0,0.0,0.0,0.0,-5.174999999999999,18.0,27.0,0.09183615471624539,121.13260864032367,0.20514243594453793,2036.0785255252074
1986-01-14T17:08:00,extended_january,baseline,19.513980700417083,18.000253652366524,17.999730676440397,18.081108228962137,19.25678416396035,0.0,0.0,0.0,0.0,0.0,-5.6,18.0,27.0,0.09183615471624539,121.22444479503991,0.22721171468596948,2036.3057372398935
1986-01-14T17:23:00,extended_january,baseline,19.160246115370008,18.00005644002977,17.999925011428267,18.000707883113872,19.23854836254141,0.0,0.0,0.0,0.0,0.0,-5.874999999999999,18.0,27.0,0.09183615471624539,121.31628094975616,0.2583006196509639,2036.5640378595444
1986-01-14T17:38:00,extended_january,baseline,18.846002402903842,17.99952448370752,18.000030091714198,17.999472922997587,19.213277567529424,0.0,0.0,0.0,0.0,0.0,-6.15,18.0,27.0,0.09183615471624539,121.40811710447241,0.30387515731569287,2036.86791301686
1986-01-14T17:45:00,extended_january,baseline,18.621766060258455,17.999613571077692,17.99917136546615,18.00033484965668,19.19184439427612,0.0,0.0,0.0,0.0,0.0,-6.425000000000001,18.0,27.0,0.09183615471624539,121.49995325918866,0.33912716700333656,2037.2070401838635
1986-01-14T18:00:00,extended_january,baseline,18.382530726721004,18.00014202782221,17.99980877142405,17.999423553697994,19.165890925792894,0.0,0.0,0.0,0.0,0.0,-6.7,18.0,27.0,0.09183615471624539,121.5917894139049,0.37566295186358195,2037.5827031357271
1986-01-14T18:15:00,extended_january,baseline,18.173475867832412,18.00082064611643,18.000881775505974,18.00035038893251,19.140886790745046,0.0,0.0,0.0,0.0,0.0,-6.825,18.0,27.0,0.09183615471624539,121.68362556862115,0.4032072813695731,2037.9859104170966
1986-01-14T18:30:00,extended_january,baseline,18.006595720927397,17.9999480723768,18.000137611585554,18.000472793521432,19.11660214319541,0.0,0.0,0.0,0.0,0.0,-6.95,18.0,27.0,0.09183615471624539,121.7754617233374,0.43454253206208693,2038.4204529491587
1986-01-14T18:45:00,extended_january,baseline,18.00021758295452,17.9989306991368,17.999970898308508,17.99940329524845,19.093013733380747,0.0,0.0,0.0,0.0,0.0,-7.075,18.0,27.0,0.09183615471624539,121.86729787805365,0.5375932816639641,2038.9580462308227
1986-01-14T19:00:00,extended_january,baseline,18.000596244246264,17.999107568282472,17.99981812263689,18.000252638164273,19.070405664149682,0.0,0.0,0.0,0.0,0.0,-7.2,18.0,27.0,0.09183615471624539,121.9591340327699,0.5856125519897816,2039.5436587828124
1986-01-14T19:15:00,extended_january,baseline,18.00007487592238,18.000053774267876,18.000051475964607,17.9984170836555,19.045800870393656,0.0,0.0,0.0,0.0,0.0,-7.2,18.0,27.0,0.09183615471624539,122.05097018748614,0.6449952421094756,2040.1886540249218
1986-01-14T19:30:00,extended_january,baseline,18.000415765388613,18.000125687276103,18.00007419047492,17.999506124070635,19.020466178073626,0.0,0.0,0.0,0.0,0.0,-7.2,18.0,27.0,0.09183615471624539,122.14280634220239,0.6921537719557854,2040.8808077968777
1986-01-14T19:45:00,extended_january,baseline,18.00012559907545,18.00094394896835,18.000653583947763,17.99996317461719,18.996142244698127,0.0,0.0,0.0,0.0,0.0,-7.2,18.0,27.0,0.09183615471624539,122.23464249691864,0.7301116041752744,2041.610919401053
1986-01-14T20:00:00,extended_january,baseline,17.99939866509587,17.998542036705068,17.99971688367721,17.998498576284184,18.97321738716529,0.0,0.0,0.0,0.0,0.0,-7.2,18.0,27.0,0.09183615471624539,122.32647865163489,0.7588945293030555,2042.369813930356
1986-01-14T20:15:00,extended_january,baseline,18.00088476848217,17.999728592847365,17.999701962537294,17.999928948173242,18.957284898314697,0.0,0.0,0.0,0.0,0.0,-7.75,18.0,27.0,0.09183615471624539,122.41831480635113,0.7976885647187333,2043.1675024950748
1986-01-14T20:30:00,extended_january,baseline,18.00097352258804,17.999395071000748,18.000704331224377,17.999478470992926,18.947125900505284,0.0,0.0,0.0,0.0,0.0,-8.3,18.0,27.0,0.09183615471624539,122.51015096106738,0.8272802719414133,2043.9947827670162
1986-01-14T20:45:00,extended_january,baseline,17.999264380882412,18.00010733065311,17.999933997457696,18.000419585777678,18.940407542628055,0.0,0.0,0.0,0.0,0.0,-8.850000000000001,18.0,27.0,0.09183615471624539,122.60198711578363,0.8541362068492647,2044.8489189738655
1986-01-14T21:00:00,extended_january,baseline,17.999891245916988,17.999980843146655,18.000402885576523,17.99869530618713,18.936112212861314,0.0,0.0,0.0,0.0,0.0,-9.4,18.0,27.0,0.09183615471624539,122.69382327049988,0.8809641252156839,2045.7298830990812
1986-01-14T21:15:00,extended_january,baseline,18.00066429481098,17.99911855364527,17.99914785035878,17.999929563600737,18.93706631664368,0.0,0.0,0.0,0.0,0.0,-9.4,18.0,27.0,0.09183615471624539,122.78565942521612,0.8796451822166717,2046.6095282812978
1986-01-14T21:30:00,extended_january,baseline,17.99954378017156,18.001088976221713,17.999487016822304,17.999896953185733,18.94208778667224,0.0,0.0,0.0,0.0,0.0,-9.4,18.0,27.0,0.09183615471624539,122.87749557993237,0.8791989517818729,2047.4887272330798
1986-01-14T21:45:00,extended_january,baseline,17.998859429636585,18.00093908626299,17.99957279138482,18.001479362879525,18.94945835889751,0.0,0.0,0.0,0.0,0.0,-9.4,18.0,27.0,0.09183615471624539,122.96933173464862,0.8779183633661413,2048.366645596446
1986-01-14T22:00:00,extended_january,baseline,18.000339793896977,17.999543456115006,17.999613682465597,18.000689697096753,18.958395066104455,0.0,0.0,0.0,0.0,0.0,-9.4,18.0,27.0,0.09183615471624539,123.06116788936487,0.8763049062385961,2049.2429505026844
1986-01-14T22:15:00,extended_january,baseline,18.000626949968517,17.999691180415276,17.999457965961483,18.000032542565936,18.951810839743207,0.0,0.0,0.0,0.0,0.0,-9.975000000000001,18.0,27.0,0.09183615471624539,123.15300404408111,0.9284795229482766,2050.1714300256326
1986-01-14T22:30:00,extended_january,baseline,17.999535094058412,17.999636044621578,18.000822387589277,18.00129116171454,18.9341621928373,0.0,0.0,0.0,0.0,0.0,-10.55,18.0,27.0,0.09183615471624539,123.24484019879736,0.9800185785683004,2051.151448604201
1986-01-14T22:45:00,extended_january,baseline,17.99918233834358,18.000348565347903,17.999705766858277,18.000523125506362,18.912235198671418,0.0,0.0,0.0,0.0,0.0,-11.124999999999998,18.0,27.0,0.09183615471624539,123.33667635351361,1.0280053083712648,2052.179453912572
1986-01-14T23:00:00,extended_january,baseline,18.000445701409443,17.99842008372081,17.999456128993668,18.00138808381114,18.888518189087772,0.0,0.0,0.0,0.0,0.0,-11.7,18.0,27.0,0.09183615471624539,123.42851250822986,1.079070315979426,2053.258524228552
1986-01-14T23:15:00,extended_january,baseline,17.998806061066393,18.001371850547883,18.00077493725931,17.999975235559244,18.869167710394624,0.0,0.0,0.0,0.0,0.0,-12.374999999999998,18.0,27.0,0.09183615471624539,123.5203486629461,1.1193096731052143,2054.377833901657
1986-01-14T23:30:00,extended_january,baseline,18.00011235544122,17.998695500005873,17.999585588604244,17.99996741760424,18.85293759935499,0.0,0.0,0.0,0.0,0.0,-13.05,18.0,27.0,0.09183615471624539,123.61218481766235,1.1605094220840062,2055.538343323741
1986-01-14T23:45:00,extended_january,baseline,17.999010640080606,17.998683188997592,17.999198111749575,17.998470032618894,18.8375026301779,0.0,0.0,0.0,0.0,0.0,-13.725000000000001,18.0,27.0,0.09183615471624539,123.7040209723786,1.2025234844665467,2056.7408668082076
1986-01-15T00:00:00,extended_january,baseline,18.000236588713108,18.000735409776745,18.00064854668143,17.998747329489294,18.821953423139504,0.0,0.0,0.0,0.0,0.0,-14.4,18.0,27.0,0.09183615471624539,123.79585712709485,1.2548892017431867,2057.9957560099506
1986-01-15T00:15:00,extended_january,baseline,17.998794152055016,18.00149770127863,17.999975848755092,17.99909324930901,18.719446318249656,0.0,0.0,0.0,0.0,0.0,-14.4,18.0,27.0,0.09183615471624539,123.8876932818111,1.4553684162230411,2059.4511244261735
1986-01-15T00:30:00,extended_january,baseline,17.999288868827193,18.001302277233634,17.99942832722312,17.99883727283701,18.63802329818888,0.0,0.0,0.0,0.0,0.0,-14.4,18.0,27.0,0.09183615471624539,123.97952943652734,1.446686307668064,2060.8978107338417
1986-01-15T00:45:00,extended_january,baseline,17.99947969793711,17.998339109511903,17.998816435070726,17.999214072310057,18.595411383810788,0.0,0.0,0.0,0.0,0.0,-14.4,18.0,27.0,0.09183615471624539,124.07136559124359,1.4570578626952106,2062.354868596537
1986-01-15T01:00:00,extended_january,baseline,17.999584713483998,18.00137858183284,17.99862366198108,18.00085106499262,18.569797908980984,0.0,0.0,0.0,0.0,0.0,-14.4,18.0,27.0,0.09183615471624539,124.16320174595984,1.4745135983956863,2063.829382194933
1986-01-15T01:15:00,extended_january,baseline,18.000630592814048,17.99927505883918,17.999535494135348,18.00061062370084,18.547976285194977,0.0,0.0,0.0,0.0,0.0,-14.4,18.0,27.0,0.09183615471624539,124.25503790067609,1.4915655767555718,2065.320947771688
1986-01-15T01:30:00,extended_january,baseline,18.000068422707347,18.00021755873387,17.99891522511294,17.999857333654695,18.527629955355714,0.0,0.0,0.0,0.0,0.0,-14.4,18.0,27.0,0.09183615471624539,124.34687405539233,1.5115547486402614,2066.8325025203285
1986-01-15T01:45:00,extended_january,baseline,17.99897039643601,18.001786111518317,18.000675330474465,17.999969375589444,18.509197492837433,0.0,0.0,0.0,0.0,0.0,-14.4,18.0,27.0,0.09183615471624539,124.43871021010858,1.528761094272362,2068.361263614601
1986-01-15T02:00:00,extended_january,baseline,17.99855798212731,18.00021317247696,17.999297803847735,18.001243691575098,18.492661103921524,0.0,0.0,0.0,0.0,0.0,-14.4,18.0,27.0,0.09183615471624539,124.53054636482483,1.5415414810454566,2069.9028050956463
1986-01-15T02:15:00,extended_january,baseline,17.999702652008725,17.999341196340403,17.999024067419434,17.99909257327293,18.47213478781152,0.0,0.0,0.0,0.0,0.0,-14.4,18.0,27.0,0.09183615471624539,124.62238251954108,1.56891251240769,2071.471717608054
1986-01-15T02:30:00,extended_january,baseline,17.998799288261576,17.99979704986702,18.00041521621604,18.001399248052078,18.448680259794422,0.0,0.0,0.0,0.0,0.0,-14.4,18.0,27.0,0.09183615471624539,124.71421867425732,1.5898740857546314,2073.0615916938086
1986-01-15T02:45:00,extended_january,baseline,17.99948533067312,18.00083062599015,17.99976538155144,18.00086401714235,18.424566575654563,0.0,0.0,0.0,0.0,0.0,-14.4,18.0,27.0,0.09183615471624539,124.80605482897357,1.614366193503878,2074.6759578873125
1986-01-15T03:00:00,extended_january,baseline,17.99894136509157,17.999336807624346,18.00050968092554,17.99804249258036,18.40071617204236,0.0,0.0,0.0,0.0,0.0,-14.4,18.0,27.0,0.09183615471624539,124.89789098368982,1.633624860864686,2076.309582748177
1986-01-15T03:15:00,extended_january,baseline,17.999809237789698,18.001275958726144,18.000226550520438,17.999370259458026,18.41176179428198,0.0,0.0,0.0,0.0,0.0,-14.275,18.0,27.0,0.09183615471624539,124.98972713840607,1.573868341660898,2077.8834510898378
1986-01-15T03:30:00,extended_january,baseline,17.99891327227549,17.999718546437023,18.000017474940076,18.000709858128157,18.449073411151307,0.0,0.0,0.0,0.0,0.0,-14.15,18.0,27.0,0.09183615471624539,125.08156329312231,1.5249129725832167,2079.408364062421
1986-01-15T03:45:00,extended_january,baseline,17.99899111191572,17.99848915771717,17.999574707858965,18.001241759883804,18.497521674936284,0.0,0.0,0.0,0.0,0.0,-14.025,18.0,27.0,0.09183615471624539,125.17339944783856,1.4789338155276734,2080.8872978779486
1986-01-15T04:00:00,extended_january,baseline,17.999634719234376,17.998271337424885,17.999702603799395,18.00149431683503,18.55061671667675,0.0,0.0,0.0,0.0,0.0,-13.9,18.0,27.0,0.09183615471624539,125.26523560255481,1.4367188406617994,2082.3240167186104
1986-01-15T04:15:00,extended_january,baseline,17.99983102995771,17.999362511501648,18.00087615480551,17.999309860354952,18.556169990953673,0.0,0.0,0.0,0.0,0.0,-13.625,18.0,27.0,0.09183615471624539,125.35707175727106,1.4915338057465108,2083.815550524357
1986-01-15T04:30:00,extended_january,baseline,17.99979051841555,18.001525746654913,17.999635256828398,17.999594018852033,18.526942656724547,0.0,0.0,0.0,0.0,0.0,-13.350000000000001,18.0,27.0,0.09183615471624539,125.4489079119873,1.5251656792816333,2085.3407162036387
1986-01-15T04:45:00,extended_january,baseline,18.00001216037847,18.001223306848495,17.999923536422,17.998879072126044,18.48533143366682,0.0,0.0,0.0,0.0,0.0,-13.075000000000001,18.0,27.0,0.09183615471624539,125.54074406670355,1.5604897790034065,2086.9012059826423
1986-01-15T05:00:00,extended_january,baseline,18.000499101310698,17.999662825989887,17.998947533134775,18.00058306695269,18.440459933281172,0.0,0.0,0.0,0.0,0.0,-12.8,18.0,27.0,0.09183615471624539,125.6325802214198,1.5885569141995672,2088.489762896842
1986-01-15T05:15:00,extended_january,baseline,18.00078596812032,18.00155188450095,18.0010628163037,18.00112196761295,18.41506220156241,0.0,0.0,0.0,0.0,0.0,-12.650000000000002,18.0,27.0,0.09183615471624539,125.72441637613605,1.5768688944227627,2090.0666317912646
1986-01-15T05:30:00,extended_january,baseline,18.00100902158798,17.998945024177075,17.99985955471544,18.000281471730272,18.403651993283564,0.0,0.0,0.0,0.0,0.0,-12.5,18.0,27.0,0.09183615471624539,125.8162525308523,1.569101822167122,2091.635733613432
1986-01-15T05:45:00,extended_january,baseline,17.998608217213796,17.99984799896446,17.99893423519627,17.999418949362678,18.397264549154475,0.0,0.0,0.0,0.0,0.0,-12.349999999999998,18.0,27.0,0.09183615471624539,125.90808868556854,1.5662668670180657,2093.20200048045
1986-01-15T06:00:00,extended_january,baseline,18.000355735375017,18.000433484308964,17.99891050260852,18.001798464694577,18.392158350125314,0.0,0.0,0.0,0.0,0.0,-12.2,18.0,27.0,0.09183615471624539,125.99992484028479,1.5606532692766617,2094.7626537497267
1986-01-15T06:19:00,extended_january,baseline,19.356101026796622,19.588001148881006,19.31466356361123,19.598339253051652,19.657044217393597,0.0,0.0,0.0,0.0,0.0,-11.649999999999999,21.0,24.0,0.09183615471624539,126.09176099500104,7.255052392819323,2102.017706142546
1986-01-15T06:34:00,extended_january,baseline,19.91777245487444,20.197340152555167,19.851680398612825,20.204193438907136,20.174962057243654,0.0,0.0,0.0,0.0,0.0,-11.1,21.0,24.0,0.09183615471624539,126.18359714971729,6.51130247437095,2108.529008616917
1986-01-15T06:53:00,extended_january,baseline,20.217788177718354,20.5127138563712,20.143038281075082,20.515235025299354,20.444199734077962,0.0,0.0,0.0,0.0,0.0,-10.55,21.0,24.0,0.09183615471624539,126.27543330443353,6.457234305656232,2114.986242922573
1986-01-15T07:00:00,extended_january,baseline,20.378956574258623,20.680803554105086,20.30073112059617,20.68003199969227,20.57335905798258,0.0,0.0,0.0,0.0,0.0,-10.0,21.0,24.0,0.09183615471624539,126.36726945914978,6.403074013200665,2121.389316935774
1986-01-15T07:15:00,extended_january,baseline,20.555770199138983,20.86367677641994,20.47555562337153,20.859102426884387,20.71454662982902,0.0,0.0,0.0,0.0,0.0,-9.575,21.0,24.0,0.09183615471624539,126.45910561386603,6.360631942057839,2127.7499488778317
1986-01-15T07:30:00,extended_january,baseline,20.729831741913195,20.98819321443796,20.65780947952862,20.985993256651742,20.835840785091822,0.0,0.0,0.0,0.0,0.0,-9.15,21.0,24.0,0.09183615471624539,126.55094176858228,6.247263783674955,2133.9972126615066
1986-01-15T07:45:00,extended_january,baseline,20.903704518064842,20.998221490533187,20.840428166931776,20.998285241207366,20.94481431818653,0.0,0.0,0.0,0.0,0.0,-8.725000000000001,21.0,24.0,0.09183615471624539,126.64277792329852,6.122245615342197,2140.119458276849
1986-01-15T08:00:00,extended_january,baseline,20.995746037240206,20.99877376732217,20.99094609785454,20.998572747806218,20.997691220175142,0.0,0.0,0.0,0.0,0.0,-8.3,21.0,24.0,0.09183615471624539,126.73461407801477,5.901407228967026,2146.020865505816
1986-01-15T08:23:00,extended_january,baseline,21.000507379385553,21.000800031833403,21.00081234304875,21.00030891356555,20.999821990932595,11.0,5.0,11.0,5.0,20.0,-7.75,21.0,24.0,0.09183615471624539,126.82645023273102,3.5558232032580217,2149.576688709074
1986-01-15T08:38:00,extended_january,baseline,21.001621818054538,20.999898508885547,21.000634906033905,21.000001999183496,21.0853253524529,11.0,5.0,11.0,5.0,20.0,-7.2,21.0,24.0,0.09183615471624539,126.91828638744727,3.464820083299718,2153.041508792374
1986-01-15T08:45:00,extended_january,baseline,21.000151857603193,21.00044120640914,21.001373251408438,21.002181282746626,21.175689986388733,11.0,5.0,11.0,5.0,20.0,-6.6499999999999995,21.0,24.0,0.09183615471624539,127.01012254216351,3.2008179178760225,2156.24232671025
1986-01-15T09:00:00,extended_january,baseline,21.001268385204174,21.00139860663527,21.000878168015454,21.002658464723588,21.296696050877355,11.0,5.0,11.0,5.0,20.0,-6.1,21.0,24.0,0.09183615471624539,127.10195869687976,2.970326469045522,2159.2126531792956
1986-01-15T09:23:00,extended_january,baseline,21.00084835203304,21.760018134289126,21.00140468666324,21.00187605721768,21.856827401608044,11.0,5.0,11.0,5.0,20.0,-5.674999999999999,21.0,24.0,0.09183615471624539,127.19379485159601,2.5156149939785855,2161.728268173274
1986-01-15T09:35:00,extended_january,baseline,21.00055435174571,22.372023691578427,21.000675933068614,21.001900448356345,22.181026960454524,11.0,5.0,11.0,5.0,20.0,-5.25,21.0,24.0,0.09183615471624539,127.28563100631226,2.299155601763477,2164.0274237750377
1986-01-15T09:53:00,extended_january,baseline,21.000120892089733,22.82854766453323,21.00075365348258,21.001498697418338,22.37133741153146,11.0,5.0,11.0,5.0,20.0,-4.825,21.0,24.0,0.09183615471624539,127.3774671610285,2.1354244402393805,2166.1628482152773
1986-01-15T10:08:00,extended_january,baseline,21.151309131239476,23.27313491558455,21.000701281640367,21.00201690088181,22.53030624560766,11.0,5.0,11.0,5.0,20.0,-4.4,21.0,24.0,0.09183615471624539,127.46930331574475,2.01097262982243,2168.1738208450997
1986-01-15T10:23:00,extended_january,baseline,21.412168681187122,23.663759032431297,21.000947521619047,20.99976605205345,22.665772317853335,11.0,5.0,11.0,5.0,20.0,-4.0,21.0,24.0,0.09183615471624539,127.561139470461,1.9135987408050439,2170.0874195859046
1986-01-15T10:38:00,extended_january,baseline,21.72775417415168,23.989644186054786,21.000433383969177,21.000013312207045,22.782375957159523,11.0,5.0,11.0,5.0,20.0,-3.6,21.0,24.0,0.09187820773270201,127.6530176781937,1.8220122982057818,2171.9094318841103
1986-01-15T10:53:00,extended_january,baseline,22.01687828794331,23.998731429290462,21.053814595180924,21.001192726000514,22.894032584713244,11.0,5.0,11.0,5.0,20.0,-3.1999999999999997,21.0,24.0,0.09240521665991976,127.74542289485363,1.727712769244097,2173.6371446533544
1986-01-15T11:08:00,extended_january,baseline,22.32733434713853,23.99920111943093,21.13838868713314,21.00069119275356,22.982359625970425,11.0,5.0,11.0,5.0,20.0,-2.8,21.0,24.0,0.09263057463393566,127.83805346948756,1.672282026224035,2175.3094266795783
1986-01-15T11:15:00,extended_january,baseline,22.508964075037454,23.99916615227221,21.133132098639436,21.001206003976833,22.988541592454,8.8,4.0,8.8,4.0,16.0,-2.3749999999999996,21.0,24.0,0.09257907356551978,127.93063254305308,1.6490173512764998,2176.958444030855
1986-01-15T11:30:00,extended_january,baseline,22.805258134316453,23.999226490920975,21.186592838437672,20.999565121466397,23.035650808050605,8.8,4.0,8.8,4.0,16.0,-1.95,21.0,24.0,0.09264569736505963,128.02327824041814,1.5869915471580331,2178.545435578013
1986-01-15T11:53:00,extended_january,baseline,23.235024685620832,23.999495422246373,21.33180980454849,20.99959736647966,23.164228567200908,8.8,4.0,8.8,4.0,16.0,-1.525,21.0,24.0,0.0925618671789648,128.1158401075971,1.5330254920989874,2180.078461070112
1986-01-15T12:08:00,extended_january,baseline,23.63272014777882,23.999432757927256,21.48457461261504,21.011406326462733,23.301891797239577,8.8,4.0,8.8,4.0,16.0,-1.1,21.0,24.0,0.0925042229557154,128.20834433055282,1.4781017830705405,2181.5565628531826
1986-01-15T12:15:00,extended_january,baseline,23.69024253120072,23.92947605592114,21.334956125114257,21.00187566500135,23.157049443732237,4.4,2.0,4.4,2.0,8.0,-0.675,21.0,24.0,0.09183615471624539,128.30018048526907,1.523604229808677,2183.0801670829915
1986-01-15T12:30:00,extended_january,baseline,23.79133418809692,23.75250177851683,21.200895961822386,21.00070886794833,23.0041512426435,4.4,2.0,4.4,2.0,8.0,-0.25000000000000006,21.0,24.0,0.09183615471624539,128.39201663998531,1.4422862161876946,2184.5224532991792
1986-01-15T12:45:00,extended_january,baseline,23.950308037286515,23.50798806361599,21.144161713185365,21.002482054277117,22.920072805261434,4.4,2.0,4.4,2.0,8.0,0.17499999999999993,21.0,24.0,0.09183615471624539,128.48385279470156,1.397048791195372,2185.9195020903744
1986-01-15T13:00:00,extended_january,baseline,23.995754752154337,23.229832814492344,21.124977043587325,21.002493075397638,22.881633834715952,4.4,2.0,4.4,2.0,8.0,0.6,21.0,24.0,0.09276305835336397,128.57661585305493,1.2519410551535974,2187.171443145528
1986-01-15T13:15:00,extended_january,baseline,23.998927669994618,23.150442024120135,21.355869160170414,21.06478909278223,23.090555678133725,8.8,4.0,8.8,4.0,16.0,0.875,21.0,24.0,0.09483208786537774,128.6714479409203,1.0758537251468143,2188.2472968706747
1986-01-15T13:30:00,extended_january,baseline,23.99919586682179,23.059263334069694,21.574986162155266,21.153198245941542,23.31110615685184,8.8,4.0,8.8,4.0,16.0,1.15,21.0,24.0,0.09582275348090687,128.76727069440122,1.0495409629012202,2189.296837833576
1986-01-15T13:45:00,extended_january,baseline,23.999191913936365,22.895669003500412,21.689608205996908,21.223338915691507,23.461379893757545,8.8,4.0,8.8,4.0,16.0,1.4249999999999998,21.0,24.0,0.09599294157952558,128.86326363598076,1.042301648004709,2190.339139481581
1986-01-15T14:00:00,extended_january,baseline,23.99919665094457,22.720143603066383,21.752685838800716,21.277520873793453,23.56558696850011,8.8,4.0,8.8,4.0,16.0,1.7,21.0,24.0,0.09588400382358317,128.95914763980434,1.0294413950327046,2191.3685808766136
1986-01-15T14:15:00,extended_january,baseline,23.9992143784532,22.627939704534604,21.865677713673293,21.395856654547494,23.701947002536755,11.0,5.0,11.0,5.0,20.0,1.9749999999999999,21.0,24.0,0.09584949622712749,129.05499713603146,0.9927003669345063,2192.361281243548
1986-01-15T14:30:00,extended_january,baseline,23.999233322516645,22.558503549613185,21.974116872490857,21.5144518990292,23.82897363167537,11.0,5.0,11.0,5.0,20.0,2.25,21.0,24.0,0.09497446766554704,129.149971603697,0.8747893577540476,2193.2360706013023
1986-01-15T14:45:00,extended_january,baseline,23.99918784197554,22.477132901232103,22.048852188073173,21.610005805667445,23.92763702417404,11.0,5.0,11.0,5.0,20.0,2.5249999999999995,21.0,24.0,0.09475746076933705,129.24472906446633,0.7658221655877568,2194.0018927668903
1986-01-15T15:00:00,extended_january,baseline,23.999138016260694,22.392742880917,22.099705394477475,21.697736547823407,23.997184546527972,11.0,5.0,11.0,5.0,20.0,2.8,21.0,24.0,0.09477701284857122,129.3395060773149,0.6669436474737944,2194.6688364143643
1986-01-15T15:15:00,extended_january,baseline,23.999130537491613,22.257454207008006,22.07020612285045,21.731030342832273,23.999325568275243,11.0,5.0,11.0,5.0,20.0,2.8,21.0,24.0,0.09413546987822644,129.43364154719313,0.7004139958633707,2195.369250410228
1986-01-15T15:30:00,extended_january,baseline,23.999066990903508,22.13715407337628,22.03661346898544,21.787826451664717,23.999352350492128,11.0,5.0,11.0,5.0,20.0,2.8,21.0,24.0,0.09435439519265706,129.5279959423858,0.739023653409417,2196.108274063637
1986-01-15T15:45:00,extended_january,baseline,23.999125853021305,22.043681219926206,22.016960308744817,21.837045149254617,23.999262142860303,11.0,5.0,11.0,5.0,20.0,2.8,21.0,24.0,0.09383611574095213,129.62183205812673,0.7689050768950634,2196.877179140532
1986-01-15T16:00:00,extended_january,baseline,23.999200622201922,21.95917561741465,21.99872762814593,21.862446361585672,23.99919693354056,11.0,5.0,11.0,5.0,20.0,2.8,21.0,24.0,0.09325890338232791,129.71509096150905,0.7982471890586996,2197.6754263295907
1986-01-15T16:15:00,extended_january,baseline,23.832695160279705,21.724008181792524,21.8241661539316,21.69787138735916,23.92267206687614,11.0,5.0,11.0,5.0,20.0,2.2499999999999996,21.0,24.0,0.09183615471624539,129.8069271162253,1.1695072873168815,2198.8449336169074
1986-01-15T16:38:00,extended_january,baseline,23.43000545894954,21.542081188336972,21.672096848808202,21.53090162055161,23.87636459895971,11.0,5.0,11.0,5.0,20.0,1.7,21.0,24.0,0.09183615471624539,129.89876327094154,1.4653007964884444,2200.310234413396
1986-01-15T16:53:00,extended_january,baseline,23.003435482670998,21.43219889607172,21.582586935065866,21.379316171975137,23.869710105230187,11.0,5.0,11.0,5.0,20.0,1.15,21.0,24.0,0.09183615471624539,129.9905994256578,1.7214829962562108,2202.031717409652
1986-01-15T17:08:00,extended_january,baseline,22.69622456455143,21.329265635217798,21.515246947809672,21.26053605167995,23.865416582686635,11.0,5.0,11.0,5.0,20.0,0.6,21.0,24.0,0.09183615471624539,130.08243558037404,1.5262577535775919,2203.55797516323
1986-01-15T17:15:00,extended_january,baseline,22.5058771902754,21.262653517102443,21.478462888398003,21.186544699462214,23.86145975726406,11.0,5.0,11.0,5.0,20.0,0.44999999999999996,21.0,24.0,0.09183615471624539,130.1742717350903,1.3661494008616064,2204.9241245640915
1986-01-15T17:30:00,extended_january,baseline,22.310596450006248,21.19266877951348,21.44290995975724,21.11193075772783,23.856509156152992,11.0,5.0,11.0,5.0,20.0,0.3,21.0,24.0,0.09183615471624539,130.26610788980653,1.332178090241111,2206.2563026543326
1986-01-15T17:45:00,extended_january,baseline,22.14805383493258,21.134875428176016,21.416625568645113,21.048864908699986,23.853727103647966,11.0,5.0,11.0,5.0,20.0,0.15,21.0,24.0,0.09183615471624539,130.35794404452278,1.3345785659892104,2207.590881220322
1986-01-15T18:00:00,extended_january,baseline,22.009021792572042,21.085670012761373,21.396610118835667,21.007937466837436,23.854021296274304,11.0,5.0,11.0,5.0,20.0,0.0,21.0,24.0,0.09183615471624539,130.44978019923903,1.3482253069029542,2208.939106527225
1986-01-15T18:23:00,extended_january,baseline,21.2292253919663,21.003087640434725,21.00403067028745,21.00101871691552,23.242303609406086,5.5,2.5,5.5,2.5,10.0,-0.7,21.0,24.0,0.09183615471624539,130.54161635395528,1.5953421655136937,2210.5344486927384
1986-01-15T18:38:00,extended_january,baseline,21.001247844835476,21.002615339429475,21.001784520474498,21.002033600645564,22.860150610343148,5.5,2.5,5.5,2.5,10.0,-1.4,21.0,24.0,0.09183615471624539,130.63345250867152,1.8720580821351092,2212.4065067748734
1986-01-15T18:45:00,extended_january,baseline,21.0012827125266,21.00216729643042,21.002713961567803,21.001504805481797,22.655145009243977,5.5,2.5,5.5,2.5,10.0,-2.0999999999999996,21.0,24.0,0.09183615471624539,130.72528866338777,2.110454062731685,2214.516960837605
1986-01-15T19:00:00,extended_january,baseline,21.003354995781304,21.00133483881329,21.001401120234394,21.002147519853256,22.508849722835873,5.5,2.5,5.5,2.5,10.0,-2.8,21.0,24.0,0.09183615471624539,130.81712481810402,2.2748745487752364,2216.79183538638
1986-01-15T19:23:00,extended_january,baseline,21.00301801697673,21.00061961020587,21.00120323016323,21.001573647367444,21.90753929545475,0.0,0.0,0.0,0.0,0.0,-2.6499999999999995,21.0,24.0,0.09183615471624539,130.90896097282027,2.7633363362504366,2219.555171722631
1986-01-15T19:38:00,extended_january,baseline,21.001277551002534,21.000054085963157,21.001688583012058,20.999093450314337,21.466244143720974,0.0,0.0,0.0,0.0,0.0,-2.5,21.0,24.0,0.09183615471624539,131.00079712753652,2.9041441226076863,2222.4593158452385
1986-01-15T19:53:00,extended_january,baseline,21.000236424055526,21.000999613122186,21.000797419864124,20.999994462588354,21.20660569997065,0.0,0.0,0.0,0.0,0.0,-2.35,21.0,24.0,0.09183615471624539,131.09263328225276,2.989004818441256,2225.4483206636796
1986-01-15T20:00:00,extended_january,baseline,21.001364333005895,21.001038393319103,21.00061596118756,20.998010042039766,21.031304509534827,0.0,0.0,0.0,0.0,0.0,-2.2,21.0,24.0,0.09183615471624539,131.184469436969,3.052007992747529,2228.500328656427
1986-01-15T20:19:00,extended_january,baseline,19.669773502727356,19.82688353084911,19.626932731541157,19.835358285692998,20.816739188947757,0.0,0.0,0.0,0.0,0.0,-2.2,18.0,27.0,0.09183615471624539,131.27630559168526,0.0,2228.500328656427
1986-01-15T20:35:00,extended_january,baseline,19.326703762327988,19.51196167270205,19.257223421710027,19.52348598149029,20.665791605481353,0.0,0.0,0.0,0.0,0.0,-2.2,18.0,27.0,0.09183615471624539,131.3681417464015,0.0,2228.500328656427
1986-01-15T20:53:00,extended_january,baseline,19.11707271611153,19.32345496810326,19.048309589321075,19.336758426458033,20.54449909142463,0.0,0.0,0.0,0.0,0.0,-2.2,18.0,27.0,0.09183615471624539,131.45997790111775,0.0,2228.500328656427
1986-01-15T21:00:00,extended_january,baseline,18.99085991133211,19.207594038452065,18.928850165522643,19.22165326050472,20.445588059002898,0.0,0.0,0.0,0.0,0.0,-2.2,18.0,27.0,0.09183615471624539,131.551814055834,0.0,2228.500328656427
1986-01-15T21:15:00,extended_january,baseline,18.801229937391216,19.02777410872419,18.748188513107937,19.048821393666383,20.30597264627934,0.0,0.0,0.0,0.0,0.0,-2.9000000000000004,18.0,27.0,0.09183615471624539,131.64365021055025,0.0,2228.500328656427
1986-01-15T21:30:00,extended_january,baseline,18.623189679180808,18.84867178124654,18.561958699392363,18.86824336850564,20.17519270906244,0.0,0.0,0.0,0.0,0.0,-3.6,18.0,27.0,0.09183615471624539,131.7354863652665,0.0,2228.500328656427
1986-01-15T21:45:00,extended_january,baseline,18.439210099839382,18.672960636654384,18.388541627200418,18.696403815288132,20.056565955601457,0.0,0.0,0.0,0.0,0.0,-4.3,18.0,27.0,0.09183615471624539,131.82732251998274,0.0,2228.500328656427
1986-01-15T22:00:00,extended_january,baseline,18.281305725462435,18.515470646853135,18.230494750368038,18.536137944861593,19.948146403535613,0.0,0.0,0.0,0.0,0.0,-5.0,18.0,27.0,0.09183615471624539,131.919158674699,0.0,2228.500328656427
1986-01-15T22:15:00,extended_january,baseline,18.14125509056691,18.381078103554277,18.111141076817386,18.397934513838408,19.845570944816586,0.0,0.0,0.0,0.0,0.0,-4.575,18.0,27.0,0.09183615471624539,132.01099482941524,0.0,2228.500328656427
1986-01-15T22:30:00,extended_january,baseline,18.031612782111733,18.261676743108282,18.0045121553411,18.27612968385185,19.748175747085742,0.0,0.0,0.0,0.0,0.0,-4.15,18.0,27.0,0.09183615471624539,132.1028309841315,0.0005735205131730692,2228.50090217694
1986-01-15T22:45:00,extended_january,baseline,18.00132332180784,18.152367551325142,17.999459834590564,18.165129098957877,19.656403020941227,0.0,0.0,0.0,0.0,0.0,-3.7249999999999996,18.0,27.0,0.09183615471624539,132.19466713884773,0.011845061447188315,2228.5127472383874
1986-01-15T23:00:00,extended_january,baseline,18.000111942973003,18.052314757885803,17.99993870934512,18.063468383747857,19.57051516479164,0.0,0.0,0.0,0.0,0.0,-3.3,18.0,27.0,0.09183615471624539,132.28650329356398,0.06604137644145325,2228.5787886148287
1986-01-15T23:15:00,extended_january,baseline,17.999402598192866,18.003792232206607,18.00049570636395,18.0036353335943,19.492181242041827,0.0,0.0,0.0,0.0,0.0,-3.7249999999999996,18.0,27.0,0.09183615471624539,132.37833944828023,0.1187376694300038,2228.697526284259
1986-01-15T23:30:00,extended_january,baseline,17.999008614794338,18.001539133995138,17.999769527286656,17.99958159610606,19.420748132442572,0.0,0.0,0.0,0.0,0.0,-4.15,18.0,27.0,0.09183615471624539,132.47017560299648,0.18868707252833253,2228.8862133567873
1986-01-15T23:45:00,extended_january,baseline,17.999257282207832,18.00015911107028,18.000757616719675,18.00130554355039,19.355177440169953,0.0,0.0,0.0,0.0,0.0,-4.575,18.0,27.0,0.09183615471624539,132.56201175771272,0.26024387673450144,2229.1464572335217
1986-01-16T00:00:00,extended_january,baseline,18.000160711924075,17.998966867554245,18.00013075368244,18.000533800182158,19.294878492419443,0.0,0.0,0.0,0.0,0.0,-5.0,18.0,27.0,0.09183615471624539,132.65384791242897,0.3365164714784501,2229.482973705
1986-01-16T00:15:00,extended_january,baseline,17.999147887047204,17.999249515855194,18.000160915763335,17.999278862357908,19.24034215339862,0.0,0.0,0.0,0.0,0.0,-5.15,18.0,27.0,0.09183615471624539,132.74568406714522,0.4032539141657497,2229.8862276191658
1986-01-16T00:30:00,extended_january,baseline,18.000288522188225,17.999200601948232,17.999907646271428,18.00036915567076,19.19118878260762,0.0,0.0,0.0,0.0,0.0,-5.3,18.0,27.0,0.09183615471624539,132.83752022186147,0.46600560866012575,2230.3522332278258
1986-01-16T00:45:00,extended_january,baseline,18.000606801341554,18.001073377372773,18.000877590756495,17.999600758391185,19.14667444081777,0.0,0.0,0.0,0.0,0.0,-5.449999999999999,18.0,27.0,0.09183615471624539,132.92935637657772,0.5237702071868111,2230.8760034350125
1986-01-16T01:00:00,extended_january,baseline,17.99921188361085,17.999864288429002,18.000651526604717,18.001233016597048,19.105762422714065,0.0,0.0,0.0,0.0,0.0,-5.6,18.0,27.0,0.09183615471624539,133.02119253129396,0.5744706540835928,2231.450474089096
1986-01-16T01:15:00,extended_january,baseline,17.999803011980646,18.00030568440997,17.99933435079139,18.000506430311262,19.06328006829961,0.0,0.0,0.0,0.0,0.0,-5.874999999999999,18.0,27.0,0.09183615471624539,133.1130286860102,0.6345177179173119,2232.0849918070135
1986-01-16T01:30:00,extended_january,baseline,17.99920896459326,18.00013911281762,18.000284683242157,18.000840094477713,19.0198754482883,0.0,0.0,0.0,0.0,0.0,-6.15,18.0,27.0,0.09183615471624539,133.20486484072646,0.6903306306719855,2232.7753224376856
1986-01-16T01:45:00,extended_january,baseline,18.000115545707516,17.99953928175355,18.000332494347926,18.00024804182203,18.97736299781328,0.0,0.0,0.0,0.0,0.0,-6.425000000000001,18.0,27.0,0.09183615471624539,133.2967009954427,0.7410978039463091,2233.5164202416317
1986-01-16T02:00:00,extended_january,baseline,17.999550834116945,18.00147452034658,17.999020332347737,18.001377072365603,18.936138558322355,0.0,0.0,0.0,0.0,0.0,-6.7,18.0,27.0,0.09183615471624539,133.38853715015895,0.7878189141134743,2234.304239155745
1986-01-16T02:15:00,extended_january,baseline,17.999952027029977,17.999699128377646,18.000571119086185,17.99851391457072,18.90509442953687,0.0,0.0,0.0,0.0,0.0,-6.825,18.0,27.0,0.09183615471624539,133.4803733048752,0.808104058099415,2235.1123432138447
1986-01-16T02:30:00,extended_january,baseline,17.99955002893895,18.00070531493298,17.999942084035307,17.998396159647402,18.88200830040609,0.0,0.0,0.0,0.0,0.0,-6.95,18.0,27.0,0.09183615471624539,133.57220945959145,0.8259302339963632,2235.9382734478413
1986-01-16T02:45:00,extended_january,baseline,18.00017988493402,18.00011098571431,18.000171232319833,18.001453443958457,18.862945066260195,0.0,0.0,0.0,0.0,0.0,-7.075,18.0,27.0,0.09183615471624539,133.6640456143077,0.8450126538555197,2236.783286101697
1986-01-16T03:00:00,extended_january,baseline,17.99987103547968,17.998452801952418,17.999800103875987,18.001626353286742,18.846229580688775,0.0,0.0,0.0,0.0,0.0,-7.2,18.0,27.0,0.09183615471624539,133.75588176902394,0.8584532475705248,2237.6417393492675
1986-01-16T03:15:00,extended_january,baseline,17.999364604779824,17.99861541334479,17.99904269851666,18.001689565781536,18.824895033809796,0.0,0.0,0.0,0.0,0.0,-6.800000000000001,18.0,27.0,0.09183615471624539,133.8477179237402,0.8685442197217774,2238.510283568989
1986-01-16T03:30:00,extended_january,baseline,18.00072496282521,17.999318202375587,17.999896043532168,17.999457597797964,18.800645328559067,0.0,0.0,0.0,0.0,0.0,-6.4,18.0,27.0,0.09183615471624539,133.93955407845644,0.876704501773414,2239.3869880707625
1986-01-16T03:45:00,extended_january,baseline,17.999720036536573,18.00124349625771,18.00073796239874,18.00161445379092,18.776386825810853,0.0,0.0,0.0,0.0,0.0,-5.999999999999999,18.0,27.0,0.09183615471624539,134.0313902331727,0.8815122026969182,2240.2685002734593
1986-01-16T04:00:00,extended_january,baseline,18.000352769438692,18.000618882616216,18.000029097532146,17.999000428622537,18.75326625517351,0.0,0.0,0.0,0.0,0.0,-5.6,18.0,27.0,0.09183615471624539,134.12322638788893,0.8821039628690837,2241.1506042363285
1986-01-16T04:15:00,extended_january,baseline,17.99985409149433,17.998543121521003,18.000492589939288,17.999654205602518,18.734289259847614,0.0,0.0,0.0,0.0,0.0,-5.449999999999999,18.0,27.0,0.09183615471624539,134.21506254260518,0.8860493395258238,2242.0366535758544
1986-01-16T04:30:00,extended_january,baseline,18.000914012969478,17.99903091443329,18.000125389311794,17.999527683921105,18.71858579611761,0.0,0.0,0.0,0.0,0.0,-5.3,18.0,27.0,0.09183615471624539,134.30689869732143,0.889500722400211,2242.9261542982545
1986-01-16T04:45:00,extended_january,baseline,17.999429815114418,18.00005927016532,17.999740273536123,18.001454897991856,18.704836393400225,0.0,0.0,0.0,0.0,0.0,-5.15,18.0,27.0,0.09183615471624539,134.39873485203768,0.8902935385155711,2243.81644783677
1986-01-16T05:00:00,extended_january,baseline,18.001040185804747,18.00132995238924,17.999944840618287,18.000976870108442,18.692536716560753,0.0,0.0,0.0,0.0,0.0,-5.0,18.0,27.0,0.09183615471624539,134.49057100675392,0.8915650172573788,2244.7080128540274
1986-01-16T05:15:00,extended_january,baseline,18.000599398614682,17.99904877054948,18.00067104973216,18.001699125721164,18.681128566265276,0.0,0.0,0.0,0.0,0.0,-5.0,18.0,27.0,0.09183615471624539,134.58240716147017,0.8950355184775748,2245.603048372505
1986-01-16T05:30:00,extended_january,baseline,18.00046921084679,17.99940870137256,17.999341606993475,17.99952410664194,18.670527235699726,0.0,0.0,0.0,0.0,0.0,-5.0,18.0,27.0,0.09183615471624539,134.67424331618642,0.9011458012675789,2246.5041941737722
1986-01-16T05:45:00,extended_january,baseline,17.99893271773082,18.000104735300752,17.999078260162754,18.000023367902696,18.660830469201784,0.0,0.0,0.0,0.0,0.0,-5.0,18.0,27.0,0.09183615471624539,134.76607947090267,0.9033566674372872,2247.4075508412097
1986-01-16T06:00:00,extended_january,baseline,17.99881159888398,18.000518651646157,18.00014394607125,17.99851874814534,18.65204352556456,0.0,0.0,0.0,0.0,0.0,-5.0,18.0,27.0,0.09183615471624539,134.85791562561892,0.907047442436765,2248.3145982836463
1986-01-16T06:19:00,extended_january,baseline,19.76427253017091,19.93741467408699,19.716700495997543,19.94337997212336,19.918240082303768,0.0,0.0,0.0,0.0,0.0,-4.85,21.0,24.0,0.09183615471624539,134.94975178033516,7.001568052937157,2255.3161663365836
1986-01-16T06:34:00,extended_january,baseline,20.551329738597957,20.724292160210272,20.47606599879973,20.7229247352268,20.51417350901358,0.0,0.0,0.0,0.0,0.0,-4.7,21.0,24.0,0.09183615471624539,135.0415879350514,5.880220517494867,2261.1963868540784
1986-01-16T06:53:00,extended_january,baseline,20.94790381431989,20.998966758452195,20.86433526927278,20.997406416012428,20.828437043843874,0.0,0.0,0.0,0.0,0.0,-4.550000000000001,21.0,24.0,0.09183615471624539,135.13342408976766,5.813300720042994,2267.0096875741215
1986-01-16T07:00:00,extended_january,baseline,20.999130008649825,20.999272379352764,20.99406178823893,20.998264096464013,20.992046835426404,0.0,0.0,0.0,0.0,0.0,-4.4,21.0,24.0,0.09183615471624539,135.2252602444839,5.548683779035435,2272.558371353157
1986-01-16T07:15:00,extended_january,baseline,20.99907816612805,21.001625005268014,20.99918867397476,21.001795131756754,21.000169235929963,0.0,0.0,0.0,0.0,0.0,-4.275,21.0,24.0,0.09183615471624539,135.31709639920015,5.235747735889947,2277.794119089047
1986-01-16T07:30:00,extended_january,baseline,20.998675097095365,20.99949106318417,21.001787405867972,20.99919183144919,21.00033991702263,0.0,0.0,0.0,0.0,0.0,-4.15,21.0,24.0,0.09183615471624539,135.4089325539164,5.158795189612761,2282.9529142786596
1986-01-16T07:45:00,extended_january,baseline,20.998973792898596,21.002417292156498,21.002780365729848,21.00015911935704,21.00040884491467,0.0,0.0,0.0,0.0,0.0,-4.025,21.0,24.0,0.09183615471624539,135.50076870863265,4.955428055340311,2287.908342334
1986-01-16T08:00:00,extended_january,baseline,20.99931635076926,21.000134399798643,21.000631989770365,21.00152108120285,21.00104793317487,0.0,0.0,0.0,0.0,0.0,-3.9,21.0,24.0,0.09183615471624539,135.5926048633489,4.813997020976873,2292.7223393549766
1986-01-16T08:23:00,extended_january,baseline,21.000391675874376,20.999791356266126,20.99968287485073,20.99866068913018,21.170631438884158,11.0,5.0,11.0,5.0,20.0,-3.1999999999999997,21.0,24.0,0.09183615471624539,135.68444101806514,2.719422402386303,2295.441761757363
1986-01-16T08:38:00,extended_january,baseline,21.001004557487068,20.999522644635015,21.000258191981516,21.001639658276943,21.386912176937386,11.0,5.0,11.0,5.0,20.0,-2.5,21.0,24.0,0.09183615471624539,135.7762771727814,2.5499079652055125,2297.9916697225685
1986-01-16T08:45:00,extended_january,baseline,20.999572779010837,21.00085463639936,21.000997516373303,21.001509408387985,21.53125504037475,11.0,5.0,11.0,5.0,20.0,-1.8,21.0,24.0,0.09183615471624539,135.86811332749764,2.3197675600222416,2300.3114372825908
1986-01-16T09:00:00,extended_january,baseline,21.00154389333531,21.03370187233374,21.00055400948848,21.000333405048842,21.67616384305546,11.0,5.0,11.0,5.0,20.0,-1.1,21.0,24.0,0.09183615471624539,135.9599494822139,2.1003690866676203,2302.4118063692586
1986-01-16T09:23:00,extended_january,baseline,21.000776313314116,21.654696622331453,21.000559130150783,21.00008707500029,22.262614354236177,11.0,5.0,11.0,5.0,20.0,-0.55,21.0,24.0,0.09183615471624539,136.05178563693013,1.6706581516856274,2304.082464520944
1986-01-16T09:38:00,extended_january,baseline,21.08646283293051,22.07420543518666,21.10875005069206,21.000533906775185,22.633853367608342,11.0,5.0,11.0,5.0,20.0,0.0,21.0,24.0,0.09183615471624539,136.14362179164638,1.4863842217699448,2305.568848742714
1986-01-16T09:45:00,extended_january,baseline,21.193430183496478,22.24807860008631,21.22045150687994,21.00028235457561,22.833621263200307,11.0,5.0,11.0,5.0,20.0,0.55,21.0,24.0,0.09183615471624539,136.23545794636263,1.3940727405468412,2306.962921483261
1986-01-16T10:00:00,extended_january,baseline,21.329719326440717,22.322927030433448,21.3619553209564,20.999763594806343,22.9897269815495,11.0,5.0,11.0,5.0,20.0,1.1,21.0,24.0,0.09183615471624539,136.32729410107888,1.3203367548771558,2308.2832582381384
1986-01-16T10:15:00,extended_january,baseline,21.444977416679286,22.308784747851067,21.50820705145915,21.037086958587462,23.135835767104037,11.0,5.0,11.0,5.0,20.0,1.525,21.0,24.0,0.09183615471624539,136.41913025579512,1.2666539814125175,2309.549912219551
1986-01-16T10:30:00,extended_january,baseline,21.525407619394066,22.239554183864506,21.65119162200597,21.117728276313276,23.282507157102618,11.0,5.0,11.0,5.0,20.0,1.95,21.0,24.0,0.09183615471624539,136.51096641051137,1.2199464073415252,2310.7698586268925
1986-01-16T10:45:00,extended_january,baseline,21.66676408320642,22.27737601211111,21.81292194551322,21.231860160656154,23.4191421856197,11.0,5.0,11.0,5.0,20.0,2.3749999999999996,21.0,24.0,0.09183615471624539,136.60280256522762,0.9970694727574417,2311.76692809965
1986-01-16T11:00:00,extended_january,baseline,21.859159644519156,22.400973866844662,21.991679482640848,21.363288998821524,23.54409975308065,11.0,5.0,11.0,5.0,20.0,2.8,21.0,24.0,0.09183615471624539,136.69463871994387,0.7650540696804833,2312.5319821693306
1986-01-16T11:15:00,extended_january,baseline,21.975173018114365,22.443544518744055,22.07084456231503,21.38802239189766,23.551377890632516,8.8,4.0,8.8,4.0,16.0,3.1999999999999997,21.0,24.0,0.09183615471624539,136.78647487466012,0.5655329968936241,2313.097515166224
1986-01-16T11:30:00,extended_january,baseline,22.149152143856046,22.522088873508903,22.155715943399013,21.41952816019729,23.550671357155238,8.8,4.0,8.8,4.0,16.0,3.6,21.0,24.0,0.09183615471624539,136.87831102937636,0.37608174804146705,2313.4735969142657
1986-01-16T11:45:00,extended_january,baseline,22.39440781084278,22.625480293430023,22.22665826492456,21.422170932349328,23.57322964230306,8.8,4.0,8.8,4.0,16.0,4.0,21.0,24.0,0.09183615471624539,136.9701471840926,0.19628307108450652,2313.6698799853502
1986-01-16T12:00:00,extended_january,baseline,22.675366404447505,22.69512822658037,22.26475989601248,21.384611167943806,23.597498866207932,8.8,4.0,8.8,4.0,16.0,4.4,21.0,24.0,0.09183615471624539,137.06198333880886,0.03422649953775331,2313.704106484888
1986-01-16T12:15:00,extended_january,baseline,22.848880626676404,22.592248750255667,22.093154377042698,21.17061290691336,23.430210290662686,4.4,2.0,4.4,2.0,8.0,5.1000000000000005,21.0,24.0,0.09183615471624539,137.1538194935251,2.9365046126499585,2316.640611097538
1986-01-16T12:38:00,extended_january,baseline,23.392078134705503,22.790492947012577,22.112179511064596,21.30757001388132,23.357371539335634,4.4,2.0,4.4,2.0,8.0,5.800000000000001,21.0,24.0,0.09183615471624539,137.24565564824135,1.2965863680903984,2317.9371974656283
1986-01-16T12:53:00,extended_january,baseline,23.84568092360154,22.84157612788112,22.169648765779215,21.396326916554887,23.366401710645484,4.4,2.0,4.4,2.0,8.0,6.5,21.0,24.0,0.09183615471624539,137.3374918029576,0.8467235573367949,2318.783921022965
1986-01-16T13:00:00,extended_january,baseline,23.987210405748275,22.8254781574774,22.209852667131205,21.444096165473344,23.388828951393915,4.4,2.0,4.4,2.0,8.0,7.2,21.0,24.0,0.09303288618672036,137.43052468914433,0.5773247947494775,2319.3612458177145
1986-01-16T13:23:00,extended_january,baseline,23.999450489984365,23.011898853204674,22.549287315828327,21.77571118017936,23.703602608890126,8.8,4.0,8.8,4.0,16.0,7.75,21.0,24.0,0.09578069097787875,137.5263053801222,0.38056171889761814,2319.741807536612
1986-01-16T13:38:00,extended_january,baseline,23.999444891436074,23.02810635005857,22.72599595005507,21.92858779632492,23.897644954137043,8.8,4.0,8.8,4.0,16.0,8.3,21.0,24.0,0.09699528144862209,137.62330066157082,0.2778366948926719,2320.019644231505
1986-01-16T13:45:00,extended_january,baseline,23.99925959448563,22.99816477419227,22.813417046372525,22.00945975314294,23.996355181152108,8.8,4.0,8.8,4.0,16.0,8.850000000000001,21.0,24.0,0.09745710757739176,137.7207577691482,0.20744244053602529,2320.227086672041
1986-01-16T14:00:00,extended_january,baseline,23.999282650541584,22.941813103193045,22.879605621273747,22.075850737716955,23.999283485969098,8.8,4.0,8.8,4.0,16.0,9.4,21.0,24.0,0.09866847593848634,137.8194262450867,0.11252406711206622,2320.339610739153
1986-01-16T14:15:00,extended_january,baseline,23.999368286176033,22.94834533932337,22.982877950476922,22.197573895578557,23.999319334024865,11.0,5.0,11.0,5.0,20.0,9.55,21.0,24.0,0.09911276333079248,137.9185390084175,0.08006942601821986,2320.4196801651715
1986-01-16T14:30:00,extended_january,baseline,23.999407514712086,22.956874165940295,23.076605723273282,22.31394083694458,23.999260902642256,11.0,5.0,11.0,5.0,20.0,9.7,21.0,24.0,0.09859074743426284,138.01712975585176,0.07456401572269021,2320.4942441808944
1986-01-16T14:45:00,extended_january,baseline,23.99938321444433,22.933015166979494,23.13018195619977,22.394316516727734,23.999234077949218,11.0,5.0,11.0,5.0,20.0,9.85,21.0,24.0,0.09832357844947125,138.11545333430124,0.06135956308970475,2320.555603743984
1986-01-16T15:00:00,extended_january,baseline,23.999354403396257,22.88764182442521,23.15204769699862,22.449710467102307,23.999224188602486,11.0,5.0,11.0,5.0,20.0,10.0,21.0,24.0,0.09800202628696476,138.2134553605882,0.05243051750774379,2320.608034261492
1986-01-16T15:15:00,extended_january,baseline,23.999309177247795,22.793523081484803,23.108139926837516,22.45157104216584,23.999272095498412,11.0,5.0,11.0,5.0,20.0,10.0,21.0,24.0,0.09652396251783449,138.30997932310603,0.10412938812324372,2320.712163649615
1986-01-16T15:30:00,extended_january,baseline,23.999275370917207,22.711150792434765,23.068862608219856,22.458057284097915,23.999232154914818,11.0,5.0,11.0,5.0,20.0,10.0,21.0,24.0,0.09633895077963071,138.40631827388566,0.10395267917856878,2320.8161163287937
1986-01-16T15:45:00,extended_january,baseline,23.999263503029052,22.65092427172712,23.04979019320335,22.475600412617787,23.999187500554157,11.0,5.0,11.0,5.0,20.0,10.0,21.0,24.0,0.09606140394413169,138.5023796778298,0.11387954565429499,2320.9299958744477
1986-01-16T16:00:00,extended_january,baseline,23.99926589027687,22.597331901424443,23.03519992048553,22.486859738810868,23.999146037982047,11.0,5.0,11.0,5.0,20.0,10.0,21.0,24.0,0.09572284349614738,138.59810252132593,0.128094829006988,2321.0580907034546
1986-01-16T16:15:00,extended_january,baseline,23.938863685038953,22.423453538657085,22.871225635165196,22.358545945325297,23.999310496146276,11.0,5.0,11.0,5.0,20.0,9.575,21.0,24.0,0.09271937696745314,138.6908218982934,0.3870976141932841,2321.445188317648
1986-01-16T16:30:00,extended_january,baseline,23.709154364932214,22.24350791163864,22.691793411690625,22.18093761954507,23.999309487088944,11.0,5.0,11.0,5.0,20.0,9.15,21.0,24.0,0.09251673073878193,138.7833386290322,0.43656148013975343,2321.881749797788
1986-01-16T16:53:00,extended_january,baseline,23.337923316298863,22.076142133557468,22.53032178794484,21.984111581187637,23.999503053275912,11.0,5.0,11.0,5.0,20.0,8.725000000000001,21.0,24.0,0.09232038405939008,138.87565901309156,0.5029490887817134,2322.38469888657
1986-01-16T17:00:00,extended_january,baseline,23.138470683537665,21.987979798674687,22.44865060970882,21.885869178937583,23.999313180461442,11.0,5.0,11.0,5.0,20.0,8.3,21.0,24.0,0.09210614242321041,138.96776515551477,0.5733721886957178,2322.9580710752657
1986-01-16T17:15:00,extended_january,baseline,22.916275465915362,21.883904415123823,22.352738999292136,21.775494175249793,23.994505580346335,11.0,5.0,11.0,5.0,20.0,8.3,21.0,24.0,0.09183615471624539,139.05960131023102,0.5770096036440898,2323.5350806789097
1986-01-16T17:30:00,extended_january,baseline,22.737026380433438,21.79156746108261,22.270481063945038,21.680389377371682,23.9643202486849,11.0,5.0,11.0,5.0,20.0,8.3,21.0,24.0,0.09183615471624539,139.15143746494726,0.5543863716899033,2324.0894670505995
1986-01-16T17:45:00,extended_january,baseline,22.57956191702296,21.70869191309289,22.197170354071485,21.594625558510753,23.91502631012925,11.0,5.0,11.0,5.0,20.0,8.3,21.0,24.0,0.09183615471624539,139.2432736196635,0.5427841397153916,2324.632251190315
1986-01-16T18:00:00,extended_january,baseline,22.43612975401652,21.63311363830123,22.129536458828053,21.516090331928506,23.857827504117292,11.0,5.0,11.0,5.0,20.0,8.3,21.0,24.0,0.09183615471624539,139.33510977437976,0.5360250352131319,2325.168276225528
1986-01-16T18:23:00,extended_january,baseline,21.73002477669428,21.02743952014296,21.488669996793238,21.0153374978079,23.234296158283776,5.5,2.5,5.5,2.5,10.0,8.3,21.0,24.0,0.09183615471624539,139.426945929096,0.32166257877602666,2325.489938804304
1986-01-16T18:38:00,extended_january,baseline,21.361284741797505,21.002300139879264,21.16518959659891,21.00181597514326,22.84839789196034,5.5,2.5,5.5,2.5,10.0,8.3,21.0,24.0,0.09183615471624539,139.51878208381225,0.3106191241221583,2325.8005579284263
1986-01-16T18:45:00,extended_january,baseline,21.168389590902414,20.9996023360619,21.010308397310116,21.001844525374864,22.679055072857686,5.5,2.5,5.5,2.5,10.0,8.3,21.0,24.0,0.09183615471624539,139.6106182385285,0.41691782721151754,2326.2174757556377
1986-01-16T19:00:00,extended_january,baseline,21.03062338563796,20.999798584165823,21.001662361030046,21.00122332530401,22.562107528775048,5.5,2.5,5.5,2.5,10.0,8.3,21.0,24.0,0.09183615471624539,139.70245439324475,0.6422800154948023,2326.8597557711323
1986-01-16T19:23:00,extended_january,baseline,21.000287464277406,21.000406431323547,21.000817154439037,20.999038968481784,21.98517109405309,0.0,0.0,0.0,0.0,0.0,8.450000000000001,21.0,24.0,0.09183615471624539,139.794290547961,1.3866039658844915,2328.246359737017
1986-01-16T19:38:00,extended_january,baseline,21.001783761777887,21.00056312545287,21.001136339550715,21.0021193547634,21.52055402303757,0.0,0.0,0.0,0.0,0.0,8.600000000000001,21.0,24.0,0.09183615471624539,139.88612670267725,1.3402281958080937,2329.586587932825
1986-01-16T19:53:00,extended_january,baseline,21.00016985680974,21.001483459045655,20.99984899555155,20.999774048483474,21.236912733909485,0.0,0.0,0.0,0.0,0.0,8.75,21.0,24.0,0.09183615471624539,139.9779628573935,1.3697549212588453,2330.9563428540837
1986-01-16T20:00:00,extended_january,baseline,21.00182287934113,20.999147989727263,21.000682017735294,21.00092355764196,21.07583303777754,0.0,0.0,0.0,0.0,0.0,8.9,21.0,24.0,0.09183615471624539,140.06979901210974,1.4039179411536988,2332.3602607952375
1986-01-16T20:23:00,extended_january,baseline,20.407764451477345,20.542650517038084,20.383873345801334,20.560022220219505,20.927922792745974,0.0,0.0,0.0,0.0,0.0,8.75,18.0,27.0,0.09183615471624539,140.161635166826,0.0,2332.3602607952375
1986-01-16T20:38:00,extended_january,baseline,20.076661715332403,20.260063624856265,19.970786670171734,20.2886578790688,20.803332538351754,0.0,0.0,0.0,0.0,0.0,8.600000000000001,18.0,27.0,0.09183615471624539,140.25347132154224,0.0,2332.3602607952375
1986-01-16T20:45:00,extended_january,baseline,19.92042058528786,20.134436300262333,19.845766457341806,20.162103192335806,20.704424570132396,0.0,0.0,0.0,0.0,0.0,8.450000000000001,18.0,27.0,0.09183615471624539,140.34530747625848,0.0,2332.3602607952375
1986-01-16T21:00:00,extended_january,baseline,19.80386697021174,20.027235911384253,19.75378354748674,20.053507715479654,20.581877687284937,0.0,0.0,0.0,0.0,0.0,8.3,18.0,27.0,0.09183615471624539,140.43714363097473,0.0,2332.3602607952375
1986-01-16T21:15:00,extended_january,baseline,19.68124172604699,19.910518949848083,19.643570261601347,19.93675637479728,20.445214846628417,0.0,0.0,0.0,0.0,0.0,8.3,18.0,27.0,0.09183615471624539,140.52897978569098,0.0,2332.3602607952375
1986-01-16T21:30:00,extended_january,baseline,19.55756321108921,19.790585624059627,19.524606001756588,19.816886955598527,20.33362588988646,0.0,0.0,0.0,0.0,0.0,8.3,18.0,27.0,0.09183615471624539,140.62081594040723,0.0,2332.3602607952375
1986-01-16T21:45:00,extended_january,baseline,19.449641572053622,19.68370405372206,19.420820990318013,19.709654817358306,20.244941988083646,0.0,0.0,0.0,0.0,0.0,8.3,18.0,27.0,0.09183615471624539,140.71265209512347,0.0,2332.3602607952375
1986-01-16T22:00:00,extended_january,baseline,19.358257562373154,19.591122698793342,19.33438257179077,19.616502804146155,20.168503671939888,0.0,0.0,0.0,0.0,0.0,8.3,18.0,27.0,0.09183615471624539,140.80448824983972,0.0,2332.3602607952375
1986-01-16T22:15:00,extended_january,baseline,19.27196281588756,19.50305865687023,19.252824342996206,19.52778646706467,20.0956241708451,0.0,0.0,0.0,0.0,0.0,8.175,18.0,27.0,0.09183615471624539,140.89632440455597,0.0,2332.3602607952375
1986-01-16T22:30:00,extended_january,baseline,19.189246089564076,19.41813576915,19.173824489896074,19.44216489402704,20.026246114570988,0.0,0.0,0.0,0.0,0.0,8.05,18.0,27.0,0.09183615471624539,140.98816055927222,0.0,2332.3602607952375
1986-01-16T22:45:00,extended_january,baseline,19.11168759943737,19.337989182520005,19.09934084680113,19.361268553478425,19.961804461160867,0.0,0.0,0.0,0.0,0.0,7.925,18.0,27.0,0.09183615471624539,141.07999671398846,0.0,2332.3602607952375
1986-01-16T23:00:00,extended_january,baseline,19.039478995302726,19.262751993047846,19.029878183268167,19.28522766617854,19.902347023980795,0.0,0.0,0.0,0.0,0.0,7.8,18.0,27.0,0.09183615471624539,141.1718328687047,0.0,2332.3602607952375
1986-01-16T23:15:00,extended_january,baseline,18.969108509738344,19.189321003376858,18.961976030398386,19.21593664336506,19.844623650813993,0.0,0.0,0.0,0.0,0.0,7.6499999999999995,18.0,27.0,0.09183615471624539,141.26366902342096,0.0,2332.3602607952375
1986-01-16T23:30:00,extended_january,baseline,18.90062628920306,19.11788795929616,18.895662029255252,19.142349685325925,19.788523445368746,0.0,0.0,0.0,0.0,0.0,7.5,18.0,27.0,0.09183615471624539,141.3555051781372,0.0,2332.3602607952375
1986-01-16T23:45:00,extended_january,baseline,18.83476943554051,19.0540019645792,18.831698516643797,19.07496377091869,19.734801455633228,0.0,0.0,0.0,0.0,0.0,7.3500000000000005,18.0,27.0,0.09183615471624539,141.44734133285345,0.0,2332.3602607952375
1986-01-17T00:00:00,extended_january,baseline,18.771570492004045,18.986389318978627,18.770163884655847,19.006050822854238,19.68363429620773,0.0,0.0,0.0,0.0,0.0,7.2,18.0,27.0,0.09183615471624539,141.5391774875697,0.0,2332.3602607952375
1986-01-17T00:15:00,extended_january,baseline,18.719624044020048,18.931262960648763,18.71960101183542,18.949605476808717,19.644395552759633,0.0,0.0,0.0,0.0,0.0,7.075,18.0,27.0,0.09183615471624539,141.63101364228595,0.0,2332.3602607952375
1986-01-17T00:30:00,extended_january,baseline,18.67593546929763,18.880565902582415,18.677117543466775,18.89819985680955,19.61475884017914,0.0,0.0,0.0,0.0,0.0,6.95,18.0,27.0,0.09183615471624539,141.7228497970022,0.0,2332.3602607952375
1986-01-17T00:45:00,extended_january,baseline,18.636427099268754,18.83424133093383,18.638690772370428,18.850514207982997,19.58930936381576,0.0,0.0,0.0,0.0,0.0,6.825,18.0,27.0,0.09183615471624539,141.81468595171845,0.0,2332.3602607952375
1986-01-17T01:00:00,extended_january,baseline,18.599948153837087,18.790951799160887,18.6031747512951,18.80597198641228,19.565174312872305,0.0,0.0,0.0,0.0,0.0,6.7,18.0,27.0,0.09183615471624539,141.9065221064347,0.0,2332.3602607952375
1986-01-17T01:15:00,extended_january,baseline,18.561375674848296,18.746370682108573,18.56551278297023,18.76037172903377,19.53855770858053,0.0,0.0,0.0,0.0,0.0,6.550000000000001,18.0,27.0,0.09183615471624539,141.99835826115094,0.0,2332.3602607952375
1986-01-17T01:30:00,extended_january,baseline,18.522143124137184,18.70183922212569,18.527112822065124,18.714924557743213,19.51100887070348,0.0,0.0,0.0,0.0,0.0,6.4,18.0,27.0,0.09183615471624539,142.0901944158672,0.0,2332.3602607952375
1986-01-17T01:45:00,extended_january,baseline,18.48415045719507,18.658673103622352,18.489869696615646,18.67087525347488,19.48429820386517,0.0,0.0,0.0,0.0,0.0,6.249999999999999,18.0,27.0,0.09183615471624539,142.18203057058344,0.0,2332.3602607952375
1986-01-17T02:00:00,extended_january,baseline,18.44975366575769,18.617135446789305,18.456027921586802,18.62847693149107,19.459003198699932,0.0,0.0,0.0,0.0,0.0,6.1,18.0,27.0,0.09183615471624539,142.27386672529968,0.0,2332.3602607952375
1986-01-17T02:15:00,extended_january,baseline,18.40672702219223,18.570223938781215,18.412314998737553,18.580785667299434,19.428891236684887,0.0,0.0,0.0,0.0,0.0,5.975,18.0,27.0,0.09183615471624539,142.36570288001593,0.0,2332.3602607952375
1986-01-17T02:30:00,extended_january,baseline,18.36143204925739,18.52006912188937,18.365238290410247,18.53074925416617,19.39531388725201,0.0,0.0,0.0,0.0,0.0,5.85,18.0,27.0,0.09183615471624539,142.45753903473218,0.0,2332.3602607952375
1986-01-17T02:45:00,extended_january,baseline,18.312422510899676,18.470036089449682,18.3138043209879,18.47984039886361,19.360694417448524,0.0,0.0,0.0,0.0,0.0,5.725,18.0,27.0,0.09183615471624539,142.54937518944843,0.0,2332.3602607952375
1986-01-17T03:00:00,extended_january,baseline,18.266021673760786,18.419766636686166,18.264872309258532,18.42866507752048,19.32603000565765,0.0,0.0,0.0,0.0,0.0,5.6,18.0,27.0,0.09183615471624539,142.64121134416467,0.0,2332.3602607952375
1986-01-17T03:15:00,extended_january,baseline,18.22466896788081,18.37569072341388,18.221701660689398,18.38387860120771,19.300950002190515,0.0,0.0,0.0,0.0,0.0,5.299999999999999,18.0,27.0,0.09183615471624539,142.73304749888092,0.0,2332.3602607952375
1986-01-17T03:30:00,extended_january,baseline,18.188853152755964,18.335803192169944,18.1848672125886,18.343323489835576,19.28336157089661,0.0,0.0,0.0,0.0,0.0,5.0,18.0,27.0,0.09183615471624539,142.82488365359717,0.0,2332.3602607952375
1986-01-17T03:45:00,extended_january,baseline,18.155229324217135,18.297821721557284,18.150456795514433,18.304666530611712,19.26938510596121,0.0,0.0,0.0,0.0,0.0,4.7,18.0,27.0,0.09183615471624539,142.91671980831342,0.0,2332.3602607952375
1986-01-17T04:00:00,extended_january,baseline,18.122596537503686,18.261177307522352,18.117052566461506,18.267352385968284,19.257499161739972,0.0,0.0,0.0,0.0,0.0,4.4,18.0,27.0,0.09183615471624539,143.00855596302966,0.0,2332.3602607952375
1986-01-17T04:15:00,extended_january,baseline,18.082786086542022,18.218839438289645,18.076923122499117,18.22440901889379,19.23729163550831,0.0,0.0,0.0,0.0,0.0,4.125,18.0,27.0,0.09183615471624539,143.1003921177459,0.0,2332.3602607952375
1986-01-17T04:30:00,extended_january,baseline,18.03814822906767,18.173010957503713,18.03231173723191,18.178050937144636,19.21085400030052,0.0,0.0,0.0,0.0,0.0,3.85,18.0,27.0,0.09183615471624539,143.19222827246216,0.0,2332.3602607952375
1986-01-17T04:45:00,extended_january,baseline,18.002068051872637,18.126086311017264,18.001088083759594,18.130642369415376,19.18214718502213,0.0,0.0,0.0,0.0,0.0,3.5749999999999997,18.0,27.0,0.09183615471624539,143.2840644271784,0.00991922226385266,2332.3701800175013
1986-01-17T05:00:00,extended_january,baseline,18.00081503332153,18.07853570434567,18.00011941052863,18.082629217489213,19.152665442071594,0.0,0.0,0.0,0.0,0.0,3.3,18.0,27.0,0.09183615471624539,143.37590058189465,0.036590647458796234,2332.4067706649603
1986-01-17T05:15:00,extended_january,baseline,17.999723672420586,18.037976106570763,18.000319128198292,18.041588557948337,19.129712040767213,0.0,0.0,0.0,0.0,0.0,3.175,18.0,27.0,0.09183615471624539,143.4677367366109,0.0463775395191167,2332.4531482044795
1986-01-17T05:30:00,extended_january,baseline,17.99980989091048,18.002184340463486,18.00026109488865,18.00528189427804,19.111907831754955,0.0,0.0,0.0,0.0,0.0,3.05,18.0,27.0,0.09183615471624539,143.55957289132715,0.06140460852095172,2332.5145528130006
1986-01-17T05:45:00,extended_january,baseline,18.000130171500686,17.99925164029879,18.00015992252525,18.001832949558004,19.096642135361037,0.0,0.0,0.0,0.0,0.0,2.925,18.0,27.0,0.09183615471624539,143.6514090460434,0.08481587101693115,2332.5993686840175
1986-01-17T06:00:00,extended_january,baseline,17.999850661271257,17.99911878253372,18.00064081078769,18.001044957838662,19.082958411992944,0.0,0.0,0.0,0.0,0.0,2.8,18.0,27.0,0.09183615471624539,143.74324520075965,0.10177303155511037,2332.7011417155727
1986-01-17T06:18:00,extended_january,baseline,20.205587082396946,20.32182778402674,20.152096449916083,20.324884216203106,20.246004381204063,0.0,0.0,0.0,0.0,0.0,2.8,21.0,24.0,0.09183615471624539,143.8350813554759,6.721326674452106,2339.4224683900247
1986-01-17T06:33:00,extended_january,baseline,21.0010487538376,20.999816939286802,21.00116001595702,21.00018463659884,20.86431699340704,0.0,0.0,0.0,0.0,0.0,2.8,21.0,24.0,0.09183615471624539,143.92691751019214,4.929284177520266,2344.351752567545
1986-01-17T06:53:00,extended_january,baseline,21.00163542545061,21.000270856125063,21.000619046937935,21.000338127556333,21.000314240189102,0.0,0.0,0.0,0.0,0.0,2.8,21.0,24.0,0.09183615471624539,144.0187536649084,4.197821361835843,2348.549573929381
1986-01-17T07:00:00,extended_january,baseline,21.00292240367191,21.003614312461917,21.00214824002075,21.003557473922893,21.000524749017835,0.0,0.0,0.0,0.0,0.0,2.8,21.0,24.0,0.09183615471624539,144.11058981962464,4.2338292101612005,2352.7834031395423
1986-01-17T07:15:00,extended_january,baseline,21.002332798752573,20.99852382754058,20.99955462668682,21.002629767024903,21.000764134450456,0.0,0.0,0.0,0.0,0.0,2.8,21.0,24.0,0.09183615471624539,144.20242597434088,4.044910988884974,2356.8283141284273
1986-01-17T07:30:00,extended_january,baseline,21.001276821200094,21.00107428082814,21.00095971908037,21.001228006203668,20.999995137773652,0.0,0.0,0.0,0.0,0.0,2.8,21.0,24.0,0.09183615471624539,144.29426212905713,3.8129582203520416,2360.6412723487792
1986-01-17T07:45:00,extended_january,baseline,21.000044299544935,21.000117510167787,21.00135018019929,21.000215728063715,21.000024284271582,0.0,0.0,0.0,0.0,0.0,2.8,21.0,24.0,0.09183615471624539,144.38609828377338,3.655106189433514,2364.2963785382126
1986-01-17T08:00:00,extended_january,baseline,21.000822656685894,21.000546687328328,20.99902307442865,20.999970290182166,20.99978559465287,0.0,0.0,0.0,0.0,0.0,2.8,21.0,24.0,0.09183615471624539,144.47793443848963,3.497394795776014,2367.7937733339886
1986-01-17T08:23:00,extended_january,baseline,21.000268026513645,21.365610300141174,21.00002478691337,20.998984132077933,21.33133485549128,11.0,5.0,11.0,5.0,20.0,2.925,21.0,24.0,0.09183615471624539,144.56977059320587,1.7674769364870915,2369.5612502704757
1986-01-17T08:38:00,extended_january,baseline,21.0008575193621,22.02989543690879,20.999761485289977,21.000616838778868,21.622131617302053,11.0,5.0,11.0,5.0,20.0,3.05,21.0,24.0,0.09183615471624539,144.66160674792212,1.6034836331193838,2371.1647339035953
1986-01-17T08:53:00,extended_january,baseline,21.00066034942281,22.586238543996487,21.00044077891581,21.00206448594432,21.82800114101931,11.0,5.0,11.0,5.0,20.0,3.175,21.0,24.0,0.09183615471624539,144.75344290263837,1.4592653958261,2372.6239992994215
1986-01-17T09:08:00,extended_january,baseline,21.000683259857528,23.101449505325537,21.000133971086985,21.00055151127939,21.997255581879514,11.0,5.0,11.0,5.0,20.0,3.3,21.0,24.0,0.09183615471624539,144.84527905735462,1.3246158671679789,2373.9486151665897
1986-01-17T09:20:00,extended_january,baseline,21.475398043253566,23.991569213777897,21.274804210042475,21.00095003277166,22.636907212926815,11.0,5.0,11.0,5.0,20.0,3.9999999999999996,21.0,24.0,0.09186037231120776,144.93713942966582,0.264643328455036,2374.2132584950446
1986-01-17T09:38:00,extended_january,baseline,21.82349046287109,23.996526266280995,21.47129180589584,20.999886024461773,22.933820119504055,11.0,5.0,11.0,5.0,20.0,4.699999999999999,21.0,24.0,0.0932896424958772,145.0304290721617,0.009994679593151291,2374.2232531746376
1986-01-17T09:53:00,extended_january,baseline,22.200397658156003,23.99915229950177,21.696499069908775,21.12193285206852,23.188925951944903,11.0,5.0,11.0,5.0,20.0,5.3999999999999995,21.0,24.0,0.09433701682142377,145.1247660889831,1.8977553512108043,2376.1210085258485
1986-01-17T10:08:00,extended_january,baseline,22.57210737083522,23.99935512058553,21.91681330566325,21.274288833502307,23.382743254278704,11.0,5.0,11.0,5.0,20.0,6.1,21.0,24.0,0.09508776061627305,145.2198538495994,0.8468067248528023,2376.9678152507013
1986-01-17T10:23:00,extended_january,baseline,22.96023078211806,23.999373746323133,22.13441345919005,21.429104052869565,23.576721896531446,11.0,5.0,11.0,5.0,20.0,6.6499999999999995,21.0,24.0,0.09566064576839207,145.31551449536778,0.6390492533740969,2377.6068645040755
1986-01-17T10:38:00,extended_january,baseline,23.345843809580078,23.99938272868291,22.349047874224993,21.59051870582437,23.75178173868771,11.0,5.0,11.0,5.0,20.0,7.2,21.0,24.0,0.09600912260995803,145.41152361797774,0.5172822230427856,2378.1241467271184
1986-01-17T10:53:00,extended_january,baseline,23.74329560082676,23.999386051911568,22.548907911704138,21.746719153572368,23.91156869895689,11.0,5.0,11.0,5.0,20.0,7.75,21.0,24.0,0.09631665071171987,145.50784026868945,0.42126561866978535,2378.545412345788
1986-01-17T11:08:00,extended_january,baseline,23.99763563382918,23.999502081170682,22.750914211712793,21.906241401976953,23.99941547258285,11.0,5.0,11.0,5.0,20.0,8.3,21.0,24.0,0.09810149161252285,145.60594176030196,0.2793948508847317,2378.8248071966727
1986-01-17T11:15:00,extended_january,baseline,23.99877063863642,23.999395756461762,22.798118069043866,21.920004165107063,23.99937429245297,8.8,4.0,8.8,4.0,16.0,8.725000000000001,21.0,24.0,0.09920393133504357,145.705145691637,0.19287885455939874,2379.017686051232
1986-01-17T11:30:00,extended_january,baseline,23.998812519877838,23.999445979996004,22.854101814570363,21.965516685257608,23.999363892020465,8.8,4.0,8.8,4.0,16.0,9.15,21.0,24.0,0.10004937891421019,145.8051950705512,0.11536662545294842,2379.133052676685
1986-01-17T11:45:00,extended_january,baseline,23.998802711176236,23.99953557332393,22.928729613047626,22.041216450183462,23.99929614755106,8.8,4.0,8.8,4.0,16.0,9.575,21.0,24.0,0.1018758707528516,145.90707094130406,0.020746545437613395,2379.153799222123
1986-01-17T12:00:00,extended_january,baseline,23.99886317508277,23.999553250435298,23.022686617116648,22.134448816076457,23.999256954354298,8.8,4.0,8.8,4.0,16.0,10.0,21.0,24.0,0.10303944159356561,146.0101103828976,0.0,2379.153799222123
1986-01-17T12:15:00,extended_january,baseline,23.998940230467145,23.999417254936205,22.916477989766374,22.037824436341822,23.919512458107228,4.4,2.0,4.4,2.0,8.0,10.425,21.0,24.0,0.09857820604269975,146.1086885889403,0.02388699342959117,2379.1776862155525
1986-01-17T12:30:00,extended_january,baseline,23.99906470714028,23.99950664327284,22.831352097331873,21.97303396972908,23.85603565873928,4.4,2.0,4.4,2.0,8.0,10.85,21.0,24.0,0.09828629831982241,146.20697488726015,0.0,2379.1776862155525
1986-01-17T12:45:00,extended_january,baseline,23.999223577339787,23.999530231480588,22.826661851129966,21.984902046849907,23.834713423340357,4.4,2.0,4.4,2.0,8.0,11.274999999999999,21.0,24.0,0.09834724322517997,146.30532213048534,0.0,2379.1776862155525
1986-01-17T13:00:00,extended_january,baseline,23.99932448218662,23.999583074142354,22.85106635386298,22.0183269540859,23.837579423558655,4.4,2.0,4.4,2.0,8.0,11.7,21.0,24.0,0.09796026067690544,146.40328239116224,0.0,2379.1776862155525
1986-01-17T13:15:00,extended_january,baseline,23.999395606625555,23.99961759911926,23.078134956313644,22.236810935613615,23.993396932961748,8.8,4.0,8.8,4.0,16.0,11.549999999999999,21.0,24.0,0.101404904917512,146.50468729607974,0.0,2379.1776862155525
1986-01-17T13:30:00,extended_january,baseline,23.99934865039032,23.99955987610194,23.275735240994,22.411999768960968,23.998875062403428,8.8,4.0,8.8,4.0,16.0,11.399999999999999,21.0,24.0,0.10483043087628084,146.60951772695603,0.0,2379.1776862155525
1986-01-17T13:45:00,extended_january,baseline,23.99921225287098,23.985721170899446,23.374971865278017,22.497953925211323,23.999196233092437,8.8,4.0,8.8,4.0,16.0,11.25,21.0,24.0,0.10363344194063939,146.71315116889667,0.0,2379.1776862155525
1986-01-17T14:00:00,extended_january,baseline,23.99919674262041,23.88592550745667,23.414122028674598,22.534101082779504,23.99915789790193,8.8,4.0,8.8,4.0,16.0,11.1,21.0,24.0,0.10286380105902612,146.8160149699557,0.0,2379.1776862155525
1986-01-17T14:15:00,extended_january,baseline,23.999275092764577,23.782539455522336,23.47037213541559,22.60105854177922,23.999095658261215,11.0,5.0,11.0,5.0,20.0,10.975,21.0,24.0,0.10237059638822063,146.91838556634391,0.0,2379.1776862155525
1986-01-17T14:30:00,extended_january,baseline,23.99930189385943,23.67264542005366,23.508775280349205,22.646978069931354,23.999062217604166,11.0,5.0,11.0,5.0,20.0,10.85,21.0,24.0,0.10030509913339161,147.0186906654773,0.0,2379.1776862155525
1986-01-17T14:45:00,extended_january,baseline,23.99926771104153,23.556433720048066,23.521261162023876,22.66390007698882,23.999044767548508,11.0,5.0,11.0,5.0,20.0,10.725,21.0,24.0,0.0993125543825729,147.11800321985987,0.0,2379.1776862155525
1986-01-17T15:00:00,extended_january,baseline,23.99923456710716,23.442618827782802,23.518616476576277,22.668409582338455,23.999035920408712,11.0,5.0,11.0,5.0,20.0,10.6,21.0,24.0,0.09855599528793701,147.2165592151478,0.0,2379.1776862155525
1986-01-17T15:15:00,extended_january,baseline,23.99924889410085,23.279345981850764,23.441177485296063,22.61486412444315,23.999108261396447,11.0,5.0,11.0,5.0,20.0,10.45,21.0,24.0,0.0963400261114291,147.31289924125923,0.025466999345189204,2379.2031532148976
1986-01-17T15:30:00,extended_january,baseline,23.999255283714266,23.127982382050526,23.359730376641153,22.56512645278954,23.99911266455454,11.0,5.0,11.0,5.0,20.0,10.3,21.0,24.0,0.09566431127351675,147.40856355253274,0.06131588411779367,2379.2644690990155
1986-01-17T15:45:00,extended_january,baseline,23.999277477386347,23.000330353017038,23.292360000196723,22.52778391460779,23.99910788074259,11.0,5.0,11.0,5.0,20.0,10.15,21.0,24.0,0.09502660956233736,147.50359016209507,0.10715327660332913,2379.3716223756187
1986-01-17T16:00:00,extended_january,baseline,23.940534348076223,22.880366840420688,23.225180175062494,22.48745547548703,23.999117393141354,11.0,5.0,11.0,5.0,20.0,10.0,21.0,24.0,0.09486008060078348,147.59845024269586,0.1309245982871283,2379.5025469739057
1986-01-17T16:15:00,extended_january,baseline,23.712828681985478,22.661358390609287,23.031720925337204,22.33818945009978,23.999292213977004,11.0,5.0,11.0,5.0,20.0,9.575,21.0,24.0,0.09318114654062691,147.69163138923648,0.3069564596218143,2379.8095034335274
1986-01-17T16:30:00,extended_january,baseline,23.462326063429444,22.463221752243495,22.848338621874564,22.1890256512777,23.999290404345565,11.0,5.0,11.0,5.0,20.0,9.15,21.0,24.0,0.09305605502328226,147.78468744425976,0.36247897735679824,2380.171982410884
1986-01-17T16:45:00,extended_january,baseline,23.208515088819645,22.30788043068183,22.70869003205379,22.046414867784552,23.999275396521934,11.0,5.0,11.0,5.0,20.0,8.725000000000001,21.0,24.0,0.09293952045413216,147.8776269647139,0.4286924730142489,2380.600674883898
1986-01-17T17:00:00,extended_january,baseline,22.998917982843455,22.183251737759278,22.603540584724815,21.930035673850146,23.999261460726455,11.0,5.0,11.0,5.0,20.0,8.3,21.0,24.0,0.09280393280826615,147.97043089752216,0.49599053157233997,2381.0966654154704
1986-01-17T17:15:00,extended_january,baseline,22.835101804712718,22.076642511573873,22.517981113412866,21.8373571029801,23.99924282628494,11.0,5.0,11.0,5.0,20.0,8.025,21.0,24.0,0.09263519829523902,148.0630660958174,0.5410639979691806,2381.6377294134395
1986-01-17T17:30:00,extended_january,baseline,22.697885262248604,21.981366379390504,22.442459340754347,21.757136280185723,23.99922879247003,11.0,5.0,11.0,5.0,20.0,7.75,21.0,24.0,0.09247379587859966,148.15553989169598,0.5827201895884846,2382.220449603028
1986-01-17T17:45:00,extended_january,baseline,22.57564378118727,21.895477294633206,22.373790621533875,21.683979500008675,23.99921836235845,11.0,5.0,11.0,5.0,20.0,7.4750000000000005,21.0,24.0,0.09232408422650894,148.24786397592248,0.6212448191642894,2382.841694422192
1986-01-17T18:00:00,extended_january,baseline,22.465493175903898,21.818128797651468,22.31115265577491,21.617045229199935,23.99921022621342,11.0,5.0,11.0,5.0,20.0,7.2,21.0,24.0,0.09218621168586968,148.34005018760834,0.6572570047118873,2383.498951426904
1986-01-17T18:23:00,extended_january,baseline,21.760441970211108,21.185508034074562,21.64635396546508,21.023827523071265,23.43120406447234,5.5,2.5,5.5,2.5,10.0,7.075,21.0,24.0,0.09183615471624539,148.4318863423246,0.36816703197096884,2383.867118458875
1986-01-17T18:38:00,extended_january,baseline,21.372272863818477,21.003646922434175,21.285392589904045,21.00167092136568,23.05480069915091,5.5,2.5,5.5,2.5,10.0,6.95,21.0,24.0,0.09183615471624539,148.52372249704084,0.2528819035398163,2384.120000362415
1986-01-17T18:45:00,extended_january,baseline,21.16072914578048,20.99985582877919,21.094025944804017,21.002085141805278,22.867727006403403,5.5,2.5,5.5,2.5,10.0,6.825,21.0,24.0,0.09183615471624539,148.61555865175708,0.42533899557851573,2384.5453393579933
1986-01-17T19:00:00,extended_january,baseline,21.010666269768983,21.000241367757667,21.005890567039838,21.00181195536224,22.72653795827302,5.5,2.5,5.5,2.5,10.0,6.7,21.0,24.0,0.09183615471624539,148.70739480647333,0.6759795923959135,2385.221318950389
1986-01-17T19:23:00,extended_january,baseline,21.002039279068665,21.00055880650949,21.002045341543486,21.0010896884804,22.137499777300153,0.0,0.0,0.0,0.0,0.0,6.7,21.0,24.0,0.09183615471624539,148.79923096118958,2.0544878389278782,2387.275806789317
1986-01-17T19:38:00,extended_january,baseline,21.00015094651604,21.001555852371833,21.00012102214203,21.001948676769274,21.673525278116287,0.0,0.0,0.0,0.0,0.0,6.7,21.0,24.0,0.09183615471624539,148.89106711590583,1.6180818889101294,2388.893888678227
1986-01-17T19:53:00,extended_january,baseline,21.001613128434467,21.001630399541803,21.00096984284508,21.000421479405475,21.38898845821877,0.0,0.0,0.0,0.0,0.0,6.7,21.0,24.0,0.09183615471624539,148.98290327062207,1.6098907748809639,2390.503779453108
1986-01-17T20:00:00,extended_january,baseline,21.00094601493671,20.999608452000135,21.000720794714468,20.99888903691375,21.228281623583452,0.0,0.0,0.0,0.0,0.0,6.7,21.0,24.0,0.09183615471624539,149.07473942533832,1.6505108658489092,2392.154290318957
1986-01-17T20:23:00,extended_january,baseline,20.363075013009176,20.528471620320534,20.35069707223829,20.538818161499975,21.078539909750873,0.0,0.0,0.0,0.0,0.0,6.550000000000001,18.0,27.0,0.09183615471624539,149.16657558005457,0.0,2392.154290318957
1986-01-17T20:38:00,extended_january,baseline,20.006478793687677,20.224799731243866,19.983631158812454,20.246353145723297,20.942522629073054,0.0,0.0,0.0,0.0,0.0,6.4,18.0,27.0,0.09183615471624539,149.25841173477082,0.0,2392.154290318957
1986-01-17T20:45:00,extended_january,baseline,19.83649274455667,20.090746178039495,19.812164042480337,20.110707870116038,20.83178651518989,0.0,0.0,0.0,0.0,0.0,6.249999999999999,18.0,27.0,0.09183615471624539,149.35024788948706,0.0,2392.154290318957
1986-01-17T21:00:00,extended_january,baseline,19.707760382539306,19.971339327831224,19.68552936888961,19.990325662470834,20.691865865317883,0.0,0.0,0.0,0.0,0.0,6.1,18.0,27.0,0.09183615471624539,149.4420840442033,0.0,2392.154290318957
1986-01-17T21:15:00,extended_january,baseline,19.577374876716622,19.84405703057058,19.557509068029447,19.86384655786676,20.545206912547634,0.0,0.0,0.0,0.0,0.0,6.1,18.0,27.0,0.09183615471624539,149.53392019891956,0.0,2392.154290318957
1986-01-17T21:30:00,extended_january,baseline,19.448241470686476,19.714602508975297,19.429866211746535,19.735235753213512,20.407799466510134,0.0,0.0,0.0,0.0,0.0,6.1,18.0,27.0,0.09183615471624539,149.6257563536358,0.0,2392.154290318957
1986-01-17T21:45:00,extended_january,baseline,19.33522736625677,19.59821601722402,19.318039939160307,19.619136549827704,20.308550747084332,0.0,0.0,0.0,0.0,0.0,6.1,18.0,27.0,0.09183615471624539,149.71759250835206,0.0,2392.154290318957
1986-01-17T22:00:00,extended_january,baseline,19.23914253172777,19.496076389701496,19.22317838093467,19.516876504236798,20.232302087263218,0.0,0.0,0.0,0.0,0.0,6.1,18.0,27.0,0.09183615471624539,149.8094286630683,0.0,2392.154290318957
1986-01-17T22:15:00,extended_january,baseline,19.155307537423525,19.404785748979666,19.141541248089762,19.43105035634718,20.16016342210022,0.0,0.0,0.0,0.0,0.0,6.249999999999999,18.0,27.0,0.09183615471624539,149.90126481778455,0.0,2392.154290318957
1986-01-17T22:30:00,extended_january,baseline,19.08146892703001,19.328281452738057,19.070584430293504,19.347390085456034,20.090159372942992,0.0,0.0,0.0,0.0,0.0,6.4,18.0,27.0,0.09183615471624539,149.9931009725008,0.0,2392.154290318957
1986-01-17T22:45:00,extended_january,baseline,19.016586576347517,19.253849647306822,19.0088155894422,19.274436400805538,20.029883546743264,0.0,0.0,0.0,0.0,0.0,6.550000000000001,18.0,27.0,0.09183615471624539,150.08493712721705,0.0,2392.154290318957
1986-01-17T23:00:00,extended_january,baseline,18.95960529894488,19.18879850632442,18.955024734965015,19.20690806071641,19.970655070161037,0.0,0.0,0.0,0.0,0.0,6.7,18.0,27.0,0.09183615471624539,150.1767732819333,0.0,2392.154290318957
1986-01-17T23:15:00,extended_january,baseline,18.897766809625217,19.120966419727193,18.895650249652903,19.137344676242762,19.912305714799636,0.0,0.0,0.0,0.0,0.0,6.550000000000001,18.0,27.0,0.09183615471624539,150.26860943664954,0.0,2392.154290318957
1986-01-17T23:30:00,extended_january,baseline,18.83311200556227,19.051566709520678,18.832787328890262,19.067337503666533,19.855101800551722,0.0,0.0,0.0,0.0,0.0,6.4,18.0,27.0,0.09183615471624539,150.3604455913658,0.0,2392.154290318957
1986-01-17T23:45:00,extended_january,baseline,18.770056854892477,18.983935822170704,18.771187067190645,18.999205024856206,19.79995790606115,0.0,0.0,0.0,0.0,0.0,6.249999999999999,18.0,27.0,0.09183615471624539,150.45228174608204,0.0,2392.154290318957
1986-01-18T00:00:00,extended_january,baseline,18.70970614862153,18.918835663572676,18.71212194117249,18.933451568053485,19.747245134037733,0.0,0.0,0.0,0.0,0.0,6.1,18.0,27.0,0.09183615471624539,150.54411790079828,0.0,2392.154290318957
1986-01-18T00:15:00,extended_january,baseline,18.654940863158973,18.858295522541233,18.658334916613963,18.872219569246308,19.694270777539298,0.0,0.0,0.0,0.0,0.0,6.249999999999999,18.0,27.0,0.09183615471624539,150.63595405551453,0.0,2392.154290318957
1986-01-18T00:30:00,extended_january,baseline,18.605330511020394,18.80204794012943,18.60946802579824,18.815280667132317,19.64180037112669,0.0,0.0,0.0,0.0,0.0,6.4,18.0,27.0,0.09183615471624539,150.72779021023078,0.0,2392.154290318957
1986-01-18T00:45:00,extended_january,baseline,18.559569002989935,18.749343235554186,18.564310063712373,18.76187804695256,19.591061183378883,0.0,0.0,0.0,0.0,0.0,6.550000000000001,18.0,27.0,0.09183615471624539,150.81962636494703,0.0,2392.154290318957
1986-01-18T01:00:00,extended_january,baseline,18.517057511022674,18.699879416379463,18.522301294240272,18.711707306025474,19.54251105737955,0.0,0.0,0.0,0.0,0.0,6.7,18.0,27.0,0.09183615471624539,150.91146251966327,0.0,2392.154290318957
1986-01-18T01:15:00,extended_january,baseline,18.481842498179706,18.65684833644158,18.487524255043404,18.66792898180555,19.50312368416811,0.0,0.0,0.0,0.0,0.0,6.7,18.0,27.0,0.09183615471624539,151.00329867437952,0.0,2392.154290318957
1986-01-18T01:30:00,extended_january,baseline,18.453533173391325,18.61859765634673,18.459526476074203,18.62889747123369,19.47095569749289,0.0,0.0,0.0,0.0,0.0,6.7,18.0,27.0,0.09183615471624539,151.09513482909577,0.0,2392.154290318957
1986-01-18T01:45:00,extended_january,baseline,18.426523330346445,18.58437111834453,18.432907124230958,18.593861185983627,19.442768338887536,0.0,0.0,0.0,0.0,0.0,6.7,18.0,27.0,0.09183615471624539,151.18697098381202,0.0,2392.154290318957
1986-01-18T02:00:00,extended_january,baseline,18.401147486684483,18.552737623808056,18.407784721272044,18.561458087685473,19.41733679307344,0.0,0.0,0.0,0.0,0.0,6.7,18.0,27.0,0.09183615471624539,151.27880713852826,0.0,2392.154290318957
1986-01-18T02:15:00,extended_january,baseline,18.376349565827326,18.52190068620914,18.38319866971365,18.529900232788496,19.392384559365265,0.0,0.0,0.0,0.0,0.0,6.7,18.0,27.0,0.09183615471624539,151.3706432932445,0.0,2392.154290318957
1986-01-18T02:30:00,extended_january,baseline,18.352390210157267,18.49230067230879,18.359445818828867,18.49961479453927,19.368170786688015,0.0,0.0,0.0,0.0,0.0,6.7,18.0,27.0,0.09183615471624539,151.46247944796076,0.0,2392.154290318957
1986-01-18T02:45:00,extended_january,baseline,18.329682663658993,18.46439133356414,18.336930301552627,18.471047838064067,19.345307639601433,0.0,0.0,0.0,0.0,0.0,6.7,18.0,27.0,0.09183615471624539,151.554315602677,0.0,2392.154290318957
1986-01-18T03:00:00,extended_january,baseline,18.308313201065424,18.438167576524425,18.3157308839464,18.444192529798563,19.32393277980545,0.0,0.0,0.0,0.0,0.0,6.7,18.0,27.0,0.09183615471624539,151.64615175739326,0.0,2392.154290318957
1986-01-18T03:15:00,extended_january,baseline,18.28820777737754,18.41348769292412,18.295773712499848,18.418907066841587,19.30393437145232,0.0,0.0,0.0,0.0,0.0,6.7,18.0,27.0,0.09183615471624539,151.7379879121095,0.0,2392.154290318957
1986-01-18T03:30:00,extended_january,baseline,18.269283928832987,18.390241119800923,18.276978789492777,18.395080783114963,19.285189079438457,0.0,0.0,0.0,0.0,0.0,6.7,18.0,27.0,0.09183615471624539,151.82982406682575,0.0,2392.154290318957
1986-01-18T03:45:00,extended_january,baseline,18.25160284164104,18.368425937616117,18.259880821697315,18.372710920587963,19.267701201048798,0.0,0.0,0.0,0.0,0.0,6.7,18.0,27.0,0.09183615471624539,151.921660221542,0.0,2392.154290318957
1986-01-18T04:00:00,extended_january,baseline,18.23551202650843,18.34806315041171,18.24374138245729,18.351831733997606,19.251402916948248,0.0,0.0,0.0,0.0,0.0,6.7,18.0,27.0,0.09183615471624539,152.01349637625825,0.0,2392.154290318957
1986-01-18T04:15:00,extended_january,baseline,18.216665957639336,18.32562942280699,18.22471736220032,18.32895879965738,19.22957777272877,0.0,0.0,0.0,0.0,0.0,6.825,18.0,27.0,0.09183615471624539,152.1053325309745,0.0,2392.154290318957
1986-01-18T04:30:00,extended_january,baseline,18.19657969797503,18.302635654335077,18.204522620684305,18.30558619668098,19.203956426819502,0.0,0.0,0.0,0.0,0.0,6.95,18.0,27.0,0.09183615471624539,152.19716868569074,0.0,2392.154290318957
1986-01-18T04:45:00,extended_january,baseline,18.17696634515285,18.280444047690658,18.184829679850104,18.28304792008774,19.17747696590818,0.0,0.0,0.0,0.0,0.0,7.075,18.0,27.0,0.09183615471624539,152.289004840407,0.0,2392.154290318957
1986-01-18T05:00:00,extended_january,baseline,18.15843681273489,18.25948183680335,18.166207755838037,18.261758873735378,19.151488733717954,0.0,0.0,0.0,0.0,0.0,7.2,18.0,27.0,0.09183615471624539,152.38084099512324,0.0,2392.154290318957
1986-01-18T05:15:00,extended_january,baseline,18.146301097690376,18.24450385018147,18.15368428056015,18.24642518407219,19.135557535367848,0.0,0.0,0.0,0.0,0.0,7.2,18.0,27.0,0.09183615471624539,152.47267714983948,0.0,2392.154290318957
1986-01-18T05:30:00,extended_january,baseline,18.138192691856855,18.232747237579947,18.144533630124037,18.23428505285859,19.127010558039128,0.0,0.0,0.0,0.0,0.0,7.2,18.0,27.0,0.09183615471624539,152.56451330455573,0.0,2392.154290318957
1986-01-18T05:45:00,extended_january,baseline,18.131750804257535,18.22242587532954,18.136783007477234,18.223580909631863,19.121647396750987,0.0,0.0,0.0,0.0,0.0,7.2,18.0,27.0,0.09183615471624539,152.65634945927198,0.0,2392.154290318957
1986-01-18T06:00:00,extended_january,baseline,18.126387687720925,18.2132677584265,18.130037963476003,18.21405732366404,19.117860316549162,0.0,0.0,0.0,0.0,0.0,7.2,18.0,27.0,0.09183615471624539,152.74818561398823,0.0,2392.154290318957
1986-01-18T06:18:00,extended_january,baseline,20.463347226738293,20.57194135611255,20.418100952738406,20.57085138272959,20.300285016772598,0.0,0.0,0.0,0.0,0.0,7.2,21.0,24.0,0.09183615471624539,152.84002176870447,5.428686761865442,2397.5829770808223
1986-01-18T06:34:00,extended_january,baseline,20.999845554162974,20.999012903328126,20.99978876732712,21.000967597730092,20.923269899572958,0.0,0.0,0.0,0.0,0.0,7.2,21.0,24.0,0.09183615471624539,152.93185792342072,4.095902447668045,2401.67887952849
1986-01-18T06:53:00,extended_january,baseline,21.00093360687896,20.998483136057274,21.00020470650276,20.999079442818932,20.999932285130527,0.0,0.0,0.0,0.0,0.0,7.2,21.0,24.0,0.09183615471624539,153.02369407813697,3.4065427807502533,2405.0854223092406
1986-01-18T07:00:00,extended_january,baseline,21.001573242922024,20.997675749308847,20.998678449372452,20.99833631138949,20.999904905296926,0.0,0.0,0.0,0.0,0.0,7.2,21.0,24.0,0.09183615471624539,153.11553023285322,3.4151375444924548,2408.500559853733
1986-01-18T07:15:00,extended_january,baseline,20.99862177183032,21.002605678352396,21.001639049427567,20.999273858225138,21.000972770870632,0.0,0.0,0.0,0.0,0.0,7.075,21.0,24.0,0.09183615471624539,153.20736638756946,3.3144076296838074,2411.814967483417
1986-01-18T07:30:00,extended_january,baseline,20.999876325767186,21.002872545853222,21.000881056908227,20.998443056580214,21.001017002128446,0.0,0.0,0.0,0.0,0.0,6.95,21.0,24.0,0.09183615471624539,153.2992025422857,3.193140755457019,2415.0081082388742
1986-01-18T07:45:00,extended_january,baseline,21.000479997143874,20.999458703941677,21.000051833825626,21.001076619809606,21.000637578769407,0.0,0.0,0.0,0.0,0.0,6.825,21.0,24.0,0.09183615471624539,153.39103869700196,3.1437809786514417,2418.151889217526
1986-01-18T08:00:00,extended_january,baseline,21.000955014260366,21.002428139590407,21.001644119609722,21.000521798772816,20.99949541276673,0.0,0.0,0.0,0.0,0.0,6.7,21.0,24.0,0.09183615471624539,153.4828748517182,3.1017273006360897,2421.253616518162
1986-01-18T08:23:00,extended_january,baseline,21.000420136918528,21.000687304877857,20.99971927598458,21.00000336100131,21.351560142379043,11.0,5.0,11.0,5.0,20.0,6.7,21.0,24.0,0.09183615471624539,153.57471100643446,1.3067378434711852,2422.560354361633
1986-01-18T08:38:00,extended_january,baseline,21.001164354524132,20.999534962034385,21.000457509714327,21.00121489784969,21.640865790586254,11.0,5.0,11.0,5.0,20.0,6.7,21.0,24.0,0.09183615471624539,153.6665471611507,1.224324392982329,2423.7846787546155
1986-01-18T08:45:00,extended_january,baseline,21.000823738880168,21.00128404512533,21.00116183333888,21.0006830028398,21.81520887739754,11.0,5.0,11.0,5.0,20.0,6.7,21.0,24.0,0.09183615471624539,153.75838331586695,1.0095731488463244,2424.794251903462
1986-01-18T09:00:00,extended_january,baseline,21.000577399466614,21.001519537630646,21.001061262882075,21.003079190970993,21.962456204623955,11.0,5.0,11.0,5.0,20.0,6.7,21.0,24.0,0.09183615471624539,153.8502194705832,0.6236453283956548,2425.4178972318573
1986-01-18T09:23:00,extended_january,baseline,21.31323131863711,21.523415336974896,21.401558413464475,21.062375848940743,22.542016138228117,11.0,5.0,11.0,5.0,20.0,6.550000000000001,21.0,24.0,0.09183615471624539,153.94205562529945,1.0396180320236992,2426.457515263881
1986-01-18T09:38:00,extended_january,baseline,21.57740087217155,21.953299988601625,21.682410176757973,21.16908470671332,22.899847959625514,11.0,5.0,11.0,5.0,20.0,6.4,21.0,24.0,0.09183615471624539,154.0338917800157,0.8987469131222172,2427.356262177003
1986-01-18T09:53:00,extended_january,baseline,21.797355170513107,22.26897877482249,21.882609466265613,21.295869823577814,23.112525350413435,11.0,5.0,11.0,5.0,20.0,6.249999999999999,21.0,24.0,0.09183615471624539,154.12572793473194,0.8444367021363594,2428.200698879139
1986-01-18T10:00:00,extended_january,baseline,21.970383648984363,22.501908132897405,22.025193458393513,21.395971037041505,23.245838270731525,11.0,5.0,11.0,5.0,20.0,6.1,21.0,24.0,0.09183615471624539,154.2175640894482,0.8285338972251408,2429.029232776364
1986-01-18T10:15:00,extended_january,baseline,22.18001502538691,22.77389663930948,22.187770988251632,21.50936960935084,23.390734927759752,11.0,5.0,11.0,5.0,20.0,5.975,21.0,24.0,0.09183615471624539,154.30940024416444,0.8214471400631818,2429.8506799164275
1986-01-18T10:30:00,extended_january,baseline,22.404713059847563,23.053215775868082,22.333490139568113,21.611704393945395,23.51267110606602,11.0,5.0,11.0,5.0,20.0,5.85,21.0,24.0,0.09183615471624539,154.40123639888068,0.8223323115108568,2430.673012227938
1986-01-18T10:45:00,extended_january,baseline,22.613976779605725,23.279819399156185,22.448327244658923,21.699014138358244,23.614494251398103,11.0,5.0,11.0,5.0,20.0,5.725,21.0,24.0,0.09183615471624539,154.49307255359693,0.8268738249023592,2431.499886052841
1986-01-18T11:00:00,extended_january,baseline,22.801092581684696,23.4416766202775,22.538159041805525,21.772745305503108,23.700741557391872,11.0,5.0,11.0,5.0,20.0,5.6,21.0,24.0,0.09183615471624539,154.58490870831318,0.8337354565264066,2432.3336215093673
1986-01-18T11:15:00,extended_january,baseline,22.89020173263979,23.47749667313667,22.52202715398707,21.7494783304167,23.69114882548368,8.8,4.0,8.8,4.0,16.0,5.449999999999999,21.0,24.0,0.09183615471624539,154.67674486302943,0.845997763015454,2433.1796192723828
1986-01-18T11:30:00,extended_january,baseline,23.00469590939032,23.50704229172776,22.520456217464382,21.74934757722085,23.693099256022517,8.8,4.0,8.8,4.0,16.0,5.3,21.0,24.0,0.09183615471624539,154.76858101774567,0.8583438629790029,2434.0379631353617
1986-01-18T11:45:00,extended_january,baseline,23.107467033931908,23.4856724850961,22.546979861947808,21.77755532808047,23.731603250491816,8.8,4.0,8.8,4.0,16.0,5.15,21.0,24.0,0.09183615471624539,154.86041717246192,0.8703772219285761,2434.9083403572904
1986-01-18T12:00:00,extended_january,baseline,23.12865806914314,23.372953712433702,22.572257375243094,21.8029022490142,23.785429497112947,8.8,4.0,8.8,4.0,16.0,5.0,21.0,24.0,0.09183615471624539,154.95225332717817,0.8826429647903241,2435.7909833220806
1986-01-18T12:23:00,extended_january,baseline,22.753545379634936,22.90320497715817,22.28921145844348,21.537297599736636,23.564670832914313,4.4,2.0,4.4,2.0,8.0,4.85,21.0,24.0,0.09183615471624539,155.04408948189442,0.8940155644568545,2436.6849988865374
1986-01-18T12:38:00,extended_january,baseline,22.45931159719269,22.5976917429264,22.14856691361747,21.429569435995916,23.452129666530734,4.4,2.0,4.4,2.0,8.0,4.7,21.0,24.0,0.09183615471624539,155.13592563661066,0.9093374008965512,2437.594336287434
1986-01-18T12:45:00,extended_january,baseline,22.31000387360096,22.42126730284851,22.08385795448475,21.37769755736318,23.404419743672534,4.4,2.0,4.4,2.0,8.0,4.550000000000001,21.0,24.0,0.09183615471624539,155.2277617913269,0.9241005086475038,2438.5184367960815
1986-01-18T13:00:00,extended_january,baseline,22.197660443900396,22.264093327445618,22.047838488933657,21.344873955283383,23.38664561120997,4.4,2.0,4.4,2.0,8.0,4.4,21.0,24.0,0.09183615471624539,155.31959794604316,0.030191118180764667,2438.5486279142624
1986-01-18T13:15:00,extended_january,baseline,22.297275506354023,22.300155765301398,22.205784639536805,21.4929597153736,23.559906822202073,8.8,4.0,8.8,4.0,16.0,4.125,21.0,24.0,0.09183615471624539,155.4114341007594,0.13202131182659152,2438.680649226089
1986-01-18T13:30:00,extended_january,baseline,22.31259852024747,22.21970490200867,22.27276166320384,21.50472338587286,23.679977027478788,8.8,4.0,8.8,4.0,16.0,3.85,21.0,24.0,0.09183615471624539,155.50327025547566,0.2648284773139839,2438.945477703403
1986-01-18T13:45:00,extended_january,baseline,22.216293491926226,22.038940663455772,22.221170129717997,21.401367529661005,23.704535249458715,8.8,4.0,8.8,4.0,16.0,3.5749999999999997,21.0,24.0,0.09183615471624539,155.5951064101919,0.4220158135492491,2439.367493516952
1986-01-18T14:00:00,extended_january,baseline,22.09193351969517,21.857355093239043,22.132562707043224,21.288638678695317,23.68610842720281,8.8,4.0,8.8,4.0,16.0,3.3,21.0,24.0,0.09183615471624539,155.68694256490815,0.6052811798462102,2439.9727746967983
1986-01-18T14:15:00,extended_january,baseline,22.065367637743588,21.79004574343541,22.13292228404423,21.285179454691,23.73204821805431,11.0,5.0,11.0,5.0,20.0,3.175,21.0,24.0,0.09183615471624539,155.7787787196244,0.7041224710282351,2440.6768971678266
1986-01-18T14:30:00,extended_january,baseline,22.07345445295998,21.757766301590756,22.160232762540165,21.308675733357326,23.7965885884961,11.0,5.0,11.0,5.0,20.0,3.05,21.0,24.0,0.09183615471624539,155.87061487434065,0.7934923371741343,2441.4703895050006
1986-01-18T14:45:00,extended_january,baseline,22.064780906721662,21.71649505232209,22.16776470370851,21.315309576635283,23.851926203386565,11.0,5.0,11.0,5.0,20.0,2.925,21.0,24.0,0.09183615471624539,155.9624510290569,0.8747018941758432,2442.3450913991765
1986-01-18T15:00:00,extended_january,baseline,22.03954275028588,21.671749367044626,22.157295967598667,21.311646404481294,23.898411330691363,11.0,5.0,11.0,5.0,20.0,2.8,21.0,24.0,0.09183615471624539,156.05428718377314,0.9467387767612266,2443.291830175938
1986-01-18T15:15:00,extended_january,baseline,21.931102246625837,21.565993311521755,22.06305747790847,21.241384662661183,23.865375417020783,11.0,5.0,11.0,5.0,20.0,2.6499999999999995,21.0,24.0,0.09183615471624539,156.1461233384894,1.0280215591411666,2444.319851735079
1986-01-18T15:30:00,extended_january,baseline,21.820390535126915,21.472083001950818,21.96527405749802,21.177384805518308,23.82559290865665,11.0,5.0,11.0,5.0,20.0,2.5,21.0,24.0,0.09183615471624539,156.23795949320564,1.1029928004290794,2445.422844535508
1986-01-18T15:45:00,extended_january,baseline,21.74179052790348,21.410135037935746,21.895379050290483,21.141584897950537,23.803966657585256,11.0,5.0,11.0,5.0,20.0,2.35,21.0,24.0,0.09183615471624539,156.32979564792188,1.1732368821771602,2446.596081417685
1986-01-18T16:00:00,extended_january,baseline,21.682471440102734,21.364286193041316,21.84062162038941,21.11890143040795,23.792060128738516,11.0,5.0,11.0,5.0,20.0,2.2,21.0,24.0,0.09183615471624539,156.42163180263813,1.2421454565840406,2447.8382268742694
1986-01-18T16:15:00,extended_january,baseline,21.50952591646982,21.217756641435383,21.667894522073187,21.015491787784605,23.661044907339527,11.0,5.0,11.0,5.0,20.0,2.075,21.0,24.0,0.09183615471624539,156.51346795735438,1.3282324521241244,2449.1664593263936
1986-01-18T16:30:00,extended_january,baseline,21.351842966049343,21.08476459413534,21.5074905492051,21.00142602146265,23.539083586852836,11.0,5.0,11.0,5.0,20.0,1.9500000000000002,21.0,24.0,0.09183615471624539,156.60530411207063,1.454451606659948,2450.6209109330534
1986-01-18T16:45:00,extended_january,baseline,21.23931094422826,21.009332585045648,21.388145423155496,21.00002539775483,23.460803332257335,11.0,5.0,11.0,5.0,20.0,1.825,21.0,24.0,0.09183615471624539,156.69714026678687,1.5447155909512762,2452.165626524005
1986-01-18T17:00:00,extended_january,baseline,21.152920390405665,21.001900042950197,21.29632459724607,21.000974342469934,23.40545148585601,11.0,5.0,11.0,5.0,20.0,1.7,21.0,24.0,0.09183615471624539,156.78897642150312,1.5526942577553502,2453.71832078176
1986-01-18T17:15:00,extended_january,baseline,21.092197191249795,21.000795659638158,21.232716414030534,21.00174016270308,23.36945679668918,11.0,5.0,11.0,5.0,20.0,1.7,21.0,24.0,0.09183615471624539,156.88081257621937,1.3305992963041546,2455.0489200780644
1986-01-18T17:30:00,extended_january,baseline,21.049503761454606,21.00053491948395,21.188493500412978,21.00143012952308,23.346539496293495,11.0,5.0,11.0,5.0,20.0,1.7,21.0,24.0,0.09183615471624539,156.97264873093562,1.2758200487453708,2456.32474012681
1986-01-18T17:45:00,extended_january,baseline,21.017638186703813,20.999818218526354,21.155528925612018,21.00237293757255,23.331333235717185,11.0,5.0,11.0,5.0,20.0,1.7,21.0,24.0,0.09183615471624539,157.06448488565186,1.264869880096593,2457.5896100069067
1986-01-18T18:00:00,extended_january,baseline,21.001410125621135,20.999967281889905,21.130271503703874,21.001865704435648,23.321274807780895,11.0,5.0,11.0,5.0,20.0,1.7,21.0,24.0,0.09183615471624539,157.1563210403681,1.2670767661024824,2458.856686773009
1986-01-18T18:23:00,extended_january,baseline,21.002097899216505,21.000820259719355,21.001854780578018,21.000757309514956,22.724947826916374,5.5,2.5,5.5,2.5,10.0,1.7,21.0,24.0,0.09183615471624539,157.24815719508436,1.63378766858165,2460.490474441591
1986-01-18T18:38:00,extended_january,baseline,21.000727283084412,21.001123509073523,21.000612381680515,21.001539061465543,22.38513788659543,5.5,2.5,5.5,2.5,10.0,1.7,21.0,24.0,0.09183615471624539,157.3399933498006,1.810284466891243,2462.300758908482
1986-01-18T18:45:00,extended_january,baseline,21.002511784794017,21.000823508067686,21.00174799382217,21.002013604785496,22.226168725630664,5.5,2.5,5.5,2.5,10.0,1.7,21.0,24.0,0.09183615471624539,157.43182950451686,1.869088990105372,2464.1698478985872
1986-01-18T19:00:00,extended_january,baseline,21.001433018206033,21.000528992262563,21.001674496971063,21.00250761352806,22.13694599099697,5.5,2.5,5.5,2.5,10.0,1.7,21.0,24.0,0.09183615471624539,157.5236656592331,1.902682416639562,2466.0725303152267
1986-01-18T19:23:00,extended_january,baseline,21.00206164789566,21.0019421867276,21.002002623479754,21.00258043152645,21.598350890999818,0.0,0.0,0.0,0.0,0.0,1.7,21.0,24.0,0.09183615471624539,157.61550181394935,2.3398302741893175,2468.412360589416
1986-01-18T19:38:00,extended_january,baseline,21.001033701597876,20.9996047913974,21.001190371507413,20.9990617478004,21.21005271011913,0.0,0.0,0.0,0.0,0.0,1.7,21.0,24.0,0.09183615471624539,157.7073379686656,2.4490090474577952,2470.861369636874
1986-01-18T19:45:00,extended_january,baseline,21.002144666951512,21.00036415633405,21.002308324553038,20.999045991793704,21.026825272847258,0.0,0.0,0.0,0.0,0.0,1.7,21.0,24.0,0.09183615471624539,157.79917412338185,2.510667014231058,2473.3720366511047
1986-01-18T20:00:00,extended_january,baseline,21.00031886022783,21.0020517667224,21.00282852055661,21.000083500820146,21.002802355028717,0.0,0.0,0.0,0.0,0.0,1.7,21.0,24.0,0.09183615471624539,157.8910102780981,2.6209091999660687,2475.992945851071
1986-01-18T20:20:00,extended_january,baseline,19.781549576710184,19.96057426717097,19.812356124118146,19.963991221905747,20.764346911485696,0.0,0.0,0.0,0.0,0.0,1.7,18.0,27.0,0.09183615471624539,157.98284643281434,0.0,2475.992945851071
1986-01-18T20:35:00,extended_january,baseline,19.429346035993806,19.670397762911673,19.46011038643191,19.67687308861873,20.58645228280295,0.0,0.0,0.0,0.0,0.0,1.7,18.0,27.0,0.09183615471624539,158.0746825875306,0.0,2475.992945851071
1986-01-18T20:45:00,extended_january,baseline,19.24744390936095,19.516861613424716,19.27731092868472,19.525962378475473,20.47866288442906,0.0,0.0,0.0,0.0,0.0,1.7,18.0,27.0,0.09183615471624539,158.16651874224684,0.0,2475.992945851071
1986-01-18T21:00:00,extended_january,baseline,19.125738619723204,19.39059364339591,19.15432251304501,19.400516246839185,20.3813557268655,0.0,0.0,0.0,0.0,0.0,1.7,18.0,27.0,0.09183615471624539,158.25835489696308,0.0,2475.992945851071
1986-01-18T21:15:00,extended_january,baseline,18.986161631146803,19.24917225329371,19.013824007004743,19.258966317136984,20.266485425961662,0.0,0.0,0.0,0.0,0.0,1.7,18.0,27.0,0.09183615471624539,158.35019105167933,0.0,2475.992945851071
1986-01-18T21:30:00,extended_january,baseline,18.837548548484765,19.102453505884874,18.876789714019694,19.112075938128005,20.14367652320459,0.0,0.0,0.0,0.0,0.0,1.7,18.0,27.0,0.09183615471624539,158.44202720639558,0.0,2475.992945851071
1986-01-18T21:45:00,extended_january,baseline,18.706791078422018,18.96414924175412,18.741741425975878,18.9790364057675,20.032519496805477,0.0,0.0,0.0,0.0,0.0,1.7,18.0,27.0,0.09183615471624539,158.53386336111183,0.0,2475.992945851071
1986-01-18T22:00:00,extended_january,baseline,18.59569887861574,18.846739702137533,18.623728827094745,18.860928086691988,19.934749361621257,0.0,0.0,0.0,0.0,0.0,1.7,18.0,27.0,0.09183615471624539,158.62569951582807,0.0,2475.992945851071
1986-01-18T22:15:00,extended_january,baseline,18.497038502773215,18.741332765241854,18.521874627906488,18.75327362134755,19.846045216889635,0.0,0.0,0.0,0.0,0.0,1.7,18.0,27.0,0.09183615471624539,158.71753567054432,0.0,2475.992945851071
1986-01-18T22:30:00,extended_january,baseline,18.413502276054455,18.643139125575285,18.43698302396668,18.653720903630227,19.76386686475264,0.0,0.0,0.0,0.0,0.0,1.7,18.0,27.0,0.09183615471624539,158.80937182526057,0.0,2475.992945851071
1986-01-18T22:45:00,extended_january,baseline,18.328952897187307,18.551533712877525,18.351737418096057,18.561296100049375,19.68731947187802,0.0,0.0,0.0,0.0,0.0,1.7,18.0,27.0,0.09183615471624539,158.90120797997682,0.0,2475.992945851071
1986-01-18T23:00:00,extended_january,baseline,18.25430296290961,18.46640575708384,18.275988106497206,18.475388127484266,19.616011794005676,0.0,0.0,0.0,0.0,0.0,1.7,18.0,27.0,0.09183615471624539,158.99304413469306,0.0,2475.992945851071
1986-01-18T23:15:00,extended_january,baseline,18.169184659499408,18.377892627834225,18.190281634339108,18.386121978953707,19.537685846482276,0.0,0.0,0.0,0.0,0.0,1.7,18.0,27.0,0.09183615471624539,159.0848802894093,0.0,2475.992945851071
1986-01-18T23:30:00,extended_january,baseline,18.086854547869965,18.28858100170102,18.1071849239395,18.296135661533402,19.454806862829273,0.0,0.0,0.0,0.0,0.0,1.7,18.0,27.0,0.09183615471624539,159.17671644412556,0.0,2475.992945851071
1986-01-18T23:45:00,extended_january,baseline,18.004346323597005,18.20169882124712,18.019564538539193,18.209994658684927,19.372122395865222,0.0,0.0,0.0,0.0,0.0,1.7,18.0,27.0,0.09183615471624539,159.2685525988418,0.0008981105002359131,2475.993843961571
1986-01-19T00:00:00,extended_january,baseline,18.000114454931616,18.11916907399967,18.000611410959785,18.126472140116988,19.29138618834688,0.0,0.0,0.0,0.0,0.0,1.7,18.0,27.0,0.09183615471624539,159.36038875355806,0.017996716038741988,2476.01184067761
1986-01-19T00:15:00,extended_january,baseline,17.999431443701578,18.05927624301899,17.99927372328676,18.06535131757086,19.236814669770403,0.0,0.0,0.0,0.0,0.0,1.825,18.0,27.0,0.09183615471624539,159.4522249082743,0.04104851019877506,2476.052889187809
1986-01-19T00:30:00,extended_january,baseline,17.999908072803432,18.015196638000976,17.999515376054497,18.020269413175633,19.20232423339507,0.0,0.0,0.0,0.0,0.0,1.9500000000000002,18.0,27.0,0.09183615471624539,159.54406106299055,0.05199221969110482,2476.1048814075
1986-01-19T00:45:00,extended_january,baseline,17.99948114802631,18.001285209073707,17.99956707150402,18.001238483881895,19.177393687508413,0.0,0.0,0.0,0.0,0.0,2.075,18.0,27.0,0.09183615471624539,159.6358972177068,0.06512884285554421,2476.170010250356
1986-01-19T01:00:00,extended_january,baseline,18.000178440452803,18.001417056421317,18.000023869488892,17.999900929145067,19.157928662441588,0.0,0.0,0.0,0.0,0.0,2.2,18.0,27.0,0.09183615471624539,159.72773337242305,0.07681975401346396,2476.2468300043693
1986-01-19T01:15:00,extended_january,baseline,17.999536826017795,18.000637880748407,18.000753495786924,17.998654330090478,19.128295681727927,0.0,0.0,0.0,0.0,0.0,2.2,18.0,27.0,0.09183615471624539,159.8195695271393,0.10261539665770596,2476.349445401027
1986-01-19T01:30:00,extended_january,baseline,18.000610955488735,17.99989810488153,18.00069145303253,17.99893673976966,19.091907473087577,0.0,0.0,0.0,0.0,0.0,2.2,18.0,27.0,0.09183615471624539,159.91140568185554,0.13107725487827968,2476.480522655905
1986-01-19T01:45:00,extended_january,baseline,18.000095297672836,17.99969052294538,18.000087891220787,17.998813784586297,19.05475604144686,0.0,0.0,0.0,0.0,0.0,2.2,18.0,27.0,0.09183615471624539,160.0032418365718,0.15922127640161593,2476.639743932307
1986-01-19T02:00:00,extended_january,baseline,18.000027422316524,18.001301366568114,18.000101445697787,17.99977093931739,19.0190300816646,0.0,0.0,0.0,0.0,0.0,2.2,18.0,27.0,0.09183615471624539,160.09507799128804,0.18775045146724567,2476.827494383774
1986-01-19T02:15:00,extended_january,baseline,17.999952332913644,18.000179497308384,17.999993719020956,17.999536319906028,18.998886298371602,0.0,0.0,0.0,0.0,0.0,2.2,18.0,27.0,0.09183615471624539,160.18691414600428,0.1975998608587924,2477.025094244633
1986-01-19T02:30:00,extended_january,baseline,17.99987534426149,18.000170990288062,18.00073397792981,17.99977286505641,18.99053446910387,0.0,0.0,0.0,0.0,0.0,2.2,18.0,27.0,0.09183615471624539,160.27875030072053,0.20661697499698078,2477.2317112196297
1986-01-19T02:45:00,extended_january,baseline,17.999941779590117,18.001079565281035,17.999459671458148,17.998507460837633,18.98771017669099,0.0,0.0,0.0,0.0,0.0,2.2,18.0,27.0,0.09183615471624539,160.37058645543678,0.21235438834878131,2477.4440656079782
1986-01-19T03:00:00,extended_january,baseline,18.00074157370118,18.001168511991914,17.999908785433828,18.00033638401699,18.987847125010425,0.0,0.0,0.0,0.0,0.0,2.2,18.0,27.0,0.09183615471624539,160.46242261015303,0.21540856831914956,2477.6594741762974
1986-01-19T03:15:00,extended_january,baseline,17.99969047916961,18.000380315175686,18.000188257686126,17.999024807413594,18.9755098226006,0.0,0.0,0.0,0.0,0.0,2.075,18.0,27.0,0.09183615471624539,160.55425876486927,0.24175279455724763,2477.9012269708546
1986-01-19T03:30:00,extended_january,baseline,18.00075027723241,17.998996124485338,18.00027332291235,17.99991945542309,18.95429814107646,0.0,0.0,0.0,0.0,0.0,1.9500000000000002,18.0,27.0,0.09183615471624539,160.64609491958552,0.27030410782327363,2478.171531078678
1986-01-19T03:45:00,extended_january,baseline,17.999794752291425,17.999083922996213,18.00024036831379,17.999689256423064,18.930236623469916,0.0,0.0,0.0,0.0,0.0,1.825,18.0,27.0,0.09183615471624539,160.73793107430177,0.29638303102360264,2478.4679141097017
1986-01-19T04:00:00,extended_january,baseline,18.00024449961627,18.000000885767104,17.999931405147965,17.99972166615441,18.905643894811668,0.0,0.0,0.0,0.0,0.0,1.7,18.0,27.0,0.09183615471624539,160.82976722901802,0.3241069396618095,2478.7920210493635
1986-01-19T04:15:00,extended_january,baseline,18.000201916112935,18.000385028024397,17.999264169128317,17.999525841976734,18.892503615675793,0.0,0.0,0.0,0.0,0.0,1.5499999999999998,18.0,27.0,0.09183615471624539,160.92160338373426,0.3326000055350017,2479.1246210548984
1986-01-19T04:30:00,extended_january,baseline,17.999488258320387,18.000464001231713,18.000184362906396,17.99916879535339,18.887978054293917,0.0,0.0,0.0,0.0,0.0,1.4,18.0,27.0,0.09183615471624539,161.0134395384505,0.3410424732602901,2479.4656635281585
1986-01-19T04:45:00,extended_january,baseline,18.000445217855074,18.000715114476836,18.00068074040938,17.998967482309403,18.88711097768949,0.0,0.0,0.0,0.0,0.0,1.25,18.0,27.0,0.09183615471624539,161.10527569316676,0.3479899371212953,2479.81365346528
1986-01-19T05:00:00,extended_january,baseline,17.999382259443255,18.001337825938645,18.00075729952275,17.999110528528913,18.88792626207527,0.0,0.0,0.0,0.0,0.0,1.1,18.0,27.0,0.09183615471624539,161.197111847883,0.3545135659181318,2480.168167031198
1986-01-19T05:15:00,extended_january,baseline,18.000749097024393,18.000976799816765,17.99949553486659,18.001472979633434,18.879598789057052,0.0,0.0,0.0,0.0,0.0,1.25,18.0,27.0,0.09183615471624539,161.28894800259926,0.3693880310345854,2480.537555062233
1986-01-19T05:30:00,extended_january,baseline,17.999987345022152,18.000759957741487,17.999974334087792,17.99967951396092,18.864766035899848,0.0,0.0,0.0,0.0,0.0,1.4,18.0,27.0,0.09183615471624539,161.3807841573155,0.38353874501469865,2480.921093807248
1986-01-19T05:45:00,extended_january,baseline,17.99939411299907,18.001333296296064,18.000674779522264,17.99857741815139,18.847951959816736,0.0,0.0,0.0,0.0,0.0,1.5499999999999998,18.0,27.0,0.09183615471624539,161.47262031203175,0.3944277168537846,2481.3155215241018
1986-01-19T06:00:00,extended_january,baseline,17.999947734330433,17.999644946665004,17.999825776553145,17.999259583000512,18.830932717521033,0.0,0.0,0.0,0.0,0.0,1.7,18.0,27.0,0.09183615471624539,161.564456466748,0.40412059019635327,2481.719642114298
1986-01-19T06:19:00,extended_january,baseline,20.06942199689715,20.202941708376027,20.025798280070962,20.205917494356402,20.03706969903598,0.0,0.0,0.0,0.0,0.0,1.5499999999999998,21.0,24.0,0.09183615471624539,161.65629262146425,6.826427877325023,2488.546069991623
1986-01-19T06:33:00,extended_january,baseline,20.992499105423228,20.999431972608136,20.92278603048261,21.000732853846195,20.621890979718327,0.0,0.0,0.0,0.0,0.0,1.4,21.0,24.0,0.09183615471624539,161.7481287761805,5.251137428325841,2493.797207419949
1986-01-19T06:53:00,extended_january,baseline,20.999505938519757,21.001363113691255,21.00050143155198,20.998239503608566,20.929724206934566,0.0,0.0,0.0,0.0,0.0,1.25,21.0,24.0,0.09183615471624539,161.83996493089674,4.666458327486144,2498.463665747435
1986-01-19T07:00:00,extended_january,baseline,21.003140377186437,20.99854522413167,21.000577220796025,21.0013837088872,20.998373461314287,0.0,0.0,0.0,0.0,0.0,1.1,21.0,24.0,0.09183615471624539,161.931801085613,4.515377494296739,2502.9790432417317
1986-01-19T07:15:00,extended_january,baseline,21.002049829444054,21.003523883064954,21.000206222250323,20.999738810897195,21.00088174340643,0.0,0.0,0.0,0.0,0.0,1.1,21.0,24.0,0.09183615471624539,162.02363724032924,4.404869796116934,2507.3839130378487
1986-01-19T07:30:00,extended_january,baseline,21.00086537822323,21.001139265760155,20.99956680775625,21.00383591058285,21.000832040130213,0.0,0.0,0.0,0.0,0.0,1.1,21.0,24.0,0.09183615471624539,162.11547339504548,4.274676797025025,2511.658589834874
1986-01-19T07:45:00,extended_january,baseline,21.002983689085063,21.001255183906547,21.002635654891076,20.99978479387815,21.000158103113673,0.0,0.0,0.0,0.0,0.0,1.1,21.0,24.0,0.09183615471624539,162.20730954976173,4.152692858667416,2515.811282693541
1986-01-19T08:00:00,extended_january,baseline,21.00040217066766,21.00119556845332,21.00354911731684,21.0007103054647,21.001044997727252,0.0,0.0,0.0,0.0,0.0,1.1,21.0,24.0,0.09183615471624539,162.29914570447798,4.0611115554815305,2519.872394249023
1986-01-19T08:23:00,extended_january,baseline,21.000654922140743,21.00001821465241,20.999912684712868,20.99960415882056,21.21041475367249,11.0,5.0,11.0,5.0,20.0,1.1,21.0,24.0,0.09183615471624539,162.39098185919423,2.165973280462235,2522.038367529485
1986-01-19T08:38:00,extended_january,baseline,21.0008356937182,21.00060537816058,21.00089154435057,21.00046716259308,21.42797777893559,11.0,5.0,11.0,5.0,20.0,1.1,21.0,24.0,0.09183615471624539,162.48281801391047,2.08052345979596,2524.118890989281
1986-01-19T08:45:00,extended_january,baseline,21.001815900992717,21.00276685770483,21.001825556483137,21.00204746855447,21.564349358634814,11.0,5.0,11.0,5.0,20.0,1.1,21.0,24.0,0.09183615471624539,162.57465416862672,1.9696280628491905,2526.0885190521303
1986-01-19T09:00:00,extended_january,baseline,21.001578138434393,21.00252463525448,21.001106842590783,21.001145854639606,21.692088033887316,11.0,5.0,11.0,5.0,20.0,1.1,21.0,24.0,0.09183615471624539,162.66649032334297,1.8715164877694748,2527.9600355398998
1986-01-19T09:23:00,extended_january,baseline,21.00058347802332,21.004058997843572,21.05142973146475,21.002123242686505,22.27305335113635,11.0,5.0,11.0,5.0,20.0,1.1,21.0,24.0,0.09183615471624539,162.75832647805922,1.4915843766355075,2529.4516199165355
1986-01-19T09:38:00,extended_january,baseline,21.001333351842558,21.09038541036809,21.188598820078372,21.00167345057979,22.647534291353512,11.0,5.0,11.0,5.0,20.0,1.1,21.0,24.0,0.09183615471624539,162.85016263277546,1.352521756531357,2530.8041416730666
1986-01-19T09:45:00,extended_january,baseline,21.07248557543713,21.19371622943985,21.315532234504857,21.001530344927197,22.856727292776007,11.0,5.0,11.0,5.0,20.0,1.1,21.0,24.0,0.09183615471624539,162.9419987874917,1.311147694169735,2532.1152893672365
1986-01-19T10:00:00,extended_january,baseline,21.192397166515835,21.333671872003336,21.475121777869482,21.026419920470055,23.028539470966194,11.0,5.0,11.0,5.0,20.0,1.1,21.0,24.0,0.09183615471624539,163.03383494220796,1.2932299397078204,2533.4085193069445
1986-01-19T10:15:00,extended_january,baseline,21.314773518946083,21.45885979834466,21.621086973944962,21.09352429651174,23.16321983506062,11.0,5.0,11.0,5.0,20.0,0.9750000000000001,21.0,24.0,0.09183615471624539,163.1256710969242,1.296145865158648,2534.704665172103
1986-01-19T10:30:00,extended_january,baseline,21.4238798412858,21.565682267282902,21.750654014632293,21.17610621687796,23.276726616798577,11.0,5.0,11.0,5.0,20.0,0.8500000000000001,21.0,24.0,0.09183615471624539,163.21750725164046,1.3037303383587202,2536.008395510462
1986-01-19T10:45:00,extended_january,baseline,21.524686665520978,21.66492228836645,21.868657343264985,21.256315834321896,23.372376157357305,11.0,5.0,11.0,5.0,20.0,0.725,21.0,24.0,0.09183615471624539,163.3093434063567,1.3129355896963568,2537.321331100158
1986-01-19T11:00:00,extended_january,baseline,21.622463749209327,21.757789313987196,21.977313985032165,21.331814105417745,23.453662298722918,11.0,5.0,11.0,5.0,20.0,0.6,21.0,24.0,0.09183615471624539,163.40117956107295,1.3223650968582998,2538.6436961970167
1986-01-19T11:15:00,extended_january,baseline,21.62675267809383,21.74663603434701,21.96797004632573,21.303389699777497,23.423141555286016,8.8,4.0,8.8,4.0,16.0,0.6,21.0,24.0,0.09183615471624539,163.4930157157892,1.3215341803053833,2539.965230377322
1986-01-19T11:30:00,extended_january,baseline,21.623033158031568,21.751773352989133,21.965103037470698,21.29625298523264,23.392268794750407,8.8,4.0,8.8,4.0,16.0,0.6,21.0,24.0,0.09183615471624539,163.58485187050545,1.319705323953015,2541.2849357012747
1986-01-19T11:45:00,extended_january,baseline,21.647618735270797,21.778941426448036,21.992961727660944,21.32221379822984,23.39433711143856,8.8,4.0,8.8,4.0,16.0,0.6,21.0,24.0,0.09183615471624539,163.6766880252217,1.3175963143088025,2542.6025320155836
1986-01-19T12:00:00,extended_january,baseline,21.683509157646313,21.798764195230643,22.026158086323054,21.351718704071885,23.416137078742885,8.8,4.0,8.8,4.0,16.0,0.6,21.0,24.0,0.09183615471624539,163.76852417993794,1.3154139265197415,2543.9179459421034
1986-01-19T12:15:00,extended_january,baseline,21.501980903269917,21.6062342339851,21.837563274533505,21.17086194517395,23.23449943642124,4.4,2.0,4.4,2.0,8.0,0.6,21.0,24.0,0.09183615471624539,163.8603603346542,1.3132564399531093,2545.2312023820564
1986-01-19T12:30:00,extended_january,baseline,21.35134556664029,21.450455366194365,21.674389016245424,21.031799516414303,23.070630761894304,4.4,2.0,4.4,2.0,8.0,0.6,21.0,24.0,0.09183615471624539,163.95219648937044,1.3136060277508514,2546.544808409807
1986-01-19T12:45:00,extended_january,baseline,21.300017865145296,21.381143776147468,21.60540024990631,21.004992686289647,22.98964148326655,4.4,2.0,4.4,2.0,8.0,0.6,21.0,24.0,0.09183615471624539,164.04403264408668,1.3160573831228073,2547.86086579293
1986-01-19T13:00:00,extended_january,baseline,21.29861761707063,21.342884760765116,21.58138620756925,21.001067985575855,22.956425342715747,4.4,2.0,4.4,2.0,8.0,0.6,21.0,24.0,0.09183615471624539,164.13586879880293,1.3160149532082677,2549.176880746138
1986-01-19T13:15:00,extended_january,baseline,21.53178891264022,21.51132175551371,21.784701520734938,21.17531396031008,23.148093673194747,8.8,4.0,8.8,4.0,16.0,0.44999999999999996,21.0,24.0,0.09183615471624539,164.22770495351918,1.3246444998670694,2550.5015252460053
1986-01-19T13:30:00,extended_january,baseline,21.74132422320893,21.63424157954251,21.957800081404066,21.307534152806962,23.3345082258767,8.8,4.0,8.8,4.0,16.0,0.3,21.0,24.0,0.09183615471624539,164.31954110823543,1.3353638967342654,2551.8368891427394
1986-01-19T13:45:00,extended_january,baseline,21.837580557623635,21.654507222645996,22.0230690818507,21.351076621671243,23.44399571698917,8.8,4.0,8.8,4.0,16.0,0.15,21.0,24.0,0.09183615471624539,164.41137726295167,1.3474018161020467,2553.1842909588413
1986-01-19T14:00:00,extended_january,baseline,21.86904919612519,21.62956232659683,22.031161151451613,21.355753395749044,23.512422884249535,8.8,4.0,8.8,4.0,16.0,0.0,21.0,24.0,0.09183615471624539,164.50321341766792,1.3604735814123103,2554.5447645402537
1986-01-19T14:15:00,extended_january,baseline,21.926670268980235,21.648174479239252,22.06936108429484,21.404527322079414,23.60840215670431,11.0,5.0,11.0,5.0,20.0,-0.15,21.0,24.0,0.09183615471624539,164.59504957238417,1.3738348676656922,2555.9185994079194
1986-01-19T14:30:00,extended_january,baseline,21.96454423310936,21.653301290159888,22.09038093708551,21.43708934427547,23.692415951549883,11.0,5.0,11.0,5.0,20.0,-0.3,21.0,24.0,0.09183615471624539,164.68688572710042,1.386551058697094,2557.3051504666164
1986-01-19T14:45:00,extended_january,baseline,21.971181503541178,21.62970247779626,22.078907750858658,21.439140234391555,23.749269975494776,11.0,5.0,11.0,5.0,20.0,-0.44999999999999996,21.0,24.0,0.09183615471624539,164.77872188181667,1.3997160888430191,2558.7048665554594
1986-01-19T15:00:00,extended_january,baseline,21.95918916916923,21.589773824055303,22.04611168971111,21.424054022197893,23.78666254082636,11.0,5.0,11.0,5.0,20.0,-0.6,21.0,24.0,0.09183615471624539,164.8705580365329,1.4134724382309856,2560.1183389936905
1986-01-19T15:15:00,extended_january,baseline,21.86072647498377,21.476698858681086,21.926804787201718,21.335302746973905,23.735326611247913,11.0,5.0,11.0,5.0,20.0,-0.6,21.0,24.0,0.09183615471624539,164.96239419124916,1.414221393974117,2561.5325603876645
1986-01-19T15:30:00,extended_january,baseline,21.7564593797561,21.362902417815075,21.79911921829378,21.24561590166491,23.669544968694993,11.0,5.0,11.0,5.0,20.0,-0.6,21.0,24.0,0.09183615471624539,165.0542303459654,1.413984894115145,2562.9465452817794
1986-01-19T15:45:00,extended_january,baseline,21.669413874695785,21.263443872021085,21.686571475029897,21.169343570674844,23.616088481029788,11.0,5.0,11.0,5.0,20.0,-0.6,21.0,24.0,0.09183615471624539,165.14606650068166,1.413952309151501,2564.360497590931
1986-01-19T16:00:00,extended_january,baseline,21.588945336592364,21.164773024617894,21.576977723412018,21.09346527064414,23.567591778602175,11.0,5.0,11.0,5.0,20.0,-0.6,21.0,24.0,0.09183615471624539,165.2379026553979,1.4144096312299304,2565.774907222161
1986-01-19T16:15:00,extended_january,baseline,21.411673650087778,21.016573899339896,21.36921108780433,21.011142731720007,23.426794338632654,11.0,5.0,11.0,5.0,20.0,-0.725,21.0,24.0,0.09183615471624539,165.32973881011415,1.4423994288047626,2567.217306650966
1986-01-19T16:30:00,extended_january,baseline,21.242872043779826,21.00143798894773,21.199335810269297,21.002875672076016,23.322278980086196,11.0,5.0,11.0,5.0,20.0,-0.8500000000000001,21.0,24.0,0.09183615471624539,165.4215749648304,1.4877159850779267,2568.705022636044
1986-01-19T16:45:00,extended_january,baseline,21.085212232588816,21.002046169510425,21.08121335036507,21.00248962792469,23.276226974431353,11.0,5.0,11.0,5.0,20.0,-0.9750000000000001,21.0,24.0,0.09183615471624539,165.51341111954665,1.5220383680163145,2570.22706100406
1986-01-19T17:00:00,extended_january,baseline,21.006438683784673,20.99987370428576,21.005890645857775,21.000054169941613,23.259352160025664,11.0,5.0,11.0,5.0,20.0,-1.1,21.0,24.0,0.09183615471624539,165.6052472742629,1.5622961137929354,2571.789357117853
1986-01-19T17:15:00,extended_january,baseline,21.002040410702246,21.00003926307746,21.002385781681852,21.00261868551218,23.242139635319536,11.0,5.0,11.0,5.0,20.0,-1.1,21.0,24.0,0.09183615471624539,165.69708342897914,1.6123915109740745,2573.401748628827
1986-01-19T17:30:00,extended_january,baseline,21.001653834411645,20.999670030525735,21.001755955766683,21.001864832744406,23.221439743318506,11.0,5.0,11.0,5.0,20.0,-1.1,21.0,24.0,0.09183615471624539,165.7889195836954,1.6411343618821042,2575.042882990709
1986-01-19T17:45:00,extended_january,baseline,21.00144966460351,21.002430872027233,21.00084277398758,21.00191217170642,23.20211003103605,11.0,5.0,11.0,5.0,20.0,-1.1,21.0,24.0,0.09183615471624539,165.88075573841164,1.6676597382472267,2576.710542728956
1986-01-19T18:00:00,extended_january,baseline,21.00164106474993,21.001983900907366,21.000771567583485,21.003083429350664,23.186622653155965,11.0,5.0,11.0,5.0,20.0,-1.1,21.0,24.0,0.09183615471624539,165.97259189312788,1.6872893102600661,2578.397832039216
1986-01-19T18:23:00,extended_january,baseline,21.002553296481093,21.001950090350373,21.00199415569746,21.000108806373706,22.578567956027534,5.5,2.5,5.5,2.5,10.0,-1.1,21.0,24.0,0.09183615471624539,166.06442804784413,2.129154799742737,2580.5269868389587
1986-01-19T18:38:00,extended_january,baseline,21.002025613426024,21.001194739490785,21.001313872250247,21.002629777648938,22.224384265662938,5.5,2.5,5.5,2.5,10.0,-1.1,21.0,24.0,0.09183615471624539,166.15626420256038,2.3151922796966096,2582.842179118655
1986-01-19T18:45:00,extended_january,baseline,21.001988910625595,21.001986384662136,21.001836924900527,20.999892856581095,22.050876807846556,5.5,2.5,5.5,2.5,10.0,-1.1,21.0,24.0,0.09183615471624539,166.24810035727663,2.3712357813888585,2585.213414900044
1986-01-19T19:00:00,extended_january,baseline,21.002290254554453,21.001996959873523,21.003329154250665,21.001268742723287,21.948874417685445,5.5,2.5,5.5,2.5,10.0,-1.1,21.0,24.0,0.09183615471624539,166.33993651199287,2.407285790451211,2587.620700690495
1986-01-19T19:23:00,extended_january,baseline,21.00157974736439,20.999349995574757,21.001784472128755,21.001317527173434,21.37960671503309,0.0,0.0,0.0,0.0,0.0,-1.1,21.0,24.0,0.09183615471624539,166.43177266670912,2.8896694688391187,2590.5103701593343
1986-01-19T19:38:00,extended_january,baseline,21.000374954728922,20.99918914233074,21.001730586478747,21.00016778462477,21.004054958001536,0.0,0.0,0.0,0.0,0.0,-1.1,21.0,24.0,0.09183615471624539,166.52360882142537,3.0128490208500947,2593.5232191801842
1986-01-19T19:45:00,extended_january,baseline,21.0006143587194,21.002479448039757,21.001686607525183,21.002193961377817,21.00172969390132,0.0,0.0,0.0,0.0,0.0,-1.1,21.0,24.0,0.09183615471624539,166.61544497614162,3.2329517642624346,2596.7561709444467
1986-01-19T20:00:00,extended_january,baseline,21.00004258307551,21.002167096915656,21.002858522065264,21.000375230869846,21.001459856782482,0.0,0.0,0.0,0.0,0.0,-1.1,21.0,24.0,0.09183615471624539,166.70728113085787,3.2956778993356077,2600.0518488437824
1986-01-19T20:19:00,extended_january,baseline,19.431478723598854,19.637340760977583,19.462926575911133,19.6414506637955,20.542788257688898,0.0,0.0,0.0,0.0,0.0,-1.25,18.0,27.0,0.09183615471624539,166.7991172855741,0.0,2600.0518488437824
1986-01-19T20:35:00,extended_january,baseline,19.057666372267406,19.31140711973596,19.089436490967817,19.319053712155466,20.34343024550734,0.0,0.0,0.0,0.0,0.0,-1.4,18.0,27.0,0.09183615471624539,166.89095344029036,0.0,2600.0518488437824
1986-01-19T20:53:00,extended_january,baseline,18.843857309005685,19.11655201793759,18.875020460612756,19.125869149374275,20.230613605473156,0.0,0.0,0.0,0.0,0.0,-1.5499999999999998,18.0,27.0,0.09183615471624539,166.9827895950066,0.0,2600.0518488437824
1986-01-19T21:00:00,extended_january,baseline,18.724673907068535,19.000202787493006,18.75486953242517,19.01027186679843,20.156783709524802,0.0,0.0,0.0,0.0,0.0,-1.7,18.0,27.0,0.09183615471624539,167.07462574972286,0.0,2600.0518488437824
1986-01-19T21:15:00,extended_january,baseline,18.554771131945436,18.830945533755646,18.583791409608292,18.841558155403643,20.031327570174305,0.0,0.0,0.0,0.0,0.0,-1.7,18.0,27.0,0.09183615471624539,167.1664619044391,0.0,2600.0518488437824
1986-01-19T21:30:00,extended_january,baseline,18.389041626880854,18.670619561386577,18.417105112557657,18.680623133677827,19.902678816963157,0.0,0.0,0.0,0.0,0.0,-1.7,18.0,27.0,0.09183615471624539,167.25829805915535,0.0,2600.0518488437824
1986-01-19T21:45:00,extended_january,baseline,18.24272406907876,18.517021759098448,18.26977145457587,18.52675061992517,19.784263648354223,0.0,0.0,0.0,0.0,0.0,-1.7,18.0,27.0,0.09183615471624539,167.3501342138716,0.0,2600.0518488437824
1986-01-19T22:00:00,extended_january,baseline,18.116098880319697,18.385779366726393,18.14216608038799,18.394805157986884,19.6776184406461,0.0,0.0,0.0,0.0,0.0,-1.7,18.0,27.0,0.09183615471624539,167.44197036858785,0.0,2600.0518488437824
1986-01-19T22:15:00,extended_january,baseline,18.00677045468285,18.265525911578855,18.031985880504216,18.27406895374055,19.583278490767597,0.0,0.0,0.0,0.0,0.0,-1.7,18.0,27.0,0.09183615471624539,167.5338065233041,0.0,2600.0518488437824
1986-01-19T22:30:00,extended_january,baseline,18.000442717318144,18.159169008297276,18.001067554418036,18.166805689217735,19.498335053288777,0.0,0.0,0.0,0.0,0.0,-1.7,18.0,27.0,0.09183615471624539,167.62564267802034,0.034538921064065455,2600.0863877648467
1986-01-19T22:45:00,extended_january,baseline,18.000205403325147,18.062298243866866,18.000385261990075,18.068975059134974,19.420715765801713,0.0,0.0,0.0,0.0,0.0,-1.7,18.0,27.0,0.09183615471624539,167.7174788327366,0.06082958591424942,2600.147217350761
1986-01-19T23:00:00,extended_january,baseline,17.99986107481775,18.00375351193312,18.000703101987742,18.005438434684052,19.349867590388705,0.0,0.0,0.0,0.0,0.0,-1.7,18.0,27.0,0.09183615471624539,167.80931498745284,0.09862158648360572,2600.2458389372446
1986-01-19T23:15:00,extended_january,baseline,17.999631290237257,18.000330205468476,17.999983835325214,18.000583619999514,19.291460271901723,0.0,0.0,0.0,0.0,0.0,-1.825,18.0,27.0,0.09183615471624539,167.90115114216908,0.14693674906836637,2600.392775686313
1986-01-19T23:30:00,extended_january,baseline,17.999763979166598,17.99988664173037,18.00012688533709,17.99884008783762,19.243597650933673,0.0,0.0,0.0,0.0,0.0,-1.9500000000000002,18.0,27.0,0.09183615471624539,167.99298729688533,0.18884955732070402,2600.581625243634
1986-01-19T23:45:00,extended_january,baseline,17.999753668754938,17.999488444933856,18.00003196315507,17.999023255450457,19.203356843948775,0.0,0.0,0.0,0.0,0.0,-2.075,18.0,27.0,0.09183615471624539,168.08482345160158,0.23288576273300088,2600.814511006367
1986-01-20T00:00:00,extended_january,baseline,17.99998768034512,18.00078609001713,18.00000018822387,17.99994527872285,19.169299903825316,0.0,0.0,0.0,0.0,0.0,-2.2,18.0,27.0,0.09183615471624539,168.17665960631783,0.27354102244435163,2601.0880520288115
1986-01-20T00:15:00,extended_january,baseline,18.000315583640297,17.99931498968193,18.00007976536503,18.000427302405598,19.219167808624118,0.0,0.0,0.0,0.0,0.0,-2.475,18.0,27.0,0.09183615471624539,168.26849576103407,0.20992729025229867,2601.297979319064
1986-01-20T00:30:00,extended_january,baseline,18.000739764199945,18.000042409933304,18.000689669258286,18.000043672391765,19.245302633306604,0.0,0.0,0.0,0.0,0.0,-2.75,18.0,27.0,0.09183615471624539,168.36033191575032,0.25459907949614347,2601.55257839856
1986-01-20T00:45:00,extended_january,baseline,17.999432721035802,17.999816350255855,17.99985666538727,17.99974988269697,19.233381893951982,0.0,0.0,0.0,0.0,0.0,-3.0249999999999995,18.0,27.0,0.09183615471624539,168.45216807046657,0.2980678776287502,2601.850646276189
1986-01-20T01:00:00,extended_january,baseline,18.00042956117813,18.00042883808856,17.999722900630733,18.000044799045046,19.206559328436096,0.0,0.0,0.0,0.0,0.0,-3.3,18.0,27.0,0.09183615471624539,168.54400422518282,0.3459106887518671,2602.1965569649406
1986-01-20T01:15:00,extended_january,baseline,17.999089033286747,17.999585039640635,18.000696789745483,18.00156629908094,19.177435315000608,0.0,0.0,0.0,0.0,0.0,-3.0249999999999995,18.0,27.0,0.09183615471624539,168.63584037989907,0.375229800822855,2602.5717867657636
1986-01-20T01:30:00,extended_january,baseline,18.00038476888666,17.999102119653397,18.000293227586933,17.99901881491453,19.14850923359353,0.0,0.0,0.0,0.0,0.0,-2.75,18.0,27.0,0.09183615471624539,168.7276765346153,0.40177045795330896,2602.973557223717
1986-01-20T01:45:00,extended_january,baseline,18.00018507612037,18.000309396342494,17.999811932324214,18.00106074701239,19.1197098934397,0.0,0.0,0.0,0.0,0.0,-2.475,18.0,27.0,0.09183615471624539,168.81951268933156,0.4259143251439637,2603.3994715488607
1986-01-20T02:00:00,extended_january,baseline,17.999357735935007,18.000545018037673,17.999081635533283,17.998891041536627,19.091211259237504,0.0,0.0,0.0,0.0,0.0,-2.2,18.0,27.0,0.09183615471624539,168.9113488440478,0.44585369099557964,2603.8453252398563
1986-01-20T02:15:00,extended_january,baseline,17.999848519082438,18.0010541168585,17.99973011541694,18.00013277757749,19.06307544590394,0.0,0.0,0.0,0.0,0.0,-2.35,18.0,27.0,0.09183615471624539,169.00318499876406,0.4781595929926264,2604.323484832849
1986-01-20T02:30:00,extended_january,baseline,17.99937249944131,17.999126175363067,17.999505813113313,17.998695941932592,19.0353326303769,0.0,0.0,0.0,0.0,0.0,-2.5,18.0,27.0,0.09183615471624539,169.0950211534803,0.507008481887173,2604.830493314736
1986-01-20T02:45:00,extended_january,baseline,17.999501441655905,17.998748686408756,17.999948503188335,18.000758598832533,19.008029637377422,0.0,0.0,0.0,0.0,0.0,-2.6499999999999995,18.0,27.0,0.09183615471624539,169.18685730819655,0.5368068425701498,2605.367300157306
1986-01-20T03:00:00,extended_january,baseline,18.000248861932608,17.999905711885884,17.999544404448276,18.000121367430317,18.981193052236836,0.0,0.0,0.0,0.0,0.0,-2.8,18.0,27.0,0.09183615471624539,169.2786934629128,0.5652843743826911,2605.932584531689
1986-01-20T03:15:00,extended_january,baseline,17.999000600919384,17.999768308508422,18.000584690743207,18.00093557987701,18.967771176862588,0.0,0.0,0.0,0.0,0.0,-2.8,18.0,27.0,0.09183615471624539,169.37052961762905,0.5623672771679775,2606.494951808857
1986-01-20T03:30:00,extended_january,baseline,18.000077357643395,17.99928288685096,18.000471378631563,18.00123725861785,18.964558855837005,0.0,0.0,0.0,0.0,0.0,-2.8,18.0,27.0,0.09183615471624539,169.4623657723453,0.5590976944969981,2607.054049503354
1986-01-20T03:45:00,extended_january,baseline,18.000820290486512,17.999673815878484,17.999867820932913,17.99874160698382,18.965898891518478,0.0,0.0,0.0,0.0,0.0,-2.8,18.0,27.0,0.09183615471624539,169.55420192706154,0.553983597112244,2607.608033100466
1986-01-20T04:00:00,extended_january,baseline,17.999519134086185,18.00098099358004,17.999616270753247,18.00071725764639,18.96958404180053,0.0,0.0,0.0,0.0,0.0,-2.8,18.0,27.0,0.09183615471624539,169.6460380817778,0.5492393553389265,2608.157272455805
1986-01-20T04:15:00,extended_january,baseline,17.999863773033862,17.99990424071912,17.999323987841304,18.00039454947899,18.970843832843375,0.0,0.0,0.0,0.0,0.0,-2.8,18.0,27.0,0.09183615471624539,169.73787423649404,0.5502066818294621,2608.7074791376344
1986-01-20T04:30:00,extended_january,baseline,18.000405458922952,18.00045011666005,17.99912901261056,18.00084639237733,18.97055843215839,0.0,0.0,0.0,0.0,0.0,-2.8,18.0,27.0,0.09183615471624539,169.82971039121028,0.5520544926928502,2609.2595336303275
1986-01-20T04:45:00,extended_january,baseline,17.999466297892557,18.00002444239884,17.999415538631627,18.00002792281995,18.970378405616852,0.0,0.0,0.0,0.0,0.0,-2.8,18.0,27.0,0.09183615471624539,169.92154654592653,0.5509077142479202,2609.8104413445753
1986-01-20T05:00:00,extended_january,baseline,18.000839065420646,17.99886753988889,18.00017973334437,17.998490820266564,18.970879295862762,0.0,0.0,0.0,0.0,0.0,-2.8,18.0,27.0,0.09183615471624539,170.01338270064278,0.5527841223108001,2610.363225466886
1986-01-20T05:15:00,extended_january,baseline,17.99983705673004,18.00068157376412,18.000001424086147,17.999919238675716,18.97207182035387,0.0,0.0,0.0,0.0,0.0,-2.8,18.0,27.0,0.09183615471624539,170.10521885535903,0.5514576636604754,2610.9146831305466
1986-01-20T05:30:00,extended_january,baseline,17.999931888963864,17.999031478117633,17.99930539951524,18.000720576256224,18.973875656818223,0.0,0.0,0.0,0.0,0.0,-2.8,18.0,27.0,0.09183615471624539,170.19705501007527,0.5502605529682134,2611.464943683515
1986-01-20T05:45:00,extended_january,baseline,18.000065779268756,18.00055972579222,18.000184412385188,18.00081301321483,18.97625048883584,0.0,0.0,0.0,0.0,0.0,-2.8,18.0,27.0,0.09183615471624539,170.28889116479152,0.5491626221158048,2612.014106305631
1986-01-20T06:00:00,extended_january,baseline,18.000031688608512,17.99946390446572,17.999381863784382,18.001028209704103,18.97916886180118,0.0,0.0,0.0,0.0,0.0,-2.8,18.0,27.0,0.09183615471624539,170.38072731950777,0.5460233245599282,2612.5601296301907
1986-01-20T06:15:00,extended_january,baseline,18.000124280825286,17.9989988255679,18.000295531990247,17.99885570103603,18.982606741326403,0.0,0.0,0.0,0.0,0.0,-2.8,18.0,27.0,0.09183615471624539,170.47256347422402,0.5440751174563041,2613.104204747647
1986-01-20T06:30:00,extended_january,baseline,18.00050446752642,17.999812484649823,17.99988959898454,18.000976776953515,18.986528605331774,0.0,0.0,0.0,0.0,0.0,-2.8,18.0,27.0,0.09183615471624539,170.56439962894027,0.5420207411921987,2613.6462254888393
1986-01-20T06:45:00,extended_january,baseline,17.99972533289088,17.99858011859188,17.999917907165756,18.000863536279475,18.99101336213523,0.0,0.0,0.0,0.0,0.0,-2.8,18.0,27.0,0.09183615471624539,170.6562357836565,0.5371093485126885,2614.183334837352
1986-01-20T07:00:00,extended_january,baseline,17.999771238035063,17.998863100405433,18.000712181989556,18.00139707956692,18.995926318935734,0.0,0.0,0.0,0.0,0.0,-2.8,18.0,27.0,0.09183615471624539,170.74807193837276,0.5335422168396272,2614.7168770541916
1986-01-20T07:15:00,extended_january,baseline,18.00066208030872,18.0007914318893,18.000320738994883,18.00042199800939,18.99769332857009,0.0,0.0,0.0,0.0,0.0,-2.8,18.0,27.0,0.09183615471624539,170.839908093089,0.538230076044745,2615.2551071302364
1986-01-20T07:30:00,extended_january,baseline,17.999960162655153,17.999329974577822,18.00010179016582,18.000552243587947,18.99725910209792,0.0,0.0,0.0,0.0,0.0,-2.8,18.0,27.0,0.09183615471624539,170.93174424780526,0.49077255083553156,2615.745879681072
1986-01-20T07:45:00,extended_january,baseline,17.999085960201185,17.998738795481138,18.000243049500682,18.00092812476891,18.997067477136966,0.0,0.0,0.0,0.0,0.0,-2.8,18.0,27.0,0.09183615471624539,171.0235804025215,0.4487405752093973,2616.1946202562813
1986-01-20T08:00:00,extended_january,baseline,17.999427313428246,17.999297608935905,18.000326537688906,17.99995566641291,18.99814465868325,0.0,0.0,0.0,0.0,0.0,-2.8,18.0,27.0,0.09183615471624539,171.11541655723775,0.41087189645326716,2616.6054921527343
1986-01-20T08:15:00,extended_january,baseline,17.999229197505464,17.9995512971178,17.99946949273443,17.99932502144561,19.00392968580271,0.0,0.0,0.0,0.0,0.0,-2.8,18.0,27.0,0.09183615471624539,171.207252711954,0.36703058936220445,2616.9725227420963
1986-01-20T08:30:00,extended_january,baseline,17.99944243424164,18.000060901054564,18.000239583830798,18.000140286065907,19.01334942447135,0.0,0.0,0.0,0.0,0.0,-2.8,18.0,27.0,0.09183615471624539,171.29908886667025,0.3232993466106542,2617.295822088707
1986-01-20T08:45:00,extended_january,baseline,18.00081792836836,17.99912261582407,18.000597196648457,17.99914697575506,19.024930247557705,0.0,0.0,0.0,0.0,0.0,-2.8,18.0,27.0,0.09183615471624539,171.3909250213865,0.26648936199417333,2617.562311450701
1986-01-20T09:00:00,extended_january,baseline,17.999328420686666,18.000503342369964,18.000536788139325,18.00103953530103,19.03828993129313,0.0,0.0,0.0,0.0,0.0,-2.8,18.0,27.0,0.09183615471624539,171.48276117610274,0.21010559358836348,2617.7724170442893
1986-01-20T09:15:00,extended_january,baseline,18.00069101447988,18.02529670046025,17.9993303444455,18.0014477918717,19.0504860290574,0.0,0.0,0.0,0.0,0.0,-2.6499999999999995,18.0,27.0,0.09183615471624539,171.574597330819,0.15811223455825976,2617.9305292788476
1986-01-20T09:30:00,extended_january,baseline,17.999981187736786,18.08972489669392,17.999778690754894,18.000031319482684,19.06232577597648,0.0,0.0,0.0,0.0,0.0,-2.5,18.0,27.0,0.09183615471624539,171.66643348553524,0.10960003836998389,2618.0401293172176
1986-01-20T09:45:00,extended_january,baseline,17.999259039587137,18.161323319131874,17.99985793996764,17.998767858780212,19.075055245507237,0.0,0.0,0.0,0.0,0.0,-2.35,18.0,27.0,0.09183615471624539,171.75826964025148,0.07061529576492304,2618.1107446129827
1986-01-20T10:00:00,extended_january,baseline,18.00060285600612,18.228764726242524,18.01698210955333,18.00072451774565,19.088931448195574,0.0,0.0,0.0,0.0,0.0,-2.2,18.0,27.0,0.09183615471624539,171.85010579496773,0.04437566228756566,2618.1551202752703
1986-01-20T10:15:00,extended_january,baseline,18.00026846624259,18.28823870604948,18.051869215703167,18.01035945367654,19.09707478192953,0.0,0.0,0.0,0.0,0.0,-2.075,18.0,27.0,0.09183615471624539,171.94194194968398,0.027313430054530373,2618.182433705325
1986-01-20T10:30:00,extended_january,baseline,17.999572994999593,18.34526222545997,18.09488831363844,18.041144257020196,19.101255453926914,0.0,0.0,0.0,0.0,0.0,-1.9500000000000002,18.0,27.0,0.09183615471624539,172.03377810440023,0.01664363650144721,2618.1990773418265
1986-01-20T10:45:00,extended_january,baseline,18.000590823265654,18.397804566239632,18.13782085017621,18.081876872251367,19.10455988193484,0.0,0.0,0.0,0.0,0.0,-1.825,18.0,27.0,0.09183615471624539,172.12561425911647,0.007133334288651072,2618.206210676115
1986-01-20T11:00:00,extended_january,baseline,18.003961683043915,18.446427812321605,18.179839820773434,18.124372153175756,19.108183595677122,0.0,0.0,0.0,0.0,0.0,-1.7,18.0,27.0,0.09183615471624539,172.21745041383272,0.0,2618.206210676115
1986-01-20T11:15:00,extended_january,baseline,18.026736275604843,18.49373574827794,18.222834339108534,18.168316187727825,19.114976194234814,0.0,0.0,0.0,0.0,0.0,-1.7,18.0,27.0,0.09183615471624539,172.30928656854897,0.0,2618.206210676115
1986-01-20T11:30:00,extended_january,baseline,18.06290010382714,18.539685107861306,18.26625432145932,18.21344316669612,19.124149917216187,0.0,0.0,0.0,0.0,0.0,-1.7,18.0,27.0,0.09183615471624539,172.40112272326522,0.0,2618.206210676115
1986-01-20T11:45:00,extended_january,baseline,18.098427662380242,18.57615084430804,18.30438651836826,18.25476222374952,19.134435672624782,0.0,0.0,0.0,0.0,0.0,-1.7,18.0,27.0,0.09183615471624539,172.49295887798147,0.0,2618.206210676115
1986-01-20T12:00:00,extended_january,baseline,18.130883655970965,18.603316560030716,18.336785447278945,18.291837817530894,19.145082130220594,0.0,0.0,0.0,0.0,0.0,-1.7,18.0,27.0,0.09183615471624539,172.5847950326977,0.0,2618.206210676115
1986-01-20T12:15:00,extended_january,baseline,18.17786878640144,18.63727677937527,18.379918349794917,18.338316947994723,19.166500334515174,0.0,0.0,0.0,0.0,0.0,-1.5499999999999998,18.0,27.0,0.09183615471624539,172.67663118741396,0.0,2618.206210676115
1986-01-20T12:30:00,extended_january,baseline,18.23658153106779,18.675425377169596,18.430595085401098,18.390429895185274,19.195790949165843,0.0,0.0,0.0,0.0,0.0,-1.4,18.0,27.0,0.09183615471624539,172.7684673421302,0.0,2618.206210676115
1986-01-20T12:45:00,extended_january,baseline,18.48578314500035,18.766968188945395,18.475717378111405,18.4373508507998,19.228891445713177,0.0,0.0,0.0,0.0,0.0,-1.25,18.0,27.0,0.09183615471624539,172.86030349684646,0.0,2618.206210676115
1986-01-20T13:08:00,extended_january,baseline,19.012144059941424,18.88615440533072,18.523161864987035,18.494196264594713,19.275792079589422,0.0,0.0,0.0,0.0,0.0,-1.1,18.0,27.0,0.09183615471624539,172.9521396515627,0.0,2618.206210676115
1986-01-20T13:23:00,extended_january,baseline,19.622221719109554,18.95073445071813,18.559467944106512,18.542923427684997,19.326272512055745,0.0,0.0,0.0,0.0,0.0,-0.8250000000000001,18.0,27.0,0.09183615471624539,173.04397580627895,0.0,2618.206210676115
1986-01-20T13:35:00,extended_january,baseline,20.37335570577852,18.981691544969017,18.597716049712062,18.602662941475938,19.388992806188874,0.0,0.0,0.0,0.0,0.0,-0.55,18.0,27.0,0.09183615471624539,173.1358119609952,0.0,2618.206210676115
1986-01-20T13:50:00,extended_january,baseline,20.948216374595628,18.97825097783161,18.626429298177534,18.65615518649769,19.455863933188805,0.0,0.0,0.0,0.0,0.0,-0.275,18.0,27.0,0.09183615471624539,173.22764811571145,0.0,2618.206210676115
1986-01-20T14:08:00,extended_january,baseline,21.46170764193972,18.975089035765752,18.64664184524377,18.701801018528517,19.52217424713244,0.0,0.0,0.0,0.0,0.0,0.0,18.0,27.0,0.09183615471624539,173.3194842704277,0.0,2618.206210676115
1986-01-20T14:23:00,extended_january,baseline,21.928375574584123,18.9904194229028,18.664400078840767,18.772280822431984,19.580503949069826,0.0,0.0,0.0,0.0,0.0,0.275,18.0,27.0,0.09183615471624539,173.41132042514394,0.0,2618.206210676115
1986-01-20T14:38:00,extended_january,baseline,22.37911562786413,19.003013656037016,18.667638066459432,18.86348374921177,19.63547936851769,0.0,0.0,0.0,0.0,0.0,0.55,18.0,27.0,0.09183615471624539,173.5031565798602,0.0,2618.206210676115
1986-01-20T14:53:00,extended_january,baseline,22.727313422297566,19.01844548227749,18.671634719614843,18.986076740944807,19.68997488543757,0.0,0.0,0.0,0.0,0.0,0.8250000000000001,18.0,27.0,0.09183615471624539,173.59499273457644,0.0,2618.206210676115
1986-01-20T15:00:00,extended_january,baseline,22.942936267951108,19.023702449258277,18.670981835406653,19.095278785569043,19.73107864699882,0.0,0.0,0.0,0.0,0.0,1.1,18.0,27.0,0.09183615471624539,173.68682888929268,0.0,2618.206210676115
1986-01-20T15:15:00,extended_january,baseline,23.1404324310297,19.033576967428093,18.67205232713324,19.24732533668559,19.78103332772277,0.0,0.0,0.0,0.0,0.0,1.25,18.0,27.0,0.09183615471624539,173.77866504400893,0.0,2618.206210676115
1986-01-20T15:30:00,extended_january,baseline,23.284748335056136,19.03901913371448,18.668250628013716,19.41460173305993,19.83019627469116,0.0,0.0,0.0,0.0,0.0,1.4,18.0,27.0,0.09183615471624539,173.87050119872518,0.0,2618.206210676115
1986-01-20T15:45:00,extended_january,baseline,23.273110403339192,19.0372969728033,18.660062617019065,19.55887242793351,19.87706426573987,0.0,0.0,0.0,0.0,0.0,1.5499999999999998,18.0,27.0,0.09183615471624539,173.96233735344143,0.0,2618.206210676115
1986-01-20T16:00:00,extended_january,baseline,23.100124087168208,19.02974912144118,18.64898310721927,19.660330296536866,19.91851381791449,0.0,0.0,0.0,0.0,0.0,1.7,18.0,27.0,0.09183615471624539,174.05417350815767,0.0,2618.206210676115
1986-01-20T16:23:00,extended_january,baseline,22.677838568946452,18.989774404289406,18.599800916155743,19.685490700307625,19.947627240079523,0.0,0.0,0.0,0.0,0.0,1.125,18.0,27.0,0.09183615471624539,174.14600966287392,0.0,2618.206210676115
1986-01-20T16:38:00,extended_january,baseline,22.08614985799629,18.93179453589448,18.538354064280597,19.577287125474758,19.952729043505094,0.0,0.0,0.0,0.0,0.0,0.55,18.0,27.0,0.09183615471624539,174.23784581759017,0.0,2618.206210676115
1986-01-20T16:50:00,extended_january,baseline,21.349663557221408,18.827989541429396,18.433970620358405,19.33728183421542,19.937651570896207,0.0,0.0,0.0,0.0,0.0,-0.024999999999999967,18.0,27.0,0.09183615471624539,174.32968197230642,0.0,2618.206210676115
1986-01-20T17:08:00,extended_january,baseline,20.87058398845834,18.739602194334058,18.350666343076497,19.178858192483624,19.906769395478406,0.0,0.0,0.0,0.0,0.0,-0.6,18.0,27.0,0.09183615471624539,174.42151812702267,0.0,2618.206210676115
1986-01-20T17:23:00,extended_january,baseline,20.464040136367686,18.66543078773798,18.289576024277036,19.05376951909215,19.88096071644931,0.0,0.0,0.0,0.0,0.0,-1.0,18.0,27.0,0.09183615471624539,174.5133542817389,0.0,2618.206210676115
1986-01-20T17:38:00,extended_january,baseline,20.122454440431753,18.59268601879054,18.234398024360782,18.934913436634737,19.856564813251136,0.0,0.0,0.0,0.0,0.0,-1.4000000000000001,18.0,27.0,0.09183615471624539,174.60519043645516,0.0,2618.206210676115
1986-01-20T17:53:00,extended_january,baseline,19.815057598211038,18.519806754529238,18.17972210794399,18.82003174432335,19.830476705947586,0.0,0.0,0.0,0.0,0.0,-1.8,18.0,27.0,0.09183615471624539,174.6970265911714,0.0,2618.206210676115
1986-01-20T18:00:00,extended_january,baseline,19.593285218046372,18.463909897115208,18.13790964580615,18.733395205935697,19.810135121480503,0.0,0.0,0.0,0.0,0.0,-2.2,18.0,27.0,0.09183615471624539,174.78886274588766,0.0,2618.206210676115
1986-01-20T18:15:00,extended_january,baseline,19.356394968311516,18.398695902396828,18.08981779962859,18.63551110140041,19.780165250222897,0.0,0.0,0.0,0.0,0.0,-2.2,18.0,27.0,0.09183615471624539,174.8806989006039,0.0,2618.206210676115
1986-01-20T18:30:00,extended_january,baseline,19.145679940593247,18.334597008681204,18.043234295767114,18.5422593260307,19.7460083008653,0.0,0.0,0.0,0.0,0.0,-2.2,18.0,27.0,0.09183615471624539,174.97253505532015,0.0,2618.206210676115
1986-01-20T18:45:00,extended_january,baseline,18.954611721538488,18.27107066561523,18.001117185533797,18.45245498831516,19.709830990869964,0.0,0.0,0.0,0.0,0.0,-2.2,18.0,27.0,0.09183615471624539,175.0643712100364,0.0017618957588894596,2618.207972571874
1986-01-20T19:00:00,extended_january,baseline,18.7823079022349,18.208907182326243,17.999429441423917,18.366869340065946,19.673042952818253,0.0,0.0,0.0,0.0,0.0,-2.2,18.0,27.0,0.09183615471624539,175.15620736475265,0.009862661769114657,2618.217835233643
1986-01-20T19:15:00,extended_january,baseline,18.628437560922997,18.14960173624382,18.00035258446449,18.286837605756528,19.636260025565456,0.0,0.0,0.0,0.0,0.0,-2.2,18.0,27.0,0.09183615471624539,175.2480435194689,0.03064426006906857,2618.2484794937122
1986-01-20T19:30:00,extended_january,baseline,18.49116694772848,18.093364507723834,18.00074682795623,18.212301752494003,19.599924960489048,0.0,0.0,0.0,0.0,0.0,-2.2,18.0,27.0,0.09183615471624539,175.33987967418514,0.04135707131365178,2618.289836565026
1986-01-20T19:45:00,extended_january,baseline,18.368479810679986,18.040014592033742,17.99971444985896,18.142809071417652,19.564396420557944,0.0,0.0,0.0,0.0,0.0,-2.2,18.0,27.0,0.09183615471624539,175.4317158289014,0.04976281262981887,2618.3395993776558
1986-01-20T20:00:00,extended_january,baseline,18.25859223641891,18.003311564149705,17.999317280711438,18.078021067665365,19.529912939483584,0.0,0.0,0.0,0.0,0.0,-2.2,18.0,27.0,0.09183615471624539,175.52355198361764,0.06142438394316775,2618.401023761599
1986-01-20T20:15:00,extended_january,baseline,18.162965671352257,17.99973946365221,17.999980072767105,18.0200483101055,19.494208092827453,0.0,0.0,0.0,0.0,0.0,-1.9250000000000003,18.0,27.0,0.09183615471624539,175.61538813833388,0.07614017593918172,2618.477163937538
1986-01-20T20:30:00,extended_january,baseline,18.080150294647442,17.999788758955265,18.000766462184064,18.00120581149432,19.458116469054872,0.0,0.0,0.0,0.0,0.0,-1.6500000000000001,18.0,27.0,0.09183615471624539,175.70722429305013,0.09368522674726411,2618.5708491642854
1986-01-20T20:45:00,extended_january,baseline,18.00825095648801,17.999804004164584,18.000097771800938,18.001438655100646,19.423073375843057,0.0,0.0,0.0,0.0,0.0,-1.375,18.0,27.0,0.09183615471624539,175.79906044776638,0.10841690699072483,2618.6792660712763
1986-01-20T21:00:00,extended_january,baseline,18.000823399680563,17.99990536435986,17.999963129305844,17.999278571590093,19.389859900306433,0.0,0.0,0.0,0.0,0.0,-1.1,18.0,27.0,0.09183615471624539,175.89089660248263,0.14869102029147452,2618.827957091568
1986-01-20T21:15:00,extended_january,baseline,18.000603969878306,17.999479142029614,18.000048191154267,17.999598560559146,19.354301566598192,0.0,0.0,0.0,0.0,0.0,-1.1,18.0,27.0,0.09183615471624539,175.98273275719887,0.18612046746995092,2619.014077559038
1986-01-20T21:30:00,extended_january,baseline,18.000326642924584,17.99952075784298,18.00000976711005,18.000729863330285,19.317315084454155,0.0,0.0,0.0,0.0,0.0,-1.1,18.0,27.0,0.09183615471624539,176.07456891191512,0.2266707345322738,2619.2407482935705
1986-01-20T21:45:00,extended_january,baseline,17.999900138017324,18.001239946176817,17.999532794805617,18.00005054671679,19.28078193534987,0.0,0.0,0.0,0.0,0.0,-1.1,18.0,27.0,0.09183615471624539,176.16640506663137,0.2630849146931266,2619.5038332082636
1986-01-20T22:00:00,extended_january,baseline,18.00026026898525,18.001130055842264,17.999799853221337,17.99977782823936,19.24546387626514,0.0,0.0,0.0,0.0,0.0,-1.1,18.0,27.0,0.09183615471624539,176.25824122134762,0.2961575916777653,2619.7999907999415
1986-01-20T22:15:00,extended_january,baseline,17.999606752435522,17.9998375879208,18.000503272241303,18.000327792503203,19.214645699423166,0.0,0.0,0.0,0.0,0.0,-1.1,18.0,27.0,0.09183615471624539,176.35007737606387,0.3199685400958563,2620.1199593400374
1986-01-20T22:30:00,extended_january,baseline,17.999701038522918,17.9989326509258,17.99993282324386,17.998933086754924,19.18740491820754,0.0,0.0,0.0,0.0,0.0,-1.1,18.0,27.0,0.09183615471624539,176.4419135307801,0.34247069330378066,2620.462430033341
1986-01-20T22:45:00,extended_january,baseline,18.000034957595496,17.998945167786875,18.000383195637113,18.000235634083285,19.162228346263685,0.0,0.0,0.0,0.0,0.0,-1.1,18.0,27.0,0.09183615471624539,176.53374968549636,0.363311418495809,2620.825741451837
1986-01-20T23:00:00,extended_january,baseline,17.999667738793583,17.999848514945242,18.00044869219358,18.001095420779446,19.138450389766607,0.0,0.0,0.0,0.0,0.0,-1.1,18.0,27.0,0.09183615471624539,176.6255858402126,0.3814064988122935,2621.2071479506494
1986-01-20T23:15:00,extended_january,baseline,17.999970802844842,17.99901316212444,18.000371465371458,17.99911938495994,19.108825999814094,0.0,0.0,0.0,0.0,0.0,-1.1,18.0,27.0,0.09183615471624539,176.71742199492886,0.4105065342893168,2621.6176544849386
1986-01-20T23:30:00,extended_january,baseline,17.999685670941883,18.00032304071578,18.000374036896126,17.999091263833353,19.07504796299282,0.0,0.0,0.0,0.0,0.0,-1.1,18.0,27.0,0.09183615471624539,176.8092581496451,0.4384681197927482,2622.056122604731
1986-01-20T23:45:00,extended_january,baseline,18.000855298942827,18.000422914028825,18.00041233529235,18.000959195361077,19.04011433348849,0.0,0.0,0.0,0.0,0.0,-1.1,18.0,27.0,0.09183615471624539,176.90109430436135,0.4657856072372321,2622.5219082119684
1986-01-21T00:00:00,extended_january,baseline,18.00025070702662,17.999488219938446,18.00050744620403,18.000731072649085,19.005378284689215,0.0,0.0,0.0,0.0,0.0,-1.1,18.0,27.0,0.09183615471624539,176.9929304590776,0.48987502472362693,2623.011783236692
1986-01-21T00:15:00,extended_january,baseline,17.999815894464106,17.99852690933986,18.000681844119313,17.99931997857088,18.99749703472718,0.0,0.0,0.0,0.0,0.0,-1.1,18.0,27.0,0.09183615471624539,177.08476661379385,0.4670690328109919,2623.478852269503
1986-01-21T00:30:00,extended_january,baseline,18.00086073981035,18.001229055349278,17.99977821728063,18.001286007594814,19.00964130216462,0.0,0.0,0.0,0.0,0.0,-1.1,18.0,27.0,0.09183615471624539,177.1766027685101,0.44156717210171176,2623.9204194416047
1986-01-21T00:45:00,extended_january,baseline,18.000002949897965,18.000514660700034,18.000118489032076,17.999907482157198,19.030180740996148,0.0,0.0,0.0,0.0,0.0,-1.1,18.0,27.0,0.09183615471624539,177.26843892322634,0.41641401674984296,2624.3368334583547
1986-01-21T01:00:00,extended_january,baseline,17.999853791550883,18.000536477765486,18.000242504901557,17.9993233851344,19.054425907765527,0.0,0.0,0.0,0.0,0.0,-1.1,18.0,27.0,0.09183615471624539,177.3602750779426,0.3929965678758427,2624.7298300262305
1986-01-21T01:15:00,extended_january,baseline,18.000118646404548,17.999037225234606,18.00083153874903,18.00032849589277,19.061750375329655,0.0,0.0,0.0,0.0,0.0,-1.1,18.0,27.0,0.09183615471624539,177.45211123265884,0.4041460643712991,2625.1339760906017
1986-01-21T01:30:00,extended_january,baseline,18.00037886294633,17.999502159340274,18.000112580829803,17.999070243088507,19.05687600388563,0.0,0.0,0.0,0.0,0.0,-1.1,18.0,27.0,0.09183615471624539,177.54394738737508,0.4128179792322904,2625.546794069834
1986-01-21T01:45:00,extended_january,baseline,18.000816316262295,18.0000687358979,18.00023844000942,17.999360634864004,19.04808851904121,0.0,0.0,0.0,0.0,0.0,-1.1,18.0,27.0,0.09183615471624539,177.63578354209133,0.42250579961047185,2625.9692998694445
1986-01-21T02:00:00,extended_january,baseline,17.99966946012852,18.000289128953586,17.999473381148654,18.001192473849848,19.038569916587928,0.0,0.0,0.0,0.0,0.0,-1.1,18.0,27.0,0.09183615471624539,177.72761969680758,0.4318705736007624,2626.4011704430454
1986-01-21T02:15:00,extended_january,baseline,18.00063197703421,18.000018660248443,17.999227589199087,18.00019502818706,19.026206462091793,0.0,0.0,0.0,0.0,0.0,-0.9750000000000001,18.0,27.0,0.09183615471624539,177.81945585152383,0.4410076012927026,2626.842178044338
1986-01-21T02:30:00,extended_january,baseline,18.000622280406077,18.00009895262641,18.00013505990843,18.00085587866102,19.011853386338867,0.0,0.0,0.0,0.0,0.0,-0.8500000000000001,18.0,27.0,0.09183615471624539,177.91129200624007,0.4509185560354429,2627.2930966003737
1986-01-21T02:45:00,extended_january,baseline,17.999693073105725,17.99924019260491,18.00021915836342,18.000471440397003,18.996652245602274,0.0,0.0,0.0,0.0,0.0,-0.725,18.0,27.0,0.09183615471624539,178.00312816095632,0.45629131478215285,2627.7493879151557
1986-01-21T03:00:00,extended_january,baseline,18.00042226059162,18.000987462023165,17.999792739632262,17.999263833918793,18.98117829429433,0.0,0.0,0.0,0.0,0.0,-0.6,18.0,27.0,0.09183615471624539,178.09496431567257,0.46475268873354497,2628.214140603889
1986-01-21T03:15:00,extended_january,baseline,18.000434937096024,18.001392951733877,18.00067453242405,18.000652124130138,18.970935823866444,0.0,0.0,0.0,0.0,0.0,-0.6,18.0,27.0,0.09183615471624539,178.18680047038882,0.463668506625011,2628.677809110514
1986-01-21T03:30:00,extended_january,baseline,17.999534716742172,18.000445438579103,17.999164233163185,18.000781622162048,18.964563927208065,0.0,0.0,0.0,0.0,0.0,-0.6,18.0,27.0,0.09183615471624539,178.27863662510507,0.4629044159755729,2629.1407135264894
1986-01-21T03:45:00,extended_january,baseline,17.99999244697123,17.999162812866317,18.000686283807415,17.9997054892718,18.959745729599568,0.0,0.0,0.0,0.0,0.0,-0.6,18.0,27.0,0.09183615471624539,178.3704727798213,0.4664600141746561,2629.607173540664
1986-01-21T04:00:00,extended_january,baseline,17.999916195647344,18.000920218233098,17.999973643629005,18.00133824611739,18.955567394581067,0.0,0.0,0.0,0.0,0.0,-0.6,18.0,27.0,0.09183615471624539,178.46230893453756,0.4656271929750944,2630.0728007336393
1986-01-21T04:15:00,extended_january,baseline,17.99923663911145,17.998740528742466,18.00029454747662,17.999071978218176,18.94820023591991,0.0,0.0,0.0,0.0,0.0,-0.6,18.0,27.0,0.09183615471624539,178.5541450892538,0.4735178592692778,2630.5463185929084
1986-01-21T04:30:00,extended_january,baseline,17.999807869009896,17.99946801537967,18.00018241590591,17.99971337891413,18.938573463599305,0.0,0.0,0.0,0.0,0.0,-0.6,18.0,27.0,0.09183615471624539,178.64598124397006,0.48103127046428634,2631.027349863373
1986-01-21T04:45:00,extended_january,baseline,17.999731590603123,17.999903206657475,17.999465605646428,18.000049751698572,18.928232854541104,0.0,0.0,0.0,0.0,0.0,-0.6,18.0,27.0,0.09183615471624539,178.7378173986863,0.48744723875768886,2631.5147971021306
1986-01-21T05:00:00,extended_january,baseline,18.000396416552732,17.99936032416426,17.99996556742795,17.99940942449204,18.9177614807002,0.0,0.0,0.0,0.0,0.0,-0.6,18.0,27.0,0.09183615471624539,178.82965355340255,0.49376945058019317,2632.008566552711
1986-01-21T05:15:00,extended_january,baseline,18.000250973503352,18.00128031298159,17.99986191384224,18.001217160316305,18.910904856231486,0.0,0.0,0.0,0.0,0.0,-0.6,18.0,27.0,0.09183615471624539,178.9214897081188,0.4930608070842184,2632.501627359795
1986-01-21T05:30:00,extended_january,baseline,17.99954785163803,17.999130510337327,18.00080558603535,17.998998840220246,18.90690933086454,0.0,0.0,0.0,0.0,0.0,-0.6,18.0,27.0,0.09183615471624539,179.01332586283505,0.49458790295346033,2632.996215262748
1986-01-21T05:45:00,extended_january,baseline,18.000331448087074,17.999912712882416,17.999459019514674,17.99970178951041,18.90395030974323,0.0,0.0,0.0,0.0,0.0,-0.6,18.0,27.0,0.09183615471624539,179.1051620175513,0.49480949304991395,2633.491024755798
1986-01-21T06:00:00,extended_january,baseline,18.000561225740256,18.00045170944441,17.99958203612144,18.000159278594428,18.901328005686405,0.0,0.0,0.0,0.0,0.0,-0.6,18.0,27.0,0.09183615471624539,179.19699817226754,0.49536234592198664,2633.98638710172
1986-01-21T06:15:00,extended_january,baseline,18.00039099791589,18.000198067957133,18.000324817197626,17.999793628273103,18.886607239503476,0.0,0.0,0.0,0.0,0.0,-0.6,18.0,27.0,0.09183615471624539,179.2888343269838,0.5213200284781637,2634.5077071301985
1986-01-21T06:30:00,extended_january,baseline,17.999662733422714,17.99929135229842,18.00048152021122,17.99876537025516,18.86310868930806,0.0,0.0,0.0,0.0,0.0,-0.6,18.0,27.0,0.09183615471624539,179.38067048170004,0.5471952906723688,2635.054902420871
1986-01-21T06:45:00,extended_january,baseline,17.9998505684073,18.000694669405846,17.999870715255657,18.00002441948379,18.836217496790205,0.0,0.0,0.0,0.0,0.0,-0.6,18.0,27.0,0.09183615471624539,179.47250663641628,0.574232511192387,2635.629134932063
1986-01-21T07:00:00,extended_january,baseline,18.000401496869234,18.000509956443175,18.000083789193816,17.999701788674134,18.808036296019544,0.0,0.0,0.0,0.0,0.0,-0.6,18.0,27.0,0.09183615471624539,179.56434279113253,0.6001861024922014,2636.229321034555
1986-01-21T07:15:00,extended_january,baseline,18.000307220833147,18.00116684230907,17.999859757454015,18.00030965583361,18.803014739180135,0.0,0.0,0.0,0.0,0.0,-0.29999999999999993,18.0,27.0,0.09183615471624539,179.65617894584878,0.5668887226372035,2636.796209757192
1986-01-21T07:30:00,extended_january,baseline,18.000424015093657,17.999098011474832,18.000693798175988,18.00075743548854,18.814868136727352,0.0,0.0,0.0,0.0,0.0,0.0,18.0,27.0,0.09183615471624539,179.74801510056503,0.4691208639025926,2637.2653306210946
1986-01-21T07:45:00,extended_january,baseline,18.00002684221167,18.000711497535683,17.99992737116628,17.999573594868224,18.834359631782718,0.0,0.0,0.0,0.0,0.0,0.29999999999999993,18.0,27.0,0.09183615471624539,179.83985125528127,0.36602931507721326,2637.631359936172
1986-01-21T08:00:00,extended_january,baseline,17.999781006189636,18.135544943016896,17.999740839564563,18.00074893713416,18.858213900420605,0.0,0.0,0.0,0.0,0.0,0.6,18.0,27.0,0.09183615471624539,179.93168740999752,0.29263268217757243,2637.9239926183495
1986-01-21T08:15:00,extended_january,baseline,17.99927182870617,18.38184665039115,17.999760988010873,17.99914461777172,18.878469806414444,0.0,0.0,0.0,0.0,0.0,1.0,18.0,27.0,0.09183615471624539,180.02352356471377,0.23598929961016324,2638.1599819179596
1986-01-21T08:30:00,extended_january,baseline,18.000148564451987,18.676113251839123,18.000402825999483,17.99991494338214,18.897132893635668,0.0,0.0,0.0,0.0,0.0,1.4000000000000001,18.0,27.0,0.09183615471624539,180.11535971943002,0.1760176754410746,2638.3359995934006
1986-01-21T08:45:00,extended_january,baseline,17.999450254297457,18.94216047483976,18.0001734309882,18.000238334328145,18.917477427957046,0.0,0.0,0.0,0.0,0.0,1.8,18.0,27.0,0.09183615471624539,180.20719587414627,0.107253066501392,2638.443252659902
1986-01-21T09:00:00,extended_january,baseline,18.00036216446871,19.139044775406486,18.000203821056306,17.998904721591803,18.940547016608352,0.0,0.0,0.0,0.0,0.0,2.2,18.0,27.0,0.09183615471624539,180.2990320288625,0.04869648398556214,2638.4919491438877
1986-01-21T09:15:00,extended_january,baseline,18.00961557069319,19.324496763308794,18.038596904364503,18.004072723642864,18.965948091278804,0.0,0.0,0.0,0.0,0.0,2.9000000000000004,18.0,27.0,0.09183615471624539,180.39086818357876,0.0,2638.4919491438877
1986-01-21T09:30:00,extended_january,baseline,18.078912639260935,19.512698799496796,18.12591849085475,18.065441763893652,18.993877227305784,0.0,0.0,0.0,0.0,0.0,3.6,18.0,27.0,0.09183615471624539,180.482704338295,0.0,2638.4919491438877
1986-01-21T09:45:00,extended_january,baseline,18.210335582102754,19.78214322226576,18.236386652466617,18.160568084373875,19.025105689339668,0.0,0.0,0.0,0.0,0.0,4.3,18.0,27.0,0.09183615471624539,180.57454049301126,0.0,2638.4919491438877
1986-01-21T10:08:00,extended_january,baseline,18.411243212862153,20.15745990590955,18.377327072685514,18.29075433935874,19.07014801331999,0.0,0.0,0.0,0.0,0.0,5.0,18.0,27.0,0.09183615471624539,180.6663766477275,0.0,2638.4919491438877
1986-01-21T10:23:00,extended_january,baseline,18.601835075774204,20.47302589748149,18.493247450202603,18.399721348950923,19.112924958467897,0.0,0.0,0.0,0.0,0.0,5.425,18.0,27.0,0.09183615471624539,180.75821280244375,0.0,2638.4919491438877
1986-01-21T10:38:00,extended_january,baseline,18.83847989224921,20.83322195273301,18.615997173351033,18.51877142735974,19.159261075273182,0.0,0.0,0.0,0.0,0.0,5.85,18.0,27.0,0.09183615471624539,180.85004895716,0.0,2638.4919491438877
1986-01-21T10:45:00,extended_january,baseline,19.019080404978215,21.038085335323302,18.7098765244993,18.609829499152607,19.198574353986775,0.0,0.0,0.0,0.0,0.0,6.275,18.0,27.0,0.09183615471624539,180.94188511187625,0.0,2638.4919491438877
1986-01-21T11:00:00,extended_january,baseline,19.22419394571997,21.19897916763364,18.821931125482138,18.721161619474568,19.24916446833501,0.0,0.0,0.0,0.0,0.0,6.7,18.0,27.0,0.09183615471624539,181.0337212665925,0.0,2638.4919491438877
1986-01-21T11:15:00,extended_january,baseline,19.439270186766805,21.317692324265327,18.938899174873185,18.8398937381369,19.307815399419763,0.0,0.0,0.0,0.0,0.0,7.1000000000000005,18.0,27.0,0.09183615471624539,181.12555742130874,0.0,2638.4919491438877
1986-01-21T11:30:00,extended_january,baseline,19.6738468184076,21.417833423818802,19.061662678411807,18.966148109412508,19.372987799434352,0.0,0.0,0.0,0.0,0.0,7.5,18.0,27.0,0.09183615471624539,181.217393576025,0.0,2638.4919491438877
1986-01-21T11:45:00,extended_january,baseline,19.903556392374615,21.469154845745454,19.178013224642427,19.088636015653098,19.441593521374482,0.0,0.0,0.0,0.0,0.0,7.9,18.0,27.0,0.09183615471624539,181.30922973074124,0.0,2638.4919491438877
1986-01-21T12:00:00,extended_january,baseline,20.12112374384548,21.47237110408615,19.28573516155615,19.205458615011,19.511608214232098,0.0,0.0,0.0,0.0,0.0,8.3,18.0,27.0,0.09183615471624539,181.40106588545748,0.0,2638.4919491438877
1986-01-21T12:15:00,extended_january,baseline,20.32297433495468,21.43720251144163,19.38178817271998,19.313897187322464,19.579348423061184,0.0,0.0,0.0,0.0,0.0,8.575000000000001,18.0,27.0,0.09183615471624539,181.49290204017373,0.0,2638.4919491438877
1986-01-21T12:30:00,extended_january,baseline,20.5124896559037,21.375733044081592,19.469427604296804,19.41645024974675,19.644910590449566,0.0,0.0,0.0,0.0,0.0,8.850000000000001,18.0,27.0,0.09183615471624539,181.58473819488998,0.0,2638.4919491438877
1986-01-21T12:45:00,extended_january,baseline,20.684361844790335,21.298440573768513,19.555999163094263,19.51898622483868,19.71302722840827,0.0,0.0,0.0,0.0,0.0,9.125,18.0,27.0,0.09183615471624539,181.67657434960623,0.0,2638.4919491438877
1986-01-21T13:00:00,extended_january,baseline,20.837380404887337,21.215425927617428,19.642792686493163,19.62241737553854,19.775457120663425,0.0,0.0,0.0,0.0,0.0,9.4,18.0,27.0,0.09183615471624539,181.76841050432247,0.0,2638.4919491438877
1986-01-21T13:15:00,extended_january,baseline,20.928754313893982,21.114509584764775,19.717051945569064,19.71439310876052,19.83096010038339,0.0,0.0,0.0,0.0,0.0,9.700000000000001,18.0,27.0,0.09183615471624539,181.86024665903872,0.0,2638.4919491438877
1986-01-21T13:30:00,extended_january,baseline,20.996164374846305,21.017255395123378,19.78319520785506,19.79914834140731,19.875764692508508,0.0,0.0,0.0,0.0,0.0,10.0,18.0,27.0,0.09183615471624539,181.95208281375497,0.0,2638.4919491438877
1986-01-21T13:45:00,extended_january,baseline,21.017854750298604,20.910762808897562,19.825022547062726,19.86074215493881,19.918082260296828,0.0,0.0,0.0,0.0,0.0,10.299999999999999,18.0,27.0,0.09183615471624539,182.04391896847122,0.0,2638.4919491438877
1986-01-21T14:00:00,extended_january,baseline,20.988457711635323,20.79737834895921,19.84293042540069,19.899397179109958,19.953417582321975,0.0,0.0,0.0,0.0,0.0,10.6,18.0,27.0,0.09183615471624539,182.13575512318747,0.0,2638.4919491438877
1986-01-21T14:15:00,extended_january,baseline,20.88598446128325,20.695816476374045,19.850752422115555,19.929691360435484,19.992211531087626,0.0,0.0,0.0,0.0,0.0,11.0,18.0,27.0,0.09183615471624539,182.2275912779037,0.0,2638.4919491438877
1986-01-21T14:30:00,extended_january,baseline,20.754097302313294,20.60325250740781,19.851410409851646,19.950560238614532,20.035534432829774,0.0,0.0,0.0,0.0,0.0,11.399999999999999,18.0,27.0,0.09183615471624539,182.31942743261996,0.0,2638.4919491438877
1986-01-21T14:45:00,extended_january,baseline,20.670311467189833,20.527720131400176,19.85970873561359,19.976923393872152,20.077540487079645,0.0,0.0,0.0,0.0,0.0,11.799999999999999,18.0,27.0,0.09183615471624539,182.4112635873362,0.0,2638.4919491438877
1986-01-21T15:00:00,extended_january,baseline,20.633691859018224,20.467637472627157,19.875328017973967,20.01097995337838,20.11199098057258,0.0,0.0,0.0,0.0,0.0,12.2,18.0,27.0,0.09183615471624539,182.50309974205246,0.0,2638.4919491438877
1986-01-21T15:15:00,extended_january,baseline,20.59632521959173,20.39727492767168,19.868251477244158,20.02923598635498,20.130347938220556,0.0,0.0,0.0,0.0,0.0,11.924999999999999,18.0,27.0,0.09183615471624539,182.5949358967687,0.0,2638.4919491438877
1986-01-21T15:30:00,extended_january,baseline,20.559151978514333,20.320423460925547,19.842075136004663,20.03861998582628,20.136502507068542,0.0,0.0,0.0,0.0,0.0,11.649999999999999,18.0,27.0,0.09183615471624539,182.68677205148495,0.0,2638.4919491438877
1986-01-21T15:45:00,extended_january,baseline,20.5017044674914,20.239846534299485,19.80203780258002,20.03486926494852,20.135740946211655,0.0,0.0,0.0,0.0,0.0,11.375,18.0,27.0,0.09183615471624539,182.7786082062012,0.0,2638.4919491438877
1986-01-21T16:00:00,extended_january,baseline,20.427046467121073,20.15642653028199,19.75185582840701,20.01840812103887,20.12983914487428,0.0,0.0,0.0,0.0,0.0,11.1,18.0,27.0,0.09183615471624539,182.87044436091745,0.0,2638.4919491438877
1986-01-21T16:15:00,extended_january,baseline,20.36526545631742,20.082951831672116,19.707942747817018,20.006274337469694,20.12737856007521,0.0,0.0,0.0,0.0,0.0,11.25,18.0,27.0,0.09183615471624539,182.9622805156337,0.0,2638.4919491438877
1986-01-21T16:30:00,extended_january,baseline,20.28973670898896,20.01574091979963,19.667335143279537,19.982891785475108,20.1273684916212,0.0,0.0,0.0,0.0,0.0,11.399999999999999,18.0,27.0,0.09183615471624539,183.05411667034994,0.0,2638.4919491438877
1986-01-21T16:45:00,extended_january,baseline,20.239123530294748,19.951544469996847,19.628421881776937,19.97012203395815,20.12640595853008,0.0,0.0,0.0,0.0,0.0,11.549999999999999,18.0,27.0,0.09183615471624539,183.1459528250662,0.0,2638.4919491438877
1986-01-21T17:00:00,extended_january,baseline,20.098204395898517,19.880011386865785,19.5788052111397,19.89560399954841,20.122900930017316,0.0,0.0,0.0,0.0,0.0,11.7,18.0,27.0,0.09183615471624539,183.23778897978244,0.0,2638.4919491438877
1986-01-21T17:15:00,extended_january,baseline,19.91046520994082,19.775953116284388,19.48754624549605,19.77509367554647,20.08478582332907,0.0,0.0,0.0,0.0,0.0,10.299999999999999,18.0,27.0,0.09183615471624539,183.32962513449868,0.0,2638.4919491438877
1986-01-21T17:30:00,extended_january,baseline,19.7221588174973,19.651721923058915,19.367667789916784,19.647050017584547,20.01275340166401,0.0,0.0,0.0,0.0,0.0,8.899999999999999,18.0,27.0,0.09183615471624539,183.42146128921493,0.0,2638.4919491438877
1986-01-21T17:45:00,extended_january,baseline,19.51959530864063,19.516928066390825,19.217984572576807,19.514889607255014,19.942482343292713,0.0,0.0,0.0,0.0,0.0,7.499999999999999,18.0,27.0,0.09183615471624539,183.51329744393118,0.0,2638.4919491438877
1986-01-21T18:00:00,extended_january,baseline,19.3311449280183,19.360960387821063,19.054246447317247,19.362453710413455,19.853951702851923,0.0,0.0,0.0,0.0,0.0,6.1,18.0,27.0,0.09183615471624539,183.60513359864743,0.0,2638.4919491438877
1986-01-21T18:15:00,extended_january,baseline,19.13938413544453,19.229317485939514,18.907865124327884,19.232563797386625,19.764165940725814,0.0,0.0,0.0,0.0,0.0,5.2749999999999995,18.0,27.0,0.09183615471624539,183.69696975336367,0.0,2638.4919491438877
1986-01-21T18:30:00,extended_january,baseline,18.95840362952796,19.089151806932367,18.770754054588966,19.09448867977325,19.676185896417437,0.0,0.0,0.0,0.0,0.0,4.449999999999999,18.0,27.0,0.09183615471624539,183.78880590807992,0.0,2638.4919491438877
1986-01-21T18:45:00,extended_january,baseline,18.785395187689385,18.945369628225084,18.63084737432256,18.952671474320802,19.585416116005714,0.0,0.0,0.0,0.0,0.0,3.6249999999999996,18.0,27.0,0.09183615471624539,183.88064206279617,0.0,2638.4919491438877
1986-01-21T19:00:00,extended_january,baseline,18.613560371371232,18.800546870527246,18.485078665231388,18.80942970699546,19.489002566671285,0.0,0.0,0.0,0.0,0.0,2.8,18.0,27.0,0.09183615471624539,183.97247821751242,0.0,2638.4919491438877
1986-01-21T19:15:00,extended_january,baseline,18.48295053054323,18.688626016059477,18.37541640022043,18.698598550666034,19.421794150439283,0.0,0.0,0.0,0.0,0.0,2.6499999999999995,18.0,27.0,0.09183615471624539,184.06431437222867,0.0,2638.4919491438877
1986-01-21T19:30:00,extended_january,baseline,18.38187586383923,18.59714481952185,18.291871721013955,18.6076917956975,19.377508957973287,0.0,0.0,0.0,0.0,0.0,2.5,18.0,27.0,0.09183615471624539,184.1561505269449,0.0,2638.4919491438877
1986-01-21T19:45:00,extended_january,baseline,18.292292211473743,18.51193267315146,18.217272477974845,18.522689747075148,19.340750717880955,0.0,0.0,0.0,0.0,0.0,2.35,18.0,27.0,0.09183615471624539,184.24798668166116,0.0,2638.4919491438877
1986-01-21T20:00:00,extended_january,baseline,18.20871536326738,18.430299065057582,18.146521273846705,18.441034403034276,19.305379319466258,0.0,0.0,0.0,0.0,0.0,2.2,18.0,27.0,0.09183615471624539,184.3398228363774,0.0,2638.4919491438877
1986-01-21T20:15:00,extended_january,baseline,18.13641226620753,18.357278027381273,18.085046850749393,18.367790229180297,19.27363799222157,0.0,0.0,0.0,0.0,0.0,2.2,18.0,27.0,0.09183615471624539,184.43165899109366,0.0,2638.4919491438877
1986-01-21T20:30:00,extended_january,baseline,18.07416485577634,18.291874567491107,18.032104769374175,18.301959918027308,19.245786653234322,0.0,0.0,0.0,0.0,0.0,2.2,18.0,27.0,0.09183615471624539,184.5234951458099,0.0,2638.4919491438877
1986-01-21T20:45:00,extended_january,baseline,18.01915222934386,18.232099930562832,18.001268576661378,18.241590326303886,19.220824881672705,0.0,0.0,0.0,0.0,0.0,2.2,18.0,27.0,0.09183615471624539,184.61533130052615,0.0062587095123679565,2638.4982078534
1986-01-21T21:00:00,extended_january,baseline,18.001676312524804,18.177072409896585,18.000653687470695,18.185847572366267,19.198117788817502,0.0,0.0,0.0,0.0,0.0,2.2,18.0,27.0,0.09183615471624539,184.7071674552424,0.03230925519043852,2638.53051710859
1986-01-21T21:15:00,extended_january,baseline,18.000647411059617,18.12355150115228,17.999902875790795,18.131296808805175,19.168881836664724,0.0,0.0,0.0,0.0,0.0,2.2,18.0,27.0,0.09183615471624539,184.79900360995865,0.05460663749692872,2638.585123746087
1986-01-21T21:30:00,extended_january,baseline,18.00078658718488,18.06575998627438,17.999759382047518,18.07290626687277,19.134494899394177,0.0,0.0,0.0,0.0,0.0,2.2,18.0,27.0,0.09183615471624539,184.8908397646749,0.083580642958266,2638.668704389045
1986-01-21T21:45:00,extended_january,baseline,18.0006667909874,18.01351191164849,17.99966587287757,18.01986282787501,19.099191165740553,0.0,0.0,0.0,0.0,0.0,2.2,18.0,27.0,0.09183615471624539,184.98267591939114,0.10828021403880755,2638.7769846030837
1986-01-21T22:00:00,extended_january,baseline,18.000039220292553,18.000741128797927,18.00003087193286,18.001726213727068,19.064988921744522,0.0,0.0,0.0,0.0,0.0,2.2,18.0,27.0,0.09183615471624539,185.0745120741074,0.1472505179092123,2638.9242351209928
1986-01-21T22:15:00,extended_january,baseline,17.999533415183084,17.998832075559147,18.000074525984484,18.000575277581017,19.053597464830755,0.0,0.0,0.0,0.0,0.0,2.2,18.0,27.0,0.09183615471624539,185.16634822882364,0.1527321610173596,2639.07696728201
1986-01-21T22:30:00,extended_january,baseline,18.000078501664017,18.001133070087477,18.000108544341575,17.999734948281684,19.05969612711762,0.0,0.0,0.0,0.0,0.0,2.2,18.0,27.0,0.09183615471624539,185.25818438353988,0.15155381236043766,2639.2285210943705
1986-01-21T22:45:00,extended_january,baseline,18.00012000035943,18.00101235017694,17.999809493923458,18.00045490469207,19.07397357518973,0.0,0.0,0.0,0.0,0.0,2.2,18.0,27.0,0.09183615471624539,185.35002053825613,0.14630698621162785,2639.374828080582
1986-01-21T23:00:00,extended_january,baseline,18.00014215286663,17.999571059463747,17.99951356746826,18.001473978755833,19.09252632575464,0.0,0.0,0.0,0.0,0.0,2.2,18.0,27.0,0.09183615471624539,185.44185669297238,0.13868793782759056,2639.5135160184095
1986-01-21T23:15:00,extended_january,baseline,17.999580936859992,17.99866464155035,17.999483154761204,17.99927170126349,19.099656105638523,0.0,0.0,0.0,0.0,0.0,2.075,18.0,27.0,0.09183615471624539,185.53369284768863,0.15292064938893432,2639.6664366677983
1986-01-21T23:30:00,extended_january,baseline,18.00013157850216,18.001054774236554,18.000066854952987,17.99998420917408,19.09895639032606,0.0,0.0,0.0,0.0,0.0,1.9500000000000002,18.0,27.0,0.09183615471624539,185.62552900240487,0.1660956177875311,2639.832532285586
1986-01-21T23:45:00,extended_january,baseline,18.00020636371104,18.000571111991672,17.999616732618573,18.000284695244815,19.09661140620563,0.0,0.0,0.0,0.0,0.0,1.825,18.0,27.0,0.09183615471624539,185.71736515712112,0.17707580626738548,2640.0096080918534
1986-01-22T00:00:00,extended_january,baseline,17.999263850164112,18.000358854319046,17.99981684765048,18.00038037929107,19.094913676179345,0.0,0.0,0.0,0.0,0.0,1.7,18.0,27.0,0.09183615471624539,185.80920131183737,0.18850074030185832,2640.1981088321554
1986-01-22T00:15:00,extended_january,baseline,18.000126954163743,17.999901393657847,18.00080786038126,18.001349126095942,18.995320602242916,0.0,0.0,0.0,0.0,0.0,1.7,18.0,27.0,0.09183615471624539,185.90103746655362,0.3588173154649415,2640.5569261476203
1986-01-22T00:30:00,extended_january,baseline,18.000123624222624,17.99866744570884,18.00071815452735,18.000644547076877,18.909522082928852,0.0,0.0,0.0,0.0,0.0,1.7,18.0,27.0,0.09183615471624539,185.99287362126987,0.3829558187451208,2640.939881966365
1986-01-22T00:45:00,extended_january,baseline,17.9996201691632,18.00078015549657,18.000286423099222,17.99935905530343,18.859447795183343,0.0,0.0,0.0,0.0,0.0,1.7,18.0,27.0,0.09183615471624539,186.0847097759861,0.40757246982087153,2641.347454436186
1986-01-22T01:00:00,extended_january,baseline,17.999382369706428,17.999210759025658,18.000191111245517,17.998525874808664,18.824985433691463,0.0,0.0,0.0,0.0,0.0,1.7,18.0,27.0,0.09183615471624539,186.17654593070236,0.42918704803147006,2641.7766414842176
1986-01-22T01:15:00,extended_january,baseline,18.000561974276614,18.001317272589187,17.9999672484301,18.00140966479407,18.80944637141413,0.0,0.0,0.0,0.0,0.0,1.7,18.0,27.0,0.09183615471624539,186.2683820854186,0.4225852515818441,2642.1992267357996
1986-01-22T01:30:00,extended_january,baseline,18.00042428435032,18.00133658692331,18.000466204512414,18.001233019555322,18.806662883034793,0.0,0.0,0.0,0.0,0.0,1.7,18.0,27.0,0.09183615471624539,186.36021824013486,0.4115121529103874,2642.61073888871
1986-01-22T01:45:00,extended_january,baseline,17.99994168155258,18.000320681267596,17.9992101776465,17.999688260220168,18.810377149058457,0.0,0.0,0.0,0.0,0.0,1.7,18.0,27.0,0.09183615471624539,186.4520543948511,0.40363176689092717,2643.014370655601
1986-01-22T02:00:00,extended_january,baseline,18.000186226718576,17.999660542486307,18.000272554056338,17.998514725606146,18.817644005962947,0.0,0.0,0.0,0.0,0.0,1.7,18.0,27.0,0.09183615471624539,186.54389054956735,0.393834168904995,2643.408204824506
1986-01-22T02:15:00,extended_january,baseline,18.00083095928152,17.9994209243436,18.00036370887369,18.000898005631242,18.81300113465743,0.0,0.0,0.0,0.0,0.0,1.5499999999999998,18.0,27.0,0.09183615471624539,186.6357267042836,0.411644809782963,2643.819849634289
1986-01-22T02:30:00,extended_january,baseline,17.99956980114189,17.99877849214674,18.000205165284957,17.998615537778377,18.799720498293617,0.0,0.0,0.0,0.0,0.0,1.4,18.0,27.0,0.09183615471624539,186.72756285899985,0.4303504759984984,2644.2502001102876
1986-01-22T02:45:00,extended_january,baseline,18.000202956072,18.000984708918416,18.000229867291424,17.99907451172221,18.78380136632048,0.0,0.0,0.0,0.0,0.0,1.25,18.0,27.0,0.09183615471624539,186.8193990137161,0.4515477662401472,2644.701747876528
1986-01-22T03:00:00,extended_january,baseline,18.000660517098737,17.99885895865849,18.000177839639036,17.99914780649346,18.76750663285409,0.0,0.0,0.0,0.0,0.0,1.1,18.0,27.0,0.09183615471624539,186.91123516843234,0.46813722566872096,2645.1698851021965
1986-01-22T03:15:00,extended_january,baseline,18.000606703086067,18.000593785610068,18.000080645711634,17.99925738210907,18.75963750683789,0.0,0.0,0.0,0.0,0.0,0.9750000000000001,18.0,27.0,0.09183615471624539,187.0030713231486,0.471277423284981,2645.6411625254814
1986-01-22T03:30:00,extended_january,baseline,18.000430150233942,17.999729891117912,18.000002260027067,17.999646871416303,18.758058554430665,0.0,0.0,0.0,0.0,0.0,0.8500000000000001,18.0,27.0,0.09183615471624539,187.09490747786484,0.472733627575187,2646.1138961530564
1986-01-22T03:45:00,extended_january,baseline,18.000412524003927,17.999389593211614,18.000059567003106,18.000314253142875,18.759137516696285,0.0,0.0,0.0,0.0,0.0,0.725,18.0,27.0,0.09183615471624539,187.18674363258108,0.47547193303478946,2646.5893680860913
1986-01-22T04:00:00,extended_january,baseline,18.0006646892546,18.000236688173036,18.00035947956056,18.001266841673715,18.761438860836822,0.0,0.0,0.0,0.0,0.0,0.6,18.0,27.0,0.09183615471624539,187.27857978729733,0.4784158109691836,2647.0677838970605
1986-01-22T04:15:00,extended_january,baseline,18.000593637374738,17.999599747280072,18.000287875520165,18.00043483144732,18.759899164169088,0.0,0.0,0.0,0.0,0.0,0.6,18.0,27.0,0.09183615471624539,187.37041594201358,0.4837285745287127,2647.5515124715894
1986-01-22T04:30:00,extended_january,baseline,18.000571311981087,18.001110542221713,18.00023919061527,17.998778347857698,18.755638848633748,0.0,0.0,0.0,0.0,0.0,0.6,18.0,27.0,0.09183615471624539,187.46225209672983,0.49095572089620165,2648.0424681924856
1986-01-22T04:45:00,extended_january,baseline,18.000877899155338,17.998614330613357,18.00051477970757,18.000104943522786,18.750632625793592,0.0,0.0,0.0,0.0,0.0,0.6,18.0,27.0,0.09183615471624539,187.55408825144607,0.4961189168497588,2648.5385871093354
1986-01-22T05:00:00,extended_january,baseline,17.999964203836623,17.99923244251853,17.999591007630542,18.000572182608717,18.74562995355184,0.0,0.0,0.0,0.0,0.0,0.6,18.0,27.0,0.09183615471624539,187.64592440616232,0.500263723429877,2649.038850832765
1986-01-22T05:15:00,extended_january,baseline,17.999926356346915,17.999913123499127,17.999529726323356,18.00009665198579,18.740709109240587,0.0,0.0,0.0,0.0,0.0,0.6,18.0,27.0,0.09183615471624539,187.73776056087857,0.5074118553299045,2649.546262688095
1986-01-22T05:30:00,extended_january,baseline,17.99932753585366,17.9999941997643,18.000480733819533,17.999581920806513,18.735861515373223,0.0,0.0,0.0,0.0,0.0,0.6,18.0,27.0,0.09183615471624539,187.82959671559482,0.5102567364344701,2650.056519424529
1986-01-22T05:45:00,extended_january,baseline,17.999821333588617,18.000071903834478,18.000452488676107,17.9993734254061,18.731124573788886,0.0,0.0,0.0,0.0,0.0,0.6,18.0,27.0,0.09183615471624539,187.92143287031107,0.514483068933366,2650.5710024934624
1986-01-22T06:00:00,extended_january,baseline,17.999791839750927,18.000467665698714,17.999763211905275,17.999489177270902,18.726542206783154,0.0,0.0,0.0,0.0,0.0,0.6,18.0,27.0,0.09183615471624539,188.0132690250273,0.5186368019549674,2651.0896392954173
1986-01-22T06:19:00,extended_january,baseline,19.985433413574334,20.131674343577806,19.942719776104177,20.13558137694949,19.931962279667385,0.0,0.0,0.0,0.0,0.0,0.725,21.0,24.0,0.09183615471624539,188.10510517974356,6.820062715082453,2657.9097020104996
1986-01-22T06:33:00,extended_january,baseline,20.846917066405105,20.97589172412564,20.778294379268413,20.97058836001883,20.467887240653585,0.0,0.0,0.0,0.0,0.0,0.8500000000000001,21.0,24.0,0.09183615471624539,188.1969413344598,5.332883938657704,2663.2425859491573
1986-01-22T06:53:00,extended_january,baseline,21.000041472776406,20.999159760470803,20.998196094169515,21.001699291438392,20.734895974285415,0.0,0.0,0.0,0.0,0.0,0.9750000000000001,21.0,24.0,0.09183615471624539,188.28877748917606,4.905147673610553,2668.1477336227676
1986-01-22T07:00:00,extended_january,baseline,20.999610228846315,21.00414239475685,21.00263843421473,21.00001388417398,20.890139907859208,0.0,0.0,0.0,0.0,0.0,1.1,21.0,24.0,0.09183615471624539,188.3806136438923,4.779484824584133,2672.9272184473516
1986-01-22T07:15:00,extended_january,baseline,21.002713569748924,21.00342927211871,21.000725100904873,20.99982916310166,20.998827994335713,0.0,0.0,0.0,0.0,0.0,0.9750000000000001,21.0,24.0,0.09183615471624539,188.47244979860855,4.714678864746516,2677.641897312098
1986-01-22T07:30:00,extended_january,baseline,21.003218276731467,21.00341530365875,21.000804019116593,21.00019845154234,21.002042292098473,0.0,0.0,0.0,0.0,0.0,0.8500000000000001,21.0,24.0,0.09183615471624539,188.5642859533248,4.52700678959786,2682.1689041016957
1986-01-22T07:45:00,extended_january,baseline,21.00087212643348,21.002481233425055,21.00032699339338,20.998727164138717,21.000409851956018,0.0,0.0,0.0,0.0,0.0,0.725,21.0,24.0,0.09183615471624539,188.65612210804105,4.490172275241493,2686.6590763769373
1986-01-22T08:00:00,extended_january,baseline,20.999138904536164,20.999292593481556,21.002172475015126,21.000672757591186,21.001337294207758,0.0,0.0,0.0,0.0,0.0,0.6,21.0,24.0,0.09183615471624539,188.7479582627573,4.425691513795164,2691.0847678907326
1986-01-22T08:23:00,extended_january,baseline,21.00019751579645,21.00167109818142,21.00066383121668,20.999806721694366,21.09354072177621,11.0,5.0,11.0,5.0,20.0,0.6,21.0,24.0,0.09183615471624539,188.83979441747354,2.321643802968063,2693.4064116937006
1986-01-22T08:38:00,extended_january,baseline,21.000978717120294,21.000294502490334,21.000929642508492,21.00252153039855,21.301705780620352,11.0,5.0,11.0,5.0,20.0,0.6,21.0,24.0,0.09183615471624539,188.9316305721898,2.2709129457438615,2695.6773246394446
1986-01-22T08:45:00,extended_january,baseline,21.001416133544303,21.001463808823537,21.001045208139157,21.001445257191012,21.46871664108149,11.0,5.0,11.0,5.0,20.0,0.6,21.0,24.0,0.09183615471624539,189.02346672690604,2.1004925034632596,2697.7778171429077
1986-01-22T09:00:00,extended_january,baseline,21.001304348082027,21.00119620204892,21.001312408993723,21.000824365388663,21.667946958270406,11.0,5.0,11.0,5.0,20.0,0.6,21.0,24.0,0.09183615471624539,189.11530288162228,1.932598159912598,2699.7104153028204
1986-01-22T09:23:00,extended_january,baseline,20.999984871337418,21.09162029473999,21.039615960953086,21.001979140253763,22.27329320065317,11.0,5.0,11.0,5.0,20.0,0.6,21.0,24.0,0.09183615471624539,189.20713903633853,1.5427281883074415,2701.253143491128
1986-01-22T09:38:00,extended_january,baseline,21.005238369538862,21.311209685433663,21.17356885121459,21.001056738845726,22.635767949102338,11.0,5.0,11.0,5.0,20.0,0.6,21.0,24.0,0.09183615471624539,189.29897519105478,1.403444466502591,2702.6565879576306
1986-01-22T09:53:00,extended_january,baseline,21.14186308536769,21.687399616992803,21.3249614881489,21.00192107405621,22.83201999965709,11.0,5.0,11.0,5.0,20.0,0.6,21.0,24.0,0.09183615471624539,189.39081134577103,1.3612545210853157,2704.017842478716
1986-01-22T10:08:00,extended_january,baseline,21.353055363110304,22.154583686306918,21.478911765255365,21.00510366883848,22.9906695392363,11.0,5.0,11.0,5.0,20.0,0.6,21.0,24.0,0.09183615471624539,189.48264750048727,1.3414800435558571,2705.3593225222717
1986-01-22T10:23:00,extended_january,baseline,21.62785458598612,22.65377366738246,21.664473785554364,21.114694758302857,23.17202816007078,11.0,5.0,11.0,5.0,20.0,0.725,21.0,24.0,0.09183615471624539,189.57448365520352,1.3228294917587553,2706.6821520140306
1986-01-22T10:38:00,extended_january,baseline,21.97626680175766,23.21223322442205,21.86101879693042,21.254398186298527,23.336037020145625,11.0,5.0,11.0,5.0,20.0,0.8500000000000001,21.0,24.0,0.09183615471624539,189.66631980991977,1.3056541703411135,2707.987806184372
1986-01-22T10:53:00,extended_january,baseline,22.29536776636427,23.61523976282689,22.030567497518867,21.37694747431688,23.499754193971295,11.0,5.0,11.0,5.0,20.0,0.9750000000000001,21.0,24.0,0.09183615471624539,189.75815596463602,1.2892725154991473,2709.2770786998713
1986-01-22T11:08:00,extended_january,baseline,22.61216177955114,23.91424603329589,22.183761295584528,21.491874606248928,23.657909212494538,11.0,5.0,11.0,5.0,20.0,1.1,21.0,24.0,0.09183615471624539,189.84999211935227,1.2723976004435782,2710.549476300315
1986-01-22T11:15:00,extended_january,baseline,22.739307561847816,23.99032136377144,22.19243404035397,21.466192123115885,23.662410111708546,8.8,4.0,8.8,4.0,16.0,1.25,21.0,24.0,0.09183615471624539,189.9418282740685,1.2570267058916722,2711.8065030062066
1986-01-22T11:30:00,extended_january,baseline,22.92822470263288,23.997982904751098,22.204132432111916,21.469162780891484,23.680716766256303,8.8,4.0,8.8,4.0,16.0,1.4,21.0,24.0,0.0920805708446874,190.0339088449132,1.2106085540790141,2713.0171115602857
1986-01-22T11:45:00,extended_january,baseline,23.194215265337732,23.998849291292125,22.244898380325306,21.510634719750804,23.72658183746736,8.8,4.0,8.8,4.0,16.0,1.5499999999999998,21.0,24.0,0.09220433937180082,190.126113184285,1.1947110957103446,2714.211822655996
1986-01-22T12:08:00,extended_january,baseline,23.564297372967943,23.99931660620381,22.30146325612557,21.564309780412124,23.803196353998665,8.8,4.0,8.8,4.0,16.0,1.7,21.0,24.0,0.09225934600091135,190.2183725302859,1.1753499751500618,2715.387172631146
1986-01-22T12:15:00,extended_january,baseline,23.62733942585626,23.925427982874947,22.11329205411462,21.388531306391044,23.656478790446265,4.4,2.0,4.4,2.0,8.0,1.825,21.0,24.0,0.09183615471624539,190.31020868500215,1.1926330665725116,2716.5798056977183
1986-01-22T12:30:00,extended_january,baseline,23.80614853686654,23.799391684945846,21.955810807634936,21.25971018181648,23.5382070676233,4.4,2.0,4.4,2.0,8.0,1.9500000000000002,21.0,24.0,0.09183615471624539,190.4020448397184,1.184910532668245,2717.7647162303865
1986-01-22T12:45:00,extended_january,baseline,23.986141297486732,23.637821812969708,21.89187573454644,21.221082465501308,23.496722344583976,4.4,2.0,4.4,2.0,8.0,2.075,21.0,24.0,0.09234511836450815,190.4943899580829,1.098454015865382,2718.8631702462517
1986-01-22T13:00:00,extended_january,baseline,23.997899409600564,23.445678942406214,21.875414369795266,21.217903053215597,23.501116430334154,4.4,2.0,4.4,2.0,8.0,2.2,21.0,24.0,0.09386669551285931,190.58825665359578,0.9572022940562412,2719.8203725403077
1986-01-22T13:15:00,extended_january,baseline,23.998877501553554,23.418761285241207,22.08395733493364,21.424333506680664,23.719017705623035,8.8,4.0,8.8,4.0,16.0,2.35,21.0,24.0,0.09610512502310554,190.6843617786189,0.8284778867910206,2720.6488504270988
1986-01-22T13:30:00,extended_january,baseline,23.99893000529738,23.354439215707185,22.26711347453108,21.593926522251497,23.92642285992575,8.8,4.0,8.8,4.0,16.0,2.5,21.0,24.0,0.09754461932923181,190.78190639794812,0.7480957165323432,2721.396946143631
1986-01-22T13:45:00,extended_january,baseline,23.998913283506848,23.20995936554509,22.35081241835667,21.67067244812634,23.996607428926485,8.8,4.0,8.8,4.0,16.0,2.6499999999999995,21.0,24.0,0.09972307082600342,190.88162946877412,0.6667950199570393,2722.063741163588
1986-01-22T14:00:00,extended_january,baseline,23.998925635400077,23.05182846465444,22.385474367063978,21.7111014983826,23.999138481122884,8.8,4.0,8.8,4.0,16.0,2.8,21.0,24.0,0.10142695511628544,190.98305642389042,0.5925032965300725,2722.656244460118
1986-01-22T14:15:00,extended_january,baseline,24.053293390214364,22.9673890606854,22.45902810805663,21.813917936347924,23.999117076428522,11.0,5.0,11.0,5.0,20.0,2.8,21.0,24.0,0.1041103537208029,191.08716677761123,0.5083165715240677,2723.1645610316423
1986-01-22T14:30:00,extended_january,baseline,24.170733470882585,22.900011547384505,22.525207679437116,21.93675336149273,23.99904879701143,11.0,5.0,11.0,5.0,20.0,2.8,21.0,24.0,0.10484709753521927,191.19201387514644,0.48312396090949256,2723.6476849925516
1986-01-22T14:45:00,extended_january,baseline,24.2789718216627,22.812195542403728,22.551611838147615,22.05293023926873,23.999001619075734,11.0,5.0,11.0,5.0,20.0,2.8,21.0,24.0,0.105351051937631,191.29736492708406,0.4597450758753288,2724.1074300684268
1986-01-22T15:00:00,extended_january,baseline,24.342710951371767,22.716519144712823,22.553073902638918,22.17299373590805,23.998973725386353,11.0,5.0,11.0,5.0,20.0,2.8,21.0,24.0,0.10573016109699951,191.40309508818106,0.4395495939538829,2724.5469796623806
1986-01-22T15:15:00,extended_january,baseline,24.335418251834124,22.583278397151066,22.49719792226534,22.262567441814248,23.99905694772615,11.0,5.0,11.0,5.0,20.0,2.925,21.0,24.0,0.10486045645741231,191.50795554463846,0.45714158921581466,2725.0041212515966
1986-01-22T15:30:00,extended_january,baseline,24.31586583943839,22.47552343993146,22.455949483005725,22.378047499030732,23.9990297326593,11.0,5.0,11.0,5.0,20.0,3.05,21.0,24.0,0.10529098803866833,191.61324653267712,0.4183937099857428,2725.4225149615822
1986-01-22T15:45:00,extended_january,baseline,24.21276380967819,22.39381353911365,22.436416517361486,22.492084958978047,23.99899735058058,11.0,5.0,11.0,5.0,20.0,3.175,21.0,24.0,0.10566631714047679,191.7189128498176,0.3871160385467542,2725.809631000129
1986-01-22T16:00:00,extended_january,baseline,24.02934232794722,22.319837755028956,22.421047571153203,22.572717849967866,23.998971375415667,11.0,5.0,11.0,5.0,20.0,3.3,21.0,24.0,0.1056864446277987,191.8245992944454,0.36797824708999444,2726.1776092472187
1986-01-22T16:15:00,extended_january,baseline,24.00228262930986,22.129998746345954,22.261122952291057,22.492556383210424,23.999139499157096,11.0,5.0,11.0,5.0,20.0,2.6249999999999996,21.0,24.0,0.0983356706493566,191.92293496509475,0.6221612264370995,2726.799770473656
1986-01-22T16:30:00,extended_january,baseline,23.99936248763703,21.943960313201686,22.092057881225696,22.33573176342553,23.99910968301354,11.0,5.0,11.0,5.0,20.0,1.95,21.0,24.0,0.09592618618926334,192.01886115128403,0.9660078386253915,2727.7657783122813
1986-01-22T16:45:00,extended_january,baseline,23.99922584345407,21.801625349410042,21.969159196676927,22.18118831658584,23.99907559544825,11.0,5.0,11.0,5.0,20.0,1.275,21.0,24.0,0.09385166584945445,192.11271281713348,1.4206048889349578,2729.1863832012164
1986-01-22T17:00:00,extended_january,baseline,23.788270891766516,21.66705701394028,21.858614503200105,21.961490272750748,23.999065008610625,11.0,5.0,11.0,5.0,20.0,0.6,21.0,24.0,0.09283359535812662,192.2055464124916,1.4601713200089799,2730.6465545212254
1986-01-22T17:23:00,extended_january,baseline,23.36655250456177,21.50081761236538,21.72209892710653,21.711153914618798,23.999370096947906,11.0,5.0,11.0,5.0,20.0,-0.10000000000000009,21.0,24.0,0.09252270165497507,192.29806911414659,1.382818892220327,2732.0293734134457
1986-01-22T17:38:00,extended_january,baseline,23.009121452494625,21.37040926532768,21.60851753509241,21.53501127842339,23.999392721526387,11.0,5.0,11.0,5.0,20.0,-0.8,21.0,24.0,0.09222972646842034,192.390298840615,1.4247600248681827,2733.454133438314
1986-01-22T17:53:00,extended_january,baseline,22.70217233397498,21.249069937921853,21.501440621462834,21.375847670937503,23.99941622268589,11.0,5.0,11.0,5.0,20.0,-1.5000000000000002,21.0,24.0,0.09193969236576183,192.48223853298077,1.4994449101161782,2734.9535783484303
1986-01-22T18:00:00,extended_january,baseline,22.477947881991245,21.156555065065252,21.418766861874474,21.25678865352745,23.984849715731347,11.0,5.0,11.0,5.0,20.0,-2.2,21.0,24.0,0.09183615471624539,192.57407468769702,1.5585600125875343,2736.5121383610176
1986-01-22T18:20:00,extended_january,baseline,21.51326639775908,21.000826775476188,21.001371497877475,21.001896636265887,23.290248308294235,5.5,2.5,5.5,2.5,10.0,-2.475,21.0,24.0,0.09183615471624539,192.66591084241327,1.742947884781775,2738.2550862457992
1986-01-22T18:38:00,extended_january,baseline,21.134403609365698,21.00045783272961,21.00113689058925,21.001641977115636,23.013557897011992,5.5,2.5,5.5,2.5,10.0,-2.75,21.0,24.0,0.09183615471624539,192.75774699712952,1.9489819776277657,2740.204068223427
1986-01-22T18:53:00,extended_january,baseline,21.000944659638787,21.001575345746257,21.00272010963926,21.001278809788538,22.739038615541485,5.5,2.5,5.5,2.5,10.0,-3.0249999999999995,21.0,24.0,0.09183615471624539,192.84958315184576,2.097445557041801,2742.3015137804687
1986-01-22T19:00:00,extended_january,baseline,21.002744885262533,21.000123137139017,21.002516961025112,21.00058952350843,22.57673804637331,5.5,2.5,5.5,2.5,10.0,-3.3,21.0,24.0,0.09183615471624539,192.941419306562,2.2743982252937607,2744.5759120057623
1986-01-22T19:23:00,extended_january,baseline,21.002861415833042,21.001478355856456,21.00295777188708,21.002446319976,21.96680412468299,0.0,0.0,0.0,0.0,0.0,-3.4499999999999997,21.0,24.0,0.09183615471624539,193.03325546127826,2.7903487851953113,2747.3662607909578
1986-01-22T19:38:00,extended_january,baseline,21.0018781864661,20.999412799975055,21.001913737762564,21.001390538949906,21.50708182232815,0.0,0.0,0.0,0.0,0.0,-3.5999999999999996,21.0,24.0,0.09183615471624539,193.1250916159945,2.9857152372303903,2750.3519760281883
1986-01-22T19:53:00,extended_january,baseline,21.00250089036618,21.00063921333548,21.00247968277791,21.00041241611224,21.221708074281175,0.0,0.0,0.0,0.0,0.0,-3.75,21.0,24.0,0.09183615471624539,193.21692777071075,3.1144758457235957,2753.466451873912
1986-01-22T20:00:00,extended_january,baseline,21.002839978870902,21.000590952439424,21.00223193796336,20.99967684016836,21.05970905855788,0.0,0.0,0.0,0.0,0.0,-3.9,21.0,24.0,0.09183615471624539,193.308763925427,3.218581608799674,2756.6850334827113
1986-01-22T20:19:00,extended_january,baseline,19.67841938499226,19.825653878554533,19.58693666681267,19.857581480845983,20.822966329761357,0.0,0.0,0.0,0.0,0.0,-4.025,18.0,27.0,0.09183615471624539,193.40060008014325,0.0,2756.6850334827113
1986-01-22T20:35:00,extended_january,baseline,19.29750812857281,19.468923755414473,19.169657099117977,19.508797434149443,20.649707505591834,0.0,0.0,0.0,0.0,0.0,-4.15,18.0,27.0,0.09183615471624539,193.4924362348595,0.0,2756.6850334827113
1986-01-22T20:53:00,extended_january,baseline,19.040306940454993,19.24342480833848,18.917929263301605,19.28402365297533,20.485863796199038,0.0,0.0,0.0,0.0,0.0,-4.275,18.0,27.0,0.09183615471624539,193.58427238957574,0.0,2756.6850334827113
1986-01-22T21:00:00,extended_january,baseline,18.873623562437178,19.094493812052978,18.76138515990424,19.13413001228676,20.37467256638294,0.0,0.0,0.0,0.0,0.0,-4.4,18.0,27.0,0.09183615471624539,193.676108544292,0.0,2756.6850334827113
1986-01-22T21:23:00,extended_january,baseline,18.60969122569182,18.84323536647576,18.512691617285448,18.87938139507433,20.194091881750417,0.0,0.0,0.0,0.0,0.0,-4.7,18.0,27.0,0.09183615471624539,193.76794469900824,0.0,2756.6850334827113
1986-01-22T21:30:00,extended_january,baseline,18.465535940291733,18.70470650804798,18.378530524304335,18.73906326385742,20.09936533745777,0.0,0.0,0.0,0.0,0.0,-5.0,18.0,27.0,0.09183615471624539,193.8597808537245,0.0,2756.6850334827113
1986-01-22T21:45:00,extended_january,baseline,18.29857678465448,18.553106606896385,18.223349941491836,18.584253308038928,19.98859930900344,0.0,0.0,0.0,0.0,0.0,-5.299999999999999,18.0,27.0,0.09183615471624539,193.95161700844073,0.0,2756.6850334827113
1986-01-22T22:00:00,extended_january,baseline,18.154508723462836,18.40788096240535,18.089949407181816,18.436638826075257,19.891489455722795,0.0,0.0,0.0,0.0,0.0,-5.6,18.0,27.0,0.09183615471624539,194.04345316315698,0.0,2756.6850334827113
1986-01-22T22:15:00,extended_january,baseline,18.02107109836356,18.273735977924037,18.003589708598348,18.299583808964233,19.791944029182837,0.0,0.0,0.0,0.0,0.0,-5.449999999999999,18.0,27.0,0.09183615471624539,194.13528931787323,0.007715177715464004,2756.692748660427
1986-01-22T22:30:00,extended_january,baseline,18.00087406264618,18.14222446143474,17.999799776219326,18.170186948210162,19.691581262173003,0.0,0.0,0.0,0.0,0.0,-5.3,18.0,27.0,0.09183615471624539,194.22712547258948,0.0531703634148545,2756.7459190238415
1986-01-22T22:45:00,extended_january,baseline,18.00014893647108,18.02325002279704,17.999861863615443,18.048245365336054,19.595342407204964,0.0,0.0,0.0,0.0,0.0,-5.15,18.0,27.0,0.09183615471624539,194.31896162730573,0.0889136699527439,2756.8348326937944
1986-01-22T23:00:00,extended_january,baseline,17.999591718085902,18.001646328688253,17.999144719270593,18.004107273688035,19.505461090596178,0.0,0.0,0.0,0.0,0.0,-5.0,18.0,27.0,0.09183615471624539,194.41079778202197,0.1574393277173584,2756.992272021512
1986-01-22T23:15:00,extended_january,baseline,18.00041687003758,18.001376054494195,17.999574423321775,17.999955417780626,19.42827105276861,0.0,0.0,0.0,0.0,0.0,-5.275,18.0,27.0,0.09183615471624539,194.50263393673822,0.22871815340315949,2757.2209901749147
1986-01-22T23:30:00,extended_january,baseline,17.999794289293465,17.998634201475227,17.99916695334276,18.00063378350956,19.361915137936975,0.0,0.0,0.0,0.0,0.0,-5.55,18.0,27.0,0.09183615471624539,194.59447009145447,0.302193717836024,2757.5231838927507
1986-01-22T23:45:00,extended_january,baseline,17.999383042112054,17.99916098666601,17.99901028805911,18.001030251932914,19.30332825233222,0.0,0.0,0.0,0.0,0.0,-5.824999999999999,18.0,27.0,0.09183615471624539,194.68630624617072,0.3784462950368766,2757.9016301877878
1986-01-23T00:00:00,extended_january,baseline,18.00037717151765,18.000611330667112,17.999891284838732,17.999924222692968,19.250921582023892,0.0,0.0,0.0,0.0,0.0,-6.1,18.0,27.0,0.09183615471624539,194.77814240088696,0.4513249220212762,2758.352955109809
1986-01-23T00:15:00,extended_january,baseline,17.99983524444736,18.000809258579295,17.99903968543845,18.000258402773827,19.20120417440685,0.0,0.0,0.0,0.0,0.0,-5.975,18.0,27.0,0.09183615471624539,194.8699785556032,0.506935823168691,2758.8598909329776
1986-01-23T00:30:00,extended_january,baseline,18.000988636219837,17.999762933748098,17.99971185773512,18.001387461314554,19.15468246711801,0.0,0.0,0.0,0.0,0.0,-5.85,18.0,27.0,0.09183615471624539,194.96181471031946,0.5555827001702071,2759.415473633148
1986-01-23T00:45:00,extended_january,baseline,18.000253362316677,18.00105405999978,17.999673420906106,18.000066941348155,19.11225196822408,0.0,0.0,0.0,0.0,0.0,-5.725,18.0,27.0,0.09183615471624539,195.0536508650357,0.5938525448452109,2760.009326177993
1986-01-23T01:00:00,extended_january,baseline,17.99928829222911,18.000202547749556,18.000058885447253,17.99893441609143,19.07350841884444,0.0,0.0,0.0,0.0,0.0,-5.6,18.0,27.0,0.09183615471624539,195.14548701975195,0.6271227760175185,2760.6364489540106
1986-01-23T01:15:00,extended_january,baseline,18.000538594511447,18.00008337025375,18.000260432054002,17.99837538889538,19.03741836225168,0.0,0.0,0.0,0.0,0.0,-5.6,18.0,27.0,0.09183615471624539,195.2373231744682,0.6606299989274704,2761.297078952938
1986-01-23T01:30:00,extended_january,baseline,18.000157034854713,17.999738096846013,17.99997099516398,17.999431765232696,19.003767510202884,0.0,0.0,0.0,0.0,0.0,-5.6,18.0,27.0,0.09183615471624539,195.32915932918445,0.6866790888270993,2761.983758041765
1986-01-23T01:45:00,extended_january,baseline,17.999369705315242,18.000380468742627,18.000544326464908,18.000219631628855,18.972736910983013,0.0,0.0,0.0,0.0,0.0,-5.6,18.0,27.0,0.09183615471624539,195.4209954839007,0.7100845942354496,2762.6938426360007
1986-01-23T02:00:00,extended_january,baseline,18.000982389828756,18.00021254156874,17.999955497333982,18.001685555682922,18.944076819923986,0.0,0.0,0.0,0.0,0.0,-5.6,18.0,27.0,0.09183615471624539,195.51283163861694,0.7303016637588035,2763.4241442997595
1986-01-23T02:15:00,extended_january,baseline,18.00085551067052,18.000949063290907,17.999552676039734,18.000359424721292,18.914108915549907,0.0,0.0,0.0,0.0,0.0,-5.449999999999999,18.0,27.0,0.09183615471624539,195.6046677933332,0.7495188620056946,2764.173663161765
1986-01-23T02:30:00,extended_january,baseline,17.999919199269947,18.000974267355147,17.99911444239668,18.000739086721687,18.88359800727679,0.0,0.0,0.0,0.0,0.0,-5.3,18.0,27.0,0.09183615471624539,195.69650394804944,0.7670355221965207,2764.9406986839617
1986-01-23T02:45:00,extended_january,baseline,17.99975726420719,18.00124559390141,17.999260091305707,17.998748300807105,18.853980167851294,0.0,0.0,0.0,0.0,0.0,-5.15,18.0,27.0,0.09183615471624539,195.7883401027657,0.7822675516399005,2765.7229662356017
1986-01-23T03:00:00,extended_january,baseline,18.00090272341936,18.000257532525676,18.00049349429219,18.00055708685453,18.82578313580844,0.0,0.0,0.0,0.0,0.0,-5.0,18.0,27.0,0.09183615471624539,195.88017625748193,0.7981357061389298,2766.5211019417407
1986-01-23T03:15:00,extended_january,baseline,18.000549936521658,17.999860601402318,17.999864109497594,17.999404537398764,18.804421835307167,0.0,0.0,0.0,0.0,0.0,-5.425,18.0,27.0,0.09183615471624539,195.97201241219818,0.8184447335158462,2767.3395466752563
1986-01-23T03:30:00,extended_january,baseline,18.00082668894285,17.999774278443006,17.99964570988017,18.000066256226784,18.78847800972687,0.0,0.0,0.0,0.0,0.0,-5.85,18.0,27.0,0.09183615471624539,196.06384856691443,0.8436388155392806,2768.1831854907955
1986-01-23T03:45:00,extended_january,baseline,17.999301693330636,17.999641961377577,17.999968324842147,18.000259604475524,18.77548020095132,0.0,0.0,0.0,0.0,0.0,-6.275,18.0,27.0,0.09183615471624539,196.15568472163068,0.8648921665532248,2769.0480776573486
1986-01-23T04:00:00,extended_january,baseline,18.00106652130317,17.99934409491987,18.000213964666514,17.999575996600043,18.76435235959621,0.0,0.0,0.0,0.0,0.0,-6.7,18.0,27.0,0.09183615471624539,196.24752087634693,0.8893888963009332,2769.9374665536493
1986-01-23T04:15:00,extended_january,baseline,18.000568500594525,18.000905585146942,18.0005361760514,18.000525022917785,18.751618355949578,0.0,0.0,0.0,0.0,0.0,-6.825,18.0,27.0,0.09183615471624539,196.33935703106317,0.9054395306059759,2770.8429060842554
1986-01-23T04:30:00,extended_january,baseline,18.000533065030986,18.001477263743645,18.00110923038626,18.000478308871788,18.737823250140018,0.0,0.0,0.0,0.0,0.0,-6.95,18.0,27.0,0.09183615471624539,196.43119318577942,0.9218638974451306,2771.7647699817007
1986-01-23T04:45:00,extended_january,baseline,17.99895770148957,18.001112770172366,17.999555823308523,17.99949788866719,18.72412999000554,0.0,0.0,0.0,0.0,0.0,-7.075,18.0,27.0,0.09183615471624539,196.52302934049567,0.9346200008836392,2772.6993899825843
1986-01-23T05:00:00,extended_january,baseline,18.001015155519497,18.000509906660007,18.001084250466494,17.998262042753705,18.71092554958669,0.0,0.0,0.0,0.0,0.0,-7.2,18.0,27.0,0.09183615471624539,196.61486549521192,0.9550073309451378,2773.6543973135294
1986-01-23T05:15:00,extended_january,baseline,17.99964262596453,17.999506391057533,17.999725833303263,18.001043030390203,18.715711461837085,0.0,0.0,0.0,0.0,0.0,-7.4750000000000005,18.0,27.0,0.09183615471624539,196.70670164992816,0.9341098984815952,2774.588507212011
1986-01-23T05:30:00,extended_january,baseline,18.00067721208069,17.998940844437936,18.000967412691274,18.000391557839503,18.73459195460424,0.0,0.0,0.0,0.0,0.0,-7.75,18.0,27.0,0.09183615471624539,196.7985378046444,0.9219728777650593,2775.510480089776
1986-01-23T05:45:00,extended_january,baseline,18.000329025024296,17.999344558541434,18.00087142351056,17.999689996901584,18.760307800216495,0.0,0.0,0.0,0.0,0.0,-8.025,18.0,27.0,0.09183615471624539,196.89037395936066,0.9049949002007368,2776.4154749899767
1986-01-23T06:00:00,extended_january,baseline,18.000100475533255,17.998562676191124,18.00080565226279,18.00076769282529,18.790514804219356,0.0,0.0,0.0,0.0,0.0,-8.3,18.0,27.0,0.09183615471624539,196.9822101140769,0.8898942785291031,2777.3053692685057
1986-01-23T06:19:00,extended_january,baseline,19.738624281342148,19.921147266353174,19.69304270174136,19.928308751309448,20.05132196579299,0.0,0.0,0.0,0.0,0.0,-8.175,21.0,24.0,0.09183615471624539,197.07404626879315,7.317397009334117,2784.6227662778397
1986-01-23T06:34:00,extended_january,baseline,20.484170900852167,20.67658442910445,20.411992589321624,20.676493088553364,20.654809208036426,0.0,0.0,0.0,0.0,0.0,-8.05,21.0,24.0,0.09183615471624539,197.1658824235094,6.202815998179679,2790.8255822760193
1986-01-23T06:53:00,extended_january,baseline,20.83064903727285,20.994929854100608,20.75063221795271,20.99171776803659,20.937682624658212,0.0,0.0,0.0,0.0,0.0,-7.925,21.0,24.0,0.09183615471624539,197.25771857822565,6.174611462575641,2797.000193738595
1986-01-23T07:00:00,extended_january,baseline,20.986828550017577,21.00151907793904,20.904646001256705,21.001197883224673,20.999706716752154,0.0,0.0,0.0,0.0,0.0,-7.8,21.0,24.0,0.09183615471624539,197.3495547329419,6.021599664302877,2803.021793402898
1986-01-23T07:15:00,extended_january,baseline,20.998626501045486,20.99871361689609,20.99646665885236,21.00022461883275,21.00042606595515,0.0,0.0,0.0,0.0,0.0,-7.8,21.0,24.0,0.09183615471624539,197.44139088765814,5.749369825187008,2808.771163228085
1986-01-23T07:30:00,extended_january,baseline,21.000022882705846,21.002266140830116,21.000131055110984,21.003589923513726,21.001776670368283,0.0,0.0,0.0,0.0,0.0,-7.8,21.0,24.0,0.09183615471624539,197.5332270423744,5.616493695559635,2814.3876569236445
1986-01-23T07:45:00,extended_january,baseline,21.003484052549663,21.001763401860366,20.99885959973504,21.0019257662493,21.001479159237878,0.0,0.0,0.0,0.0,0.0,-7.8,21.0,24.0,0.09183615471624539,197.62506319709064,5.4369182755193135,2819.824575199164
1986-01-23T08:00:00,extended_january,baseline,20.999984687768432,21.002852511195506,21.002201508282287,20.999137482669838,21.000857311239724,0.0,0.0,0.0,0.0,0.0,-7.8,21.0,24.0,0.09183615471624539,197.7168993518069,5.2729398456004,2825.0975150447644
1986-01-23T08:23:00,extended_january,baseline,21.000616599798747,21.000032581734004,20.999220264039682,20.998380294951122,21.1983667100431,11.0,5.0,11.0,5.0,20.0,-6.824999999999999,21.0,24.0,0.09183615471624539,197.80873550652313,3.126125494162491,2828.2236405389267
1986-01-23T08:38:00,extended_january,baseline,21.000702081275634,21.021190266496344,20.999701115959947,20.99990655556103,21.44120537507691,11.0,5.0,11.0,5.0,20.0,-5.85,21.0,24.0,0.09183615471624539,197.90057166123938,2.896535065911053,2831.1201756048376
1986-01-23T08:53:00,extended_january,baseline,21.001494004206123,21.477162144174162,21.0006977865856,21.001878166973373,21.63618346065104,11.0,5.0,11.0,5.0,20.0,-4.875,21.0,24.0,0.09183615471624539,197.99240781595563,2.6480979829676294,2833.768273587805
1986-01-23T09:08:00,extended_january,baseline,21.001035510053793,21.95277998855759,21.00089120041167,21.00063768153364,21.805589246345868,11.0,5.0,11.0,5.0,20.0,-3.9,21.0,24.0,0.09183615471624539,198.08424397067188,2.417118641408067,2836.1853922292134
1986-01-23T09:20:00,extended_january,baseline,21.0000704399405,22.770961251511604,21.00047721650093,21.000072989733045,22.41577423818318,11.0,5.0,11.0,5.0,20.0,-3.3499999999999996,21.0,24.0,0.09183615471624539,198.17608012538813,1.989887415239101,2838.1752796444525
1986-01-23T09:35:00,extended_january,baseline,21.034209891125062,23.355589792460734,21.000365605358486,21.00155529457681,22.728693489945357,11.0,5.0,11.0,5.0,20.0,-2.8,21.0,24.0,0.09183615471624539,198.26791628010437,1.7810965942908215,2839.9563762387434
1986-01-23T09:53:00,extended_january,baseline,21.201969986206542,23.77161154779091,21.08987443911014,21.000255938169996,22.909897564001604,11.0,5.0,11.0,5.0,20.0,-2.25,21.0,24.0,0.09183615471624539,198.35975243482062,1.679241100388355,2841.635617339132
1986-01-23T10:08:00,extended_january,baseline,21.430618546594665,23.997230084389717,21.221106162212017,20.999571126933436,23.040390327289938,11.0,5.0,11.0,5.0,20.0,-1.7,21.0,24.0,0.09212720797798982,198.45187964279862,1.5739695086202805,2843.2095868477522
1986-01-23T10:23:00,extended_january,baseline,21.70018336868134,23.999155076903683,21.379206963350512,21.001506017579818,23.188478142149506,11.0,5.0,11.0,5.0,20.0,-1.275,21.0,24.0,0.09273590011004873,198.54461554290867,1.494063204828267,2844.7036500525805
1986-01-23T10:38:00,extended_january,baseline,21.98561004611266,23.999229679722564,21.53760495388411,21.017587336081107,23.30992981279466,11.0,5.0,11.0,5.0,20.0,-0.85,21.0,24.0,0.09318280437484736,198.6377983472835,1.427395655440077,2846.131045708021
1986-01-23T10:53:00,extended_january,baseline,22.26791752024404,23.999246944439765,21.683273133227367,21.096413700979554,23.425915233585922,11.0,5.0,11.0,5.0,20.0,-0.425,21.0,24.0,0.09340078547697231,198.73119913276048,1.3814216292999515,2847.5124673373207
1986-01-23T11:08:00,extended_january,baseline,22.55151113716683,23.99926216242723,21.819936459844495,21.188400522035774,23.531624517910593,11.0,5.0,11.0,5.0,20.0,0.0,21.0,24.0,0.09349360787323782,198.8246927406337,1.3357009941116926,2848.8481683314326
1986-01-23T11:15:00,extended_january,baseline,22.68778457673779,23.99898813701188,21.8462387573374,21.178259716133145,23.532362851263354,8.8,4.0,8.8,4.0,16.0,0.275,21.0,24.0,0.09325822932288884,198.9179509699566,1.329057159409313,2850.177225490842
1986-01-23T11:30:00,extended_january,baseline,22.90695579562347,23.998965771315504,21.90471256577326,21.214742547294613,23.564870387549938,8.8,4.0,8.8,4.0,16.0,0.55,21.0,24.0,0.09320773666514667,199.01115870662173,1.2900214471650238,2851.467246938007
1986-01-23T11:45:00,extended_january,baseline,23.194952601986827,23.9989904639851,22.003806660894327,21.298441054688755,23.643721723788975,8.8,4.0,8.8,4.0,16.0,0.8250000000000001,21.0,24.0,0.09315454902934128,199.10431325565108,1.258608536276513,2852.7258554742834
1986-01-23T12:08:00,extended_january,baseline,23.59649207427306,23.99932001105647,22.146803039072,21.419964126461327,23.76736675279306,8.8,4.0,8.8,4.0,16.0,1.1,21.0,24.0,0.09305257895218047,199.19736583460326,1.2239792353546972,2853.9498347096383
1986-01-23T12:15:00,extended_january,baseline,23.664259610582164,23.999171620594236,22.00744957280474,21.285796953255577,23.635354805260764,4.4,2.0,4.4,2.0,8.0,1.375,21.0,24.0,0.09225938871568105,199.28962522331895,1.2781551447661585,2855.2279898544043
1986-01-23T12:30:00,extended_january,baseline,23.84182885931485,23.99926524396078,21.906818271017233,21.20486232205745,23.525991109842877,4.4,2.0,4.4,2.0,8.0,1.6500000000000001,21.0,24.0,0.09195678428846771,199.38158200760742,1.2357796631851223,2856.4637695175893
1986-01-23T12:45:00,extended_january,baseline,23.988291555090147,23.918737195458245,21.881543070734846,21.197690575084952,23.48591669167041,4.4,2.0,4.4,2.0,8.0,1.9250000000000003,21.0,24.0,0.09243246128117875,199.4740144688886,1.1227627777687095,2857.586532295358
1986-01-23T13:00:00,extended_january,baseline,23.998102556804582,23.739202399959233,21.89289134704896,21.218955403506925,23.491035104738984,4.4,2.0,4.4,2.0,8.0,2.2,21.0,24.0,0.09364178528053249,199.56765625416915,0.9809746224255178,2858.5675069177837
1986-01-23T13:15:00,extended_january,baseline,23.998896085658835,23.695878752032886,22.12579983055058,21.44642931116256,23.715815664515226,8.8,4.0,8.8,4.0,16.0,2.35,21.0,24.0,0.0957448920651943,199.66340114623435,0.862367793464265,2859.429874711248
1986-01-23T13:30:00,extended_january,baseline,23.9989652220004,23.618811360296935,22.331965012423613,21.635062609474396,23.9355330370607,8.8,4.0,8.8,4.0,16.0,2.5,21.0,24.0,0.09691289356430433,199.76031403979866,0.7596408145810909,2860.189515525829
1986-01-23T13:45:00,extended_january,baseline,23.998987873834437,23.46582291450194,22.437871842299412,21.72864723219055,23.996743159910896,8.8,4.0,8.8,4.0,16.0,2.6499999999999995,21.0,24.0,0.09923655350873128,199.85955059330738,0.677008534528238,2860.8665240603573
1986-01-23T14:00:00,extended_january,baseline,23.999008205309227,23.300255732570207,22.494201241534682,21.785779573742552,23.999121408181374,8.8,4.0,8.8,4.0,16.0,2.8,21.0,24.0,0.10062583155206843,199.96017642485944,0.604711416654965,2861.471235477012
1986-01-23T14:15:00,extended_january,baseline,23.99910966807264,23.208567200776216,22.59011034685289,21.90644842829368,23.99910127374303,11.0,5.0,11.0,5.0,20.0,2.925,21.0,24.0,0.1034218660616054,200.06359829092105,0.5470903505986392,2862.018325827611
1986-01-23T14:30:00,extended_january,baseline,23.999136344876167,23.137503998730146,22.679897737355518,22.04557741789128,23.999051426690755,11.0,5.0,11.0,5.0,20.0,3.05,21.0,24.0,0.10509316611454707,200.1686914570356,0.47831921093870966,2862.49664503855
1986-01-23T14:45:00,extended_january,baseline,23.999112592789686,23.055651883364852,22.73679751785205,22.175831289102998,23.999015572308593,11.0,5.0,11.0,5.0,20.0,3.175,21.0,24.0,0.10606253783986296,200.27475399487548,0.42406353026746446,2862.9207085688176
1986-01-23T15:00:00,extended_january,baseline,23.999246399974464,22.960574356620786,22.760338062977777,22.290954595334195,23.998995209326786,11.0,5.0,11.0,5.0,20.0,3.3,21.0,24.0,0.10655000158932282,200.3813039964648,0.3788416026524791,2863.29955017147
1986-01-23T15:15:00,extended_january,baseline,23.99918974429623,22.8166591355578,22.710629714484565,22.354898664192802,23.999054418410687,11.0,5.0,11.0,5.0,20.0,3.4499999999999997,21.0,24.0,0.10446308968741763,200.4857670861522,0.32252373563822756,2863.622073907108
1986-01-23T15:30:00,extended_january,baseline,23.99914788901708,22.691632823609776,22.665243507190084,22.43054278260232,23.99901738918838,11.0,5.0,11.0,5.0,20.0,3.5999999999999996,21.0,24.0,0.10404152979127716,200.5898086159435,0.2751260590203379,2863.8971999661285
1986-01-23T15:45:00,extended_january,baseline,23.99895058199088,22.59270751965907,22.638712567411755,22.506089447771,23.998969173239956,11.0,5.0,11.0,5.0,20.0,3.75,21.0,24.0,0.1030895689816134,200.6928981849251,0.2341787183737905,2864.131378684502
1986-01-23T16:00:00,extended_january,baseline,23.99892615819242,22.502758055360218,22.615224436230047,22.55482421256227,23.998920249195823,11.0,5.0,11.0,5.0,20.0,3.9,21.0,24.0,0.10175469467880195,200.7946528796039,0.1939893022905003,2864.3253679867926
1986-01-23T16:15:00,extended_january,baseline,23.998976925865563,22.296485286741298,22.44536765737996,22.430062756231703,23.999085831192566,11.0,5.0,11.0,5.0,20.0,3.3499999999999996,21.0,24.0,0.09639896242579216,200.89105184202967,0.4495530012639111,2864.7749209880567
1986-01-23T16:30:00,extended_january,baseline,23.999172987408606,22.0977839902571,22.268407195005118,22.23920269872633,23.999046470686984,11.0,5.0,11.0,5.0,20.0,2.8,21.0,24.0,0.09405909400389337,200.98511093603355,0.8313971225926742,2865.606318110649
1986-01-23T16:45:00,extended_january,baseline,23.926656132389187,21.941096200298496,22.136625140044316,22.08619808733582,23.999033040420066,11.0,5.0,11.0,5.0,20.0,2.25,21.0,24.0,0.09315635778405766,201.07826729381762,1.2881651685430247,2866.894483279192
1986-01-23T17:08:00,extended_january,baseline,23.523027225024247,21.762623808290385,21.99194010991075,21.848220278521833,23.99933431792654,11.0,5.0,11.0,5.0,20.0,1.7,21.0,24.0,0.09292412625636287,201.17119142007397,1.4947968009782164,2868.3892800801705
1986-01-23T17:23:00,extended_january,baseline,23.164581486609627,21.62433439559686,21.875223674412894,21.674506757774306,23.99935953890953,11.0,5.0,11.0,5.0,20.0,0.9999999999999999,21.0,24.0,0.0926740053904453,201.26386542546442,1.7700465940938894,2870.1593266742643
1986-01-23T17:38:00,extended_january,baseline,22.874875973753348,21.4969141026741,21.76662260311003,21.525864646348797,23.99938292456779,11.0,5.0,11.0,5.0,20.0,0.29999999999999993,21.0,24.0,0.0924144439180024,201.3562798693824,1.5300684111103788,2871.6893950853746
1986-01-23T17:45:00,extended_january,baseline,22.665065765774674,21.402519376805756,21.684932299679026,21.416657229928326,23.99916225171758,11.0,5.0,11.0,5.0,20.0,-0.4000000000000001,21.0,24.0,0.0921648906417083,201.4484447600241,1.4495928326790848,2873.1389879180538
1986-01-23T18:00:00,extended_january,baseline,22.4149746438433,21.288924114129323,21.583842697934628,21.284942437264046,23.999189138885303,11.0,5.0,11.0,5.0,20.0,-1.1,21.0,24.0,0.09191415874255071,201.54035891876666,1.478296723113621,2874.6172846411673
1986-01-23T18:20:00,extended_january,baseline,21.474334412815974,21.000173470316003,21.001758353012956,21.000971835035305,23.315382793004524,5.5,2.5,5.5,2.5,10.0,-1.375,21.0,24.0,0.09183615471624539,201.6321950734829,1.597382011772848,2876.21466665294
1986-01-23T18:35:00,extended_january,baseline,21.011871509847897,21.00184049535639,21.000723633114365,21.00054443680916,22.96249505872881,5.5,2.5,5.5,2.5,10.0,-1.6500000000000001,21.0,24.0,0.09183615471624539,201.72403122819915,1.7826509491402434,2877.9973176020803
1986-01-23T18:53:00,extended_january,baseline,21.001138349119877,21.002072994129342,21.001723358693678,21.001526220091197,22.719870832988704,5.5,2.5,5.5,2.5,10.0,-1.9250000000000003,21.0,24.0,0.09183615471624539,201.8158673829154,1.982822067035435,2879.980139669116
1986-01-23T19:00:00,extended_january,baseline,21.002142700982645,21.000747034813834,21.003216819493996,21.00042910872137,22.57614624088651,5.5,2.5,5.5,2.5,10.0,-2.2,21.0,24.0,0.09183615471624539,201.90770353763165,2.1407788629118802,2882.1209185320276
1986-01-23T19:23:00,extended_january,baseline,21.001895052762546,21.003005022876586,21.002520106293915,20.99979832838153,21.95558975142683,0.0,0.0,0.0,0.0,0.0,-2.2,21.0,24.0,0.09183615471624539,201.9995396923479,2.610825824410546,2884.7317443564384
1986-01-23T19:38:00,extended_january,baseline,21.002038843291746,21.001961276957488,21.001699814747777,21.00032861198744,21.49584041216042,0.0,0.0,0.0,0.0,0.0,-2.2,21.0,24.0,0.09183615471624539,202.09137584706414,2.8039844949856896,2887.535728851424
1986-01-23T19:53:00,extended_january,baseline,21.001874364234812,21.000755769236232,21.00243836230012,21.00055240904674,21.223454917586327,0.0,0.0,0.0,0.0,0.0,-2.2,21.0,24.0,0.09183615471624539,202.1832120017804,2.902645225925163,2890.438374077349
1986-01-23T20:00:00,extended_january,baseline,21.000281844222567,21.000967012919247,21.00264433449733,21.002192270003572,21.075010801262778,0.0,0.0,0.0,0.0,0.0,-2.2,21.0,24.0,0.09183615471624539,202.27504815649664,2.976670369934881,2893.415044447284
1986-01-23T20:20:00,extended_january,baseline,19.778878563399875,19.929758710096596,19.711672914655747,19.953158810402606,20.864994869683976,0.0,0.0,0.0,0.0,0.0,-2.2,18.0,27.0,0.09183615471624539,202.36688431121289,0.0,2893.415044447284
1986-01-23T20:35:00,extended_january,baseline,19.4004517612739,19.593401727431427,19.301733366152895,19.622044597714417,20.68163386191628,0.0,0.0,0.0,0.0,0.0,-2.2,18.0,27.0,0.09183615471624539,202.45872046592913,0.0,2893.415044447284
1986-01-23T20:53:00,extended_january,baseline,19.14936359722478,19.371126251828752,19.053551479327833,19.40124450860299,20.52787239453479,0.0,0.0,0.0,0.0,0.0,-2.2,18.0,27.0,0.09183615471624539,202.55055662064538,0.0,2893.415044447284
1986-01-23T21:00:00,extended_january,baseline,19.014350370687403,19.243309781239812,18.927560089875488,19.272907225174038,20.424033399263944,0.0,0.0,0.0,0.0,0.0,-2.2,18.0,27.0,0.09183615471624539,202.64239277536163,0.0,2893.415044447284
1986-01-23T21:15:00,extended_january,baseline,18.825621856510185,19.064684408495875,18.74901719779437,19.093486284461118,20.28117699542008,0.0,0.0,0.0,0.0,0.0,-2.475,18.0,27.0,0.09183615471624539,202.73422893007788,0.0,2893.415044447284
1986-01-23T21:30:00,extended_january,baseline,18.645581383872102,18.902295509703592,18.577425579433502,18.92891812145919,20.16244029653974,0.0,0.0,0.0,0.0,0.0,-2.75,18.0,27.0,0.09183615471624539,202.82606508479412,0.0,2893.415044447284
1986-01-23T21:45:00,extended_january,baseline,18.489025066073147,18.74417898700933,18.428758563316666,18.76934018357996,20.05834000238688,0.0,0.0,0.0,0.0,0.0,-3.0249999999999995,18.0,27.0,0.09183615471624539,202.91790123951037,0.0,2893.415044447284
1986-01-23T22:00:00,extended_january,baseline,18.353366184187458,18.608534749954664,18.300714506667262,18.631506178480176,19.96371896052886,0.0,0.0,0.0,0.0,0.0,-3.3,18.0,27.0,0.09183615471624539,203.00973739422662,0.0,2893.415044447284
1986-01-23T22:15:00,extended_january,baseline,18.237828392763827,18.484507516007778,18.1919166272452,18.505874457569337,19.875811913245258,0.0,0.0,0.0,0.0,0.0,-3.175,18.0,27.0,0.09183615471624539,203.10157354894287,0.0,2893.415044447284
1986-01-23T22:30:00,extended_january,baseline,18.137812492063134,18.375362611842437,18.09769909543187,18.394540694578446,19.794485000025638,0.0,0.0,0.0,0.0,0.0,-3.05,18.0,27.0,0.09183615471624539,203.1934097036591,0.0,2893.415044447284
1986-01-23T22:45:00,extended_january,baseline,18.054994586430357,18.276511214967034,18.0144249513862,18.29355500495642,19.71984466297614,0.0,0.0,0.0,0.0,0.0,-2.925,18.0,27.0,0.09183615471624539,203.28524585837536,0.0,2893.415044447284
1986-01-23T23:00:00,extended_january,baseline,18.002129128583324,18.185571046189192,18.00032811763367,18.20064561089049,19.651543487815164,0.0,0.0,0.0,0.0,0.0,-2.8,18.0,27.0,0.09183615471624539,203.3770820130916,0.020160950320172767,2893.435205397604
1986-01-23T23:15:00,extended_january,baseline,17.999825348972944,18.09359629586762,17.9993975464352,18.106807792511674,19.580190211292468,0.0,0.0,0.0,0.0,0.0,-2.8,18.0,27.0,0.09183615471624539,203.46891816780786,0.05034827736953994,2893.4855536749737
1986-01-23T23:30:00,extended_january,baseline,17.999354747506352,18.00585292584848,18.000004499782257,18.01483500667065,19.507820755592007,0.0,0.0,0.0,0.0,0.0,-2.8,18.0,27.0,0.09183615471624539,203.5607543225241,0.07748314310051635,2893.563036818074
1986-01-23T23:45:00,extended_january,baseline,17.99995744885136,18.000395424106813,17.99997862492825,18.001208401466428,19.43825584197057,0.0,0.0,0.0,0.0,0.0,-2.8,18.0,27.0,0.09183615471624539,203.65259047724035,0.1333773051117054,2893.6964141231856
1986-01-24T00:00:00,extended_january,baseline,18.000804869933503,18.000082579756135,18.000393587593393,17.999062223840028,19.372845972837474,0.0,0.0,0.0,0.0,0.0,-2.8,18.0,27.0,0.09183615471624539,203.7444266319566,0.1817204476470739,2893.8781345708326
1986-01-24T00:15:00,extended_january,baseline,18.000602429980848,18.00119741853025,17.99929884291418,17.9993622797868,19.30882705384266,0.0,0.0,0.0,0.0,0.0,-2.8,18.0,27.0,0.09183615471624539,203.83626278667285,0.24005451923802984,2894.1181890900707
1986-01-24T00:30:00,extended_january,baseline,17.999906841560566,18.000752788212978,18.000389416133576,18.00042454339351,19.246704821584323,0.0,0.0,0.0,0.0,0.0,-2.8,18.0,27.0,0.09183615471624539,203.9280989413891,0.299623633812846,2894.4178127238833
1986-01-24T00:45:00,extended_january,baseline,18.000567912825545,18.00095036533453,17.999769838546644,18.000589076800086,19.187769603826993,0.0,0.0,0.0,0.0,0.0,-2.8,18.0,27.0,0.09183615471624539,204.01993509610534,0.35645240263294853,2894.774265126516
1986-01-24T01:00:00,extended_january,baseline,17.999230839393444,18.0012880987301,18.000839830868447,17.999729047206593,19.132394605517142,0.0,0.0,0.0,0.0,0.0,-2.8,18.0,27.0,0.09183615471624539,204.1117712508216,0.4119379508250732,2895.1862030773414
1986-01-24T01:15:00,extended_january,baseline,17.999444372179205,18.00052952672562,17.999446775174064,18.000501387628958,19.080723605977123,0.0,0.0,0.0,0.0,0.0,-2.6499999999999995,18.0,27.0,0.09183615471624539,204.20360740553784,0.4567651458087952,2895.64296822315
1986-01-24T01:30:00,extended_january,baseline,17.999975791251305,18.00097901097822,18.000620633616382,17.998522858707712,19.03236084845311,0.0,0.0,0.0,0.0,0.0,-2.5,18.0,27.0,0.09183615471624539,204.29544356025409,0.49759057285833214,2896.1405587960085
1986-01-24T01:45:00,extended_january,baseline,17.999730578136653,18.00097524605909,17.99933063029873,17.998847094970753,18.98670727737479,0.0,0.0,0.0,0.0,0.0,-2.35,18.0,27.0,0.09183615471624539,204.38727971497033,0.5309152788814829,2896.67147407489
1986-01-24T02:00:00,extended_january,baseline,18.000245873143392,17.99894973421612,17.999677288514146,17.999765906583846,18.94349983372052,0.0,0.0,0.0,0.0,0.0,-2.2,18.0,27.0,0.09183615471624539,204.47911586968658,0.5621494135676638,2897.2336234884574
1986-01-24T02:15:00,extended_january,baseline,17.999932542263068,17.999575810249045,18.00038100033208,18.00144845056064,18.906765109226967,0.0,0.0,0.0,0.0,0.0,-1.9250000000000003,18.0,27.0,0.09183615471624539,204.57095202440283,0.5758689143358059,2897.8094924027932
1986-01-24T02:30:00,extended_january,baseline,18.000186300552254,18.000974036563022,17.99927149549477,17.999707040490737,18.875378147440383,0.0,0.0,0.0,0.0,0.0,-1.6500000000000001,18.0,27.0,0.09183615471624539,204.66278817911908,0.5839352256332695,2898.3934276284267
1986-01-24T02:45:00,extended_january,baseline,17.99929422509827,18.000837245972583,17.99955679235975,17.999909722925445,18.84741537794199,0.0,0.0,0.0,0.0,0.0,-1.375,18.0,27.0,0.09183615471624539,204.75462433383532,0.5912387247264828,2898.984666353153
1986-01-24T03:00:00,extended_january,baseline,18.000031206518788,18.00104959989124,17.99938816616268,18.00060409654726,18.82201204677971,0.0,0.0,0.0,0.0,0.0,-1.1,18.0,27.0,0.09183615471624539,204.84646048855157,0.5939108453634426,2899.5785771985165
1986-01-24T03:15:00,extended_january,baseline,17.999818548772303,17.998747315048995,18.000073205320675,18.000693424623456,18.803383728403368,0.0,0.0,0.0,0.0,0.0,-1.1,18.0,27.0,0.09183615471624539,204.93829664326782,0.5973002457716123,2900.1758774442883
1986-01-24T03:30:00,extended_january,baseline,18.00050916123255,18.000754880922088,18.000320470972564,18.001016931853915,18.790149987504464,0.0,0.0,0.0,0.0,0.0,-1.1,18.0,27.0,0.09183615471624539,205.03013279798407,0.6005901022533848,2900.776467546542
1986-01-24T03:45:00,extended_january,baseline,18.000965741394804,18.00102728759911,17.99906798512402,17.999510689709147,18.78008271238185,0.0,0.0,0.0,0.0,0.0,-1.1,18.0,27.0,0.09183615471624539,205.1219689527003,0.6016425341598594,2901.378110080702
1986-01-24T04:00:00,extended_january,baseline,18.00013244805081,17.99982200549448,18.000211132086147,18.00012705428012,18.772318887840473,0.0,0.0,0.0,0.0,0.0,-1.1,18.0,27.0,0.09183615471624539,205.21380510741656,0.6023780916796447,2901.9804881723817
1986-01-24T04:15:00,extended_january,baseline,18.000276747348632,17.99889776005841,18.000693825509124,18.00033407261555,18.763242106294296,0.0,0.0,0.0,0.0,0.0,-1.1,18.0,27.0,0.09183615471624539,205.3056412621328,0.608309501075852,2902.5887976734575
1986-01-24T04:30:00,extended_january,baseline,18.00000435162232,17.998565459000602,18.00022297571244,18.000032332435715,18.753395114534328,0.0,0.0,0.0,0.0,0.0,-1.1,18.0,27.0,0.09183615471624539,205.39747741684906,0.612625277594281,2903.201422951052
1986-01-24T04:45:00,extended_january,baseline,18.000756593949767,18.00136698241458,17.9995282557967,17.999846577173503,18.743976408046535,0.0,0.0,0.0,0.0,0.0,-1.1,18.0,27.0,0.09183615471624539,205.4893135715653,0.6179214832619476,2903.8193444343137
1986-01-24T05:00:00,extended_january,baseline,17.999541446664104,18.000776758652666,18.000394200727662,17.999999046490103,18.7353850403266,0.0,0.0,0.0,0.0,0.0,-1.1,18.0,27.0,0.09183615471624539,205.58114972628155,0.6194530737983625,2904.438797508112
1986-01-24T05:15:00,extended_january,baseline,17.99969838302444,18.000161597486244,17.999440228073034,18.000256881090433,18.730712541505234,0.0,0.0,0.0,0.0,0.0,-1.1,18.0,27.0,0.09183615471624539,205.6729858809978,0.6179785067066135,2905.0567760148188
1986-01-24T05:30:00,extended_january,baseline,18.00010258282028,18.000602222665407,18.000051225251095,18.00075280620866,18.72907561151078,0.0,0.0,0.0,0.0,0.0,-1.1,18.0,27.0,0.09183615471624539,205.76482203571405,0.6165856654160013,2905.673361680235
1986-01-24T05:45:00,extended_january,baseline,18.00031375192854,17.99896999828318,17.999384792092926,17.998903828388887,18.729029270143975,0.0,0.0,0.0,0.0,0.0,-1.1,18.0,27.0,0.09183615471624539,205.8566581904303,0.6121935627009648,2906.285555242936
1986-01-24T06:00:00,extended_january,baseline,17.999310600380458,17.99881263476478,18.000626359862785,17.998537696654385,18.730097423911083,0.0,0.0,0.0,0.0,0.0,-1.1,18.0,27.0,0.09183615471624539,205.94849434514654,0.610993338555055,2906.896548581491
1986-01-24T06:19:00,extended_january,baseline,19.930068881827616,20.084766848022646,19.88884813015293,20.08950093250605,19.953052147421694,0.0,0.0,0.0,0.0,0.0,-1.1,21.0,24.0,0.09183615471624539,206.0403304998628,6.908593850424882,2913.805142431916
1986-01-24T06:33:00,extended_january,baseline,20.766402460285327,20.910872913292476,20.69998139217816,20.906848360757575,20.504013204256985,0.0,0.0,0.0,0.0,0.0,-1.1,21.0,24.0,0.09183615471624539,206.13216665457904,5.5242214890361225,2919.3293639209523
1986-01-24T06:53:00,extended_january,baseline,20.998476598990116,20.998788811942987,20.99564346670236,20.9984400142963,20.77824000794679,0.0,0.0,0.0,0.0,0.0,-1.1,21.0,24.0,0.09183615471624539,206.22400280929529,5.233511380072242,2924.5628753010246
1986-01-24T07:00:00,extended_january,baseline,21.002636575110635,20.998860795731993,21.00081889214501,21.002273400366313,20.93833667304257,0.0,0.0,0.0,0.0,0.0,-1.1,21.0,24.0,0.09183615471624539,206.31583896401153,5.045935910319834,2929.6088112113443
1986-01-24T07:15:00,extended_january,baseline,21.00106326150132,21.00136307220121,21.000425614177903,20.998791837952325,20.997197029764294,0.0,0.0,0.0,0.0,0.0,-0.9750000000000001,21.0,24.0,0.09183615471624539,206.40767511872778,4.848122130141363,2934.4569333414856
1986-01-24T07:30:00,extended_january,baseline,21.000936684200486,20.9988257355648,21.00166130720154,20.9995364673042,20.999697816590714,0.0,0.0,0.0,0.0,0.0,-0.8500000000000001,21.0,24.0,0.09183615471624539,206.49951127344403,4.655647478917306,2939.112580820403
1986-01-24T07:45:00,extended_january,baseline,21.001173017179035,21.001754339411168,21.0000920583507,20.997616521816894,20.99995875072922,0.0,0.0,0.0,0.0,0.0,-0.725,21.0,24.0,0.09183615471624539,206.59134742816028,4.518576846956335,2943.6311576673593
1986-01-24T08:00:00,extended_january,baseline,21.001145909440783,21.000716568870015,21.002464757527594,21.000777525635126,21.001146313483268,0.0,0.0,0.0,0.0,0.0,-0.6,21.0,24.0,0.09183615471624539,206.68318358287652,4.4021196405234075,2948.0332773078826
1986-01-24T08:23:00,extended_january,baseline,21.00022821909711,21.000919020570848,21.000783084778433,21.00136894334842,21.179503805821728,11.0,5.0,11.0,5.0,20.0,-0.44999999999999996,21.0,24.0,0.09183615471624539,206.77501973759277,2.4642564379470766,2950.4975337458295
1986-01-24T08:38:00,extended_january,baseline,21.000340157567713,20.999437412859805,21.001111676601177,20.999488994342656,21.3767007378004,11.0,5.0,11.0,5.0,20.0,-0.3,21.0,24.0,0.09183615471624539,206.86685589230902,2.421591971718637,2952.919125717548
1986-01-24T08:45:00,extended_january,baseline,20.999904547508354,20.99942931290908,21.00136263260108,21.000413575547316,21.498799245852503,11.0,5.0,11.0,5.0,20.0,-0.15,21.0,24.0,0.09183615471624539,206.95869204702527,2.298135596959474,2955.2172613145076
1986-01-24T09:00:00,extended_january,baseline,21.000287689989264,21.002212730245454,21.000677124392052,21.0024203192682,21.60875669237819,11.0,5.0,11.0,5.0,20.0,0.0,21.0,24.0,0.09183615471624539,207.0505282017415,2.18434810416343,2957.401609418671
1986-01-24T09:23:00,extended_january,baseline,21.00066691508891,21.000466549370657,21.000811250661933,21.001831939000702,22.16009061660045,11.0,5.0,11.0,5.0,20.0,0.15,21.0,24.0,0.09183615471624539,207.14236435645776,1.7561844914529638,2959.157793910124
1986-01-24T09:38:00,extended_january,baseline,21.0012872954686,21.001023066136355,21.00094285833315,21.001969529121737,22.50205363580531,11.0,5.0,11.0,5.0,20.0,0.3,21.0,24.0,0.09183615471624539,207.234200511174,1.5761972352506066,2960.7339911453746
1986-01-24T09:45:00,extended_january,baseline,21.0011528822453,21.000707972178606,21.05941064396224,21.001224194494927,22.680966023437342,11.0,5.0,11.0,5.0,20.0,0.44999999999999996,21.0,24.0,0.09183615471624539,207.32603666589026,1.4716214558662821,2962.205612601241
1986-01-24T10:00:00,extended_january,baseline,21.001182031261653,21.017393957486213,21.16933709929605,21.001073416706905,22.813637838784462,11.0,5.0,11.0,5.0,20.0,0.6,21.0,24.0,0.09183615471624539,207.4178728206065,1.394331657711205,2963.599944258952
1986-01-24T10:15:00,extended_january,baseline,21.053373793606696,21.10566344830832,21.309260689579204,21.002251317295368,22.927624144977376,11.0,5.0,11.0,5.0,20.0,0.875,21.0,24.0,0.09183615471624539,207.50970897532275,1.3377198123969611,2964.937664071349
1986-01-24T10:30:00,extended_january,baseline,21.14951051818197,21.232489116241872,21.454435627363242,21.010416154502828,23.036046475434663,11.0,5.0,11.0,5.0,20.0,1.15,21.0,24.0,0.09183615471624539,207.601545130039,1.2941133785330297,2966.231777449882
1986-01-24T10:45:00,extended_january,baseline,21.260869629129495,21.3583822894098,21.595046559954454,21.06846595494726,23.13393890659463,11.0,5.0,11.0,5.0,20.0,1.4249999999999998,21.0,24.0,0.09183615471624539,207.69338128475525,1.2609521817847695,2967.492729631667
1986-01-24T11:00:00,extended_january,baseline,21.375962378197173,21.478645125977035,21.731822725454606,21.156993534106416,23.220674000310126,11.0,5.0,11.0,5.0,20.0,1.7,21.0,24.0,0.09183615471624539,207.7852174394715,1.2311883188676451,2968.7239179505345
1986-01-24T11:15:00,extended_january,baseline,21.403253612687756,21.49810056687924,21.762219093972117,21.154823902347488,23.209458771224586,8.8,4.0,8.8,4.0,16.0,1.7,21.0,24.0,0.09183615471624539,207.87705359418774,1.2229164531352346,2969.94683440367
1986-01-24T11:30:00,extended_january,baseline,21.44152422191795,21.542959409513013,21.80751920770484,21.17815634476365,23.210490499133265,8.8,4.0,8.8,4.0,16.0,1.7,21.0,24.0,0.09183615471624539,207.968889748904,1.2197806019882087,2971.166615005658
1986-01-24T11:45:00,extended_january,baseline,21.514527539818303,21.61389176881343,21.8873198649517,21.238202155367716,23.25208142312822,8.8,4.0,8.8,4.0,16.0,1.7,21.0,24.0,0.09183615471624539,208.06072590362024,1.21717982731791,2972.383794832976
1986-01-24T12:00:00,extended_january,baseline,21.600502965328054,21.683494042247016,21.974990307410618,21.30578128649743,23.314553267325078,8.8,4.0,8.8,4.0,16.0,1.7,21.0,24.0,0.09183615471624539,208.15256205833649,1.2148088612133128,2973.5986036941895
1986-01-24T12:15:00,extended_january,baseline,21.43991990421166,21.514068541648193,21.811709582185088,21.140616974809745,23.145216876625202,4.4,2.0,4.4,2.0,8.0,1.9749999999999999,21.0,24.0,0.09183615471624539,208.24439821305273,1.182255308363979,2974.7808590025534
1986-01-24T12:30:00,extended_january,baseline,21.289253178108208,21.365478325022757,21.651338085908236,21.015439339085837,22.968223143377028,4.4,2.0,4.4,2.0,8.0,2.25,21.0,24.0,0.09183615471624539,208.33623436776898,1.0693448551877212,2975.8502038577412
1986-01-24T12:45:00,extended_january,baseline,21.22348271210618,21.290469628117258,21.57209080326623,21.002325949445147,22.862644615524413,4.4,2.0,4.4,2.0,8.0,2.5249999999999995,21.0,24.0,0.09183615471624539,208.42807052248523,0.9471993673878071,2976.797403225129
1986-01-24T13:00:00,extended_january,baseline,21.197491072647015,21.240100332901864,21.531223429539367,21.00148467795393,22.801040281961853,4.4,2.0,4.4,2.0,8.0,2.8,21.0,24.0,0.09183615471624539,208.51990667720148,0.8085196545639635,2977.605922879693
1986-01-24T13:15:00,extended_january,baseline,21.4040179061003,21.398962498052402,21.720843885976223,21.141237526015228,22.976254595580983,8.8,4.0,8.8,4.0,16.0,2.6499999999999995,21.0,24.0,0.09183615471624539,208.61174283191772,0.8441378840851945,2978.4500607637783
1986-01-24T13:30:00,extended_january,baseline,21.581997637841155,21.513786553157775,21.882001359602587,21.24476545124897,23.155860000119816,8.8,4.0,8.8,4.0,16.0,2.5,21.0,24.0,0.09183615471624539,208.70357898663397,0.946610503731277,2979.3966712675096
1986-01-24T13:45:00,extended_january,baseline,21.65935965218439,21.535521708369654,21.942901256918113,21.279653393640068,23.260555070509128,8.8,4.0,8.8,4.0,16.0,2.35,21.0,24.0,0.09183615471624539,208.79541514135022,1.0486221197875902,2980.445293387297
1986-01-24T14:00:00,extended_january,baseline,21.687857433484428,21.520639210979045,21.95454350448188,21.2870818031162,23.32500287948949,8.8,4.0,8.8,4.0,16.0,2.2,21.0,24.0,0.09183615471624539,208.88725129606647,1.144625320247598,2981.5899187075447
1986-01-24T14:15:00,extended_january,baseline,21.760246283385936,21.55810952903811,22.008319150048507,21.346567472881006,23.42066177313053,11.0,5.0,11.0,5.0,20.0,2.2,21.0,24.0,0.09183615471624539,208.9790874507827,1.1430116657694662,2982.732930373314
1986-01-24T14:30:00,extended_january,baseline,21.825307334045263,21.58729508848677,22.05353490148714,21.395632505821165,23.508091677711406,11.0,5.0,11.0,5.0,20.0,2.2,21.0,24.0,0.09183615471624539,209.07092360549896,1.133728020388423,2983.8666583937024
1986-01-24T14:45:00,extended_january,baseline,21.85720550945842,21.58609239889272,22.065802391786075,21.413002651813972,23.570459870389776,11.0,5.0,11.0,5.0,20.0,2.2,21.0,24.0,0.09183615471624539,209.1627597602152,1.126975922903228,2984.9936343166055
1986-01-24T15:00:00,extended_january,baseline,21.864855453290396,21.56614385203079,22.054290799524107,21.410791065273937,23.61436089605881,11.0,5.0,11.0,5.0,20.0,2.2,21.0,24.0,0.09183615471624539,209.25459591493146,1.121614642963756,2986.1152489595693
1986-01-24T15:15:00,extended_january,baseline,21.795354168119346,21.48178544529416,21.966741638463574,21.3432804302812,23.584185087424547,11.0,5.0,11.0,5.0,20.0,2.2,21.0,24.0,0.09183615471624539,209.3464320696477,1.118559523851709,2987.233808483421
1986-01-24T15:30:00,extended_january,baseline,21.726040436661325,21.40281370099395,21.879267046470524,21.279896914403924,23.551287430629152,11.0,5.0,11.0,5.0,20.0,2.2,21.0,24.0,0.09183615471624539,209.43826822436395,1.1152072928993104,2988.3490157763204
1986-01-24T15:45:00,extended_january,baseline,21.675383986750905,21.340754169467328,21.811013483953413,21.231542868986374,23.536344748347034,11.0,5.0,11.0,5.0,20.0,2.2,21.0,24.0,0.09183615471624539,209.5301043790802,1.1123633394170944,2989.4613791157376
1986-01-24T16:00:00,extended_january,baseline,21.628506949387212,21.280449030460634,21.747378573772448,21.182922470649217,23.52888831275681,11.0,5.0,11.0,5.0,20.0,2.2,21.0,24.0,0.09183615471624539,209.62194053379645,1.1101549692272228,2990.5715340849647
1986-01-24T16:15:00,extended_january,baseline,21.44010661132603,21.095086224170032,21.542026104508658,21.020852408408512,23.381162940646004,11.0,5.0,11.0,5.0,20.0,2.35,21.0,24.0,0.09183615471624539,209.7137766885127,1.0510225418015504,2991.6225566267663
1986-01-24T16:30:00,extended_january,baseline,21.24417837146188,21.00912152078659,21.341538182407902,21.003662901044713,23.229344010219368,11.0,5.0,11.0,5.0,20.0,2.5,21.0,24.0,0.09183615471624539,209.80561284322894,1.159296993498982,2992.7818536202653
1986-01-24T16:45:00,extended_january,baseline,21.120059881466528,21.00113123076403,21.19816306963349,21.001539249053863,23.118752946844825,11.0,5.0,11.0,5.0,20.0,2.6499999999999995,21.0,24.0,0.09183615471624539,209.8974489979452,1.1247881075811779,2993.9066417278464
1986-01-24T17:00:00,extended_january,baseline,21.007315336613686,21.002806320436637,21.076014904596672,21.00019114797409,23.03127321842129,11.0,5.0,11.0,5.0,20.0,2.8,21.0,24.0,0.09183615471624539,209.98928515266144,1.1919145275038963,2995.09855625535
1986-01-24T17:15:00,extended_january,baseline,21.00185364047548,21.002509360821247,21.005916645667323,20.999255327284544,22.993047491117053,11.0,5.0,11.0,5.0,20.0,2.8,21.0,24.0,0.09183615471624539,210.08112130737769,1.3168896197552071,2996.4154458751054
1986-01-24T17:30:00,extended_january,baseline,21.002136775537128,20.99971849391344,21.00150493661879,21.00226383284141,22.992203927897144,11.0,5.0,11.0,5.0,20.0,2.8,21.0,24.0,0.09183615471624539,210.17295746209393,1.3071227465056838,2997.722568621611
1986-01-24T17:45:00,extended_january,baseline,21.00210321334929,21.00012149870515,21.000496821121004,21.002842013018217,23.01019528865224,11.0,5.0,11.0,5.0,20.0,2.8,21.0,24.0,0.09183615471624539,210.26479361681018,1.2719479017349946,2998.994516523346
1986-01-24T18:00:00,extended_january,baseline,21.000693515180775,21.000970504881526,21.001236671804698,21.002620752741517,23.038017574577076,11.0,5.0,11.0,5.0,20.0,2.8,21.0,24.0,0.09183615471624539,210.35662977152643,1.235965042070697,3000.230481565417
1986-01-24T18:23:00,extended_january,baseline,21.00208946723102,21.001474133221564,21.00167482409647,21.000159255713434,22.438892131742612,5.5,2.5,5.5,2.5,10.0,1.9499999999999997,21.0,24.0,0.09183615471624539,210.44846592624268,1.8228310060989121,3002.053312571516
1986-01-24T18:38:00,extended_january,baseline,21.000285350457805,21.001440494495874,21.00026722386454,21.001173382710874,22.043736352778883,5.5,2.5,5.5,2.5,10.0,1.0999999999999999,21.0,24.0,0.09183615471624539,210.54030208095892,2.048587906040986,3004.101900477557
1986-01-24T18:45:00,extended_january,baseline,21.002642908464885,21.000292420069844,21.001138644610826,20.99969461139392,21.868288933678514,5.5,2.5,5.5,2.5,10.0,0.25,21.0,24.0,0.09183615471624539,210.63213823567517,2.221681022588715,3006.323581500146
1986-01-24T19:00:00,extended_january,baseline,21.00076747534372,21.002302981755893,21.000448995745803,21.001526624138318,21.73944870378653,5.5,2.5,5.5,2.5,10.0,-0.6,21.0,24.0,0.09183615471624539,210.72397439039142,2.3835873844770044,3008.7071688846227
1986-01-24T19:23:00,extended_january,baseline,21.00220602040755,21.00158541180961,21.001278194575832,20.999815748476905,21.173877447109817,0.0,0.0,0.0,0.0,0.0,-0.29999999999999993,21.0,24.0,0.09183615471624539,210.81581054510767,2.8406215947490816,3011.5477904793715
1986-01-24T19:30:00,extended_january,baseline,21.001848680534536,21.001816231710794,21.0015094214301,21.000785334480053,21.007496721012625,0.0,0.0,0.0,0.0,0.0,0.0,21.0,24.0,0.09183615471624539,210.9076466998239,2.9945888786918093,3014.5423793580635
1986-01-24T19:45:00,extended_january,baseline,21.001012806996307,21.000225972484316,21.000205193936218,20.998453542021636,21.00078379004796,0.0,0.0,0.0,0.0,0.0,0.29999999999999993,21.0,24.0,0.09183615471624539,210.99948285454016,3.138715048608081,3017.6810944066715
1986-01-24T20:00:00,extended_january,baseline,21.000817485597622,21.00039082158446,21.001309959629353,21.00049185686681,21.00139562261465,0.0,0.0,0.0,0.0,0.0,0.6,21.0,24.0,0.09183615471624539,211.0913190092564,3.1608080427249696,3020.8419024493965
1986-01-24T20:19:00,extended_january,baseline,19.481403275542927,19.698909360130763,19.512327427729666,19.705924185933164,20.473844284230207,0.0,0.0,0.0,0.0,0.0,0.875,18.0,27.0,0.09183615471624539,211.18315516397266,0.0,3020.8419024493965
1986-01-24T20:35:00,extended_january,baseline,19.122272069730432,19.386226001751815,19.153970697158034,19.396768917013127,20.25137622677406,0.0,0.0,0.0,0.0,0.0,1.15,18.0,27.0,0.09183615471624539,211.2749913186889,0.0,3020.8419024493965
1986-01-24T20:53:00,extended_january,baseline,18.928704307660176,19.208721635913566,18.958936960041815,19.221067335303378,20.131178106205645,0.0,0.0,0.0,0.0,0.0,1.4249999999999998,18.0,27.0,0.09183615471624539,211.36682747340515,0.0,3020.8419024493965
1986-01-24T21:00:00,extended_january,baseline,18.826172231062188,19.106064292282852,18.854564343619952,19.119232886988136,20.05429552574409,0.0,0.0,0.0,0.0,0.0,1.7,18.0,27.0,0.09183615471624539,211.4586636281214,0.0,3020.8419024493965
1986-01-24T21:15:00,extended_january,baseline,18.66057999985478,18.94032526542724,18.68723835425631,18.95415344924034,19.91409453572488,0.0,0.0,0.0,0.0,0.0,1.7,18.0,27.0,0.09183615471624539,211.55049978283765,0.0,3020.8419024493965
1986-01-24T21:30:00,extended_january,baseline,18.487010398289833,18.765680265925486,18.512501176956697,18.779581521460997,19.76099099918417,0.0,0.0,0.0,0.0,0.0,1.7,18.0,27.0,0.09183615471624539,211.6423359375539,0.0,3020.8419024493965
1986-01-24T21:45:00,extended_january,baseline,18.329085622727483,18.605893881261363,18.353431075046387,18.619618473906982,19.616484638908013,0.0,0.0,0.0,0.0,0.0,1.7,18.0,27.0,0.09183615471624539,211.73417209227014,0.0,3020.8419024493965
1986-01-24T22:00:00,extended_january,baseline,18.189868870254177,18.46355578881583,18.21310435229293,18.47704118056519,19.485484105914722,0.0,0.0,0.0,0.0,0.0,1.7,18.0,27.0,0.09183615471624539,211.8260082469864,0.0,3020.8419024493965
1986-01-24T22:15:00,extended_january,baseline,18.083785765377144,18.350928105168098,18.105956383940082,18.363954197531665,19.3890017383479,0.0,0.0,0.0,0.0,0.0,1.7,18.0,27.0,0.09183615471624539,211.91784440170264,0.0,3020.8419024493965
1986-01-24T22:30:00,extended_january,baseline,18.00330252201651,18.257760382084353,18.0213777285279,18.270054054836866,19.31779332897323,0.0,0.0,0.0,0.0,0.0,1.7,18.0,27.0,0.09183615471624539,212.00968055641889,0.0005924433868939896,3020.842494892783
1986-01-24T22:45:00,extended_january,baseline,17.999910106891495,18.175157709685962,18.00070627057124,18.18656010605521,19.258622159262394,0.0,0.0,0.0,0.0,0.0,1.7,18.0,27.0,0.09183615471624539,212.10151671113513,0.012237227487195483,3020.8547321202705
1986-01-24T23:00:00,extended_january,baseline,18.000388950994473,18.100908982835318,17.999286508066493,18.111353970738243,19.206365855250866,0.0,0.0,0.0,0.0,0.0,1.7,18.0,27.0,0.09183615471624539,212.19335286585138,0.0390125798081305,3020.8937447000785
1986-01-24T23:15:00,extended_january,baseline,18.000387322392868,18.04249742554872,18.000044582296024,18.054830089027174,19.168739721639383,0.0,0.0,0.0,0.0,0.0,1.825,18.0,27.0,0.09183615471624539,212.28518902056763,0.05457149151581456,3020.948316191594
1986-01-24T23:30:00,extended_january,baseline,17.999890385073925,18.00251249410896,17.999716399425758,18.008379207124648,19.139803736690286,0.0,0.0,0.0,0.0,0.0,1.9500000000000002,18.0,27.0,0.09183615471624539,212.37702517528388,0.06593859123406269,3021.014254782828
1986-01-24T23:45:00,extended_january,baseline,17.99935061460558,18.0013916322395,17.999401830638767,17.999410446869756,19.11647458805462,0.0,0.0,0.0,0.0,0.0,2.075,18.0,27.0,0.09183615471624539,212.46886133000012,0.08501051123177274,3021.09926529406
1986-01-25T00:00:00,extended_january,baseline,17.999133378880476,18.000563768971077,17.9998722163228,18.00134206128294,19.098312372247722,0.0,0.0,0.0,0.0,0.0,2.2,18.0,27.0,0.09183615471624539,212.56069748471637,0.09758185010050623,3021.1968471441605
1986-01-25T00:15:00,extended_january,baseline,18.000082959154827,17.998805053349574,18.00003472768766,17.999749780005274,19.07645327523496,0.0,0.0,0.0,0.0,0.0,2.2,18.0,27.0,0.09183615471624539,212.65253363943262,0.1189066909186555,3021.3157538350792
1986-01-25T00:30:00,extended_january,baseline,17.99993969416155,17.999728550658006,18.000030863123303,17.999145833560906,19.052940836772226,0.0,0.0,0.0,0.0,0.0,2.2,18.0,27.0,0.09183615471624539,212.74436979414887,0.14121505588002076,3021.456968890959
1986-01-25T00:45:00,extended_january,baseline,18.000185176594595,18.000882593463068,17.99953321710281,18.00065993187039,19.03094058410866,0.0,0.0,0.0,0.0,0.0,2.2,18.0,27.0,0.09183615471624539,212.8362059488651,0.16159812270247675,3021.6185670136615
1986-01-25T01:00:00,extended_january,baseline,17.99931988378664,17.999729749086335,17.9998747608454,18.001222695987227,19.01139904228508,0.0,0.0,0.0,0.0,0.0,2.2,18.0,27.0,0.09183615471624539,212.92804210358136,0.18061450412269572,3021.7991815177843
1986-01-25T01:15:00,extended_january,baseline,17.999708241505324,18.000714585567344,17.99917178421388,18.000831050557398,18.99844388633409,0.0,0.0,0.0,0.0,0.0,2.35,18.0,27.0,0.09183615471624539,213.0198782582976,0.18853693583441178,3021.9877184536185
1986-01-25T01:30:00,extended_january,baseline,18.00040546602236,17.999700973263284,18.000492544986052,17.999953208114,18.990672976017635,0.0,0.0,0.0,0.0,0.0,2.5,18.0,27.0,0.09183615471624539,213.11171441301386,0.1939008338931748,3022.1816192875117
1986-01-25T01:45:00,extended_january,baseline,18.000011164379536,17.999908510985158,18.000660436536258,18.000192627244985,18.98599837146165,0.0,0.0,0.0,0.0,0.0,2.6499999999999995,18.0,27.0,0.09183615471624539,213.2035505677301,0.19715487833081427,3022.3787741658425
1986-01-25T02:00:00,extended_january,baseline,17.999718854173786,17.99896824574729,18.000370488325082,18.00054766397763,18.983498998958638,0.0,0.0,0.0,0.0,0.0,2.8,18.0,27.0,0.09183615471624539,213.29538672244635,0.1976776025564212,3022.576451768399
1986-01-25T02:15:00,extended_january,baseline,17.999155956533265,17.998634702313172,17.999780279407236,18.00065639315703,18.964770500083663,0.0,0.0,0.0,0.0,0.0,2.6499999999999995,18.0,27.0,0.09183615471624539,213.3872228771626,0.23127433184855734,3022.8077261002472
1986-01-25T02:30:00,extended_january,baseline,17.999435506896443,17.998622561960538,18.000159122735045,18.000368750195097,18.93407273481683,0.0,0.0,0.0,0.0,0.0,2.5,18.0,27.0,0.09183615471624539,213.47905903187885,0.2666299043233209,3023.0743560045707
1986-01-25T02:45:00,extended_january,baseline,17.999799977862626,18.000006131547106,18.000691713312925,17.999667132597587,18.899062035675676,0.0,0.0,0.0,0.0,0.0,2.35,18.0,27.0,0.09183615471624539,213.5708951865951,0.3029053857814363,3023.377261390352
1986-01-25T03:00:00,extended_january,baseline,17.99955322393908,17.998683144539523,18.000620441737492,17.998528805926693,18.86295167742382,0.0,0.0,0.0,0.0,0.0,2.2,18.0,27.0,0.09183615471624539,213.66273134131134,0.3392711040301832,3023.716532494382
1986-01-25T03:15:00,extended_january,baseline,18.000449871776937,17.9995904314906,18.00003274651376,17.99966321226243,18.837159923663787,0.0,0.0,0.0,0.0,0.0,2.075,18.0,27.0,0.09183615471624539,213.7545674960276,0.3582188872294258,3024.0747513816113
1986-01-25T03:30:00,extended_january,baseline,18.00049257133887,17.999174545110463,18.000858379225186,17.998971366019923,18.818911215816797,0.0,0.0,0.0,0.0,0.0,1.9500000000000002,18.0,27.0,0.09183615471624539,213.84640365074384,0.3747639495235765,3024.449515331135
1986-01-25T03:45:00,extended_january,baseline,17.99936956607651,18.000493591668736,18.000845465696123,17.999834195364024,18.803534426794954,0.0,0.0,0.0,0.0,0.0,1.825,18.0,27.0,0.09183615471624539,213.93823980546009,0.3916725970278219,3024.841187928163
1986-01-25T04:00:00,extended_january,baseline,17.99977892964856,18.000148172547288,18.00002908350931,17.999041715654545,18.789213409120713,0.0,0.0,0.0,0.0,0.0,1.7,18.0,27.0,0.09183615471624539,214.03007596017633,0.4082320687913675,3025.249419996954
1986-01-25T04:15:00,extended_january,baseline,17.999375494102146,18.000747185059147,18.000340940237738,17.99921239591434,18.76614054474321,0.0,0.0,0.0,0.0,0.0,1.4249999999999998,18.0,27.0,0.09183615471624539,214.12191211489258,0.4464819017222988,3025.6959018986763
1986-01-25T04:30:00,extended_january,baseline,18.0002854545189,17.998576108293943,18.000553568459498,17.999595537966037,18.736411877273177,0.0,0.0,0.0,0.0,0.0,1.15,18.0,27.0,0.09183615471624539,214.21374826960883,0.48576290847868037,3026.181664807155
1986-01-25T04:45:00,extended_january,baseline,17.999740955786844,17.99952126924598,17.99943381146114,17.999009869505816,18.703873160872426,0.0,0.0,0.0,0.0,0.0,0.875,18.0,27.0,0.09183615471624539,214.30558442432508,0.5254232811030634,3026.707088088258
1986-01-25T05:00:00,extended_january,baseline,17.999944348995,17.999113325884096,17.999503508241567,17.999819114052404,18.670004590470647,0.0,0.0,0.0,0.0,0.0,0.6,18.0,27.0,0.09183615471624539,214.39742057904132,0.566341790400364,3027.273429878658
1986-01-25T05:15:00,extended_january,baseline,18.000862613243946,18.00071966228842,17.999195749397412,17.99955938576806,18.65055966745015,0.0,0.0,0.0,0.0,0.0,0.17499999999999993,18.0,27.0,0.09183615471624539,214.48925673375757,0.5801711602516251,3027.85360103891
1986-01-25T05:30:00,extended_january,baseline,18.000536677356546,18.001128239280227,17.999752075342247,18.00105697383836,18.642142014322875,0.0,0.0,0.0,0.0,0.0,-0.25000000000000006,18.0,27.0,0.09183615471624539,214.58109288847382,0.5973478357467561,3028.4509488746567
1986-01-25T05:45:00,extended_january,baseline,17.999319463753352,18.000293596964088,17.999598041561566,18.001064884642748,18.638415989822295,0.0,0.0,0.0,0.0,0.0,-0.675,18.0,27.0,0.09183615471624539,214.67292904319007,0.6132631934384678,3029.064212068095
1986-01-25T06:00:00,extended_january,baseline,18.000938679425392,17.999028449992466,18.000275596373967,17.999761877721404,18.63684622281697,0.0,0.0,0.0,0.0,0.0,-1.1,18.0,27.0,0.09183615471624539,214.7647651979063,0.6292066249019365,3029.693418692997
1986-01-25T06:19:00,extended_january,baseline,19.896399395885688,20.063975551074957,19.855852367958867,20.06902272315928,19.858380061962627,0.0,0.0,0.0,0.0,0.0,-1.1,21.0,24.0,0.09183615471624539,214.85660135262256,6.8987518868674815,3036.5921705798646
1986-01-25T06:33:00,extended_january,baseline,20.717198164338498,20.88055784111116,20.65214492542291,20.87691413928432,20.39872056962834,0.0,0.0,0.0,0.0,0.0,-1.1,21.0,24.0,0.09183615471624539,214.9484375073388,5.518024414208471,3042.110194994073
1986-01-25T06:50:00,extended_january,baseline,21.002162267129542,21.000039045226135,21.00173202149185,21.00321332786613,20.706746390583206,0.0,0.0,0.0,0.0,0.0,-1.1,21.0,24.0,0.09183615471624539,215.04027366205506,5.31117803975178,3047.4213730338247
1986-01-25T07:00:00,extended_january,baseline,21.004121354917412,21.00266745963045,20.999986713095804,21.00397436352822,20.864440448217515,0.0,0.0,0.0,0.0,0.0,-1.1,21.0,24.0,0.09183615471624539,215.1321098167713,5.024918211587212,3052.446291245412
1986-01-25T07:15:00,extended_january,baseline,21.002737769974164,21.00155877162184,21.003436969833658,21.001892474076833,20.997768517202818,0.0,0.0,0.0,0.0,0.0,-1.1,21.0,24.0,0.09183615471624539,215.22394597148755,4.921849473075171,3057.368140718487
1986-01-25T07:30:00,extended_january,baseline,21.002302693639727,21.001060101449468,20.99991665804647,20.998825048853828,21.00034256114575,0.0,0.0,0.0,0.0,0.0,-1.1,21.0,24.0,0.09183615471624539,215.3157821262038,4.671443574175465,3062.0395842926628
1986-01-25T07:45:00,extended_january,baseline,21.001588416999915,20.999507154039307,21.000693735615787,21.00033449238033,21.00199108423548,0.0,0.0,0.0,0.0,0.0,-1.1,21.0,24.0,0.09183615471624539,215.40761828092005,4.596645877676149,3066.636230170339
1986-01-25T08:00:00,extended_january,baseline,21.000419398367427,20.999844392702236,21.000616498458054,20.999477473422164,21.001607132409163,0.0,0.0,0.0,0.0,0.0,-1.1,21.0,24.0,0.09183615471624539,215.4994544356363,4.4841981293869475,3071.120428299726
1986-01-25T08:23:00,extended_january,baseline,21.000119098630716,20.999480879757073,21.000000528030036,21.001025527284284,21.139167895216886,11.0,5.0,11.0,5.0,20.0,-1.1,21.0,24.0,0.09183615471624539,215.59129059035254,2.54390543362966,3073.6643337333558
1986-01-25T08:30:00,extended_january,baseline,21.00011296166433,21.00116669259722,21.001620150068486,20.99884873408375,21.26597300995425,11.0,5.0,11.0,5.0,20.0,-1.1,21.0,24.0,0.09183615471624539,215.6831267450688,2.542552029566963,3076.206885762923
1986-01-25T08:45:00,extended_january,baseline,21.000721298032207,21.00286506020445,20.999930157287075,21.00095990587097,21.399170018036827,11.0,5.0,11.0,5.0,20.0,-1.1,21.0,24.0,0.09183615471624539,215.77496289978504,2.411584424374296,3078.618470187297
1986-01-25T09:00:00,extended_january,baseline,21.001489741758753,21.002720878453555,21.001076803068326,21.00113011812226,21.49924593460885,11.0,5.0,11.0,5.0,20.0,-1.1,21.0,24.0,0.09183615471624539,215.86679905450129,2.280552016971783,3080.899022204269
1986-01-25T09:23:00,extended_january,baseline,21.001109884851896,21.069820463637402,21.000228590742477,21.002110908368326,22.04077678191392,11.0,5.0,11.0,5.0,20.0,-1.1,21.0,24.0,0.09183615471624539,215.95863520921753,1.8532827525862436,3082.7523049568554
1986-01-25T09:38:00,extended_january,baseline,21.001019917690172,21.430582521832708,21.000865679007273,21.001946897374825,22.373686737731923,11.0,5.0,11.0,5.0,20.0,-1.1,21.0,24.0,0.09183615471624539,216.05047136393378,1.6852338309716677,3084.437538787827
1986-01-25T09:45:00,extended_january,baseline,21.001153956423607,21.5764438765538,21.016631768281382,21.000473448532908,22.549155520263973,11.0,5.0,11.0,5.0,20.0,-1.1,21.0,24.0,0.09183615471624539,216.14230751865003,1.6057040507995821,3086.0432428386266
1986-01-25T10:00:00,extended_january,baseline,21.001247573874842,21.679651261975046,21.077183017243822,21.001414281352382,22.678961830211676,11.0,5.0,11.0,5.0,20.0,-1.1,21.0,24.0,0.09183615471624539,216.23414367336628,1.5592113546488986,3087.6024541932757
1986-01-25T10:15:00,extended_january,baseline,21.013178002463402,21.674966017243086,21.159045992238642,21.00309716329345,22.785768960861823,11.0,5.0,11.0,5.0,20.0,-1.25,21.0,24.0,0.09183615471624539,216.32597982808252,1.5495083730517543,3089.1519625663273
1986-01-25T10:30:00,extended_january,baseline,21.022145714727305,21.597966780099906,21.235347818902202,21.00272395457918,22.88071321914171,11.0,5.0,11.0,5.0,20.0,-1.4,21.0,24.0,0.09183615471624539,216.41781598279877,1.551076400385762,3090.703038966713
1986-01-25T10:45:00,extended_january,baseline,21.040496175833926,21.54556039148441,21.299815124532483,21.000312162730484,22.959480483950863,11.0,5.0,11.0,5.0,20.0,-1.5499999999999998,21.0,24.0,0.09183615471624539,216.50965213751502,1.5568713942098333,3092.2599103609227
1986-01-25T11:00:00,extended_january,baseline,21.066381048787175,21.524174284002225,21.355175973113962,21.000580659701594,23.02258103957934,11.0,5.0,11.0,5.0,20.0,-1.7,21.0,24.0,0.09183615471624539,216.60148829223127,1.5645383021148382,3093.8244486630374
1986-01-25T11:15:00,extended_january,baseline,21.005637661884233,21.421937042328267,21.304184824278547,20.999589613875212,22.9801690326486,8.8,4.0,8.8,4.0,16.0,-1.7,21.0,24.0,0.09183615471624539,216.6933244469475,1.5765838079164078,3095.401032470954
1986-01-25T11:30:00,extended_january,baseline,21.001616506867677,21.34819592615815,21.272548147304086,21.000140738269078,22.94518399401688,8.8,4.0,8.8,4.0,16.0,-1.7,21.0,24.0,0.09183615471624539,216.78516060166376,1.5880534656259513,3096.9890859365796
1986-01-25T11:45:00,extended_january,baseline,21.00136484269837,21.306846776783367,21.27956179797674,21.00132806965145,22.947666902904583,8.8,4.0,8.8,4.0,16.0,-1.7,21.0,24.0,0.09183615471624539,216.87699675638,1.5815878719336378,3098.570673808513
1986-01-25T12:00:00,extended_january,baseline,21.001270627085184,21.269175181997365,21.295620355157403,21.000890972622745,22.968586109980226,8.8,4.0,8.8,4.0,16.0,-1.7,21.0,24.0,0.09183615471624539,216.96883291109626,1.577342077613231,3100.1480158861264
1986-01-25T12:15:00,extended_january,baseline,21.001752900177788,21.028121317362405,21.086898170395195,21.00042811571853,22.78530298193727,4.4,2.0,4.4,2.0,8.0,-1.5499999999999998,21.0,24.0,0.09183615471624539,217.0606690658125,1.6586990042736487,3101.8067148904
1986-01-25T12:30:00,extended_january,baseline,21.00146156109912,21.003920763779398,21.00640477800986,21.000137321421096,22.621656262534504,4.4,2.0,4.4,2.0,8.0,-1.4,21.0,24.0,0.09183615471624539,217.15250522052875,1.7322828051596684,3103.53899769556
1986-01-25T12:45:00,extended_january,baseline,21.001269144466864,21.000867480545292,21.000863589908448,21.000986027935983,22.54380607278576,4.4,2.0,4.4,2.0,8.0,-1.25,21.0,24.0,0.09183615471624539,217.244341375245,1.7294299515195601,3105.2684276470795
1986-01-25T13:00:00,extended_january,baseline,21.00003641548122,21.00238521868635,20.99996573842848,21.00202421839931,22.517105812060134,4.4,2.0,4.4,2.0,8.0,-1.1,21.0,24.0,0.09183615471624539,217.33617752996125,1.7115024377724846,3106.979930084852
1986-01-25T13:15:00,extended_january,baseline,21.0011199879791,21.005350082366277,21.114505814610048,21.0013111409981,22.68946775910302,8.8,4.0,8.8,4.0,16.0,-1.1,21.0,24.0,0.09183615471624539,217.4280136846775,1.57215110132422,3108.5520811861766
1986-01-25T13:30:00,extended_january,baseline,20.9998739106697,21.001109860333866,21.19522019594824,21.000523567710744,22.826842207011286,8.8,4.0,8.8,4.0,16.0,-1.1,21.0,24.0,0.09183615471624539,217.51984983939374,1.5276450062433027,3110.07972619242
1986-01-25T13:45:00,extended_january,baseline,21.141646519400936,21.00239408865212,21.205389179770993,21.00076044614223,22.874392292341632,8.8,4.0,8.8,4.0,16.0,-1.1,21.0,24.0,0.09183615471624539,217.61168599411,1.5185991519482764,3111.5983253443683
1986-01-25T14:08:00,extended_january,baseline,21.525953689227382,21.0012729618573,21.172708921217808,21.000290117009534,22.877258639659676,8.8,4.0,8.8,4.0,16.0,-1.1,21.0,24.0,0.09183615471624539,217.70352214882624,1.5203281219141056,3113.1186534662825
1986-01-25T14:23:00,extended_january,baseline,22.146900383113184,21.017791051909345,21.269260388618914,21.001661987842972,23.00271536291422,11.0,5.0,11.0,5.0,20.0,-1.1,21.0,24.0,0.09183615471624539,217.79535830354249,1.4982277077705062,3114.616881174053
1986-01-25T14:35:00,extended_january,baseline,22.84405815633872,21.059630432225475,21.344755148654652,21.016527564088477,23.13843566478203,11.0,5.0,11.0,5.0,20.0,-1.1,21.0,24.0,0.09183615471624539,217.88719445825873,1.4792815439057554,3116.096162717959
1986-01-25T14:53:00,extended_january,baseline,23.267213415006992,21.095803144922343,21.392419821213366,21.11524023867879,23.255330759750294,11.0,5.0,11.0,5.0,20.0,-1.1,21.0,24.0,0.09183615471624539,217.97903061297498,1.4742649991742538,3117.5704277171335
1986-01-25T15:08:00,extended_january,baseline,23.654811814487157,21.133915670951733,21.437526505567472,21.24940361705652,23.383560813004944,11.0,5.0,11.0,5.0,20.0,-1.1,21.0,24.0,0.09183615471624539,218.07086676769123,1.4707029275296803,3119.041130644663
1986-01-25T15:15:00,extended_january,baseline,23.772868342774352,21.060957391411687,21.35054311841074,21.266312823692473,23.367524429690693,11.0,5.0,11.0,5.0,20.0,-1.25,21.0,24.0,0.09183615471624539,218.16270292240748,1.4835078510544835,3120.5246384957177
1986-01-25T15:30:00,extended_january,baseline,23.829301182141368,21.00843551209149,21.230775827610024,21.292289124006576,23.325520639246772,11.0,5.0,11.0,5.0,20.0,-1.4,21.0,24.0,0.09183615471624539,218.25453907712372,1.5013179190227646,3122.0259564147404
1986-01-25T15:45:00,extended_january,baseline,23.755281291138605,21.002822030079106,21.107501507902718,21.297739049598093,23.281041050670833,11.0,5.0,11.0,5.0,20.0,-1.5499999999999998,21.0,24.0,0.09183615471624539,218.34637523183997,1.5246902232103945,3123.5506466379506
1986-01-25T16:00:00,extended_january,baseline,23.572880430345617,21.000262410234548,21.007433562222854,21.27212383753352,23.2350781468076,11.0,5.0,11.0,5.0,20.0,-1.7,21.0,24.0,0.09183615471624539,218.43821138655622,1.554985377922347,3125.105632015873
1986-01-25T16:23:00,extended_january,baseline,23.146401088882882,21.00092508019597,21.001930101938697,21.09360945910852,23.05857778513418,11.0,5.0,11.0,5.0,20.0,-1.9749999999999999,21.0,24.0,0.09183615471624539,218.53004754127247,1.6595125024137258,3126.765144518287
1986-01-25T16:38:00,extended_january,baseline,22.696053934732326,21.00143844146781,21.001292539709254,21.000843739377583,22.982878093225814,11.0,5.0,11.0,5.0,20.0,-2.25,21.0,24.0,0.09183615471624539,218.6218836959887,1.728962538189546,3128.4941070564764
1986-01-25T16:53:00,extended_january,baseline,22.339126463665092,21.002312411575467,21.001516677419367,21.000781141076825,22.956513637387744,11.0,5.0,11.0,5.0,20.0,-2.5249999999999995,21.0,24.0,0.09183615471624539,218.71371985070496,1.7935792139442939,3130.2876862704206
1986-01-25T17:08:00,extended_january,baseline,21.87480971650915,21.00056686341945,21.001857425733903,21.000991629386064,22.93497440374688,11.0,5.0,11.0,5.0,20.0,-2.8,21.0,24.0,0.09183615471624539,218.8055560054212,1.8735333482206065,3132.161219618641
1986-01-25T17:23:00,extended_january,baseline,21.525477046646152,21.001409847049192,21.0011785124042,21.001994847377233,22.90361485087584,11.0,5.0,11.0,5.0,20.0,-3.3499999999999996,21.0,24.0,0.09183615471624539,218.89739216013746,1.9687941300566691,3134.130013748698
1986-01-25T17:30:00,extended_january,baseline,21.304651120933805,21.00322127750505,21.00270820285653,21.00153262123578,22.876721585185614,11.0,5.0,11.0,5.0,20.0,-3.9,21.0,24.0,0.09183615471624539,218.9892283148537,2.0580216294363187,3136.188035378134
1986-01-25T17:45:00,extended_january,baseline,21.084223192655212,21.000681777192586,21.00095684456459,21.002802498166663,22.844218385899676,11.0,5.0,11.0,5.0,20.0,-4.45,21.0,24.0,0.09183615471624539,219.08106446956995,2.145740972377922,3138.333776350512
1986-01-25T18:00:00,extended_january,baseline,21.006138834060014,21.002735693903784,21.002065231800422,21.001371376640844,22.814646815517406,11.0,5.0,11.0,5.0,20.0,-5.0,21.0,24.0,0.09183615471624539,219.1729006242862,2.277417167582301,3140.6111935180943
1986-01-25T18:23:00,extended_january,baseline,21.00196475273443,21.00086993845129,21.00230545053531,21.000695720763716,22.19083776956928,5.5,2.5,5.5,2.5,10.0,-5.0,21.0,24.0,0.09183615471624539,219.26473677900245,2.824117285165488,3143.4353108032597
1986-01-25T18:38:00,extended_january,baseline,21.002249004643353,21.000928664873186,21.00326817549512,21.001322131558467,21.78942725780698,5.5,2.5,5.5,2.5,10.0,-5.0,21.0,24.0,0.09183615471624539,219.3565729337187,2.9847825382712547,3146.420093341531
1986-01-25T18:45:00,extended_january,baseline,21.00220344511721,21.002124086649196,21.002462947002233,21.000106957840636,21.607558888227114,5.5,2.5,5.5,2.5,10.0,-5.0,21.0,24.0,0.09183615471624539,219.44840908843494,3.0485176792222446,3149.468611020753
1986-01-25T19:00:00,extended_january,baseline,21.002750995203535,21.000359961668348,21.002810118874333,21.00253697190673,21.509166126607933,5.5,2.5,5.5,2.5,10.0,-5.0,21.0,24.0,0.09183615471624539,219.5402452431512,3.0969728488951227,3152.5655838696484
1986-01-25T19:23:00,extended_january,baseline,21.00183049076778,20.999310154162547,21.00300145173237,21.002456126372113,21.0058440226008,0.0,0.0,0.0,0.0,0.0,-5.0,21.0,24.0,0.09183615471624539,219.63208139786744,3.7067290848328995,3156.2723129544815
1986-01-25T19:30:00,extended_january,baseline,21.002627101914744,20.998489778760653,21.001065881987998,21.000417779207112,21.00256987967981,0.0,0.0,0.0,0.0,0.0,-5.0,21.0,24.0,0.09183615471624539,219.72391755258369,4.013633960761722,3160.285946915243
1986-01-25T19:45:00,extended_january,baseline,21.004236877116988,21.000500345338892,21.00408101655933,21.000245088390006,21.002299860723213,0.0,0.0,0.0,0.0,0.0,-5.0,21.0,24.0,0.09183615471624539,219.81575370729993,4.161853378336304,3164.4478002935793
1986-01-25T20:00:00,extended_january,baseline,21.00281165898564,21.00047202317897,21.000875622819724,21.00111134166117,21.002179569966987,0.0,0.0,0.0,0.0,0.0,-5.0,21.0,24.0,0.09183615471624539,219.90758986201618,4.294852607847719,3168.742652901427
1986-01-25T20:18:00,extended_january,baseline,19.000395629757875,19.211036643577266,18.97711266907479,19.229733381074066,20.17728590864535,0.0,0.0,0.0,0.0,0.0,-5.0,18.0,27.0,0.09183615471624539,219.99942601673243,0.0,3168.742652901427
1986-01-25T20:34:00,extended_january,baseline,18.56872863913503,18.811612720363623,18.52376725111058,18.837509747502956,19.910900982115507,0.0,0.0,0.0,0.0,0.0,-5.0,18.0,27.0,0.09183615471624539,220.09126217144868,0.0,3168.742652901427
1986-01-25T20:53:00,extended_january,baseline,18.301254717947277,18.568630014670802,18.259391483137232,18.59558063983095,19.76284932508101,0.0,0.0,0.0,0.0,0.0,-5.0,18.0,27.0,0.09183615471624539,220.18309832616492,0.0,3168.742652901427
1986-01-25T21:00:00,extended_january,baseline,18.14628995438679,18.4229468047213,18.109345166806854,18.449400334667008,19.664669420530736,0.0,0.0,0.0,0.0,0.0,-5.0,18.0,27.0,0.09183615471624539,220.27493448088117,0.0,3168.742652901427
1986-01-25T21:15:00,extended_january,baseline,18.006674050841642,18.23306558106998,18.004932005165852,18.25821337934475,19.52731392228184,0.0,0.0,0.0,0.0,0.0,-5.0,18.0,27.0,0.09183615471624539,220.36677063559742,0.029193943530357525,3168.7718468449575
1986-01-25T21:30:00,extended_january,baseline,18.00024452675349,18.05314370998178,18.00099490019376,18.076294027961158,19.400712755299015,0.0,0.0,0.0,0.0,0.0,-5.0,18.0,27.0,0.09183615471624539,220.45860679031367,0.09372838303647407,3168.8655752279938
1986-01-25T21:45:00,extended_january,baseline,17.99948354390276,18.004070405674476,18.000616010890162,18.005770879174737,19.292139455898166,0.0,0.0,0.0,0.0,0.0,-5.0,18.0,27.0,0.09183615471624539,220.5504429450299,0.1729496644100128,3169.038524892404
1986-01-25T22:00:00,extended_january,baseline,17.99899092545155,17.999407484711714,18.000458294781907,18.001766165720266,19.20200757329526,0.0,0.0,0.0,0.0,0.0,-5.0,18.0,27.0,0.09183615471624539,220.64227909974616,0.27270239331324336,3169.3112272857175
1986-01-25T22:15:00,extended_january,baseline,18.00022556996029,17.999056001470628,17.999276117731473,18.001248408859365,19.11823968634292,0.0,0.0,0.0,0.0,0.0,-5.0,18.0,27.0,0.09183615471624539,220.7341152544624,0.38501162836035785,3169.6962389140776
1986-01-25T22:30:00,extended_january,baseline,17.99958771514973,17.999455157538076,17.999756578385828,17.998825990725514,19.029572306331428,0.0,0.0,0.0,0.0,0.0,-5.0,18.0,27.0,0.09183615471624539,220.82595140917866,0.4959769864590111,3170.1922159005367
1986-01-25T22:45:00,extended_january,baseline,17.9990220552111,17.998824276446157,18.000256823137597,18.000483270756693,18.94905606482118,0.0,0.0,0.0,0.0,0.0,-5.0,18.0,27.0,0.09183615471624539,220.9177875638949,0.5978371514179022,3170.7900530519546
1986-01-25T23:00:00,extended_january,baseline,17.999957345155483,17.99936705360043,18.00002095905733,17.999255978881145,18.876004993065294,0.0,0.0,0.0,0.0,0.0,-5.0,18.0,27.0,0.09183615471624539,221.00962371861115,0.6832281311244409,3171.473281183079
1986-01-25T23:15:00,extended_january,baseline,18.00030817117328,18.0001076180888,18.00031763517363,17.99965952651239,18.81377321368101,0.0,0.0,0.0,0.0,0.0,-5.275,18.0,27.0,0.09183615471624539,221.1014598733274,0.7573805062094073,3172.2306616892884
1986-01-25T23:30:00,extended_january,baseline,18.000259813276806,18.000297582655453,17.998994292069707,17.99906416514561,18.760223306808932,0.0,0.0,0.0,0.0,0.0,-5.55,18.0,27.0,0.09183615471624539,221.19329602804365,0.817693210018102,3173.0483548993066
1986-01-25T23:45:00,extended_january,baseline,17.999163302713878,17.999524499207332,18.00002836735495,18.001589441312966,18.712676331121784,0.0,0.0,0.0,0.0,0.0,-5.824999999999999,18.0,27.0,0.09183615471624539,221.2851321827599,0.8717882378727922,3173.9201431371794
1986-01-26T00:00:00,extended_january,baseline,18.000894224117904,17.999764001005325,17.999469693168397,17.998402312932264,18.669843854403855,0.0,0.0,0.0,0.0,0.0,-6.1,18.0,27.0,0.09183615471624539,221.37696833747614,0.9157401053873099,3174.8358832425665
1986-01-26T00:15:00,extended_january,baseline,17.9992264086358,18.000441546956704,18.00058942271115,18.000115296150433,18.624329717976075,0.0,0.0,0.0,0.0,0.0,-6.249999999999999,18.0,27.0,0.09183615471624539,221.4688044921924,0.9646964892190825,3175.8005797317855
1986-01-26T00:30:00,extended_january,baseline,17.999654430707423,17.99973921856495,17.999516421520347,18.000161396273544,18.57731980966533,0.0,0.0,0.0,0.0,0.0,-6.4,18.0,27.0,0.09183615471624539,221.56064064690864,1.0068010492582566,3176.807380781044
1986-01-26T00:45:00,extended_january,baseline,18.000661663871465,18.00105340889364,18.00113005507099,18.0008767611894,18.531481730317644,0.0,0.0,0.0,0.0,0.0,-6.550000000000001,18.0,27.0,0.09183615471624539,221.65247680162489,1.0496793802669486,3177.8570601613105
1986-01-26T01:00:00,extended_january,baseline,17.999508403729845,18.000009060004917,17.99913340183995,18.000861583138125,18.487462360805186,0.0,0.0,0.0,0.0,0.0,-6.7,18.0,27.0,0.09183615471624539,221.74431295634113,1.0812607679671875,3178.938320929278
1986-01-26T01:15:00,extended_january,baseline,18.000449898629476,18.000242476613938,17.99967674298156,17.999112736885994,18.47183491206725,0.0,0.0,0.0,0.0,0.0,-6.7,18.0,27.0,0.09183615471624539,221.83614911105738,1.0579428095427874,3179.9962637388207
1986-01-26T01:30:00,extended_january,baseline,18.0006365897403,18.001115828017728,18.000165835243642,17.999981338829482,18.477720644440286,0.0,0.0,0.0,0.0,0.0,-6.7,18.0,27.0,0.09183615471624539,221.92798526577363,1.035611987750261,3181.031875726571
1986-01-26T01:45:00,extended_january,baseline,18.000840009146486,17.998968550340177,17.998779752339477,17.99978705071944,18.493371650144688,0.0,0.0,0.0,0.0,0.0,-6.7,18.0,27.0,0.09183615471624539,222.01982142048988,1.0130169691049626,3182.044892695676
1986-01-26T02:00:00,extended_january,baseline,18.000279037273884,18.000393636612937,17.99937038239543,18.001738332936505,18.513960822968727,0.0,0.0,0.0,0.0,0.0,-6.7,18.0,27.0,0.09183615471624539,222.11165757520612,0.9951260925915839,3183.0400187882674
1986-01-26T02:15:00,extended_january,baseline,18.000625578592594,18.00044786963634,18.00094048723421,17.999099021526288,18.520670948865188,0.0,0.0,0.0,0.0,0.0,-6.825,18.0,27.0,0.09183615471624539,222.20349372992237,1.0141969475441905,3184.054215735812
1986-01-26T02:30:00,extended_january,baseline,17.999816842304224,17.999234665766767,18.000767226635595,18.000034219647294,18.51769767196458,0.0,0.0,0.0,0.0,0.0,-6.95,18.0,27.0,0.09183615471624539,222.29532988463862,1.028729023558971,3185.0829447593705
1986-01-26T02:45:00,extended_january,baseline,18.000543399112136,18.00036662468014,17.999778112447935,18.00048019695114,18.512440070308752,0.0,0.0,0.0,0.0,0.0,-7.075,18.0,27.0,0.09183615471624539,222.38716603935487,1.0424123699287127,3186.125357129299
1986-01-26T03:00:00,extended_january,baseline,18.00082372079763,17.999330450215897,17.99902857696323,18.000138199235785,18.507675777114123,0.0,0.0,0.0,0.0,0.0,-7.2,18.0,27.0,0.09183615471624539,222.47900219407111,1.0517049482128062,3187.177062077512
1986-01-26T03:15:00,extended_january,baseline,17.999587286789424,17.999707120156618,17.999638009742696,18.000794558683246,18.490037468139327,0.0,0.0,0.0,0.0,0.0,-7.3500000000000005,18.0,27.0,0.09183615471624539,222.57083834878736,1.092322366136189,3188.269384443648
1986-01-26T03:30:00,extended_january,baseline,17.999130840193523,18.00128327064378,18.000554172716203,17.99999531590554,18.462632577585318,0.0,0.0,0.0,0.0,0.0,-7.5,18.0,27.0,0.09183615471624539,222.6626745035036,1.1290423477376135,3189.3984267913856
1986-01-26T03:45:00,extended_january,baseline,18.000862961023234,18.000888243257045,17.998924766529772,18.001747191022062,18.431326222483932,0.0,0.0,0.0,0.0,0.0,-7.6499999999999995,18.0,27.0,0.09183615471624539,222.75451065821986,1.163345728257872,3190.5617725196435
1986-01-26T04:00:00,extended_january,baseline,18.000737022379923,18.001740037408744,18.00017815916369,18.00050339899452,18.399746186226842,0.0,0.0,0.0,0.0,0.0,-7.8,18.0,27.0,0.09183615471624539,222.8463468129361,1.1962160382138165,3191.757988557857
1986-01-26T04:15:00,extended_january,baseline,17.999407673374872,18.001007228569875,18.000498621685647,18.001775938081888,18.379576341874216,0.0,0.0,0.0,0.0,0.0,-7.6499999999999995,18.0,27.0,0.09183615471624539,222.93818296765235,1.1915208994342485,3192.9495094572912
1986-01-26T04:30:00,extended_january,baseline,17.99882039150567,17.999842000833187,18.000369730351753,17.998503716422878,18.367604697870448,0.0,0.0,0.0,0.0,0.0,-7.5,18.0,27.0,0.09183615471624539,223.0300191223686,1.1909489494221197,3194.140458406713
1986-01-26T04:45:00,extended_january,baseline,17.99922255557622,17.999082959446838,18.000675354051356,17.99979540440973,18.3587954914394,0.0,0.0,0.0,0.0,0.0,-7.3500000000000005,18.0,27.0,0.09183615471624539,223.12185527708485,1.1949235883950702,3195.335381995108
1986-01-26T05:00:00,extended_january,baseline,18.000637060491375,17.999130584068944,18.000052046544454,18.00161896289456,18.35137456952705,0.0,0.0,0.0,0.0,0.0,-7.2,18.0,27.0,0.09183615471624539,223.2136914318011,1.1944675142660468,3196.529849509374
1986-01-26T05:15:00,extended_january,baseline,18.000153228866196,18.00118116120175,18.000186079454625,18.000390225972733,18.348788352878273,0.0,0.0,0.0,0.0,0.0,-7.2,18.0,27.0,0.09183615471624539,223.30552758651734,1.193594196530932,3197.7234437059046
1986-01-26T05:30:00,extended_january,baseline,18.000482647592037,18.000789909932063,17.99949085699626,18.001647385711273,18.34999854678503,0.0,0.0,0.0,0.0,0.0,-7.2,18.0,27.0,0.09183615471624539,223.3973637412336,1.1916105102800036,3198.9150542161847
1986-01-26T05:45:00,extended_january,baseline,18.00020934761272,17.998835900756394,18.00017170761336,18.001470956519345,18.35322144524856,0.0,0.0,0.0,0.0,0.0,-7.2,18.0,27.0,0.09183615471624539,223.48919989594984,1.189828185075149,3200.1048824012596
1986-01-26T06:00:00,extended_january,baseline,17.999475301123812,18.00064902244696,18.000354786319605,17.999979358671265,18.35765840325718,0.0,0.0,0.0,0.0,0.0,-7.2,18.0,27.0,0.09183615471624539,223.58103605066609,1.1881974853877089,3201.2930798866473
1986-01-26T06:19:00,extended_january,baseline,19.5072407180176,19.729359969584934,19.472120206051475,19.737926761986536,19.602100295428592,0.0,0.0,0.0,0.0,0.0,-7.4750000000000005,21.0,24.0,0.09183615471624539,223.67287220538233,7.113493730117162,3208.4065736167645
1986-01-26T06:34:00,extended_january,baseline,20.08755636263793,20.35731019898506,20.03155866268391,20.361474778711813,20.070317986928675,0.0,0.0,0.0,0.0,0.0,-7.75,21.0,24.0,0.09183615471624539,223.76470836009858,6.176989538130337,3214.583563154895
1986-01-26T06:53:00,extended_january,baseline,20.354357366611318,20.648617241391626,20.292765611479023,20.648345198253857,20.297710086732707,0.0,0.0,0.0,0.0,0.0,-8.025,21.0,24.0,0.09183615471624539,223.85654451481483,6.201605077372831,3220.7851682322676
1986-01-26T07:00:00,extended_january,baseline,20.464175697254383,20.777937655464036,20.40134545422069,20.774659174790994,20.388377197949016,0.0,0.0,0.0,0.0,0.0,-8.3,21.0,24.0,0.09183615471624539,223.94838066953108,6.226551590399899,3227.0117198226676
1986-01-26T07:15:00,extended_january,baseline,20.604645764823506,20.937478199440164,20.54166355278354,20.93080945656852,20.51525558091203,0.0,0.0,0.0,0.0,0.0,-8.450000000000001,21.0,24.0,0.09183615471624539,224.04021682424732,6.23930068800095,3233.2510205106687
1986-01-26T07:30:00,extended_january,baseline,20.7576529831015,20.99367692271463,20.703886929702236,20.995854452849184,20.65260450821936,0.0,0.0,0.0,0.0,0.0,-8.600000000000001,21.0,24.0,0.09183615471624539,224.13205297896357,6.186325572213489,3239.437346082882
1986-01-26T07:45:00,extended_january,baseline,20.908480638045152,21.002448018920337,20.869285638219342,21.000185592490286,20.790326569202044,0.0,0.0,0.0,0.0,0.0,-8.75,21.0,24.0,0.09183615471624539,224.22388913367982,6.162224988267387,3245.5995710711495
1986-01-26T08:00:00,extended_january,baseline,20.9969406325302,21.000174469666426,20.99225457419364,21.002486657807047,20.92059007983797,0.0,0.0,0.0,0.0,0.0,-8.9,21.0,24.0,0.09183615471624539,224.31572528839607,6.084261783460141,3251.6838328546096
1986-01-26T08:23:00,extended_january,baseline,21.00028143088916,20.99971931316641,21.001430585054692,21.00136034539347,20.99979663299847,11.0,5.0,11.0,5.0,20.0,-8.9,21.0,24.0,0.09183615471624539,224.40756144311231,3.886993632463955,3255.5708264870736
1986-01-26T08:38:00,extended_january,baseline,21.000744497030382,21.0021203424106,21.00142383802022,21.002189858649558,21.00010110207323,11.0,5.0,11.0,5.0,20.0,-8.9,21.0,24.0,0.09183615471624539,224.49939759782856,3.9081008406519606,3259.4789273277256
1986-01-26T08:45:00,extended_january,baseline,21.002466417636303,21.000055683215113,21.002202764966572,21.00199885584184,21.01563066817382,11.0,5.0,11.0,5.0,20.0,-8.9,21.0,24.0,0.09183615471624539,224.5912337525448,3.7833275937556583,3263.262254921481
1986-01-26T09:00:00,extended_january,baseline,21.001781122914622,21.000564738535786,21.003360746738547,21.003041812022424,21.061067086789322,11.0,5.0,11.0,5.0,20.0,-8.9,21.0,24.0,0.09183615471624539,224.68306990726106,3.6936125837097085,3266.955867505191
1986-01-26T09:23:00,extended_january,baseline,21.00247131107647,21.00153189227195,21.001307989184188,21.002241640062916,21.570234384305174,11.0,5.0,11.0,5.0,20.0,-9.025,21.0,24.0,0.09183615471624539,224.7749060619773,3.261580506869571,3270.2174480120602
1986-01-26T09:38:00,extended_january,baseline,21.00266212002119,21.000799957104164,21.00149440640752,21.000053407061,21.868907899789036,11.0,5.0,11.0,5.0,20.0,-9.15,21.0,24.0,0.09183615471624539,224.86674221669355,3.167018686281926,3273.3844666983423
1986-01-26T09:45:00,extended_january,baseline,21.001565478468308,21.001116716422164,21.002640382596244,20.99991256501939,22.022568916868615,11.0,5.0,11.0,5.0,20.0,-9.275,21.0,24.0,0.09183615471624539,224.9585783714098,3.103093348113145,3276.4875600464557
1986-01-26T10:00:00,extended_january,baseline,21.00219987651778,21.000209925203986,21.003009809978472,21.00249212336707,22.12456401086867,11.0,5.0,11.0,5.0,20.0,-9.4,21.0,24.0,0.09183615471624539,225.05041452612605,3.0444417418393246,3279.532001788295
1986-01-26T10:15:00,extended_january,baseline,21.001108429169566,21.00160482927003,21.00157154391067,21.002002931826155,22.209766696928085,11.0,5.0,11.0,5.0,20.0,-9.55,21.0,24.0,0.09183615471624539,225.1422506808423,2.984323417021018,3282.516325205316
1986-01-26T10:30:00,extended_january,baseline,21.00205955688135,21.00161541029436,21.001998178967572,21.0031664750616,22.288979710147554,11.0,5.0,11.0,5.0,20.0,-9.7,21.0,24.0,0.09183615471624539,225.23408683555854,2.936962185032094,3285.453287390348
1986-01-26T10:45:00,extended_january,baseline,21.00298392475021,21.002545294351773,21.00143423214498,21.00125386644765,22.35604550386584,11.0,5.0,11.0,5.0,20.0,-9.85,21.0,24.0,0.09183615471624539,225.3259229902748,2.916041254719099,3288.369328645067
1986-01-26T11:00:00,extended_january,baseline,21.001645705668608,21.001882270816697,21.002554384899483,20.9998762268145,22.40922636326063,11.0,5.0,11.0,5.0,20.0,-10.0,21.0,24.0,0.09183615471624539,225.41775914499104,2.903701392108406,3291.2730300371754
1986-01-26T11:15:00,extended_january,baseline,21.003240321640373,21.00082187964322,21.00231142181871,20.999707676756827,22.32686548340576,8.8,4.0,8.8,4.0,16.0,-10.15,21.0,24.0,0.09183615471624539,225.50959529970729,3.041512686505874,3294.3145427236814
1986-01-26T11:30:00,extended_january,baseline,21.002817250608647,21.000268638857737,21.002030093577282,21.002219286378494,22.228520074094796,8.8,4.0,8.8,4.0,16.0,-10.3,21.0,24.0,0.09183615471624539,225.60143145442353,3.0932109649622865,3297.407753688644
1986-01-26T11:45:00,extended_january,baseline,21.001631144301356,21.002640348006967,21.002908525987923,20.99962251361241,22.157815249479775,8.8,4.0,8.8,4.0,16.0,-10.45,21.0,24.0,0.09183615471624539,225.69326760913978,3.130891194967369,3300.538644883611
1986-01-26T12:00:00,extended_january,baseline,21.00158295506241,21.002608761730418,21.00202573501254,20.999417207064607,22.10225981386887,8.8,4.0,8.8,4.0,16.0,-10.6,21.0,24.0,0.09183615471624539,225.78510376385603,3.1714128270271256,3303.7100577106385
1986-01-26T12:15:00,extended_january,baseline,21.002437596690044,21.00177463792519,21.00266449745153,20.999642381548206,21.8753617097365,4.4,2.0,4.4,2.0,8.0,-10.6,21.0,24.0,0.09183615471624539,225.87693991857228,3.3991576148282485,3307.1092153254667
1986-01-26T12:30:00,extended_january,baseline,21.001478039485605,21.001438615594484,21.001520690502325,21.00323516557938,21.70396042330156,4.4,2.0,4.4,2.0,8.0,-10.6,21.0,24.0,0.09183615471624539,225.96877607328852,3.4104983642947873,3310.5197136897614
1986-01-26T12:45:00,extended_january,baseline,21.000836046730825,21.001193814773753,21.000866028246474,21.001339006877853,21.639178748843044,4.4,2.0,4.4,2.0,8.0,-10.6,21.0,24.0,0.09183615471624539,226.06061222800477,3.354197977158825,3313.8739116669203
1986-01-26T13:00:00,extended_january,baseline,21.001176586959836,20.999917806872507,21.001860002962413,21.001303997021164,21.635881027699543,4.4,2.0,4.4,2.0,8.0,-10.6,21.0,24.0,0.09183615471624539,226.15244838272102,3.2768250868569075,3317.1507367537774
1986-01-26T13:15:00,extended_january,baseline,21.0013373251234,20.99974878850576,21.00028856336974,21.0008355136139,21.852826996177424,8.8,4.0,8.8,4.0,16.0,-10.6,21.0,24.0,0.09183615471624539,226.24428453743727,3.002768205351972,3320.1535049591294
1986-01-26T13:30:00,extended_january,baseline,21.00087211193049,20.999671030943787,21.000453271987837,21.00321451277111,22.044129253235944,8.8,4.0,8.8,4.0,16.0,-10.6,21.0,24.0,0.09183615471624539,226.33612069215351,2.9067654979772266,3323.0602704571065
1986-01-26T13:45:00,extended_january,baseline,21.00070455772445,20.999346827565645,21.00132614156406,20.99995366509765,22.147108709010237,8.8,4.0,8.8,4.0,16.0,-10.6,21.0,24.0,0.09183615471624539,226.42795684686976,2.8961919488726586,3325.956462405979
1986-01-26T14:00:00,extended_january,baseline,21.0016151449046,21.000236076579984,21.001551250838983,21.000735447138396,22.200599708533097,8.8,4.0,8.8,4.0,16.0,-10.6,21.0,24.0,0.09183615471624539,226.519793001586,2.9362030273901003,3328.892665433369
1986-01-26T14:15:00,extended_january,baseline,21.00021881997129,21.003537827232574,21.00156429779995,21.00234482863816,22.31157174332251,11.0,5.0,11.0,5.0,20.0,-10.725,21.0,24.0,0.09183615471624539,226.61162915630226,2.927247130209842,3331.819912563579
1986-01-26T14:30:00,extended_january,baseline,21.001726360860033,21.00292200140676,21.001770136412947,21.001401066531542,22.42734074044427,11.0,5.0,11.0,5.0,20.0,-10.85,21.0,24.0,0.09183615471624539,226.7034653110185,2.9728279264554254,3334.7927404900342
1986-01-26T14:45:00,extended_january,baseline,21.00233418285371,21.00245808703124,21.002152971716352,20.99974900326768,22.52078068970339,11.0,5.0,11.0,5.0,20.0,-10.975,21.0,24.0,0.09183615471624539,226.79530146573475,2.9636394081643234,3337.7563798981987
1986-01-26T15:00:00,extended_january,baseline,21.00181945449813,21.000812507555278,21.00202466295844,21.00157407166423,22.598225395423757,11.0,5.0,11.0,5.0,20.0,-11.1,21.0,24.0,0.09183615471624539,226.887137620451,2.9442747136002234,3340.700654611799
1986-01-26T15:15:00,extended_january,baseline,21.001961300352477,21.000859194492502,21.002431270126667,21.00139852944639,22.52027188687067,11.0,5.0,11.0,5.0,20.0,-11.649999999999999,21.0,24.0,0.09183615471624539,226.97897377516725,3.124824890969278,3343.8254795027683
1986-01-26T15:30:00,extended_january,baseline,21.00220504640087,21.003084944689,21.00261826268335,21.00147656383876,22.371336875319525,11.0,5.0,11.0,5.0,20.0,-12.2,21.0,24.0,0.09183615471624539,227.0708099298835,3.2646111001486475,3347.090090602917
1986-01-26T15:45:00,extended_january,baseline,21.002484854152414,21.00198556723082,21.002876124783207,21.002637289879488,22.208910498059403,11.0,5.0,11.0,5.0,20.0,-12.750000000000002,21.0,24.0,0.09183615471624539,227.16264608459974,3.4260647549303855,3350.5161553578473
1986-01-26T16:00:00,extended_january,baseline,21.000970111016304,21.00043216622556,21.003430138869025,21.002357811202565,22.040838418318412,11.0,5.0,11.0,5.0,20.0,-13.3,21.0,24.0,0.09183615471624539,227.254482239316,3.571347599882245,3354.0875029577296
1986-01-26T16:15:00,extended_january,baseline,21.00139398901231,21.00453087617252,21.00338541184673,21.00468175313428,21.83010736169994,11.0,5.0,11.0,5.0,20.0,-13.575000000000001,21.0,24.0,0.09183615471624539,227.34631839403224,3.7099023032665777,3357.797405260996
1986-01-26T16:30:00,extended_january,baseline,21.00144566704084,21.001677155582254,21.002489372480756,21.00528749398694,21.66658918226554,11.0,5.0,11.0,5.0,20.0,-13.850000000000001,21.0,24.0,0.09183615471624539,227.43815454874849,3.769613580583012,3361.5670188415793
1986-01-26T16:45:00,extended_january,baseline,21.002818575989405,21.00039713337839,21.004173768519014,21.004568702083667,21.590908683214998,11.0,5.0,11.0,5.0,20.0,-14.125,21.0,24.0,0.09183615471624539,227.52999070346473,3.8806529945723245,3365.4476718361516
1986-01-26T17:00:00,extended_january,baseline,21.00343537861145,21.00378207822219,21.004224149791504,21.00316699519985,21.567474744589735,11.0,5.0,11.0,5.0,20.0,-14.4,21.0,24.0,0.09183615471624539,227.62182685818098,4.12867889344386,3369.5763507295956
1986-01-26T17:15:00,extended_january,baseline,21.002193350397725,21.00184181641977,21.002363622427833,21.004837899611584,21.545700821467296,11.0,5.0,11.0,5.0,20.0,-14.700000000000001,21.0,24.0,0.09183615471624539,227.71366301289723,4.272367450513924,3373.8487181801097
1986-01-26T17:30:00,extended_january,baseline,21.003310887940426,21.004899920559666,21.005377180199343,21.00147452851759,21.513472122249365,11.0,5.0,11.0,5.0,20.0,-15.0,21.0,24.0,0.09183615471624539,227.80549916761348,4.37011579566329,3378.218833975773
1986-01-26T17:45:00,extended_january,baseline,21.005143449071998,21.002840091671246,21.002933965142855,21.0031975743895,21.478899155331078,11.0,5.0,11.0,5.0,20.0,-15.299999999999999,21.0,24.0,0.09183615471624539,227.89733532232972,4.447803386213709,3382.666637361987
1986-01-26T18:00:00,extended_january,baseline,21.00497475040055,21.004174313713477,21.00462100730875,21.000895687553452,21.448991974550555,11.0,5.0,11.0,5.0,20.0,-15.6,21.0,24.0,0.09183615471624539,227.98917147704597,4.527435051148485,3387.1940724131355
1986-01-26T18:23:00,extended_january,baseline,21.003971077074045,21.002886268799042,21.003650635625714,21.00086243362278,21.00400480321772,5.5,2.5,5.5,2.5,10.0,-15.725,21.0,24.0,0.09183615471624539,228.08100763176222,5.308574379652012,3392.5026467927873
1986-01-26T18:30:00,extended_january,baseline,21.004934373749354,21.00454082559464,21.004130364979257,21.000871931070705,21.003332497462953,5.5,2.5,5.5,2.5,10.0,-15.850000000000001,21.0,24.0,0.09183615471624539,228.17284378647847,5.618639775208155,3398.1212865679954
1986-01-26T18:45:00,extended_january,baseline,21.00421298194325,21.00154788374536,21.00352214655682,21.002611846100027,21.0023902627496,5.5,2.5,5.5,2.5,10.0,-15.975000000000001,21.0,24.0,0.09183615471624539,228.26467994119471,5.679837259918883,3403.801123827914
1986-01-26T19:00:00,extended_january,baseline,21.005855024321516,21.00025081210256,21.004705828389028,21.004135470923167,21.002943889451313,5.5,2.5,5.5,2.5,10.0,-16.1,21.0,24.0,0.09183615471624539,228.35651609591096,5.8051770049455005,3409.6063008328597
1986-01-26T19:15:00,extended_january,baseline,21.005759690188,21.004896751871104,21.005012407794112,21.000913743169175,21.003034924655577,0.0,0.0,0.0,0.0,0.0,-16.375,21.0,24.0,0.09183615471624539,228.4483522506272,6.701646168662808,3416.3079470015223
1986-01-26T19:30:00,extended_january,baseline,20.987891883271665,21.00299152380369,20.9443737200868,20.999693399859172,21.00307990635912,0.0,0.0,0.0,0.0,0.0,-16.65,21.0,24.0,0.09183615471624539,228.54018840534346,6.77371812383091,3423.081665125353
1986-01-26T19:45:00,extended_january,baseline,20.908230108069965,21.00273318321134,20.837342088925258,21.000274320557825,21.002612447846957,0.0,0.0,0.0,0.0,0.0,-16.924999999999997,21.0,24.0,0.09183615471624539,228.6320245600597,6.853573556118381,3429.9352386814717
1986-01-26T20:00:00,extended_january,baseline,20.79552156143383,21.000665930106816,20.71840913660948,21.00250622900025,21.00326500310762,0.0,0.0,0.0,0.0,0.0,-17.2,21.0,24.0,0.09183615471624539,228.72386071477595,6.93506190887206,3436.870300590344
1986-01-26T20:17:00,extended_january,baseline,17.99975629440139,18.000180386575376,17.99997830695632,17.99986277087326,19.289512403147924,0.0,0.0,0.0,0.0,0.0,-17.349999999999998,18.0,27.0,0.09183615471624539,228.8156968694922,0.056601304580381914,3436.9269018949244
1986-01-26T20:35:00,extended_january,baseline,18.000114967855904,17.999378590413148,17.999803854704105,18.000374514155226,18.899268315650176,0.0,0.0,0.0,0.0,0.0,-17.5,18.0,27.0,0.09183615471624539,228.90753302420845,0.4424264054299193,3437.3693283003545
1986-01-26T20:53:00,extended_january,baseline,18.000743968488578,17.999485283039366,18.000023108087017,17.9984574644881,18.647130197923087,0.0,0.0,0.0,0.0,0.0,-17.650000000000002,18.0,27.0,0.09183615471624539,228.9993691789247,1.0523419186656184,3438.42167021902
1986-01-26T21:00:00,extended_january,baseline,18.000803554954615,17.99884866457914,18.000787132152613,18.001012796108597,18.500184257008225,0.0,0.0,0.0,0.0,0.0,-17.8,18.0,27.0,0.09183615471624539,229.09120533364094,1.3571542078646195,3439.778824426885
1986-01-26T21:15:00,extended_january,baseline,17.998376241234222,17.9985694516548,18.000409977712135,18.00010879020547,18.307823220637516,0.0,0.0,0.0,0.0,0.0,-17.8,18.0,27.0,0.09183615471624539,229.1830414883572,1.7517206747826597,3441.5305451016675
1986-01-26T21:30:00,extended_january,baseline,18.000561455430457,17.999642937422134,18.00020688115173,17.999778723981116,18.135071981735667,0.0,0.0,0.0,0.0,0.0,-17.8,18.0,27.0,0.09183615471624539,229.27487764307344,1.8898962792752583,3443.4204413809425
1986-01-26T21:45:00,extended_january,baseline,17.998346114420748,18.00147421967472,18.00064579299068,17.99826179075378,18.004037560957382,0.0,0.0,0.0,0.0,0.0,-17.8,18.0,27.0,0.09183615471624539,229.36671379778969,1.994885569839228,3445.415326950782
1986-01-26T22:00:00,extended_january,baseline,17.998617734064037,17.99964697935495,17.99857030636822,17.99876758230193,17.99965034205296,0.0,0.0,0.0,0.0,0.0,-17.8,18.0,27.0,0.09183615471624539,229.45854995250593,2.148590266212293,3447.563917216994
1986-01-26T22:15:00,extended_january,baseline,17.999999425020214,18.00151062516917,17.99991236196392,17.999014373754544,17.99998725187299,0.0,0.0,0.0,0.0,0.0,-18.075000000000003,18.0,27.0,0.09183615471624539,229.55038610722218,2.2751144211358656,3449.8390316381297
1986-01-26T22:30:00,extended_january,baseline,17.998633150985228,18.00093131960174,18.00117288365428,17.99762200849413,18.000449348881304,0.0,0.0,0.0,0.0,0.0,-18.35,18.0,27.0,0.09183615471624539,229.64222226193843,2.3875362311406603,3452.22656786927
1986-01-26T22:45:00,extended_january,baseline,18.000268401411557,18.001078282334085,18.00073865520775,17.99858045953694,17.999551639556802,0.0,0.0,0.0,0.0,0.0,-18.625,18.0,27.0,0.09183615471624539,229.73405841665468,2.4924972805971213,3454.719065149867
1986-01-26T23:00:00,extended_january,baseline,18.000307531441504,18.000843756765562,18.00060863544092,17.999689612421278,17.99949303548856,0.0,0.0,0.0,0.0,0.0,-18.9,18.0,27.0,0.09183615471624539,229.82589457137092,2.5949584097940432,3457.314023559661
1986-01-26T23:15:00,extended_january,baseline,17.99959469109685,17.999106271133627,17.999086277903036,18.00159990398273,18.00021073310795,0.0,0.0,0.0,0.0,0.0,-19.025,18.0,27.0,0.09183615471624539,229.91773072608717,2.5588484712479915,3459.872872030909
1986-01-26T23:30:00,extended_january,baseline,17.999350929849985,17.999222110915532,17.999183563737038,17.999855835560883,18.00054212015456,0.0,0.0,0.0,0.0,0.0,-19.15,18.0,27.0,0.09183615471624539,230.00956688080342,2.5408188118647286,3462.413690842774
1986-01-26T23:45:00,extended_january,baseline,17.998947271397554,17.99946927157046,18.00031830153453,17.99786209790159,18.00004990645079,0.0,0.0,0.0,0.0,0.0,-19.275,18.0,27.0,0.09183615471624539,230.10140303551967,2.513191589429159,3464.926882432203
1986-01-27T00:00:00,extended_january,baseline,17.99997472074994,18.001128053174742,18.000624203217416,18.00190739293966,18.000499260423524,0.0,0.0,0.0,0.0,0.0,-19.4,18.0,27.0,0.09183615471624539,230.19323919023591,2.4853399320109886,3467.412222364214
1986-01-27T00:15:00,extended_january,baseline,18.000566016304663,17.99893502344566,18.00051327556797,18.000222729927792,18.000049697899065,0.0,0.0,0.0,0.0,0.0,-19.4,18.0,27.0,0.09183615471624539,230.28507534495216,2.360434157236402,3469.7726565214502
1986-01-27T00:30:00,extended_january,baseline,18.001757870505305,17.998838788335757,18.00041535205718,18.000703100973116,17.999832234912276,0.0,0.0,0.0,0.0,0.0,-19.4,18.0,27.0,0.09183615471624539,230.3769114996684,2.501933440958204,3472.2745899624083
1986-01-27T00:45:00,extended_january,baseline,17.9987958738088,17.999483481542384,17.998329182203477,17.99904480073642,17.999587351893453,0.0,0.0,0.0,0.0,0.0,-19.4,18.0,27.0,0.09183615471624539,230.46874765438466,2.598215346560412,3474.8728053089685
1986-01-27T01:00:00,extended_january,baseline,18.001678050799978,18.00221092815474,18.00046391404676,17.998030697074107,17.999947044261713,0.0,0.0,0.0,0.0,0.0,-19.4,18.0,27.0,0.09183615471624539,230.5605838091009,2.7017856817748687,3477.574590990743
1986-01-27T01:15:00,extended_january,baseline,18.000048603004373,17.997816456004525,17.998571430713106,17.998317100652876,17.99988962540539,0.0,0.0,0.0,0.0,0.0,-19.549999999999997,18.0,27.0,0.09183615471624539,230.65241996381715,2.67368619977998,3480.2482771905234
1986-01-27T01:30:00,extended_january,baseline,17.99945002894076,17.999006747862143,17.99819325800081,17.99961160691491,17.999915497873193,0.0,0.0,0.0,0.0,0.0,-19.7,18.0,27.0,0.09183615471624539,230.7442561185334,2.6805668412659416,3482.928844031789
1986-01-27T01:45:00,extended_january,baseline,18.00134408331656,17.99894441389228,18.000423588887088,18.0017436314003,17.99946984679699,0.0,0.0,0.0,0.0,0.0,-19.85,18.0,27.0,0.09183615471624539,230.83609227324965,2.6824519510584213,3485.6112959828474
1986-01-27T02:00:00,extended_january,baseline,17.999807029866396,18.000284030159282,17.999447004287685,17.997831239269026,18.0002656389232,0.0,0.0,0.0,0.0,0.0,-20.0,18.0,27.0,0.09183615471624539,230.9279284279659,2.6748240536448233,3488.2861200364923
1986-01-27T02:15:00,extended_january,baseline,17.998063043232477,17.99970438974814,17.999194710069833,17.999690465550103,18.00004536485491,0.0,0.0,0.0,0.0,0.0,-20.0,18.0,27.0,0.09183615471624539,231.01976458268214,2.5984180096135794,3490.8845380461057
1986-01-27T02:30:00,extended_january,baseline,17.99966560965373,18.00108962593312,17.99986196423121,17.99930984247747,18.00010069999173,0.0,0.0,0.0,0.0,0.0,-20.0,18.0,27.0,0.09183615471624539,231.1116007373984,2.532312961410197,3493.416851007516
1986-01-27T02:45:00,extended_january,baseline,17.999474155717632,18.00036418074767,17.99993770088936,17.999611872324483,18.000239618904462,0.0,0.0,0.0,0.0,0.0,-20.0,18.0,27.0,0.09183615471624539,231.20343689211464,2.460744825427768,3495.877595832944
1986-01-27T03:00:00,extended_january,baseline,17.99928947932791,18.00097106333523,18.001171027266473,18.00060785877272,17.99971263323804,0.0,0.0,0.0,0.0,0.0,-20.0,18.0,27.0,0.09183615471624539,231.29527304683089,2.392828971224094,3498.2704248041678
1986-01-27T03:15:00,extended_january,baseline,18.000387608363113,18.001475364950842,17.999730657953123,18.001258257645322,18.00037777781937,0.0,0.0,0.0,0.0,0.0,-20.0,18.0,27.0,0.09183615471624539,231.38710920154713,2.436891113465054,3500.707315917633
1986-01-27T03:30:00,extended_january,baseline,17.998805230704615,18.001501031002835,17.998930071039997,18.001578000408674,17.999697492558038,0.0,0.0,0.0,0.0,0.0,-20.0,18.0,27.0,0.09183615471624539,231.47894535626338,2.4660702147976155,3503.1733861324306
1986-01-27T03:45:00,extended_january,baseline,17.998228483391927,18.001366809963976,17.999170812789053,18.001853887586087,17.99998596001114,0.0,0.0,0.0,0.0,0.0,-20.0,18.0,27.0,0.09183615471624539,231.57078151097963,2.4948769529895176,3505.66826308542
1986-01-27T04:00:00,extended_january,baseline,17.99891627466057,18.00127117665876,17.999762688257565,18.002203793958373,17.999859389036775,0.0,0.0,0.0,0.0,0.0,-20.0,18.0,27.0,0.09183615471624539,231.66261766569588,2.521896193009112,3508.1901592784293
1986-01-27T04:15:00,extended_january,baseline,17.999881512422895,17.999628638520417,18.000032333114593,18.001145590306212,18.000004835962642,0.0,0.0,0.0,0.0,0.0,-20.0,18.0,27.0,0.09183615471624539,231.75445382041212,2.5684499794019833,3510.7586092578313
1986-01-27T04:30:00,extended_january,baseline,18.00040928620662,18.00046272256862,17.999690618869987,17.999087253418235,17.999993719018324,0.0,0.0,0.0,0.0,0.0,-20.0,18.0,27.0,0.09183615471624539,231.84628997512837,2.6103162131818496,3513.368925471013
1986-01-27T04:45:00,extended_january,baseline,18.000363037783885,17.999399228015005,18.001342087811715,18.00016996960792,18.000032826397543,0.0,0.0,0.0,0.0,0.0,-20.0,18.0,27.0,0.09183615471624539,231.93812612984462,2.65392280221959,3516.0228482732327
1986-01-27T05:00:00,extended_january,baseline,17.999757975448734,17.99991621819326,17.998949403211384,17.99953210005608,17.999753892416674,0.0,0.0,0.0,0.0,0.0,-20.0,18.0,27.0,0.09183615471624539,232.02996228456087,2.6916356160665584,3518.714483889299
1986-01-27T05:15:00,extended_january,baseline,17.999039302371404,17.999736372220195,17.99953072637233,17.997921444931425,17.99954897933572,0.0,0.0,0.0,0.0,0.0,-20.275,18.0,27.0,0.09183615471624539,232.12179843927711,2.6772179338415625,3521.3917018231405
1986-01-27T05:30:00,extended_january,baseline,18.001053253456273,17.998651647500335,18.000609385472487,17.999698570488597,17.999612440714223,0.0,0.0,0.0,0.0,0.0,-20.55,18.0,27.0,0.09183615471624539,232.21363459399336,2.670298581326799,3524.062000404467
1986-01-27T05:45:00,extended_january,baseline,17.999587818634772,18.000659042911174,18.00116061120443,18.000102698599097,17.99994297425285,0.0,0.0,0.0,0.0,0.0,-20.825000000000003,18.0,27.0,0.09183615471624539,232.3054707487096,2.660144274027673,3526.7221446784947
1986-01-27T06:00:00,extended_january,baseline,18.00060824387573,17.997744568544462,17.99886117829942,17.99891225171565,18.000504176512546,0.0,0.0,0.0,0.0,0.0,-21.1,18.0,27.0,0.09183615471624539,232.39730690342586,2.648538737431203,3529.370683415926
1986-01-27T06:15:00,extended_january,baseline,17.999998753621178,17.999158289036934,18.000134038956617,17.998932797224036,17.999746116470522,0.0,0.0,0.0,0.0,0.0,-21.1,18.0,27.0,0.09183615471624539,232.4891430581421,2.699676521613056,3532.0703599375393
1986-01-27T06:30:00,extended_january,baseline,17.99961281400746,18.00060368584926,17.99878624745067,17.999629097441968,18.000129148688977,0.0,0.0,0.0,0.0,0.0,-21.1,18.0,27.0,0.09183615471624539,232.58097921285835,2.7414003527953836,3534.811760290335
1986-01-27T06:45:00,extended_january,baseline,17.99953049712613,18.000700479745955,18.001514612399102,18.000148732345778,17.999892861520863,0.0,0.0,0.0,0.0,0.0,-21.1,18.0,27.0,0.09183615471624539,232.6728153675746,2.787069506240713,3537.5988297965755
1986-01-27T07:00:00,extended_january,baseline,18.001325241737774,18.00002511431439,17.9980821524734,18.000308648201425,17.999551685162416,0.0,0.0,0.0,0.0,0.0,-21.1,18.0,27.0,0.09183615471624539,232.76465152229085,2.8259199305625518,3540.424749727138
1986-01-27T07:15:00,extended_january,baseline,17.99988081122877,18.000381779248713,17.99879716609661,17.998225569990932,17.999544389802082,0.0,0.0,0.0,0.0,0.0,-21.1,18.0,27.0,0.09183615471624539,232.8564876770071,2.8520462704363876,3543.2767959975745
1986-01-27T07:30:00,extended_january,baseline,18.000260418820247,18.001281734351632,18.000416094202404,17.99990170983592,18.000124840657094,0.0,0.0,0.0,0.0,0.0,-21.1,18.0,27.0,0.09183615471624539,232.94832383172334,2.6863180313616506,3545.963114028936
1986-01-27T07:45:00,extended_january,baseline,17.99950468485671,17.998502729898615,18.001005666972965,17.99907242443001,17.99980304109697,0.0,0.0,0.0,0.0,0.0,-21.1,18.0,27.0,0.09183615471624539,233.0401599864396,2.605299307260232,3548.5684133361965
1986-01-27T08:00:00,extended_january,baseline,18.00152496290779,18.000644606768304,18.00077345591434,17.999747369411534,18.000081675664944,0.0,0.0,0.0,0.0,0.0,-21.1,18.0,27.0,0.09183615471624539,233.13199614115584,2.52285113042592,3551.0912644666223
1986-01-27T08:15:00,extended_january,baseline,18.000514800423606,18.065839871994815,17.99956855403327,17.99899565282852,18.00028642767043,0.0,0.0,0.0,0.0,0.0,-20.825000000000003,18.0,27.0,0.09183615471624539,233.22383229587209,2.3636759419387388,3553.454940408561
1986-01-27T08:38:00,extended_january,baseline,18.00045320231039,18.565875185991903,18.000169787914636,17.999590470003824,18.000337104381817,0.0,0.0,0.0,0.0,0.0,-20.55,18.0,27.0,0.09183615471624539,233.31566845058833,2.2645345369928154,3555.719474945554
1986-01-27T08:53:00,extended_january,baseline,18.00009500765362,19.032651018607154,18.001026602109146,18.001221985921298,18.00028527187059,0.0,0.0,0.0,0.0,0.0,-20.275,18.0,27.0,0.09183615471624539,233.40750460530458,2.1740810929218917,3557.8935560384757
1986-01-27T09:08:00,extended_january,baseline,17.999627518217412,19.43374673899355,17.999764535518658,18.000949333503744,18.000273459768533,0.0,0.0,0.0,0.0,0.0,-20.0,18.0,27.0,0.09183615471624539,233.49934076002083,2.0676763126390676,3559.9612323511146
1986-01-27T09:23:00,extended_january,baseline,18.000310118307226,19.835299908657465,17.999864366699185,17.99924241415293,18.000162400418393,0.0,0.0,0.0,0.0,0.0,-19.45,18.0,27.0,0.09183615471624539,233.59117691473708,1.9479515571122819,3561.909183908227
1986-01-27T09:38:00,extended_january,baseline,18.000528166847275,20.21582612663145,17.999612797307233,18.00087091206829,17.999966985517034,0.0,0.0,0.0,0.0,0.0,-18.9,18.0,27.0,0.09183615471624539,233.68301306945332,1.8201052563375604,3563.7292891645648
1986-01-27T09:53:00,extended_january,baseline,18.001038376068312,20.533937743763214,18.000118809746095,18.0000914607838,18.000319846790898,0.0,0.0,0.0,0.0,0.0,-18.35,18.0,27.0,0.09183615471624539,233.77484922416957,1.6833050268618586,3565.4125941914267
1986-01-27T10:00:00,extended_january,baseline,17.999063468166813,20.75260012169696,17.999685849024804,17.998383704249118,17.999798342851353,0.0,0.0,0.0,0.0,0.0,-17.8,18.0,27.0,0.09183615471624539,233.86668537888582,1.5450308869638272,3566.9576250783907
1986-01-27T10:15:00,extended_january,baseline,18.001195817820903,20.962529670372067,17.999109276484617,17.999173970298717,18.00029712072117,0.0,0.0,0.0,0.0,0.0,-17.525000000000002,18.0,27.0,0.09183615471624539,233.95852153360207,1.4416826599521222,3568.399307738343
1986-01-27T10:30:00,extended_january,baseline,17.999350183979647,21.115648544998617,18.0000370306342,18.000037885578823,17.99982042588264,0.0,0.0,0.0,0.0,0.0,-17.25,18.0,27.0,0.09183615471624539,234.05035768831831,1.3149299239779626,3569.714237662321
1986-01-27T10:45:00,extended_january,baseline,18.00020913795857,21.205245797736637,18.001129795261356,17.99951258126248,18.000045717965733,0.0,0.0,0.0,0.0,0.0,-16.974999999999998,18.0,27.0,0.09183615471624539,234.14219384303456,1.1947440612531917,3570.908981723574
1986-01-27T11:00:00,extended_january,baseline,18.000108265606496,21.233151738736467,18.001248813926434,17.999312155629354,18.00028834839247,0.0,0.0,0.0,0.0,0.0,-16.7,18.0,27.0,0.09183615471624539,234.2340299977508,1.074667659563055,3571.983649383137
1986-01-27T11:15:00,extended_january,baseline,18.00060190406614,21.201233725046194,18.000238580287306,18.00187420935159,18.004516686805232,0.0,0.0,0.0,0.0,0.0,-16.549999999999997,18.0,27.0,0.09183615471624539,234.32586615246706,0.9704369183511596,3572.954086301488
1986-01-27T11:30:00,extended_january,baseline,18.000473231640512,21.112870525233184,18.000245115818693,18.00056556025849,18.020454177477255,0.0,0.0,0.0,0.0,0.0,-16.4,18.0,27.0,0.09183615471624539,234.4177023071833,0.8708291223425021,3573.8249154238306
1986-01-27T11:45:00,extended_january,baseline,18.062243940677078,20.96523604036796,17.99937487710029,17.99959072298215,18.04392365626475,0.0,0.0,0.0,0.0,0.0,-16.25,18.0,27.0,0.09183615471624539,234.50953846189955,0.7954129490672003,3574.620328372898
1986-01-27T12:00:00,extended_january,baseline,18.234463724815498,20.763004821147632,17.99968969554275,18.001273352532724,18.0700142203668,0.0,0.0,0.0,0.0,0.0,-16.1,18.0,27.0,0.09183615471624539,234.6013746166158,0.7482081836572576,3575.3685365565552
1986-01-27T12:15:00,extended_january,baseline,18.465027142031808,20.51070021543618,17.999909038376682,18.000500713225126,18.092603854468383,0.0,0.0,0.0,0.0,0.0,-15.825000000000001,18.0,27.0,0.09183615471624539,234.69321077133205,0.710683899123057,3576.0792204556783
1986-01-27T12:30:00,extended_january,baseline,18.715012793158277,20.217914832895442,17.999610680732307,18.000381891581508,18.112752634014573,0.0,0.0,0.0,0.0,0.0,-15.55,18.0,27.0,0.09183615471624539,234.7850469260483,0.6789584415028742,3576.758178897181
1986-01-27T12:53:00,extended_january,baseline,19.019342809312665,19.822361480113614,17.999569343585684,18.000718186292495,18.1366500535296,0.0,0.0,0.0,0.0,0.0,-15.275,18.0,27.0,0.09183615471624539,234.87688308076454,0.6194434452300239,3577.377622342411
1986-01-27T13:08:00,extended_january,baseline,19.284655214069208,19.465396420154416,18.00009148577322,17.998835847475657,18.158110739236825,0.0,0.0,0.0,0.0,0.0,-15.0,18.0,27.0,0.09183615471624539,234.9687192354808,0.6014404901432124,3577.9790628325545
1986-01-27T13:23:00,extended_january,baseline,19.57720085859264,19.12850074927098,18.000752569379458,17.999964778022647,18.204558275365567,0.0,0.0,0.0,0.0,0.0,-15.0,18.0,27.0,0.09183615471624539,235.06055539019704,0.5704880911138296,3578.5495509236684
1986-01-27T13:38:00,extended_january,baseline,19.8810718112858,18.809784753162962,18.00055466789678,17.99997284859893,18.26054085498865,0.0,0.0,0.0,0.0,0.0,-15.0,18.0,27.0,0.09183615471624539,235.15239154491329,0.5393136660545638,3579.088864589723
1986-01-27T13:45:00,extended_january,baseline,20.08465839023181,18.577388328284865,18.000282442624535,18.00022166943828,18.308261575358337,0.0,0.0,0.0,0.0,0.0,-15.0,18.0,27.0,0.09183615471624539,235.24422769962953,0.5158948643640676,3579.604759454087
1986-01-27T14:00:00,extended_january,baseline,20.311863281610606,18.328934757253286,17.999833390466765,17.998706083421833,18.36609845324398,0.0,0.0,0.0,0.0,0.0,-15.0,18.0,27.0,0.09183615471624539,235.33606385434578,0.5139193694164308,3580.118678823503
1986-01-27T14:15:00,extended_january,baseline,20.4581028333879,18.101386042333534,17.999783205563844,17.999534867662753,18.395311816089084,0.0,0.0,0.0,0.0,0.0,-15.15,18.0,27.0,0.09183615471624539,235.42790000906203,0.5115956806209172,3580.630274504124
1986-01-27T14:30:00,extended_january,baseline,20.545548698099303,18.00788937541432,18.000629558381522,18.000244298276368,18.4032999873199,0.0,0.0,0.0,0.0,0.0,-15.3,18.0,27.0,0.09183615471624539,235.51973616377828,0.5510330693724059,3581.1813075734963
1986-01-27T14:45:00,extended_january,baseline,20.63679936980931,18.00143596158957,18.000217654243556,18.00029349472509,18.402001476391963,0.0,0.0,0.0,0.0,0.0,-15.45,18.0,27.0,0.09183615471624539,235.61157231849452,0.5941697775641789,3581.7754773510605
1986-01-27T15:00:00,extended_january,baseline,20.72962626572828,18.000200148632207,18.001207243140094,17.998456588750486,18.39607179829746,0.0,0.0,0.0,0.0,0.0,-15.6,18.0,27.0,0.09183615471624539,235.70340847321077,0.6275080223568126,3582.4029853734173
1986-01-27T15:15:00,extended_january,baseline,20.847732006385044,18.00010892624585,17.998861663643833,18.000103219705842,18.405057553835473,0.0,0.0,0.0,0.0,0.0,-15.6,18.0,27.0,0.09183615471624539,235.79524462792702,0.6359876227714166,3583.038972996189
1986-01-27T15:30:00,extended_january,baseline,20.961817845590332,17.999556725866146,18.000505003134798,18.000428505326315,18.425622043883674,0.0,0.0,0.0,0.0,0.0,-15.6,18.0,27.0,0.09183615471624539,235.88708078264327,0.6458930108220795,3583.684866007011
1986-01-27T15:45:00,extended_january,baseline,20.941332887672296,18.00105929240399,18.000207663406112,17.99960889225326,18.449011406814364,0.0,0.0,0.0,0.0,0.0,-15.6,18.0,27.0,0.09183615471624539,235.97891693735951,0.6645603881691821,3584.34942639518
1986-01-27T16:00:00,extended_january,baseline,20.76100095017202,18.00055928206159,18.00106064968209,17.999995130968184,18.46999328792769,0.0,0.0,0.0,0.0,0.0,-15.6,18.0,27.0,0.09183615471624539,236.07075309207576,0.6841500710501105,3585.0335764662304
1986-01-27T16:23:00,extended_january,baseline,20.37852697620833,17.999065890981257,17.99951362174708,17.99917840909682,18.46673861288145,0.0,0.0,0.0,0.0,0.0,-16.0,18.0,27.0,0.09183615471624539,236.162589246792,0.7411427022518844,3585.7747191684825
1986-01-27T16:38:00,extended_january,baseline,19.879544716397508,18.000938184025127,18.000162874419907,17.99972748783469,18.443892203718214,0.0,0.0,0.0,0.0,0.0,-16.4,18.0,27.0,0.09183615471624539,236.25442540150826,0.8060288578890131,3586.5807480263716
1986-01-27T16:53:00,extended_january,baseline,19.34586907671332,18.000750696407422,17.99888551451106,17.99866310299091,18.40816048732164,0.0,0.0,0.0,0.0,0.0,-16.799999999999997,18.0,27.0,0.09183615471624539,236.3462615562245,0.8810020335979204,3587.4617500599693
1986-01-27T17:05:00,extended_january,baseline,18.503056347392988,18.000184964153974,18.00026842379272,17.99883261607956,18.35800589072331,0.0,0.0,0.0,0.0,0.0,-17.2,18.0,27.0,0.09183615471624539,236.43809771094075,1.0274970108069819,3588.4892470707764
1986-01-27T17:23:00,extended_january,baseline,18.046424850887313,18.00055406241904,18.000601454339783,17.998627187917624,18.338427475658747,0.0,0.0,0.0,0.0,0.0,-17.349999999999998,18.0,27.0,0.09183615471624539,236.529933865657,1.042412012564978,3589.5316590833413
1986-01-27T17:30:00,extended_january,baseline,18.002690025209553,18.000388149372203,17.998882343355238,17.998489239447473,18.32686193299698,0.0,0.0,0.0,0.0,0.0,-17.5,18.0,27.0,0.09183615471624539,236.62177002037325,1.1667767096076473,3590.698435792949
1986-01-27T17:45:00,extended_january,baseline,18.000407740251795,18.000456110242325,18.000569407055355,17.99870578152233,18.31622704640521,0.0,0.0,0.0,0.0,0.0,-17.650000000000002,18.0,27.0,0.09183615471624539,236.7136061750895,1.3106504270435357,3592.0090862199927
1986-01-27T18:00:00,extended_january,baseline,17.999370228591896,17.998096298656932,18.00145150910184,17.99912001154503,18.31008417215415,0.0,0.0,0.0,0.0,0.0,-17.8,18.0,27.0,0.09183615471624539,236.80544232980574,1.4146594971067308,3593.4237457170993
1986-01-27T18:15:00,extended_january,baseline,18.000501160015478,17.999543560129453,17.999446370396633,17.99847677615044,18.297848885428444,0.0,0.0,0.0,0.0,0.0,-17.8,18.0,27.0,0.09183615471624539,236.897278484522,1.5286474938064945,3594.952393210906
1986-01-27T18:30:00,extended_january,baseline,17.99945126195469,18.001141349842104,17.999688153004566,17.999214184747647,18.282312638146944,0.0,0.0,0.0,0.0,0.0,-17.8,18.0,27.0,0.09183615471624539,236.98911463923824,1.6179217812720497,3596.570314992178
1986-01-27T18:45:00,extended_january,baseline,18.001189429454467,18.00183853218493,17.998674761720057,17.99943324024506,18.267828709002345,0.0,0.0,0.0,0.0,0.0,-17.8,18.0,27.0,0.09183615471624539,237.08095079395449,1.6822893724571186,3598.252604364635
1986-01-27T19:00:00,extended_january,baseline,17.999977391044975,17.99914214928935,17.99931380442691,17.99991494934566,18.25583360828766,0.0,0.0,0.0,0.0,0.0,-17.8,18.0,27.0,0.09183615471624539,237.17278694867073,1.7304468023581392,3599.983051166993
1986-01-27T19:15:00,extended_january,baseline,18.00103292662683,17.998035254344106,17.99945282262427,17.999244000466668,18.270746444271865,0.0,0.0,0.0,0.0,0.0,-17.925,18.0,27.0,0.09183615471624539,237.26462310338698,1.7178805565697286,3601.7009317235625
1986-01-27T19:30:00,extended_january,baseline,18.00109496090903,18.00014297918894,17.99933696453413,18.000812509734853,18.306417961294578,0.0,0.0,0.0,0.0,0.0,-18.05,18.0,27.0,0.09183615471624539,237.35645925810323,1.7136361244988014,3603.4145678480613
1986-01-27T19:45:00,extended_january,baseline,18.00125887438723,17.99959233604306,18.00048935701653,18.000870524393832,18.352255028651395,0.0,0.0,0.0,0.0,0.0,-18.175,18.0,27.0,0.09183615471624539,237.44829541281948,1.7014624138603023,3605.1160302619214
1986-01-27T20:00:00,extended_january,baseline,17.99942348534984,18.00090312748036,18.000997114952515,18.001639164004622,18.4036434321862,0.0,0.0,0.0,0.0,0.0,-18.3,18.0,27.0,0.09183615471624539,237.54013156753572,1.6836962949834953,3606.7997265569047
1986-01-27T20:15:00,extended_january,baseline,17.998845948567705,18.00116422304982,17.9997517456496,18.001464868327684,18.434603561296115,0.0,0.0,0.0,0.0,0.0,-18.175,18.0,27.0,0.09183615471624539,237.63196772225197,1.7028053666423848,3608.502531923547
1986-01-27T20:30:00,extended_january,baseline,18.00034473019943,17.998393870662348,18.000700169346146,18.002181670804564,18.450748753158997,0.0,0.0,0.0,0.0,0.0,-18.05,18.0,27.0,0.09183615471624539,237.72380387696822,1.71143432538964,3610.2139662489367
1986-01-27T20:45:00,extended_january,baseline,18.000353246489208,18.000953718045004,17.999299638327045,17.998946824690563,18.462423984975686,0.0,0.0,0.0,0.0,0.0,-17.925,18.0,27.0,0.09183615471624539,237.81564003168447,1.7108419586269294,3611.9248082075637
1986-01-27T21:00:00,extended_january,baseline,17.998741234807554,17.999076774574373,17.998548275197326,18.000259940409933,18.473686250882977,0.0,0.0,0.0,0.0,0.0,-17.8,18.0,27.0,0.09183615471624539,237.90747618640071,1.7095071277883211,3613.634315335352
1986-01-27T21:15:00,extended_january,baseline,17.999013000553788,18.000338526008438,18.000325960220945,18.0006373606619,18.472851414671048,0.0,0.0,0.0,0.0,0.0,-17.650000000000002,18.0,27.0,0.09183615471624539,237.99931234111696,1.7381713415308282,3615.3724866768825
1986-01-27T21:30:00,extended_january,baseline,17.99943558960996,17.99909637852185,17.998831298890654,17.99995037379698,18.462928206551386,0.0,0.0,0.0,0.0,0.0,-17.5,18.0,27.0,0.09183615471624539,238.0911484958332,1.753964541853427,3617.126451218736
1986-01-27T21:45:00,extended_january,baseline,18.000563169465075,18.00179175607582,17.99966107793973,17.999620816999762,18.44943849676109,0.0,0.0,0.0,0.0,0.0,-17.349999999999998,18.0,27.0,0.09183615471624539,238.18298465054946,1.7713042810883417,3618.897755499824
1986-01-27T22:00:00,extended_january,baseline,18.00067734294881,17.999079035112583,18.000746584013203,18.00015757459891,18.43479474683921,0.0,0.0,0.0,0.0,0.0,-17.2,18.0,27.0,0.09183615471624539,238.2748208052657,1.7842370934909233,3620.681992593315
1986-01-27T22:15:00,extended_january,baseline,17.999813385812278,18.000545049546282,18.00075362356399,18.000911832319506,18.4127579147826,0.0,0.0,0.0,0.0,0.0,-17.2,18.0,27.0,0.09183615471624539,238.36665695998195,1.8160103496035176,3622.4980029429184
1986-01-27T22:30:00,extended_january,baseline,17.99847444295241,17.999719473409368,17.999538632946763,18.001409625864728,18.385249370114288,0.0,0.0,0.0,0.0,0.0,-17.2,18.0,27.0,0.09183615471624539,238.4584931146982,1.8431145036197647,3624.341117446538
1986-01-27T22:45:00,extended_january,baseline,18.001321727270764,17.99908467550165,18.000211263566143,18.0017003998614,18.355218282970487,0.0,0.0,0.0,0.0,0.0,-17.2,18.0,27.0,0.09183615471624539,238.55032926941445,1.8686172398368992,3626.209734686375
1986-01-27T23:00:00,extended_january,baseline,18.000067922271757,17.999226442155823,18.001247749949517,18.001994267303676,18.324003828323935,0.0,0.0,0.0,0.0,0.0,-17.2,18.0,27.0,0.09183615471624539,238.6421654241307,1.8913618018940503,3628.1010964882694
1986-01-27T23:15:00,extended_january,baseline,18.00069565885323,17.997904244689664,18.000128953907716,18.000475609446966,18.30397263472453,0.0,0.0,0.0,0.0,0.0,-17.2,18.0,27.0,0.09183615471624539,238.73400157884694,1.8925882493726387,3629.993684737642
1986-01-27T23:30:00,extended_january,baseline,18.001502444612644,18.001151284390847,18.000219283100986,17.99796083974941,18.292248421383572,0.0,0.0,0.0,0.0,0.0,-17.2,18.0,27.0,0.09183615471624539,238.8258377335632,1.899715062936054,3631.893399800578
1986-01-27T23:45:00,extended_january,baseline,17.999511847324143,17.999383584877286,17.999200406818474,18.000814512326656,18.283686072400137,0.0,0.0,0.0,0.0,0.0,-17.2,18.0,27.0,0.09183615471624539,238.91767388827944,1.9022630022114986,3633.7956628027896
1986-01-28T00:00:00,extended_january,baseline,18.001079899324722,17.999153814098015,17.999612784968125,18.001622008341865,18.27623142684727,0.0,0.0,0.0,0.0,0.0,-17.2,18.0,27.0,0.09183615471624539,239.0095100429957,1.909132419460563,3635.70479522225
1986-01-28T00:15:00,extended_january,baseline,18.001249728538042,18.00049982544967,17.99945584586847,17.999433248707128,18.27551424430456,0.0,0.0,0.0,0.0,0.0,-17.2,18.0,27.0,0.09183615471624539,239.10134619771193,1.9003575325131608,3637.6051527547634
1986-01-28T00:30:00,extended_january,baseline,17.999937578496798,17.999687748883186,17.998783422683665,18.00191990466863,18.28003121797873,0.0,0.0,0.0,0.0,0.0,-17.2,18.0,27.0,0.09183615471624539,239.19318235242818,1.8958746881428492,3639.5010274429064
1986-01-28T00:45:00,extended_january,baseline,17.999075169964875,18.00035575289159,18.00078615988169,17.999637952635037,18.287204399246324,0.0,0.0,0.0,0.0,0.0,-17.2,18.0,27.0,0.09183615471624539,239.28501850714443,1.8891473552676121,3641.390174798174
1986-01-28T01:00:00,extended_january,baseline,17.999021890752488,17.99987339931188,17.99978604283955,17.999029154964916,18.295672624687768,0.0,0.0,0.0,0.0,0.0,-17.2,18.0,27.0,0.09183615471624539,239.37685466186068,1.8809908816911316,3643.271165679865
1986-01-28T01:15:00,extended_january,baseline,17.99842849254444,17.998968723783058,18.00080799970486,17.998821250047715,18.29918516605558,0.0,0.0,0.0,0.0,0.0,-17.2,18.0,27.0,0.09183615471624539,239.46869081657692,1.8856963730708418,3645.156862052936
1986-01-28T01:30:00,extended_january,baseline,17.999565581581038,17.998134727113637,17.99891077322045,17.99824813870402,18.299159909569674,0.0,0.0,0.0,0.0,0.0,-17.2,18.0,27.0,0.09183615471624539,239.56052697129317,1.887258579810535,3647.0441206327464
1986-01-28T01:45:00,extended_january,baseline,17.99985941352471,18.000197867738805,17.999591831685755,18.00031090906283,18.298088946989687,0.0,0.0,0.0,0.0,0.0,-17.2,18.0,27.0,0.09183615471624539,239.65236312600942,1.8906987630693606,3648.934819395816
1986-01-28T02:00:00,extended_january,baseline,18.001465000265522,17.998413988123083,18.000201064820736,17.998469443462405,18.2969165994241,0.0,0.0,0.0,0.0,0.0,-17.2,18.0,27.0,0.09183615471624539,239.74419928072567,1.8919283719233901,3650.826747767739
1986-01-28T02:15:00,extended_january,baseline,18.00052431739417,18.000507948965076,18.001261971842183,17.997898306187786,18.283751160506785,0.0,0.0,0.0,0.0,0.0,-17.2,18.0,27.0,0.09183615471624539,239.83603543544191,1.915982837543933,3652.742730605283
1986-01-28T02:30:00,extended_january,baseline,17.99995288940954,18.000017874310583,17.999739430581403,17.99863802890125,18.261621397404245,0.0,0.0,0.0,0.0,0.0,-17.2,18.0,27.0,0.09183615471624539,239.92787159015816,1.9398462843508317,3654.682576889634
1986-01-28T02:45:00,extended_january,baseline,17.999950680900344,17.99948302327325,18.000990019005748,17.999459466573263,18.23582122760988,0.0,0.0,0.0,0.0,0.0,-17.2,18.0,27.0,0.09183615471624539,240.0197077448744,1.9610162820807109,3656.643593171715
1986-01-28T03:00:00,extended_january,baseline,17.999738600468184,17.999377000728394,17.99957280074365,17.9999091278156,18.208531961201444,0.0,0.0,0.0,0.0,0.0,-17.2,18.0,27.0,0.09183615471624539,240.11154389959066,1.9820052377341915,3658.625598409449
1986-01-28T03:15:00,extended_january,baseline,18.00048662479272,17.999831032313377,17.999284902630848,18.00034806316359,18.20473167194548,0.0,0.0,0.0,0.0,0.0,-17.075,18.0,27.0,0.09183615471624539,240.2033800543069,1.9531355965956223,3660.5787340060447
1986-01-28T03:30:00,extended_january,baseline,17.99987133883991,18.000889233654824,18.000886954999313,18.001232546885866,18.21822410047625,0.0,0.0,0.0,0.0,0.0,-16.95,18.0,27.0,0.09183615471624539,240.29521620902315,1.9295092178947328,3662.508243223939
1986-01-28T03:45:00,extended_january,baseline,18.000670910610115,17.99957974729644,18.000880473052327,17.999705434879598,18.238362208217747,0.0,0.0,0.0,0.0,0.0,-16.825,18.0,27.0,0.09183615471624539,240.3870523637394,1.9068285380751016,3664.415071762014
1986-01-28T04:00:00,extended_january,baseline,17.9995785827395,17.99959745652555,17.99996309717086,17.999496482786554,18.26091383086873,0.0,0.0,0.0,0.0,0.0,-16.7,18.0,27.0,0.09183615471624539,240.47888851845565,1.8822666087992224,3666.297338370813
1986-01-28T04:15:00,extended_january,baseline,18.001540503799227,18.00174619836721,18.000220008385753,18.00142156557347,18.284420644241152,0.0,0.0,0.0,0.0,0.0,-16.7,18.0,27.0,0.09183615471624539,240.5707246731719,1.8630861196285664,3668.1604244904415
1986-01-28T04:30:00,extended_january,baseline,18.001418301451015,18.002062664460844,18.001328864267627,18.0014877599163,18.309368303447453,0.0,0.0,0.0,0.0,0.0,-16.7,18.0,27.0,0.09183615471624539,240.66256082788814,1.8416454537192568,3670.0020699441607
1986-01-28T04:45:00,extended_january,baseline,17.998928038913586,18.000923286050405,18.00021724279677,18.00009023733168,18.335694140429833,0.0,0.0,0.0,0.0,0.0,-16.7,18.0,27.0,0.09183615471624539,240.7543969826044,1.8204551202482953,3671.822525064409
1986-01-28T05:00:00,extended_january,baseline,18.00021485176769,17.99930293232785,17.99968724123426,17.998214518074356,18.36315240720384,0.0,0.0,0.0,0.0,0.0,-16.7,18.0,27.0,0.09183615471624539,240.84623313732064,1.8006894317153546,3673.6232144961245
1986-01-28T05:15:00,extended_january,baseline,17.99974779097007,18.000819074844827,18.000205869736426,17.99963916201678,18.37386094933326,0.0,0.0,0.0,0.0,0.0,-16.7,18.0,27.0,0.09183615471624539,240.9380692920369,1.813413567345802,3675.4366280634704
1986-01-28T05:30:00,extended_january,baseline,17.999244437160076,17.99806571350202,18.000788385758263,17.99985863756344,18.37216312083584,0.0,0.0,0.0,0.0,0.0,-16.7,18.0,27.0,0.09183615471624539,241.02990544675313,1.822139159997227,3677.2587672234677
1986-01-28T05:45:00,extended_january,baseline,18.001327043893465,18.00059609713089,18.000815117536696,17.998325533955818,18.365596649750415,0.0,0.0,0.0,0.0,0.0,-16.7,18.0,27.0,0.09183615471624539,241.12174160146938,1.8312222638786961,3679.0899894873464
1986-01-28T06:00:00,extended_january,baseline,18.000105919081594,18.00134802068444,18.00047140950611,17.99905244398953,18.35736856178791,0.0,0.0,0.0,0.0,0.0,-16.7,18.0,27.0,0.09183615471624539,241.21357775618563,1.8399282188494808,3680.9299177061957
1986-01-28T06:15:00,extended_january,baseline,18.00151022157024,18.001542343273016,18.00061250454134,18.00015019614589,18.353826418091206,0.0,0.0,0.0,0.0,0.0,-16.7,18.0,27.0,0.09183615471624539,241.30541391090188,1.8365446629872788,3682.766462369183
1986-01-28T06:30:00,extended_january,baseline,18.00055702244387,18.001834132977887,17.998634850333122,18.000698269724893,18.353438671896168,0.0,0.0,0.0,0.0,0.0,-16.7,18.0,27.0,0.09183615471624539,241.39725006561812,1.836144641442518,3684.6026070106254
1986-01-28T06:45:00,extended_january,baseline,17.999850791418226,17.99939412406702,17.999969900290775,18.001155316319274,18.353767373131774,0.0,0.0,0.0,0.0,0.0,-16.7,18.0,27.0,0.09183615471624539,241.48908622033437,1.8361276887125284,3686.438734699338
1986-01-28T07:00:00,extended_january,baseline,17.999881169143283,18.00108597051715,17.999063027043388,18.00158318160999,18.35400074024149,0.0,0.0,0.0,0.0,0.0,-16.7,18.0,27.0,0.09183615471624539,241.58092237505062,1.8346635731187189,3688.2733982724567
1986-01-28T07:15:00,extended_january,baseline,17.999327885771073,17.99901455928274,17.999965997983537,17.998224601521866,18.343570361768556,0.0,0.0,0.0,0.0,0.0,-16.549999999999997,18.0,27.0,0.09183615471624539,241.67275852976687,1.8200404606365885,3690.093438733093
1986-01-28T07:30:00,extended_january,baseline,17.99989100859891,17.998414541391316,18.000498517800583,17.999660075129754,18.32573340999026,0.0,0.0,0.0,0.0,0.0,-16.4,18.0,27.0,0.09183615471624539,241.76459468448311,1.8084947331973866,3691.9019334662903
1986-01-28T07:45:00,extended_january,baseline,17.998657912079167,17.99940592881966,17.99899167101746,18.001720665205653,18.305517844723205,0.0,0.0,0.0,0.0,0.0,-16.25,18.0,27.0,0.09183615471624539,241.85643083919936,1.798500911760412,3693.700434378051
1986-01-28T08:00:00,extended_january,baseline,17.999460126511,17.998940629253436,18.000847527933534,17.998262372171485,18.284857141252445,0.0,0.0,0.0,0.0,0.0,-16.1,18.0,27.0,0.09183615471624539,241.9482669939156,1.7891264966117066,3695.4895608746624
1986-01-28T08:15:00,extended_january,baseline,18.00057328517491,17.999673881654783,18.00003030285673,18.00106111116979,18.287546650837474,0.0,0.0,0.0,0.0,0.0,-15.825000000000001,18.0,27.0,0.09183615471624539,242.04010314863186,1.723943688551473,3697.213504563214
1986-01-28T08:30:00,extended_january,baseline,18.00074662671502,17.99972244309823,18.00054974258027,17.999275414066112,18.307513261079993,0.0,0.0,0.0,0.0,0.0,-15.55,18.0,27.0,0.09183615471624539,242.1319393033481,1.6656800171501314,3698.879184580364
1986-01-28T08:45:00,extended_january,baseline,17.999699029149976,17.99933559077117,18.001348936403733,18.0006698970909,18.33456506450863,0.0,0.0,0.0,0.0,0.0,-15.275,18.0,27.0,0.09183615471624539,242.22377545806435,1.5881678045267178,3700.4673523848905
1986-01-28T09:00:00,extended_january,baseline,18.000895617881152,18.000172958899018,18.000312431907695,17.99856194393754,18.364776375507578,0.0,0.0,0.0,0.0,0.0,-15.0,18.0,27.0,0.09183615471624539,242.3156116127806,1.5063935496914669,3701.973745934582
1986-01-28T09:15:00,extended_january,baseline,17.998782945638162,18.001651759251764,18.00009669305135,18.001088150170958,18.37153566364336,0.0,0.0,0.0,0.0,0.0,-14.45,18.0,27.0,0.09183615471624539,242.40744776749685,1.4599215845477858,3703.43366751913
1986-01-28T09:30:00,extended_january,baseline,17.99925960554005,17.999406097224163,18.00000936859224,18.001342059869852,18.362115355329866,0.0,0.0,0.0,0.0,0.0,-13.9,18.0,27.0,0.09183615471624539,242.4992839222131,1.4045550344549,3704.8382225535847
1986-01-28T09:45:00,extended_january,baseline,17.99907921078639,18.000717718211455,18.001193448289843,18.001527107398555,18.348296911205622,0.0,0.0,0.0,0.0,0.0,-13.350000000000001,18.0,27.0,0.09183615471624539,242.59112007692934,1.3497779831514163,3706.188000536736
1986-01-28T10:00:00,extended_january,baseline,17.998760813031545,17.998690632807232,18.00086137473982,17.9983359109115,18.334674960141456,0.0,0.0,0.0,0.0,0.0,-12.8,18.0,27.0,0.09183615471624539,242.6829562316456,1.289271560851505,3707.4772720975875
1986-01-28T10:15:00,extended_january,baseline,18.001106256336225,17.999336182213632,18.00044517535796,17.999479421285795,18.333238569578548,0.0,0.0,0.0,0.0,0.0,-12.8,18.0,27.0,0.09183615471624539,242.77479238636184,1.227594140274045,3708.7048662378616
1986-01-28T10:30:00,extended_january,baseline,18.000993502791673,17.99981044911348,18.000555215105443,18.000434356375028,18.3405245463227,0.0,0.0,0.0,0.0,0.0,-12.8,18.0,27.0,0.09183615471624539,242.8666285410781,1.1636357893167735,3709.8685020271782
1986-01-28T10:45:00,extended_january,baseline,18.000634857144384,18.001126961861935,18.000250578242703,17.998963081575326,18.351151775379865,0.0,0.0,0.0,0.0,0.0,-12.8,18.0,27.0,0.09183615471624539,242.95846469579433,1.1254031710332084,3710.9939051982115
1986-01-28T11:00:00,extended_january,baseline,17.99967552439585,18.000002003997135,17.999967264489094,17.99897587096425,18.362563567440922,0.0,0.0,0.0,0.0,0.0,-12.8,18.0,27.0,0.09183615471624539,243.05030085051058,1.093761532121427,3712.087666730333
1986-01-28T11:15:00,extended_january,baseline,18.000349008001724,18.000342502114577,17.999176977121387,17.999721432736223,18.382114203431406,0.0,0.0,0.0,0.0,0.0,-12.375000000000002,18.0,27.0,0.09183615471624539,243.14213700522683,1.0428681037497556,3713.1305348340825
1986-01-28T11:30:00,extended_january,baseline,18.00027189126138,18.00056264729957,18.0004758651456,18.00049457586509,18.407504354630653,0.0,0.0,0.0,0.0,0.0,-11.95,18.0,27.0,0.09183615471624539,243.23397315994308,0.9934073713534589,3714.123942205436
1986-01-28T11:45:00,extended_january,baseline,18.0005714944758,18.000014834291925,18.000384353866043,18.00030517255104,18.43513963643651,0.0,0.0,0.0,0.0,0.0,-11.524999999999999,18.0,27.0,0.09183615471624539,243.32580931465932,0.9238347849769771,3715.047776990413
1986-01-28T12:00:00,extended_january,baseline,18.000280063887008,18.0005047308829,18.000050107892516,18.000018433888638,18.46390670090683,0.0,0.0,0.0,0.0,0.0,-11.1,18.0,27.0,0.09183615471624539,243.41764546937557,0.8501251469092892,3715.897902137322
1986-01-28T12:15:00,extended_january,baseline,18.000059788650837,18.00138696599598,18.000518951317666,18.00031655758746,18.476612664142905,0.0,0.0,0.0,0.0,0.0,-10.975,18.0,27.0,0.09183615471624539,243.50948162409182,0.8080724255877403,3716.70597456291
1986-01-28T12:30:00,extended_january,baseline,18.00010696159379,17.998935454031717,17.99986471640479,18.001005697126462,18.47780481769246,0.0,0.0,0.0,0.0,0.0,-10.85,18.0,27.0,0.09183615471624539,243.60131777880807,0.762715946756042,3717.468690509666
1986-01-28T12:45:00,extended_january,baseline,18.0003045551451,17.999929526175418,18.000507134443342,18.000510362331326,18.47526395008323,0.0,0.0,0.0,0.0,0.0,-10.725,18.0,27.0,0.09183615471624539,243.69315393352431,0.6996442890071856,3718.168334798673
1986-01-28T13:00:00,extended_january,baseline,18.000799690260802,17.999492543657404,18.000150642482726,18.000094607292596,18.472155805474873,0.0,0.0,0.0,0.0,0.0,-10.6,18.0,27.0,0.09183615471624539,243.78499008824056,0.6278023188545363,3718.796137117528
1986-01-28T13:15:00,extended_january,baseline,18.000711975846063,17.999063754410834,17.999306540676404,17.999497394357434,18.505205189617527,0.0,0.0,0.0,0.0,0.0,-10.299999999999999,18.0,27.0,0.09183615471624539,243.8768262429568,0.5242008893132899,3719.320338006841
1986-01-28T13:30:00,extended_january,baseline,18.000507468638705,18.000681268663723,17.99987024461314,18.000362126442663,18.56474891262496,0.0,0.0,0.0,0.0,0.0,-10.0,18.0,27.0,0.09183615471624539,243.96866239767306,0.42031638846361363,3719.740654395305
1986-01-28T13:45:00,extended_january,baseline,18.022013668256285,17.999172336516803,17.999546918704777,18.001160930225396,18.634131691696464,0.0,0.0,0.0,0.0,0.0,-9.700000000000001,18.0,27.0,0.09183615471624539,244.0604985523893,0.3776732369146508,3720.1183276322195
1986-01-28T14:00:00,extended_january,baseline,18.04565576986428,17.99862822996524,17.99913860447928,18.001513616366523,18.704965190650388,0.0,0.0,0.0,0.0,0.0,-9.4,18.0,27.0,0.09183615471624539,244.15233470710555,0.344762776091425,3720.463090408311
1986-01-28T14:15:00,extended_january,baseline,18.002058132394037,18.000171225274638,18.00051323298894,17.99906747400916,18.73690127866778,0.0,0.0,0.0,0.0,0.0,-9.275,18.0,27.0,0.09183615471624539,244.2441708618218,0.36632063923822145,3720.8294110475495
1986-01-28T14:30:00,extended_january,baseline,17.999654111890184,18.000829500989585,17.999640351350525,17.99940487774872,18.738604870011518,0.0,0.0,0.0,0.0,0.0,-9.15,18.0,27.0,0.09183615471624539,244.33600701653805,0.4526163516233553,3721.282027399173
1986-01-28T14:45:00,extended_january,baseline,17.99940468379921,17.999902839701278,18.000053547985395,17.999825164325312,18.7268854935663,0.0,0.0,0.0,0.0,0.0,-9.025,18.0,27.0,0.09183615471624539,244.4278431712543,0.5033173530148635,3721.785344752188
1986-01-28T15:00:00,extended_january,baseline,18.000347608863386,18.000117784348785,18.000354407315037,18.00082552417552,18.709651432856145,0.0,0.0,0.0,0.0,0.0,-8.9,18.0,27.0,0.09183615471624539,244.51967932597054,0.5647035024536589,3722.3500482546415
1986-01-28T15:15:00,extended_january,baseline,18.000126836724935,17.999099175638257,18.000246848027306,17.999563398311125,18.69713161141718,0.0,0.0,0.0,0.0,0.0,-8.9,18.0,27.0,0.09183615471624539,244.6115154806868,0.6191229351024475,3722.969171189744
1986-01-28T15:30:00,extended_january,baseline,17.99930991603818,18.001074063712046,17.999339047293745,17.99959868112215,18.687544753725415,0.0,0.0,0.0,0.0,0.0,-8.9,18.0,27.0,0.09183615471624539,244.70335163540304,0.6788878528883344,3723.648059042632
1986-01-28T15:45:00,extended_january,baseline,18.000093812206547,17.99974338408486,17.999762345700013,17.99967775089301,18.67772635075232,0.0,0.0,0.0,0.0,0.0,-8.9,18.0,27.0,0.09183615471624539,244.7951877901193,0.7439484097544705,3724.3920074523867
1986-01-28T16:00:00,extended_january,baseline,18.000564169208296,17.999099979036497,18.000022891033602,18.001368931468686,18.66650789674193,0.0,0.0,0.0,0.0,0.0,-8.9,18.0,27.0,0.09183615471624539,244.88702394483553,0.8130112502503825,3725.205018702637
1986-01-28T16:15:00,extended_january,baseline,18.000955490903547,18.000552271299682,18.00060412607158,18.000815579617818,18.663737845813777,0.0,0.0,0.0,0.0,0.0,-8.75,18.0,27.0,0.09183615471624539,244.97886009955178,0.8609791374548414,3726.0659978400918
1986-01-28T16:30:00,extended_january,baseline,17.99966185483873,17.999669852753108,17.99929139118269,18.00028139481972,18.66688588948897,0.0,0.0,0.0,0.0,0.0,-8.600000000000001,18.0,27.0,0.09183615471624539,245.07069625426803,0.9100714430145231,3726.9760692831064
1986-01-28T16:45:00,extended_january,baseline,18.000769500774005,18.000009837877986,18.000140029964392,18.00118696663225,18.67172800144875,0.0,0.0,0.0,0.0,0.0,-8.450000000000001,18.0,27.0,0.09183615471624539,245.16253240898428,0.9252412773377635,3727.901310560444
1986-01-28T17:00:00,extended_january,baseline,17.999990041041233,18.00086081803812,18.000885755910602,18.000508483496443,18.676876680186307,0.0,0.0,0.0,0.0,0.0,-8.3,18.0,27.0,0.09183615471624539,245.25436856370052,0.9714171753694231,3728.8727277358134
1986-01-28T17:15:00,extended_january,baseline,17.99906400781368,17.99866137934891,17.999156430125478,18.001226527104272,18.667289181897615,0.0,0.0,0.0,0.0,0.0,-8.3,18.0,27.0,0.09183615471624539,245.34620471841677,1.0157308164967,3729.88845855231
1986-01-28T17:30:00,extended_january,baseline,18.00067903218552,18.00123227069697,17.99994674881761,18.001281376351933,18.647037810471343,0.0,0.0,0.0,0.0,0.0,-8.3,18.0,27.0,0.09183615471624539,245.43804087313302,1.0567964566084853,3730.9452550089186
1986-01-28T17:45:00,extended_january,baseline,18.000827790854483,18.000144907193516,17.999715235997876,18.000027228334368,18.622894901596535,0.0,0.0,0.0,0.0,0.0,-8.3,18.0,27.0,0.09183615471624539,245.52987702784927,1.0872542796144853,3732.032509288533
1986-01-28T18:00:00,extended_january,baseline,18.000587411138028,18.001243714541406,18.001016669897965,17.999467346482884,18.597651343345042,0.0,0.0,0.0,0.0,0.0,-8.3,18.0,27.0,0.09183615471624539,245.62171318256551,1.1173607335778417,3733.149870022111
1986-01-28T18:15:00,extended_january,baseline,18.000491204533063,17.99901823594155,17.999272237448437,18.00016757153422,18.577782938564702,0.0,0.0,0.0,0.0,0.0,-8.175,18.0,27.0,0.09183615471624539,245.71354933728176,1.1268860338080118,3734.276756055919
1986-01-28T18:30:00,extended_january,baseline,17.999949492008273,17.999732450028127,18.000438384358,17.998774004616813,18.561919237707787,0.0,0.0,0.0,0.0,0.0,-8.05,18.0,27.0,0.09183615471624539,245.805385491998,1.1392521209199193,3735.416008176839
1986-01-28T18:45:00,extended_january,baseline,18.000006999014285,17.999630633086316,18.00095803265208,18.000760740240572,18.54750377095628,0.0,0.0,0.0,0.0,0.0,-7.925,18.0,27.0,0.09183615471624539,245.89722164671426,1.147007639667133,3736.5630158165063
1986-01-28T19:00:00,extended_january,baseline,17.999386771703435,17.999050870826803,18.000922186309033,17.99995755049749,18.533603993254374,0.0,0.0,0.0,0.0,0.0,-7.8,18.0,27.0,0.09183615471624539,245.9890578014305,1.1564682065366148,3737.719484023043
1986-01-28T19:15:00,extended_january,baseline,17.999995775524372,18.000424037704573,18.000640616179066,17.998622671498946,18.523427291529327,0.0,0.0,0.0,0.0,0.0,-7.8,18.0,27.0,0.09183615471624539,246.08089395614675,1.1593044254300002,3738.878788448473
1986-01-28T19:30:00,extended_january,baseline,17.999955922565377,17.999324589599038,18.000544372918494,18.00005625873826,18.516120921135013,0.0,0.0,0.0,0.0,0.0,-7.8,18.0,27.0,0.09183615471624539,246.172730110863,1.166629533973093,3740.0454179824465
1986-01-28T19:45:00,extended_january,baseline,17.999574867018303,18.000698048582567,17.99887384972036,17.99940897036755,18.510180879554206,0.0,0.0,0.0,0.0,0.0,-7.8,18.0,27.0,0.09183615471624539,246.26456626557925,1.1677987806074999,3741.213216763054
1986-01-28T20:00:00,extended_january,baseline,17.99958133678928,18.000379677559327,18.000350520976973,18.001210823029,18.50507654271238,0.0,0.0,0.0,0.0,0.0,-7.8,18.0,27.0,0.09183615471624539,246.3564024202955,1.173873302283343,3742.3870900653374
1986-01-28T20:15:00,extended_january,baseline,18.000546345834618,18.000879518173203,18.00108195824694,17.999442399689155,18.5183261640025,0.0,0.0,0.0,0.0,0.0,-7.8,18.0,27.0,0.09183615471624539,246.44823857501174,1.139559056383015,3743.5266491217203
1986-01-28T20:30:00,extended_january,baseline,18.000343182736923,17.998478150084043,18.000750886399235,17.999280408479418,18.545302394622308,0.0,0.0,0.0,0.0,0.0,-7.8,18.0,27.0,0.09183615471624539,246.540074729728,1.109215785291013,3744.635864907011
1986-01-28T20:45:00,extended_january,baseline,17.999297807515184,17.99835256062867,18.000106586367632,18.00111060667173,18.5781998327503,0.0,0.0,0.0,0.0,0.0,-7.8,18.0,27.0,0.09183615471624539,246.63191088444424,1.0812790778773005,3745.7171439848885
1986-01-28T21:00:00,extended_january,baseline,18.000286747077073,18.000388416793594,17.99944572992936,17.999544132474615,18.613838488751444,0.0,0.0,0.0,0.0,0.0,-7.8,18.0,27.0,0.09183615471624539,246.7237470391605,1.0532549712832426,3746.770398956172
1986-01-28T21:15:00,extended_january,baseline,17.998978830984935,17.99982391055997,17.999282817202705,17.99869151983357,18.615006613616586,0.0,0.0,0.0,0.0,0.0,-7.925,18.0,27.0,0.09183615471624539,246.81558319387673,1.1019216961670357,3747.872320652339
1986-01-28T21:30:00,extended_january,baseline,18.00067600328942,18.00069527528854,18.00014719099548,17.99808942968464,18.590676130728525,0.0,0.0,0.0,0.0,0.0,-8.05,18.0,27.0,0.09183615471624539,246.90741934859298,1.1430256062179531,3749.015346258557
1986-01-28T21:45:00,extended_january,baseline,17.99971445191223,18.000237265162134,18.000486438786385,18.000634486039587,18.55645363423319,0.0,0.0,0.0,0.0,0.0,-8.175,18.0,27.0,0.09183615471624539,246.99925550330923,1.183901829253658,3750.1992480878107
1986-01-28T22:00:00,extended_january,baseline,18.00110341192469,18.00175664543957,18.001087731986615,18.000201709960226,18.51851225622086,0.0,0.0,0.0,0.0,0.0,-8.3,18.0,27.0,0.09183615471624539,247.09109165802548,1.2240427809921413,3751.4232908688027
1986-01-28T22:15:00,extended_january,baseline,17.999607516098806,18.001133177863533,18.0009865430944,18.001687179261662,18.50654165004807,0.0,0.0,0.0,0.0,0.0,-8.3,18.0,27.0,0.09183615471624539,247.18292781274172,1.1985119778155564,3752.6218028466183
1986-01-28T22:30:00,extended_january,baseline,18.000090332342516,17.99915137597819,18.00086289648823,18.001563214428078,18.51340081178646,0.0,0.0,0.0,0.0,0.0,-8.3,18.0,27.0,0.09183615471624539,247.27476396745797,1.1805687677209866,3753.8023716143393
1986-01-28T22:45:00,extended_january,baseline,18.00069459476791,18.00089657146701,18.00090054162356,17.999906768973634,18.526976829361057,0.0,0.0,0.0,0.0,0.0,-8.3,18.0,27.0,0.09183615471624539,247.36660012217422,1.1650754521292734,3754.9674470664686
1986-01-28T23:00:00,extended_january,baseline,18.000939349321733,18.00111906512519,18.00113660770752,17.99987200253107,18.54263843574328,0.0,0.0,0.0,0.0,0.0,-8.3,18.0,27.0,0.09183615471624539,247.45843627689047,1.150052157833169,3756.117499224302
1986-01-28T23:15:00,extended_january,baseline,18.000367524858216,18.000450985029914,18.000724686335694,17.99980630393722,18.56336338114008,0.0,0.0,0.0,0.0,0.0,-8.3,18.0,27.0,0.09183615471624539,247.55027243160671,1.130406621103497,3757.2479058454055
1986-01-28T23:30:00,extended_january,baseline,17.999419224792415,17.999885339264914,17.999892098450115,18.00155159892911,18.58823398389436,0.0,0.0,0.0,0.0,0.0,-8.3,18.0,27.0,0.09183615471624539,247.64210858632296,1.1095871638400436,3758.3574930092454
1986-01-28T23:45:00,extended_january,baseline,18.000605260122953,17.999581724645825,17.998974975005844,18.000443730063285,18.615457844907933,0.0,0.0,0.0,0.0,0.0,-8.3,18.0,27.0,0.09183615471624539,247.7339447410392,1.090039996775356,3759.447533006021
1986-01-29T00:00:00,extended_january,baseline,17.998942899835416,17.99946139470466,18.000263418787515,18.00161622255989,18.64413952230294,0.0,0.0,0.0,0.0,0.0,-8.3,18.0,27.0,0.09183615471624539,247.82578089575546,1.0677197587634935,3760.5152527647842
1986-01-29T00:15:00,extended_january,baseline,17.999928439040193,18.000001204554103,17.99947414356178,18.001099874758623,18.57660866995453,0.0,0.0,0.0,0.0,0.0,-8.175,18.0,27.0,0.09183615471624539,247.9176170504717,1.2233588708265501,3761.7386116356106
1986-01-29T00:30:00,extended_january,baseline,17.99971548238846,18.001573498007314,17.999121480975433,17.999749170445988,18.52409647253764,0.0,0.0,0.0,0.0,0.0,-8.05,18.0,27.0,0.09183615471624539,248.00945320518795,1.1983688681803581,3762.936980503791
1986-01-29T00:45:00,extended_january,baseline,18.000719074875644,17.99841977839671,18.000422359617605,17.999114202499143,18.508041068384536,0.0,0.0,0.0,0.0,0.0,-7.925,18.0,27.0,0.09183615471624539,248.1012893599042,1.1845213446519238,3764.1215018484427
1986-01-29T01:00:00,extended_january,baseline,18.001298268988236,18.00080033722347,17.998979778456423,17.999451671781916,18.508173001295123,0.0,0.0,0.0,0.0,0.0,-7.8,18.0,27.0,0.09183615471624539,248.19312551462045,1.170874014714894,3765.2923758631578
1986-01-29T01:15:00,extended_january,baseline,18.000735699491276,17.998535482091626,18.001057429519648,17.999387711012858,18.529245681521147,0.0,0.0,0.0,0.0,0.0,-7.6499999999999995,18.0,27.0,0.09183615471624539,248.2849616693367,1.1227549171722728,3766.41513078033
1986-01-29T01:30:00,extended_january,baseline,17.99944604658971,18.00056192552449,17.999795348498516,17.9990647214046,18.564316742081953,0.0,0.0,0.0,0.0,0.0,-7.5,18.0,27.0,0.09183615471624539,248.37679782405294,1.0777365356019941,3767.492867315932
1986-01-29T01:45:00,extended_january,baseline,17.999779886236766,18.000003682412547,17.999304440605385,17.99867874775699,18.60600096452613,0.0,0.0,0.0,0.0,0.0,-7.3500000000000005,18.0,27.0,0.09183615471624539,248.4686339787692,1.033266346240347,3768.5261336621725
1986-01-29T02:00:00,extended_january,baseline,18.001053325137878,18.001253124523657,18.000017499960187,17.99838172095862,18.65118333236778,0.0,0.0,0.0,0.0,0.0,-7.2,18.0,27.0,0.09183615471624539,248.56047013348544,0.9903805565239647,3769.5165142186966
1986-01-29T02:15:00,extended_january,baseline,17.999292653192555,17.99972689922868,18.000386808924826,18.00021670090182,18.677282926675172,0.0,0.0,0.0,0.0,0.0,-7.2,18.0,27.0,0.09183615471624539,248.6523062882017,0.9904688435199644,3770.5069830622165
1986-01-29T02:30:00,extended_january,baseline,17.999870231446508,18.00028976589522,18.000047612552667,17.998604385747093,18.689426370079826,0.0,0.0,0.0,0.0,0.0,-7.2,18.0,27.0,0.09183615471624539,248.74414244291793,0.9933153810484392,3771.500298443265
1986-01-29T02:45:00,extended_january,baseline,18.000230281232515,18.000516431978987,17.999328757102884,17.999014887415537,18.696814608777647,0.0,0.0,0.0,0.0,0.0,-7.2,18.0,27.0,0.09183615471624539,248.83597859763418,0.9892562477363688,3772.489554691001
1986-01-29T03:00:00,extended_january,baseline,17.999594573332402,17.99984943834683,18.000701080649133,18.001327572318274,18.703009114557673,0.0,0.0,0.0,0.0,0.0,-7.2,18.0,27.0,0.09183615471624539,248.92781475235043,0.9857389143344315,3773.4752936053355
1986-01-29T03:15:00,extended_january,baseline,18.00070652436234,18.000934233427888,18.00095725406061,17.99956746431926,18.708414523373165,0.0,0.0,0.0,0.0,0.0,-7.2,18.0,27.0,0.09183615471624539,249.01965090706668,0.9810852606571292,3774.4563788659925
1986-01-29T03:30:00,extended_january,baseline,18.000598421834813,17.99852297240626,17.999820548867014,17.999434363563985,18.71301316185604,0.0,0.0,0.0,0.0,0.0,-7.2,18.0,27.0,0.09183615471624539,249.11148706178292,0.9788825868053579,3775.435261452798
1986-01-29T03:45:00,extended_january,baseline,17.9990869092749,18.00027534996974,18.0003482156515,18.001030361539893,18.716960022777418,0.0,0.0,0.0,0.0,0.0,-7.2,18.0,27.0,0.09183615471624539,249.20332321649917,0.9767409672892075,3776.412002420087
1986-01-29T04:00:00,extended_january,baseline,17.999277415891683,18.000642700064667,17.999680159115194,17.998463255776773,18.720424305825997,0.0,0.0,0.0,0.0,0.0,-7.2,18.0,27.0,0.09183615471624539,249.29515937121542,0.9742355218701391,3777.386237941957
1986-01-29T04:15:00,extended_january,baseline,17.999703062418234,18.000061785190066,17.99919124392026,18.000721426970795,18.705891626749494,0.0,0.0,0.0,0.0,0.0,-7.2,18.0,27.0,0.09183615471624539,249.38699552593167,1.00660580287163,3778.3928437448285
1986-01-29T04:30:00,extended_january,baseline,17.999076728144406,17.99879894930586,18.000623413075196,18.001696413149524,18.67789710393056,0.0,0.0,0.0,0.0,0.0,-7.2,18.0,27.0,0.09183615471624539,249.47883168064791,1.0367477408965347,3779.429591485725
1986-01-29T04:45:00,extended_january,baseline,17.999616883971612,18.001148991506735,18.000310216896967,18.000331250772465,18.64421792680414,0.0,0.0,0.0,0.0,0.0,-7.2,18.0,27.0,0.09183615471624539,249.57066783536416,1.0673639541153723,3780.4969554398403
1986-01-29T05:00:00,extended_january,baseline,18.00040678930403,18.000968834399984,18.000033173227983,17.999780794877605,18.608057453318672,0.0,0.0,0.0,0.0,0.0,-7.2,18.0,27.0,0.09183615471624539,249.6625039900804,1.0968508085239432,3781.593806248364
1986-01-29T05:15:00,extended_january,baseline,17.999399472150582,18.00013708175013,18.00055983697122,17.99955276286161,18.55806791930649,0.0,0.0,0.0,0.0,0.0,-7.075,18.0,27.0,0.09183615471624539,249.75434014479666,1.1481703318675014,3782.7419765802315
1986-01-29T05:30:00,extended_january,baseline,18.000742629701172,17.999302567313222,17.998810139623103,18.000943239001483,18.497886519065855,0.0,0.0,0.0,0.0,0.0,-6.95,18.0,27.0,0.09183615471624539,249.8461762995129,1.196311263950672,3783.938287844182
1986-01-29T05:45:00,extended_january,baseline,17.999351990902284,18.000276195042492,17.998796580231406,17.999184352135224,18.433113949603154,0.0,0.0,0.0,0.0,0.0,-6.825,18.0,27.0,0.09183615471624539,249.93801245422915,1.2419627243300473,3785.180250568512
1986-01-29T06:00:00,extended_january,baseline,17.999009377876238,18.001823928138716,17.99961230731625,17.998745724907167,18.36652932686214,0.0,0.0,0.0,0.0,0.0,-6.7,18.0,27.0,0.09183615471624539,250.0298486089454,1.285602828792092,3786.465853397304
1986-01-29T06:19:00,extended_january,baseline,19.47930124380776,19.70227454376474,19.444300460801475,19.710236765128357,19.57187114482417,0.0,0.0,0.0,0.0,0.0,-6.825,21.0,24.0,0.09183615471624539,250.12168476366165,6.9845930950815545,3793.4504464923853
1986-01-29T06:34:00,extended_january,baseline,20.045031763864447,20.317807986911426,19.98906793565419,20.322025876464192,19.99914540432121,0.0,0.0,0.0,0.0,0.0,-6.95,21.0,24.0,0.09183615471624539,250.2135209183779,6.105166205023575,3799.555612697409
1986-01-29T06:53:00,extended_january,baseline,20.313428257692,20.61007448839082,20.251522528921583,20.61015179737208,20.21168772920797,0.0,0.0,0.0,0.0,0.0,-7.075,21.0,24.0,0.09183615471624539,250.30535707309414,6.115024802652441,3805.6706375000613
1986-01-29T07:00:00,extended_january,baseline,20.431657138237885,20.746253262199954,20.36812009082921,20.743402913604395,20.298183580445787,0.0,0.0,0.0,0.0,0.0,-7.2,21.0,24.0,0.09183615471624539,250.3971932278104,6.125152985087093,3811.7957904851482
1986-01-29T07:15:00,extended_january,baseline,20.583718920318468,20.922921184586688,20.52822089587765,20.916589011908833,20.41418772080913,0.0,0.0,0.0,0.0,0.0,-7.3500000000000005,21.0,24.0,0.09183615471624539,250.48902938252664,6.137533401134963,3817.9333238862832
1986-01-29T07:30:00,extended_january,baseline,20.733586123941237,20.994409822100067,20.692260471551933,20.9943331303754,20.536143773437246,0.0,0.0,0.0,0.0,0.0,-7.5,21.0,24.0,0.09183615471624539,250.5808655372429,6.083592527684768,3824.016916413968
1986-01-29T07:45:00,extended_january,baseline,20.878468828076336,21.00076657761897,20.854952860880807,20.997279244148412,20.65650160895345,0.0,0.0,0.0,0.0,0.0,-7.6499999999999995,21.0,24.0,0.09183615471624539,250.67270169195913,6.042649789803094,3830.059566203771
1986-01-29T08:00:00,extended_january,baseline,20.995269984119684,21.001298887417352,20.995639658022935,20.99816564823278,20.769327846542943,0.0,0.0,0.0,0.0,0.0,-7.8,21.0,24.0,0.09183615471624539,250.76453784667538,5.97960972125452,3836.0391759250256
1986-01-29T08:23:00,extended_january,baseline,20.99978403175564,21.000630548401695,20.999136827165504,20.998487256222322,21.00020595037488,11.0,5.0,11.0,5.0,20.0,-8.075,21.0,24.0,0.09183615471624539,250.85637400139163,3.8290051405761454,3839.8681810656017
1986-01-29T08:38:00,extended_january,baseline,21.00057294001029,20.999679164623302,21.00166405030673,21.002567594186885,21.000348429510645,11.0,5.0,11.0,5.0,20.0,-8.35,21.0,24.0,0.09183615471624539,250.94821015610788,3.847044331623268,3843.715225397225
1986-01-29T08:45:00,extended_january,baseline,21.00149378002568,21.00119723327858,21.002985305860616,21.001983763831642,21.000748414423736,11.0,5.0,11.0,5.0,20.0,-8.625,21.0,24.0,0.09183615471624539,251.04004631082412,3.7615065766262963,3847.476731973851
1986-01-29T09:00:00,extended_january,baseline,21.002451290739067,20.99973906547049,21.00065843567274,21.004413981257926,21.002856410769812,11.0,5.0,11.0,5.0,20.0,-8.9,21.0,24.0,0.09183615471624539,251.13188246554037,3.688328987700823,3851.165060961552
1986-01-29T09:23:00,extended_january,baseline,21.00169693143466,20.99991737835241,21.000983450848622,21.00213963184993,21.483885831389646,11.0,5.0,11.0,5.0,20.0,-8.75,21.0,24.0,0.09183615471624539,251.22371862025662,3.2228181005308367,3854.387879062083
1986-01-29T09:38:00,extended_january,baseline,21.000943291431838,21.00103329919976,21.00060933871618,21.003036104242845,21.774277861241437,11.0,5.0,11.0,5.0,20.0,-8.600000000000001,21.0,24.0,0.09183615471624539,251.31555477497287,3.1182392216542527,3857.506118283737
1986-01-29T09:45:00,extended_january,baseline,21.000935194106553,21.0007614817948,21.00185774648156,21.001939812818538,21.92589098657636,11.0,5.0,11.0,5.0,20.0,-8.450000000000001,21.0,24.0,0.09183615471624539,251.40739092968911,3.017352920049532,3860.523471203787
1986-01-29T10:00:00,extended_january,baseline,21.002185429165053,21.001334064972006,21.00225532908285,21.003300594189017,22.029177525314452,11.0,5.0,11.0,5.0,20.0,-8.3,21.0,24.0,0.09183615471624539,251.49922708440536,2.9206756270348535,3863.444146830822
1986-01-29T10:15:00,extended_january,baseline,21.001316009625445,21.00319907888094,21.002349782532367,21.001342817284854,22.14632525125573,11.0,5.0,11.0,5.0,20.0,-8.450000000000001,21.0,24.0,0.09183615471624539,251.5910632391216,2.8422710645360416,3866.2864178953578
1986-01-29T10:30:00,extended_january,baseline,21.002121282871634,21.003425307618173,21.001256088850493,21.003344008803136,22.283456967599186,11.0,5.0,11.0,5.0,20.0,-8.600000000000001,21.0,24.0,0.09183615471624539,251.68289939383786,2.756591814431709,3869.0430097097897
1986-01-29T10:45:00,extended_january,baseline,21.002601335732116,21.00056307349468,21.00050059104582,21.00301024264578,22.422537373455132,11.0,5.0,11.0,5.0,20.0,-8.75,21.0,24.0,0.09183615471624539,251.7747355485541,2.6282869222478746,3871.6712966320374
1986-01-29T11:00:00,extended_january,baseline,21.001294268371637,21.041154569967745,21.00060754208494,21.001012910093852,22.55715997003762,11.0,5.0,11.0,5.0,20.0,-8.9,21.0,24.0,0.09183615471624539,251.86657170327035,2.500753259520387,3874.172049891558
1986-01-29T11:15:00,extended_january,baseline,21.001216548555558,21.09757635847489,21.0020168250629,21.00028807147152,22.563262226520003,8.8,4.0,8.8,4.0,16.0,-8.75,21.0,24.0,0.09183615471624539,251.9584078579866,2.476785772752399,3876.6488356643104
1986-01-29T11:30:00,extended_january,baseline,21.000918983246528,21.246602517174352,21.000605923690177,21.00314820715362,22.55993701799335,8.8,4.0,8.8,4.0,16.0,-8.600000000000001,21.0,24.0,0.09183615471624539,252.05024401270285,2.406237016333318,3879.0550726806437
1986-01-29T11:45:00,extended_january,baseline,21.000077945962662,21.420789722248216,21.001374775802564,21.00185055539605,22.590643291332416,8.8,4.0,8.8,4.0,16.0,-8.450000000000001,21.0,24.0,0.09183615471624539,252.1420801674191,2.326850832813917,3881.3819235134574
1986-01-29T12:00:00,extended_january,baseline,21.11842372278593,21.57177790100259,21.000390081826207,21.002881849850755,22.641734130942375,8.8,4.0,8.8,4.0,16.0,-8.3,21.0,24.0,0.09183615471624539,252.23391632213534,2.2839448818534502,3883.665868395311
1986-01-29T12:15:00,extended_january,baseline,21.127192028945515,21.467716192582667,21.00168907221737,21.001884923277508,22.472178689494793,4.4,2.0,4.4,2.0,8.0,-8.3,21.0,24.0,0.09183615471624539,252.3257524768516,2.3955541062693166,3886.06142250158
1986-01-29T12:30:00,extended_january,baseline,21.249227025975728,21.37102228195809,21.00261664858138,20.999959763883318,22.31147930652503,4.4,2.0,4.4,2.0,8.0,-8.3,21.0,24.0,0.09183615471624539,252.41758863156784,2.435297924068924,3888.496720425649
1986-01-29T12:45:00,extended_january,baseline,21.4260024342935,21.28807191494983,21.001618955742277,21.000009425496867,22.233188276115392,4.4,2.0,4.4,2.0,8.0,-8.3,21.0,24.0,0.09183615471624539,252.5094247862841,2.4444461341813044,3890.9411665598304
1986-01-29T13:00:00,extended_january,baseline,21.58659797768225,21.180758723668408,21.002257948128122,21.00057735618653,22.204641991824342,4.4,2.0,4.4,2.0,8.0,-8.3,21.0,24.0,0.09183615471624539,252.60126094100033,2.4497675482337407,3893.3909341080644
1986-01-29T13:23:00,extended_january,baseline,21.99923414850031,21.26738450443332,21.00035807899397,21.00035126712816,22.489044559457398,8.8,4.0,8.8,4.0,16.0,-8.175,21.0,24.0,0.09183615471624539,252.69309709571658,2.3205639727357132,3895.7114980808
1986-01-29T13:30:00,extended_january,baseline,22.175419378554924,21.2287775738388,21.00186037368836,21.002920234853953,22.6296974537797,8.8,4.0,8.8,4.0,16.0,-8.05,21.0,24.0,0.09183615471624539,252.78493325043283,2.2800161382652107,3897.9915142190653
1986-01-29T13:45:00,extended_january,baseline,22.407428165494515,21.144697915663826,21.000289881902418,20.999378490649182,22.742004709939582,8.8,4.0,8.8,4.0,16.0,-7.925,21.0,24.0,0.09183615471624539,252.87676940514908,2.2554922299311886,3900.2470064489967
1986-01-29T14:00:00,extended_january,baseline,22.63147772127411,21.048309840668754,21.001553082492556,20.9998639356773,22.807247570878875,8.8,4.0,8.8,4.0,16.0,-7.8,21.0,24.0,0.09183615471624539,252.96860555986532,2.238685059020084,3902.4856915080168
1986-01-29T14:15:00,extended_january,baseline,22.895786491125197,21.023418993860403,21.00121117845687,21.000958696671745,22.90904061729587,11.0,5.0,11.0,5.0,20.0,-7.925,21.0,24.0,0.09183615471624539,253.06044171458157,2.2259413639138823,3904.7116328719308
1986-01-29T14:30:00,extended_january,baseline,23.147819828729432,21.001957780306878,21.001020137377413,20.999447181381385,23.007795484255052,11.0,5.0,11.0,5.0,20.0,-8.05,21.0,24.0,0.09183615471624539,253.15227786929782,2.2252044340738157,3906.9368373060047
1986-01-29T14:45:00,extended_january,baseline,23.330547505635607,21.001521125998856,21.001624004413905,21.002646475292515,23.07999704675265,11.0,5.0,11.0,5.0,20.0,-8.175,21.0,24.0,0.09183615471624539,253.24411402401407,2.24050858794233,3909.177345893947
1986-01-29T15:00:00,extended_january,baseline,23.448449496577165,20.999839241266994,21.00051587507607,21.00224102486129,23.135501725599166,11.0,5.0,11.0,5.0,20.0,-8.3,21.0,24.0,0.09183615471624539,253.33595017873031,2.256868723929815,3911.434214617877
1986-01-29T15:15:00,extended_january,baseline,23.4689102717086,21.001748825944908,21.001455475462453,20.999691763886144,23.125309598793553,11.0,5.0,11.0,5.0,20.0,-8.450000000000001,21.0,24.0,0.09183615471624539,253.42778633344656,2.3127683904898166,3913.746983008367
1986-01-29T15:30:00,extended_january,baseline,23.471315583875672,21.000836202704406,21.001783334975464,21.001131927152432,23.121518745140456,11.0,5.0,11.0,5.0,20.0,-8.600000000000001,21.0,24.0,0.09183615471624539,253.5196224881628,2.342094511694237,3916.089077520061
1986-01-29T15:45:00,extended_january,baseline,23.433693843243557,21.00181347259131,21.00147212975346,21.001633984275767,23.13892861339169,11.0,5.0,11.0,5.0,20.0,-8.75,21.0,24.0,0.09183615471624539,253.61145864287906,2.3689046693581717,3918.457982189419
1986-01-29T16:00:00,extended_january,baseline,23.33547034477833,21.001782248699005,21.002617107731876,20.999533224270056,23.163512575944214,11.0,5.0,11.0,5.0,20.0,-8.9,21.0,24.0,0.09183615471624539,253.7032947975953,2.3974871166046388,3920.8554693060237
1986-01-29T16:15:00,extended_january,baseline,23.044146973937668,21.003055101039152,21.00173474335456,20.999563256228427,23.05514055103558,11.0,5.0,11.0,5.0,20.0,-9.325000000000001,21.0,24.0,0.09183615471624539,253.79513095231155,2.5548317799494855,3923.410301085973
1986-01-29T16:38:00,extended_january,baseline,22.640409725111915,21.00070505677359,21.001156782312048,21.000235825962672,22.93936466336219,11.0,5.0,11.0,5.0,20.0,-9.75,21.0,24.0,0.09183615471624539,253.8869671070278,2.6613978102919904,3926.071698896265
1986-01-29T16:53:00,extended_january,baseline,22.27314950858997,21.001482110987926,21.0008471650144,21.001785897027766,22.873274528281996,11.0,5.0,11.0,5.0,20.0,-10.174999999999999,21.0,24.0,0.09183615471624539,253.97880326174405,2.755440988703717,3928.827139884969
1986-01-29T17:08:00,extended_january,baseline,21.662597410448875,21.0021383717101,21.001777850849543,21.00070023793021,22.81797826778829,11.0,5.0,11.0,5.0,20.0,-10.6,21.0,24.0,0.09183615471624539,254.0706394164603,2.887124324023535,3931.7142642089925
1986-01-29T17:23:00,extended_january,baseline,21.26684155481169,21.001792798020137,21.002327287558213,21.001178281767118,22.773190497771846,11.0,5.0,11.0,5.0,20.0,-10.6,21.0,24.0,0.09183615471624539,254.16247557117654,2.9095818640409052,3934.6238460730333
1986-01-29T17:38:00,extended_january,baseline,21.004240420428253,21.002866928404167,21.002854573768975,21.00198574989235,22.73351683113973,11.0,5.0,11.0,5.0,20.0,-10.6,21.0,24.0,0.09183615471624539,254.2543117258928,2.9435688262381787,3937.5674148992716
1986-01-29T17:45:00,extended_january,baseline,21.002658395247202,21.002142062832736,21.002450610575753,21.003096108289935,22.704667072693034,11.0,5.0,11.0,5.0,20.0,-10.6,21.0,24.0,0.09183615471624539,254.34614788060904,3.050870753716489,3940.618285652988
1986-01-29T18:00:00,extended_january,baseline,21.001991329618026,21.003129607594282,21.003874942166295,21.00229124799042,22.67272508016396,11.0,5.0,11.0,5.0,20.0,-10.6,21.0,24.0,0.09183615471624539,254.4379840353253,3.120329639421428,3943.7386152924096
1986-01-29T18:23:00,extended_january,baseline,21.002611153129852,21.00335226893337,21.001971978720437,21.001136709873503,22.021585713955652,5.5,2.5,5.5,2.5,10.0,-10.725,21.0,24.0,0.09183615471624539,254.52982019004153,3.772325946383589,3947.5109412387933
1986-01-29T18:38:00,extended_january,baseline,21.001494948693363,21.00322393446842,21.002923953763464,21.00020049635268,21.58146578395308,5.5,2.5,5.5,2.5,10.0,-10.85,21.0,24.0,0.09183615471624539,254.62165634475778,3.930743420780954,3951.441684659574
1986-01-29T18:45:00,extended_january,baseline,21.002844735492257,21.00063073579008,21.00307092841975,21.00122848269235,21.385213228975783,5.5,2.5,5.5,2.5,10.0,-10.975,21.0,24.0,0.09183615471624539,254.71349249947403,4.034790073790379,3955.4764747333643
1986-01-29T19:00:00,extended_january,baseline,21.004862843350903,21.00116177841692,21.002838830335918,21.004128751749974,21.23024778065903,5.5,2.5,5.5,2.5,10.0,-11.1,21.0,24.0,0.09183615471624539,254.80532865419028,4.1249884297503865,3959.6014631631147
1986-01-29T19:23:00,extended_january,baseline,21.00269386001742,21.00007722766809,21.00287569668896,21.002572086705072,21.002096021084515,0.0,0.0,0.0,0.0,0.0,-11.25,21.0,24.0,0.09183615471624539,254.89716480890652,4.812240722922459,3964.413703886037
1986-01-29T19:30:00,extended_january,baseline,21.001310006410847,21.00060367651205,21.004371669427652,21.002305576003327,21.00147000390809,0.0,0.0,0.0,0.0,0.0,-11.399999999999999,21.0,24.0,0.09183615471624539,254.98900096362277,5.050326573441721,3969.464030459479
1986-01-29T19:45:00,extended_january,baseline,21.002215792089142,21.001361296131343,21.003084003198442,21.001362998669187,21.002164862385662,0.0,0.0,0.0,0.0,0.0,-11.549999999999999,21.0,24.0,0.09183615471624539,255.08083711833902,5.106683749962144,3974.570714209441
1986-01-29T20:00:00,extended_january,baseline,21.001235474393347,21.00033315351055,21.000526853673957,20.999591209194037,21.00129785083258,0.0,0.0,0.0,0.0,0.0,-11.7,21.0,24.0,0.09183615471624539,255.17267327305527,5.194922653536204,3979.7656368629773
1986-01-29T20:18:00,extended_january,baseline,18.68358096333739,18.884865295825307,18.652883930673305,18.89809411480054,20.17759757599989,0.0,0.0,0.0,0.0,0.0,-11.825,18.0,27.0,0.09183615471624539,255.26450942777151,0.0,3979.7656368629773
1986-01-29T20:34:00,extended_january,baseline,18.20633537875322,18.435334178026352,18.149851760725547,18.45535329065035,19.947320801819725,0.0,0.0,0.0,0.0,0.0,-11.95,18.0,27.0,0.09183615471624539,255.35634558248776,0.0,3979.7656368629773
1986-01-29T20:53:00,extended_january,baseline,18.00211989728707,18.155662800206386,18.00129427515954,18.176210394589607,19.811379102742844,0.0,0.0,0.0,0.0,0.0,-12.075,18.0,27.0,0.09183615471624539,255.448181737204,0.02998903380323373,3979.7956258967806
1986-01-29T21:00:00,extended_january,baseline,18.000358135737383,18.011283312204633,17.99913143982553,18.0153885051004,19.7196421126397,0.0,0.0,0.0,0.0,0.0,-12.2,18.0,27.0,0.09183615471624539,255.54001789192026,0.10519582000074759,3979.9008217167816
1986-01-29T21:15:00,extended_january,baseline,17.99966455130373,18.000211020551845,17.999694465201717,18.000949771780284,19.558774984432496,0.0,0.0,0.0,0.0,0.0,-12.349999999999998,18.0,27.0,0.09183615471624539,255.6318540466365,0.2784627374340161,3980.1792844542156
1986-01-29T21:30:00,extended_january,baseline,17.998975805483674,18.000153044671922,18.000693769824743,17.999009094285867,19.390660496123065,0.0,0.0,0.0,0.0,0.0,-12.5,18.0,27.0,0.09183615471624539,255.72369020135275,0.5022872987187194,3980.6815717529344
1986-01-29T21:45:00,extended_january,baseline,17.999225105661406,18.00127286085917,17.999522169706893,17.99807283831368,19.2356659137269,0.0,0.0,0.0,0.0,0.0,-12.650000000000002,18.0,27.0,0.09183615471624539,255.815526356069,0.7330533172398055,3981.414625070174
1986-01-29T22:00:00,extended_january,baseline,18.000400831787502,17.999562351051324,18.000610234977447,18.000848278206472,19.097180794840437,0.0,0.0,0.0,0.0,0.0,-12.8,18.0,27.0,0.09183615471624539,255.90736251078525,0.9355153018511456,3982.350140372025
1986-01-29T22:15:00,extended_january,baseline,18.00077425552712,18.00154872505624,18.00044772669215,17.99809402826083,18.97071504729049,0.0,0.0,0.0,0.0,0.0,-12.925,18.0,27.0,0.09183615471624539,255.9991986655015,1.0921741920577859,3983.442314564083
1986-01-29T22:30:00,extended_january,baseline,17.99951834114578,18.000965075038756,17.999555876250277,18.000565309753938,18.853909468201117,0.0,0.0,0.0,0.0,0.0,-13.05,18.0,27.0,0.09183615471624539,256.0910348202177,1.216043259500095,3984.658357823583
1986-01-29T22:45:00,extended_january,baseline,17.99857738743056,18.000489790631832,18.00104920242404,17.998258170412544,18.745147353504503,0.0,0.0,0.0,0.0,0.0,-13.175,18.0,27.0,0.09183615471624539,256.18287097493396,1.3148577283897256,3985.9732155519728
1986-01-29T23:00:00,extended_january,baseline,18.000200668648898,17.998872788478433,17.999865000471488,18.00080139202368,18.64313258568586,0.0,0.0,0.0,0.0,0.0,-13.3,18.0,27.0,0.09183615471624539,256.2747071296502,1.3974446742056466,3987.3706602261786
1986-01-29T23:15:00,extended_january,baseline,17.999423169060268,18.001543345405455,17.999393769275002,17.998424554270397,18.580976588569616,0.0,0.0,0.0,0.0,0.0,-13.450000000000001,18.0,27.0,0.09183615471624539,256.36654328436646,1.3899674375297895,3988.7606276637084
1986-01-29T23:30:00,extended_january,baseline,17.999969714480457,18.00001074224072,17.998863256623014,17.998561211285324,18.54975146394697,0.0,0.0,0.0,0.0,0.0,-13.600000000000001,18.0,27.0,0.09183615471624539,256.4583794390827,1.3921561024403983,3990.152783766149
1986-01-29T23:45:00,extended_january,baseline,17.99884693609353,18.00129119339356,18.000598126848487,18.001005793149474,18.534079887262074,0.0,0.0,0.0,0.0,0.0,-13.75,18.0,27.0,0.09183615471624539,256.55021559379895,1.3962456133935843,3991.5490293795424
1986-01-30T00:00:00,extended_january,baseline,17.999691374954864,18.00003257328078,17.998572948308524,17.999041940441234,18.528114934997177,0.0,0.0,0.0,0.0,0.0,-13.9,18.0,27.0,0.09183615471624539,256.6420517485152,1.3912239009300789,3992.9402532804725
1986-01-30T00:15:00,extended_january,baseline,18.00090310508725,18.00139914418094,18.000594189973746,17.999759256406417,18.5236419256978,0.0,0.0,0.0,0.0,0.0,-14.450000000000001,18.0,27.0,0.09183615471624539,256.73388790323145,1.4290991375665731,3994.369352418039
1986-01-30T00:30:00,extended_january,baseline,18.00026479634838,17.99991397497219,17.99900766544076,18.001334491538437,18.52146013289068,0.0,0.0,0.0,0.0,0.0,-15.0,18.0,27.0,0.09183615471624539,256.8257240579477,1.4487929874889,3995.818145405528
1986-01-30T00:45:00,extended_january,baseline,17.999931744473795,18.00048233652805,18.000848678592963,18.00054894918665,18.523599435852052,0.0,0.0,0.0,0.0,0.0,-15.55,18.0,27.0,0.09183615471624539,256.91756021266394,1.4741606184523317,3997.2923060239805
1986-01-30T01:00:00,extended_january,baseline,17.998554687699023,18.001035415554615,17.99897892716585,17.999601108955897,18.530675385395543,0.0,0.0,0.0,0.0,0.0,-16.1,18.0,27.0,0.09183615471624539,257.0093963673802,1.487129724267576,3998.779435748248
1986-01-30T01:15:00,extended_january,baseline,17.999120628380606,17.999113825821,17.998649489209917,18.00048349534232,18.52557383084307,0.0,0.0,0.0,0.0,0.0,-16.25,18.0,27.0,0.09183615471624539,257.10123252209644,1.5388211644209344,4000.318256912669
1986-01-30T01:30:00,extended_january,baseline,17.99888479904358,17.999529299258104,18.000769790581312,17.99969373174358,18.511318445300432,0.0,0.0,0.0,0.0,0.0,-16.4,18.0,27.0,0.09183615471624539,257.1930686768127,1.5748674946092867,4001.8931244072783
1986-01-30T01:45:00,extended_january,baseline,18.000619976404362,17.99902111394809,17.998876069629933,18.00102215851462,18.49451633277209,0.0,0.0,0.0,0.0,0.0,-16.549999999999997,18.0,27.0,0.09183615471624539,257.28490483152893,1.6038420977371268,4003.4969665050153
1986-01-30T02:00:00,extended_january,baseline,18.001462691846122,18.00076972108332,17.99928029365426,18.00126234526091,18.47786137101442,0.0,0.0,0.0,0.0,0.0,-16.7,18.0,27.0,0.09183615471624539,257.3767409862452,1.6329548034223702,4005.1299213084376
1986-01-30T02:15:00,extended_january,baseline,17.999562541366117,17.998907486626685,18.000539283178455,17.998113141407412,18.46173392633144,0.0,0.0,0.0,0.0,0.0,-16.825,18.0,27.0,0.09183615471624539,257.46857714096143,1.6570663977233426,4006.7869877061607
1986-01-30T02:30:00,extended_january,baseline,18.00141866502919,18.000664411254927,17.999243864403827,17.999561838412426,18.446037240078564,0.0,0.0,0.0,0.0,0.0,-16.95,18.0,27.0,0.09183615471624539,257.5604132956777,1.6823245526226058,4008.4693122587832
1986-01-30T02:45:00,extended_january,baseline,17.998925594067973,17.99975361024167,18.001264535144745,17.99865612778239,18.430776052401328,0.0,0.0,0.0,0.0,0.0,-17.075,18.0,27.0,0.09183615471624539,257.6522494503939,1.7030693984691692,4010.1723816572526
1986-01-30T03:00:00,extended_january,baseline,18.000212057505035,17.999550906225128,17.999114544528762,18.001461978792243,18.41601694611787,0.0,0.0,0.0,0.0,0.0,-17.2,18.0,27.0,0.09183615471624539,257.7440856051102,1.727192585755392,4011.899574243008
1986-01-30T03:15:00,extended_january,baseline,18.000386162987443,17.999561270597994,18.000433907208816,18.000402178069322,18.40220511708035,0.0,0.0,0.0,0.0,0.0,-17.2,18.0,27.0,0.09183615471624539,257.8359217598264,1.7416385544265416,4013.6412127974345
1986-01-30T03:30:00,extended_january,baseline,17.999257153139453,17.999899524805137,18.001000936800573,17.999563600786217,18.389266644903557,0.0,0.0,0.0,0.0,0.0,-17.2,18.0,27.0,0.09183615471624539,257.92775791454267,1.7574100963782329,4015.398622893813
1986-01-30T03:45:00,extended_january,baseline,18.00052226207087,18.000863853157586,18.000455417932557,18.000249084224656,18.37703483896154,0.0,0.0,0.0,0.0,0.0,-17.2,18.0,27.0,0.09183615471624539,258.0195940692589,1.772817581155422,4017.171440474968
1986-01-30T04:00:00,extended_january,baseline,17.999267168836266,17.9996900094817,17.999921252711356,17.99910573601498,18.365431904243568,0.0,0.0,0.0,0.0,0.0,-17.2,18.0,27.0,0.09183615471624539,258.11143022397516,1.7873309248351121,4018.9587713998035
1986-01-30T04:15:00,extended_january,baseline,18.0007285301924,18.000314355151954,17.99991875999256,17.999774101652502,18.35441349535562,0.0,0.0,0.0,0.0,0.0,-17.2,18.0,27.0,0.09183615471624539,258.2032663786914,1.800312229164879,4020.7590836289683
1986-01-30T04:30:00,extended_january,baseline,18.000394982534626,17.999997726596995,18.000506143978146,17.999475285716983,18.343967900208863,0.0,0.0,0.0,0.0,0.0,-17.2,18.0,27.0,0.09183615471624539,258.29510253340766,1.8118282330349427,4022.5709118620034
1986-01-30T04:45:00,extended_january,baseline,17.99843856606144,17.998937199686193,17.999459219929427,17.998444121547777,18.3340936893833,0.0,0.0,0.0,0.0,0.0,-17.2,18.0,27.0,0.09183615471624539,258.3869386881239,1.8226422681097953,4024.393554130113
1986-01-30T05:00:00,extended_january,baseline,17.99850289886335,18.000801746851103,17.99968746153509,18.00036948047884,18.324775891581893,0.0,0.0,0.0,0.0,0.0,-17.2,18.0,27.0,0.09183615471624539,258.47877484284015,1.8347158264373322,4026.2282699565503
1986-01-30T05:15:00,extended_january,baseline,18.00030576439839,18.000046554728655,18.000616403553998,17.999680915353153,18.305410257494472,0.0,0.0,0.0,0.0,0.0,-16.799999999999997,18.0,27.0,0.09183615471624539,258.5706109975564,1.8456462929801665,4028.0739162495306
1986-01-30T05:30:00,extended_january,baseline,17.99955341639205,17.99818287589749,18.000654005106423,17.997893661427874,18.278970268785464,0.0,0.0,0.0,0.0,0.0,-16.4,18.0,27.0,0.09183615471624539,258.66244715227265,1.8540830716617571,4029.927999321192
1986-01-30T05:45:00,extended_january,baseline,18.000010587930703,18.000018724949186,17.99845606989844,17.999822966454218,18.25041982526758,0.0,0.0,0.0,0.0,0.0,-16.0,18.0,27.0,0.09183615471624539,258.7542833069889,1.8636015905009027,4031.791600911693
1986-01-30T06:00:00,extended_january,baseline,17.99853867305325,17.999665304400402,18.001028596933047,17.99952114207061,18.2219989089602,0.0,0.0,0.0,0.0,0.0,-15.6,18.0,27.0,0.09183615471624539,258.84611946170514,1.8683022640501095,4033.6599031757432
1986-01-30T06:19:00,extended_january,baseline,19.12911821867018,19.402727794976304,19.10055779779627,19.41448149268755,19.492155856854847,0.0,0.0,0.0,0.0,0.0,-15.45,21.0,24.0,0.09183615471624539,258.9379556164214,7.50809096612059,4041.167994141864
1986-01-30T06:35:00,extended_january,baseline,19.584905103745303,19.943974435643344,19.537122802059756,19.954853288779585,19.97191189975512,0.0,0.0,0.0,0.0,0.0,-15.3,21.0,24.0,0.09183615471624539,259.02979177113764,6.922007803974205,4048.090001945838
1986-01-30T06:53:00,extended_january,baseline,19.838424458768433,20.223716619421424,19.784850044244987,20.231225152552376,20.251900211681008,0.0,0.0,0.0,0.0,0.0,-15.15,21.0,24.0,0.09183615471624539,259.1216279258539,6.90588037537462,4054.995882321213
1986-01-30T07:00:00,extended_january,baseline,19.991311265461068,20.386010212930273,19.93603573071974,20.39050954055574,20.418898612568352,0.0,0.0,0.0,0.0,0.0,-15.0,21.0,24.0,0.09183615471624539,259.21346408057013,6.889746967458833,4061.8856292886717
1986-01-30T07:15:00,extended_january,baseline,20.161433332488674,20.572213913268182,20.114808461838855,20.57322578962275,20.58694388351288,0.0,0.0,0.0,0.0,0.0,-14.85,21.0,24.0,0.09183615471624539,259.3053002352864,6.873748190343603,4068.7593774790153
1986-01-30T07:30:00,extended_january,baseline,20.310787999395707,20.786646520199657,20.279810725207042,20.73900557036551,20.717424505273044,0.0,0.0,0.0,0.0,0.0,-14.7,21.0,24.0,0.09183615471624539,259.39713639000263,6.857266868058548,4075.616644347074
1986-01-30T07:45:00,extended_january,baseline,20.44957427614475,20.98134602923353,20.434822903252922,20.89361573152301,20.83144818269368,0.0,0.0,0.0,0.0,0.0,-14.55,21.0,24.0,0.09183615471624539,259.4889725447189,6.840045487541666,4082.4566898346156
1986-01-30T08:00:00,extended_january,baseline,20.580181415600578,21.00115854528077,20.582813168220042,20.9884337125728,20.93381904745651,0.0,0.0,0.0,0.0,0.0,-14.4,21.0,24.0,0.09183615471624539,259.5808086994351,6.772021787200048,4089.228711621816
1986-01-30T08:23:00,extended_january,baseline,21.00017220186344,21.00136112779683,21.0011382216932,21.00103374287363,21.00034114952571,11.0,5.0,11.0,5.0,20.0,-14.125,21.0,24.0,0.09183615471624539,259.6726448541514,4.834068818793158,4094.062780440609
1986-01-30T08:38:00,extended_january,baseline,21.002221638421247,21.00124675660879,21.00132233564171,21.002905399665767,21.049362025824532,11.0,5.0,11.0,5.0,20.0,-13.850000000000001,21.0,24.0,0.09183615471624539,259.7644810088676,4.568284839609452,4098.6310652802185
1986-01-30T08:45:00,extended_january,baseline,21.001161415966905,21.001369815268955,21.001059854288822,21.00181428333731,21.1499432943846,11.0,5.0,11.0,5.0,20.0,-13.575000000000001,21.0,24.0,0.09183615471624539,259.85631716358387,4.356966660149389,4102.988031940368
1986-01-30T09:00:00,extended_january,baseline,21.003602744094824,21.003927578770625,21.002451925408756,21.002752924964522,21.303173578693027,11.0,5.0,11.0,5.0,20.0,-13.3,21.0,24.0,0.09183615471624539,259.9481533183001,4.156817146546878,4107.144849086915
1986-01-30T09:23:00,extended_january,baseline,21.002253861855564,21.0021581281792,21.00147090644719,21.00277090775936,21.86180698911695,11.0,5.0,11.0,5.0,20.0,-12.750000000000002,21.0,24.0,0.09183615471624539,260.03998947301636,3.639884116354315,4110.78473320327
1986-01-30T09:38:00,extended_january,baseline,21.001823714950632,21.001539366096996,21.001939220051813,21.001329223724007,22.166241286444045,11.0,5.0,11.0,5.0,20.0,-12.2,21.0,24.0,0.09183615471624539,260.1318256277326,3.4672237897869542,4114.251956993056
1986-01-30T09:45:00,extended_january,baseline,21.002069962996867,21.001923562764198,21.002729820532537,21.002299048810045,22.313663022055863,11.0,5.0,11.0,5.0,20.0,-11.649999999999999,21.0,24.0,0.09183615471624539,260.22366178244886,3.3446884194555704,4117.596645412512
1986-01-30T10:00:00,extended_january,baseline,21.002985248393813,21.00040881811174,21.000813538874958,21.001793393733745,22.399953656678687,11.0,5.0,11.0,5.0,20.0,-11.1,21.0,24.0,0.09183615471624539,260.3154979371651,3.2270838852779553,4120.82372929779
1986-01-30T10:15:00,extended_january,baseline,21.00215024147456,21.000894090545444,21.00199490446266,21.000864722137397,22.495029137530835,11.0,5.0,11.0,5.0,20.0,-10.975,21.0,24.0,0.09183615471624539,260.40733409188135,3.138496070386652,4123.962225368176
1986-01-30T10:30:00,extended_january,baseline,21.00185307879758,21.00019204374866,21.002439893649946,21.002063656758597,22.607785767539536,11.0,5.0,11.0,5.0,20.0,-10.85,21.0,24.0,0.09183615471624539,260.4991702465976,3.040438984597882,4127.002664352774
1986-01-30T10:45:00,extended_january,baseline,21.001857461302038,21.002730991939714,21.00165335648271,21.00223196372046,22.718904295282936,11.0,5.0,11.0,5.0,20.0,-10.725,21.0,24.0,0.09183615471624539,260.59100640131385,2.9469319897236756,4129.949596342498
1986-01-30T11:00:00,extended_january,baseline,21.002684881878906,21.001480661253144,21.001164119309518,21.00256343409488,22.820026576236916,11.0,5.0,11.0,5.0,20.0,-10.6,21.0,24.0,0.09183615471624539,260.6828425560301,2.8518045971682136,4132.801400939667
1986-01-30T11:15:00,extended_january,baseline,21.002351169504326,21.001843777448034,21.002044314994777,21.002419780154707,22.798581974569398,8.8,4.0,8.8,4.0,16.0,-10.299999999999999,21.0,24.0,0.09183615471624539,260.77467871074634,2.8687105381479325,4135.670111477814
1986-01-30T11:30:00,extended_january,baseline,21.001415163652755,21.000240322518238,21.000838025647372,21.00290174389794,22.770220028987623,8.8,4.0,8.8,4.0,16.0,-10.0,21.0,24.0,0.09183615471624539,260.8665148654626,2.7982794465458487,4138.46839092436
1986-01-30T11:45:00,extended_january,baseline,21.00233437156216,21.00100979802508,21.001542980148187,21.00163452577125,22.77500925380371,8.8,4.0,8.8,4.0,16.0,-9.700000000000001,21.0,24.0,0.09183615471624539,260.95835102017884,2.722437757262037,4141.190828681622
1986-01-30T12:00:00,extended_january,baseline,21.000909469590795,21.000858765398295,21.000752694269888,21.00123440738695,22.79889866911424,8.8,4.0,8.8,4.0,16.0,-9.4,21.0,24.0,0.09183615471624539,261.0501871748951,2.649394109605836,4143.840222791228
1986-01-30T12:15:00,extended_january,baseline,21.002025313931544,20.999601945514613,21.002107667716785,20.999609736660563,22.629377683553386,4.4,2.0,4.4,2.0,8.0,-9.275,21.0,24.0,0.09183615471624539,261.14202332961133,2.836156272649814,4146.676379063878
1986-01-30T12:30:00,extended_january,baseline,21.00081934189867,21.00026847930304,21.00087732910705,21.00203834547232,22.488268577490484,4.4,2.0,4.4,2.0,8.0,-9.15,21.0,24.0,0.09183615471624539,261.2338594843276,2.828881568371934,4149.50526063225
1986-01-30T12:45:00,extended_january,baseline,21.00145394130959,21.00225377234724,21.001379565686076,21.000305476855516,22.439143770473127,4.4,2.0,4.4,2.0,8.0,-9.025,21.0,24.0,0.09183615471624539,261.32569563904383,2.7857632839195072,4152.291023916169
1986-01-30T13:00:00,extended_january,baseline,21.001909143631018,21.000383008182443,21.001026776511193,21.000136140117586,22.44514571167945,4.4,2.0,4.4,2.0,8.0,-8.9,21.0,24.0,0.09183615471624539,261.4175317937601,2.7375974318429734,4155.028621348012
1986-01-30T13:15:00,extended_january,baseline,21.00098418844196,20.999498200004883,21.000149477866227,21.00002779043937,22.647240703353795,8.8,4.0,8.8,4.0,16.0,-8.75,21.0,24.0,0.09183615471624539,261.5093679484763,2.4906159561885857,4157.519237304201
1986-01-30T13:30:00,extended_january,baseline,21.000639677795107,21.00081702879204,21.001139996441417,21.0007366365044,22.81114680479738,8.8,4.0,8.8,4.0,16.0,-8.600000000000001,21.0,24.0,0.09183615471624539,261.6012041031926,2.4256077339301236,4159.9448450381315
1986-01-30T13:45:00,extended_january,baseline,21.000777653683738,21.00139483201087,21.00143929157653,21.000051122133677,22.881228572117507,8.8,4.0,8.8,4.0,16.0,-8.450000000000001,21.0,24.0,0.09183615471624539,261.6930402579088,2.4159209062089038,4162.3607659443405
1986-01-30T14:00:00,extended_january,baseline,21.001785654800273,21.00117278523259,21.001196340184134,20.99931258485768,22.899021593270756,8.8,4.0,8.8,4.0,16.0,-8.3,21.0,24.0,0.09183615471624539,261.78487641262507,2.41772552855604,4164.778491472896
1986-01-30T14:15:00,extended_january,baseline,21.000599140337645,20.999250625035305,21.001630982253364,21.000660537224746,22.990354736813217,11.0,5.0,11.0,5.0,20.0,-8.025,21.0,24.0,0.09183615471624539,261.8767125673413,2.3056019557730965,4167.08409342867
1986-01-30T14:30:00,extended_january,baseline,21.000782861303904,21.001594943400214,21.021281341242535,21.001932730092648,23.1059246482818,11.0,5.0,11.0,5.0,20.0,-7.75,21.0,24.0,0.09183615471624539,261.96854872205756,2.2362330453118324,4169.320326473981
1986-01-30T14:45:00,extended_january,baseline,21.000336231662907,21.00209853723454,21.058030750042132,21.001414361012507,23.210097439849477,11.0,5.0,11.0,5.0,20.0,-7.4750000000000005,21.0,24.0,0.09183615471624539,262.0603848767738,2.186549203717802,4171.506875677699
1986-01-30T15:00:00,extended_january,baseline,21.000172364439695,21.00150998951879,21.098287988521054,21.000280186471365,23.30017862053332,11.0,5.0,11.0,5.0,20.0,-7.2,21.0,24.0,0.09183615471624539,262.15222103149006,2.1415403082276234,4173.6484159859265
1986-01-30T15:15:00,extended_january,baseline,21.001234332379774,21.002778169566326,21.047224552802437,20.999997975802977,23.296976398401636,11.0,5.0,11.0,5.0,20.0,-7.2,21.0,24.0,0.09183615471624539,262.2440571862063,2.1886586880309857,4175.837074673957
1986-01-30T15:30:00,extended_january,baseline,21.001283759961375,21.000518795849512,21.004261864083855,21.001479225234917,23.275194070729864,11.0,5.0,11.0,5.0,20.0,-7.2,21.0,24.0,0.09183615471624539,262.33589334092255,2.2226142065264334,4178.059688880484
1986-01-30T15:45:00,extended_january,baseline,21.00080890383219,21.001441010143807,21.00100837910403,20.99954308267832,23.265485505043635,11.0,5.0,11.0,5.0,20.0,-7.2,21.0,24.0,0.09183615471624539,262.4277294956388,2.258359785762473,4180.318048666247
1986-01-30T16:00:00,extended_january,baseline,21.001204981170606,21.001084526219874,21.000514305080564,21.000556893999953,23.262662654867093,11.0,5.0,11.0,5.0,20.0,-7.2,21.0,24.0,0.09183615471624539,262.51956565035505,2.294484920029656,4182.612533586276
1986-01-30T16:15:00,extended_january,baseline,21.000683485788674,21.00266245627218,21.00138753636768,20.999881909868574,23.1466613890617,11.0,5.0,11.0,5.0,20.0,-6.925000000000001,21.0,24.0,0.09183615471624539,262.6114018050713,2.4076273171635263,4185.020160903439
1986-01-30T16:30:00,extended_january,baseline,21.00099138921316,21.00005228980704,21.001891428647916,21.000754780793184,23.04848091814939,11.0,5.0,11.0,5.0,20.0,-6.65,21.0,24.0,0.09183615471624539,262.70323795978754,2.4389683650014864,4187.459129268441
1986-01-30T16:45:00,extended_january,baseline,21.0008266261033,21.000227214895887,21.002682420573294,21.000223030886247,23.002490296812283,11.0,5.0,11.0,5.0,20.0,-6.374999999999999,21.0,24.0,0.09183615471624539,262.7950741145038,2.429851106109011,4189.88898037455
1986-01-30T17:00:00,extended_january,baseline,21.001556673842785,21.00163129922506,21.001604643532616,21.00150620124087,22.984696126967297,11.0,5.0,11.0,5.0,20.0,-6.1,21.0,24.0,0.09183615471624539,262.88691026922004,2.4639266105431656,4192.352906985093
1986-01-30T17:15:00,extended_january,baseline,21.002516670461688,21.00248191946572,21.000955281144186,21.001259959902917,22.98370793771801,11.0,5.0,11.0,5.0,20.0,-6.1,21.0,24.0,0.09183615471624539,262.9787464239363,2.4892326583253057,4194.842139643418
1986-01-30T17:30:00,extended_january,baseline,21.00123623068194,21.00033671686499,21.001057627964276,21.001858149027925,22.992325137072896,11.0,5.0,11.0,5.0,20.0,-6.1,21.0,24.0,0.09183615471624539,263.07058257865253,2.4927706518681134,4197.334910295286
1986-01-30T17:45:00,extended_january,baseline,21.00117179469968,21.00207402833405,21.001829808389193,21.000802507191853,23.00675471734064,11.0,5.0,11.0,5.0,20.0,-6.1,21.0,24.0,0.09183615471624539,263.1624187333688,2.4930047586771242,4199.827915053963
1986-01-30T18:00:00,extended_january,baseline,21.002749975247486,21.002696947726314,21.002714705553252,21.00055062834358,23.02524265134554,11.0,5.0,11.0,5.0,20.0,-6.1,21.0,24.0,0.09183615471624539,263.25425488808503,2.489755789884748,4202.317670843848
1986-01-30T18:23:00,extended_january,baseline,21.00218103235272,21.000061667117627,21.00129839363393,21.002256975129765,22.437118171900764,5.5,2.5,5.5,2.5,10.0,-6.374999999999999,21.0,24.0,0.09183615471624539,263.3460910428013,3.048249363925368,4205.365920207773
1986-01-30T18:38:00,extended_january,baseline,21.001277526873377,21.000492828295663,21.002931004954927,21.00167019034839,22.086492611822898,5.5,2.5,5.5,2.5,10.0,-6.65,21.0,24.0,0.09183615471624539,263.4379271975175,3.1957904927926357,4208.5617107005655
1986-01-30T18:45:00,extended_january,baseline,21.002909546784064,21.002628647349454,21.002291606296183,21.002208521294186,21.91349912771078,5.5,2.5,5.5,2.5,10.0,-6.925000000000001,21.0,24.0,0.09183615471624539,263.5297633522338,3.2742023861718055,4211.8359130867375
1986-01-30T19:00:00,extended_january,baseline,21.00223217545263,21.00351874958098,21.003114162669075,21.000871932613638,21.8104231432776,5.5,2.5,5.5,2.5,10.0,-7.2,21.0,24.0,0.09183615471624539,263.62159950695,3.340765548277873,4215.176678635015
1986-01-30T19:23:00,extended_january,baseline,21.00287576282024,21.001289174493422,21.00274728816275,20.999380883618375,21.2907892855913,0.0,0.0,0.0,0.0,0.0,-7.075,21.0,24.0,0.09183615471624539,263.71343566166627,3.7642377462331744,4218.940916381249
1986-01-30T19:38:00,extended_january,baseline,21.00259811281837,21.000689009178135,21.001941188439623,20.99910135451294,21.0025083938437,0.0,0.0,0.0,0.0,0.0,-6.95,21.0,24.0,0.09183615471624539,263.8052718163825,3.787337600141332,4222.7282539813905
1986-01-30T19:45:00,extended_january,baseline,21.001807524248548,20.99965163230159,21.001688443661156,21.002892933572113,21.001110308955028,0.0,0.0,0.0,0.0,0.0,-6.825,21.0,24.0,0.09183615471624539,263.89710797109876,3.9008008588449914,4226.629054840236
1986-01-30T20:00:00,extended_january,baseline,21.00338517491517,21.002686551252744,21.002473189041066,20.998098936181208,21.001090746614878,0.0,0.0,0.0,0.0,0.0,-6.7,21.0,24.0,0.09183615471624539,263.988944125815,3.876085263181394,4230.505140103417
1986-01-30T20:19:00,extended_january,baseline,19.235813304997905,19.390691792900878,19.273736992190297,19.38273271223044,20.6186584924354,0.0,0.0,0.0,0.0,0.0,-6.425000000000001,18.0,27.0,0.09183615471624539,264.08078028053126,0.0,4230.505140103417
1986-01-30T20:35:00,extended_january,baseline,18.847395445302773,19.045788245511147,18.886623123904812,19.04090310220752,20.41694953805943,0.0,0.0,0.0,0.0,0.0,-6.15,18.0,27.0,0.09183615471624539,264.1726164352475,0.0,4230.505140103417
1986-01-30T20:53:00,extended_january,baseline,18.618126599881553,18.82590059703903,18.655240228517794,18.822469814735364,20.2845082287126,0.0,0.0,0.0,0.0,0.0,-5.874999999999999,18.0,27.0,0.09183615471624539,264.26445258996375,0.0,4230.505140103417
1986-01-30T21:00:00,extended_january,baseline,18.483565380446514,18.694548614380043,18.51968168729967,18.691603712902875,20.191810885285992,0.0,0.0,0.0,0.0,0.0,-5.6,18.0,27.0,0.09183615471624539,264.35628874468,0.0,4230.505140103417
1986-01-30T21:15:00,extended_january,baseline,18.288213287065783,18.50025662423783,18.322989624065897,18.49772556224185,20.039111392353558,0.0,0.0,0.0,0.0,0.0,-5.725,18.0,27.0,0.09183615471624539,264.44812489939625,0.0,4230.505140103417
1986-01-30T21:30:00,extended_january,baseline,18.09237450968774,18.304297518635753,18.12644239528554,18.301778841204516,19.881026708236334,0.0,0.0,0.0,0.0,0.0,-5.85,18.0,27.0,0.09183615471624539,264.5399610541125,0.0,4230.505140103417
1986-01-30T21:45:00,extended_january,baseline,18.00286242611563,18.124133867905304,18.004975883942517,18.121481796972823,19.732119776019942,0.0,0.0,0.0,0.0,0.0,-5.975,18.0,27.0,0.09183615471624539,264.63179720882874,0.035741087214601244,4230.540881190632
1986-01-30T22:00:00,extended_january,baseline,18.000473651956753,18.00881983228902,18.00078889081347,18.00991136805135,19.59364829383912,0.0,0.0,0.0,0.0,0.0,-6.1,18.0,27.0,0.09183615471624539,264.723633363545,0.11993424020615283,4230.660815430838
1986-01-30T22:15:00,extended_january,baseline,18.000444312535826,18.000757441614688,17.999589110765175,18.001353590828373,19.485270800117647,0.0,0.0,0.0,0.0,0.0,-6.374999999999999,18.0,27.0,0.09183615471624539,264.81546951826124,0.199054744558385,4230.859870175396
1986-01-30T22:30:00,extended_january,baseline,17.99931355574343,17.998683656142223,18.000561589963294,17.9988853854184,19.40091586463294,0.0,0.0,0.0,0.0,0.0,-6.65,18.0,27.0,0.09183615471624539,264.9073056729775,0.2842377077803323,4231.144107883177
1986-01-30T22:45:00,extended_january,baseline,17.999414447830663,17.999907792904423,18.000298520183303,17.999380817935744,19.331279515457606,0.0,0.0,0.0,0.0,0.0,-6.925000000000001,18.0,27.0,0.09183615471624539,264.99914182769373,0.37413930232845544,4231.518247185505
1986-01-30T23:00:00,extended_january,baseline,17.999964215173843,18.000604130803577,17.999931347445138,17.998908660235763,19.27155704712374,0.0,0.0,0.0,0.0,0.0,-7.2,18.0,27.0,0.09183615471624539,265.09097798241,0.45699800655791967,4231.975245192063
1986-01-30T23:15:00,extended_january,baseline,17.998926616278478,17.998988204947032,17.999732077440246,17.998735700298507,19.228067069156697,0.0,0.0,0.0,0.0,0.0,-7.3500000000000005,18.0,27.0,0.09183615471624539,265.18281413712623,0.512778712227077,4232.4880239042905
1986-01-30T23:30:00,extended_january,baseline,18.000135627126184,18.00021913370901,18.000047226287535,18.000255301866257,19.19783631407951,0.0,0.0,0.0,0.0,0.0,-7.5,18.0,27.0,0.09183615471624539,265.2746502918425,0.5610597822158584,4233.0490836865065
1986-01-30T23:45:00,extended_january,baseline,18.000249137256546,18.001363694679863,18.000604770334732,18.000485357597995,19.176382948903107,0.0,0.0,0.0,0.0,0.0,-7.6499999999999995,18.0,27.0,0.09183615471624539,265.3664864465587,0.5951890340216535,4233.6442727205285
1986-01-31T00:00:00,extended_january,baseline,18.000356988855188,17.99923062839659,17.99960285384964,17.999820695636288,19.1615617480702,0.0,0.0,0.0,0.0,0.0,-7.8,18.0,27.0,0.09183615471624539,265.458322601275,0.6186601996595417,4234.262932920188
1986-01-31T00:15:00,extended_january,baseline,18.00005578143551,18.000842948211428,17.999648844425995,17.999254776796544,19.138997330308854,0.0,0.0,0.0,0.0,0.0,-7.6499999999999995,18.0,27.0,0.09183615471624539,265.5501587559912,0.6546667596085295,4234.917599679797
1986-01-31T00:30:00,extended_january,baseline,17.99992111587706,17.99952322846492,17.999824346246044,18.00088407849358,19.11112070564751,0.0,0.0,0.0,0.0,0.0,-7.5,18.0,27.0,0.09183615471624539,265.64199491070747,0.6818615929543228,4235.599461272751
1986-01-31T00:45:00,extended_january,baseline,18.000005752408374,17.999676611112797,17.999798486577344,18.00022524627727,19.08313164977714,0.0,0.0,0.0,0.0,0.0,-7.3500000000000005,18.0,27.0,0.09183615471624539,265.7338310654237,0.7038806003439003,4236.303341873095
1986-01-31T01:00:00,extended_january,baseline,18.000009606745508,18.00033434406167,17.999533660465787,17.9991527417222,19.05699053180218,0.0,0.0,0.0,0.0,0.0,-7.2,18.0,27.0,0.09183615471624539,265.82566722013996,0.7214263946185381,4237.024768267714
1986-01-31T01:15:00,extended_january,baseline,17.999196214749933,17.999205511128384,17.999796657601088,17.99930571280065,19.03274555276066,0.0,0.0,0.0,0.0,0.0,-7.075,18.0,27.0,0.09183615471624539,265.9175033748562,0.7360653001060078,4237.76083356782
1986-01-31T01:30:00,extended_january,baseline,18.0001131432299,18.000566576283504,18.000026142854495,18.00125307982164,19.010193594607145,0.0,0.0,0.0,0.0,0.0,-6.95,18.0,27.0,0.09183615471624539,266.00933952957246,0.7510051829540928,4238.511838750774
1986-01-31T01:45:00,extended_january,baseline,18.0005364847624,17.999869303060134,17.999636951137475,18.000129027433317,18.989265056374965,0.0,0.0,0.0,0.0,0.0,-6.825,18.0,27.0,0.09183615471624539,266.1011756842887,0.7588211088764287,4239.270659859651
1986-01-31T02:00:00,extended_january,baseline,17.999668087902453,18.000752829739323,18.000982242757416,18.0002862451786,18.969938825985242,0.0,0.0,0.0,0.0,0.0,-6.7,18.0,27.0,0.09183615471624539,266.19301183900495,0.7684869073954538,4240.039146767046
1986-01-31T02:15:00,extended_january,baseline,17.999562763179256,17.99989508795173,17.999947293502615,17.99866435629417,18.92604063317295,0.0,0.0,0.0,0.0,0.0,-6.7,18.0,27.0,0.09183615471624539,266.2848479937212,0.8316405948389093,4240.870787361885
1986-01-31T02:30:00,extended_january,baseline,17.99909267114097,17.99945268150228,18.000824961056278,17.999776202409674,18.863900625705316,0.0,0.0,0.0,0.0,0.0,-6.7,18.0,27.0,0.09183615471624539,266.37668414843745,0.8954597784200726,4241.7662471403055
1986-01-31T02:45:00,extended_january,baseline,17.999682581195874,17.99926709116699,18.000304905208772,18.000240671224358,18.79495648172963,0.0,0.0,0.0,0.0,0.0,-6.7,18.0,27.0,0.09183615471624539,266.4685203031537,0.9526763382764973,4242.718923478582
1986-01-31T03:00:00,extended_january,baseline,18.000111027964177,17.998549807174843,17.99965420313339,18.00139032699593,18.723989756084556,0.0,0.0,0.0,0.0,0.0,-6.7,18.0,27.0,0.09183615471624539,266.56035645786994,1.0078892572806935,4243.726812735863
1986-01-31T03:15:00,extended_january,baseline,18.001183231950407,17.999962586689012,18.000437177875092,17.999314779422285,18.681589591728937,0.0,0.0,0.0,0.0,0.0,-6.7,18.0,27.0,0.09183615471624539,266.6521926125862,0.9978678445091393,4244.7246805803725
1986-01-31T03:30:00,extended_january,baseline,17.999802161656188,18.000633698922588,17.99906708817675,17.999602580728315,18.661133607731568,0.0,0.0,0.0,0.0,0.0,-6.7,18.0,27.0,0.09183615471624539,266.74402876730244,0.9890588297693828,4245.713739410142
1986-01-31T03:45:00,extended_january,baseline,17.999589791011413,18.001380326226965,17.998809352638666,17.99870860772034,18.649928115817513,0.0,0.0,0.0,0.0,0.0,-6.7,18.0,27.0,0.09183615471624539,266.8358649220187,0.9881989838809719,4246.701938394023
1986-01-31T04:00:00,extended_january,baseline,17.998812742162674,17.998440393526796,18.000193539629624,17.998947891621224,18.64222238545604,0.0,0.0,0.0,0.0,0.0,-6.7,18.0,27.0,0.09183615471624539,266.92770107673493,0.985903514257733,4247.687841908281
1986-01-31T04:15:00,extended_january,baseline,18.00106756475129,17.999851538972596,17.999376121524765,17.998233355819526,18.628661140750033,0.0,0.0,0.0,0.0,0.0,-6.7,18.0,27.0,0.09183615471624539,267.0195372314512,1.0021218645293288,4248.689963772811
1986-01-31T04:30:00,extended_january,baseline,18.00103408073029,18.000343312723594,17.998993430943763,18.00095422638989,18.61111264939472,0.0,0.0,0.0,0.0,0.0,-6.7,18.0,27.0,0.09183615471624539,267.11137338616743,1.0187132197545279,4249.708676992565
1986-01-31T04:45:00,extended_january,baseline,17.998887828143175,17.999278435076025,17.999561678874056,18.001859784278565,18.59289103316018,0.0,0.0,0.0,0.0,0.0,-6.7,18.0,27.0,0.09183615471624539,267.2032095408837,1.0300976971041291,4250.738774689669
1986-01-31T05:00:00,extended_january,baseline,18.00046393545074,17.99988890203443,18.000594544906377,18.001032608503333,18.575153085825264,0.0,0.0,0.0,0.0,0.0,-6.7,18.0,27.0,0.09183615471624539,267.2950456955999,1.0450438291117459,4251.783818518781
1986-01-31T05:15:00,extended_january,baseline,18.000829236445746,17.998759675611414,17.999931074410195,18.000920014893094,18.56261754573586,0.0,0.0,0.0,0.0,0.0,-6.550000000000001,18.0,27.0,0.09183615471624539,267.3868818503162,1.0390721944942793,4252.822890713275
1986-01-31T05:30:00,extended_january,baseline,18.000376874389698,17.999200404301913,18.001150083538203,18.000315854082494,18.5540784872649,0.0,0.0,0.0,0.0,0.0,-6.4,18.0,27.0,0.09183615471624539,267.4787180050324,1.0376923955645803,4253.86058310884
1986-01-31T05:45:00,extended_january,baseline,18.00012535040484,18.001281535880487,17.99998362420755,17.999362533460705,18.547459502869692,0.0,0.0,0.0,0.0,0.0,-6.249999999999999,18.0,27.0,0.09183615471624539,267.57055415974867,1.0351534879813755,4254.895736596821
1986-01-31T06:00:00,extended_january,baseline,18.000437653900203,18.000033818298096,17.9991574983693,18.000745931539374,18.54189297360722,0.0,0.0,0.0,0.0,0.0,-6.1,18.0,27.0,0.09183615471624539,267.6623903144649,1.0319408881068342,4255.927677484928
1986-01-31T06:19:00,extended_january,baseline,19.67337764241683,19.866201809664066,19.636226571785656,19.873472547503397,19.808748124241486,0.0,0.0,0.0,0.0,0.0,-5.975,21.0,24.0,0.09183615471624539,267.75422646918116,7.060349690918552,4262.988027175847
1986-01-31T06:34:00,extended_january,baseline,20.411021720110043,20.609998232759587,20.351225783209436,20.61068157072327,20.381244023878686,0.0,0.0,0.0,0.0,0.0,-5.85,21.0,24.0,0.09183615471624539,267.8460626238974,5.994602365670909,4268.982629541518
1986-01-31T06:53:00,extended_january,baseline,20.783579323671155,20.988490466180597,20.717143095357702,20.98301024963705,20.68727945083678,0.0,0.0,0.0,0.0,0.0,-5.725,21.0,24.0,0.09183615471624539,267.93789877861366,5.980044406693164,4274.962673948211
1986-01-31T07:00:00,extended_january,baseline,20.9772796729464,20.996569606530088,20.90883402066518,20.998859173205215,20.84610624276738,0.0,0.0,0.0,0.0,0.0,-5.6,21.0,24.0,0.09183615471624539,268.0297349333299,5.861413123635011,4280.824087071846
1986-01-31T07:15:00,extended_january,baseline,21.001035018216186,21.000317635316428,20.994024376450454,20.999255396969865,20.996075529545255,0.0,0.0,0.0,0.0,0.0,-5.449999999999999,21.0,24.0,0.09183615471624539,268.12157108804615,5.5736361068485625,4286.397723178695
1986-01-31T07:30:00,extended_january,baseline,21.002404233104027,21.000311987886246,20.999945013144615,21.0032338132731,21.001078208290874,0.0,0.0,0.0,0.0,0.0,-5.3,21.0,24.0,0.09183615471624539,268.2134072427624,5.382486427743734,4291.780209606439
1986-01-31T07:45:00,extended_january,baseline,20.998276456071224,20.998236367400093,21.00146732867299,20.997570007383047,21.000008698486564,0.0,0.0,0.0,0.0,0.0,-5.15,21.0,24.0,0.09183615471624539,268.30524339747865,5.271603909685971,4297.051813516125
1986-01-31T08:00:00,extended_january,baseline,21.002175405878596,20.999770745193075,20.99915054404966,21.000693068371593,21.0001961896506,0.0,0.0,0.0,0.0,0.0,-5.0,21.0,24.0,0.09183615471624539,268.3970795521949,5.14929474283526,4302.20110825896
1986-01-31T08:23:00,extended_january,baseline,21.000800203175505,21.00066348240557,20.999997668961566,21.001526549161827,21.097920494710518,11.0,5.0,11.0,5.0,20.0,-4.725,21.0,24.0,0.09183615471624539,268.48891570691114,3.0032700978071314,4305.204378356767
1986-01-31T08:38:00,extended_january,baseline,21.001500483556946,21.000641727538703,21.00050979098904,20.99961862060013,21.3025677286169,11.0,5.0,11.0,5.0,20.0,-4.45,21.0,24.0,0.09183615471624539,268.5807518616274,2.917602939681262,4308.121981296448
1986-01-31T08:45:00,extended_january,baseline,21.001568682432932,21.000364412855788,21.000802849599477,21.00021386232162,21.457316290295072,11.0,5.0,11.0,5.0,20.0,-4.175,21.0,24.0,0.09183615471624539,268.67258801634364,2.7243894457538755,4310.846370742202
1986-01-31T09:00:00,extended_january,baseline,21.00065020587265,21.000399878131454,21.000572014042792,21.000396707516106,21.63192814460787,11.0,5.0,11.0,5.0,20.0,-3.9,21.0,24.0,0.09183615471624539,268.7644241710599,2.5388911148635267,4313.385261857066
1986-01-31T09:23:00,extended_january,baseline,21.000720395097485,21.001234560501576,21.000560449085192,21.000663249270662,22.209490951962938,11.0,5.0,11.0,5.0,20.0,-3.75,21.0,24.0,0.09183615471624539,268.85626032577613,2.103167046271344,4315.488428903338
1986-01-31T09:38:00,extended_january,baseline,21.001043681745138,21.034647787135043,20.999899079072527,21.00076466030545,22.536328906729338,11.0,5.0,11.0,5.0,20.0,-3.5999999999999996,21.0,24.0,0.09183615471624539,268.9480964804924,1.9317539753402537,4317.420182878678
1986-01-31T09:45:00,extended_january,baseline,21.000125673125233,21.110210510935836,21.053722421322828,20.99936272942911,22.70401238680513,11.0,5.0,11.0,5.0,20.0,-3.4499999999999997,21.0,24.0,0.09183615471624539,269.03993263520863,1.8535559035729225,4319.273738782251
1986-01-31T10:00:00,extended_january,baseline,21.00075817337516,21.217432638836392,21.1522814779337,20.9995950235374,22.816506548766913,11.0,5.0,11.0,5.0,20.0,-3.3,21.0,24.0,0.09183615471624539,269.1317687899249,1.7944278053414724,4321.068166587593
1986-01-31T10:15:00,extended_january,baseline,21.002268758127247,21.330630487620827,21.27170815198971,21.001779816368245,22.908137112033852,11.0,5.0,11.0,5.0,20.0,-3.0249999999999995,21.0,24.0,0.09183615471624539,269.2236049446411,1.7271118655773323,4322.79527845317
1986-01-31T10:30:00,extended_january,baseline,21.052335406816947,21.438625735338373,21.396418117341426,21.001643068874035,22.992796717435947,11.0,5.0,11.0,5.0,20.0,-2.75,21.0,24.0,0.09183615471624539,269.3154410993574,1.6797943397610202,4324.475072792931
1986-01-31T10:45:00,extended_january,baseline,21.127710692019942,21.52559620193614,21.50338828650113,21.01695720517957,23.065471674041735,11.0,5.0,11.0,5.0,20.0,-2.475,21.0,24.0,0.09183615471624539,269.4072772540736,1.6434141788760122,4326.118486971807
1986-01-31T11:00:00,extended_january,baseline,21.206703579561925,21.593843046735078,21.59609482159568,21.061694978566653,23.12528124423356,11.0,5.0,11.0,5.0,20.0,-2.2,21.0,24.0,0.09183615471624539,269.49911340878987,1.61264745424018,4327.731134426047
1986-01-31T11:15:00,extended_january,baseline,21.203823434806537,21.58059595616305,21.603734670186252,21.04518967403504,23.110376780499113,8.8,4.0,8.8,4.0,16.0,-2.075,21.0,24.0,0.09183615471624539,269.5909495635061,1.5966206932355969,4329.327755119282
1986-01-31T11:30:00,extended_january,baseline,21.240209815285503,21.60292766827306,21.648590921009614,21.070413160322897,23.127031228514312,8.8,4.0,8.8,4.0,16.0,-1.9500000000000002,21.0,24.0,0.09183615471624539,269.68278571822236,1.5821664341712938,4330.909921553453
1986-01-31T11:45:00,extended_january,baseline,21.378517144763034,21.714018809796013,21.73485163448692,21.134447314119043,23.19302595887104,8.8,4.0,8.8,4.0,16.0,-1.825,21.0,24.0,0.09183615471624539,269.7746218729386,1.5673417885508816,4332.477263342004
1986-01-31T12:00:00,extended_january,baseline,21.567815077886326,21.844027420737845,21.835832395562413,21.2090502274632,23.283958862087886,8.8,4.0,8.8,4.0,16.0,-1.7,21.0,24.0,0.09183615471624539,269.86645802765486,1.5526277210121306,4334.029891063016
1986-01-31T12:15:00,extended_january,baseline,21.553054649573024,21.746858398934165,21.683843828904685,21.051062789395928,23.14731984406687,4.4,2.0,4.4,2.0,8.0,-1.5499999999999998,21.0,24.0,0.09183615471624539,269.9582941823711,1.5353991602666182,4335.565290223283
1986-01-31T12:30:00,extended_january,baseline,21.566412393787374,21.651116181177365,21.53268476838074,21.00624401496809,23.006881306566623,4.4,2.0,4.4,2.0,8.0,-1.4,21.0,24.0,0.09183615471624539,270.05013033708735,1.5330357267530876,4337.098325950036
1986-01-31T12:45:00,extended_january,baseline,21.61616926974809,21.58249071580283,21.460413953938485,21.003008553999763,22.941108849404284,4.4,2.0,4.4,2.0,8.0,-1.25,21.0,24.0,0.09183615471624539,270.1419664918036,1.519147683639598,4338.617473633676
1986-01-31T13:00:00,extended_january,baseline,21.646689405313627,21.506502597475833,21.425573993075236,21.001012592098306,22.920831905687052,4.4,2.0,4.4,2.0,8.0,-1.1,21.0,24.0,0.09183615471624539,270.23380264651985,1.5046080056585485,4340.122081639334
1986-01-31T13:15:00,extended_january,baseline,21.79418345386148,21.591371723298362,21.589265407380076,21.086021332225997,23.099180792491907,8.8,4.0,8.8,4.0,16.0,-1.1,21.0,24.0,0.09183615471624539,270.3256388012361,1.490112809281814,4341.612194448616
1986-01-31T13:30:00,extended_january,baseline,21.81376540139991,21.614754243694332,21.701475066141654,21.130055645243107,23.24940830707728,8.8,4.0,8.8,4.0,16.0,-1.1,21.0,24.0,0.09183615471624539,270.41747495595234,1.482194317042271,4343.094388765658
1986-01-31T13:45:00,extended_january,baseline,21.73635232216224,21.551466365529397,21.70331715855723,21.11274579208692,23.304648822995066,8.8,4.0,8.8,4.0,16.0,-1.1,21.0,24.0,0.09183615471624539,270.5093111106686,1.479047040058598,4344.573435805716
1986-01-31T14:00:00,extended_january,baseline,21.637821049523087,21.457293847822154,21.65055795404882,21.067487931243054,23.309543815828846,8.8,4.0,8.8,4.0,16.0,-1.1,21.0,24.0,0.09183615471624539,270.60114726538484,1.4778205638445798,4346.051256369561
1986-01-31T14:15:00,extended_january,baseline,21.606478390484913,21.42520068582297,21.648762240129752,21.078792621871397,23.357276320290165,11.0,5.0,11.0,5.0,20.0,-1.25,21.0,24.0,0.09183615471624539,270.6929834201011,1.4898522987741543,4347.541108668335
1986-01-31T14:30:00,extended_january,baseline,21.575787518910644,21.389691609580527,21.643402071993982,21.07979393882095,23.40845375392815,11.0,5.0,11.0,5.0,20.0,-1.4,21.0,24.0,0.09183615471624539,270.78481957481733,1.5023758183559364,4349.043484486691
1986-01-31T14:45:00,extended_january,baseline,21.519712876052413,21.32984319509248,21.60983680748176,21.051818531872083,23.436442951285034,11.0,5.0,11.0,5.0,20.0,-1.5499999999999998,21.0,24.0,0.09183615471624539,270.8766557295336,1.515777353388964,4350.559261840081
1986-01-31T15:00:00,extended_january,baseline,21.447761618891846,21.25701187718257,21.55625331209745,21.00745255229151,23.447625475442585,11.0,5.0,11.0,5.0,20.0,-1.7,21.0,24.0,0.09183615471624539,270.96849188424983,1.5299082861913926,4352.089170126272
1986-01-31T15:15:00,extended_january,baseline,21.337006131594237,21.148947991097774,21.458758671358886,21.003302589756863,23.40949295468881,11.0,5.0,11.0,5.0,20.0,-1.7,21.0,24.0,0.09183615471624539,271.0603280389661,1.541487496381483,4353.630657622653
1986-01-31T15:30:00,extended_january,baseline,21.254607445277507,21.067536154416,21.38664004669762,21.000820199712276,23.390601352749027,11.0,5.0,11.0,5.0,20.0,-1.7,21.0,24.0,0.09183615471624539,271.1521641936823,1.5458035973653599,4355.176461220019
1986-01-31T15:45:00,extended_january,baseline,21.20507759287164,21.01282228883557,21.34514746716779,21.001721178659157,23.401019406522146,11.0,5.0,11.0,5.0,20.0,-1.7,21.0,24.0,0.09183615471624539,271.2440003483986,1.5497036842549883,4356.726164904274
1986-01-31T16:00:00,extended_january,baseline,21.16756341502752,21.001409180831573,21.313901559754395,21.003084292753158,23.424502896349615,11.0,5.0,11.0,5.0,20.0,-1.7,21.0,24.0,0.09183615471624539,271.3358365031148,1.5582748381780178,4358.2844397424515
1986-01-31T16:15:00,extended_january,baseline,21.011130076207888,21.001663544739923,21.136700991892592,21.00174996497739,23.306370031329045,11.0,5.0,11.0,5.0,20.0,-1.7,21.0,24.0,0.09183615471624539,271.42767265783107,1.6114893310019252,4359.895929073454
1986-01-31T16:30:00,extended_january,baseline,21.001911462038237,21.001984372007993,21.008082290304497,21.00147099886829,23.1822346273296,11.0,5.0,11.0,5.0,20.0,-1.7,21.0,24.0,0.09183615471624539,271.5195088125473,1.7007394286820852,4361.596668502136
1986-01-31T16:45:00,extended_january,baseline,21.001011197168175,21.00131851670103,21.001412142633704,21.003712641854445,23.09972139227795,11.0,5.0,11.0,5.0,20.0,-1.7,21.0,24.0,0.09183615471624539,271.61134496726356,1.7591932588261914,4363.355861760962
1986-01-31T17:00:00,extended_january,baseline,21.000929894851733,21.003257373042338,21.001348018208258,21.000176975596304,23.042173615115313,11.0,5.0,11.0,5.0,20.0,-1.7,21.0,24.0,0.09183615471624539,271.7031811219798,1.8123303466748115,4365.168192107637
1986-01-31T17:15:00,extended_january,baseline,21.00079562728002,21.00212858880189,21.001589453577804,21.002006192577017,23.008996207395498,11.0,5.0,11.0,5.0,20.0,-1.825,21.0,24.0,0.09183615471624539,271.79501727669606,1.8588661388162806,4367.027058246454
1986-01-31T17:30:00,extended_january,baseline,21.002344486983333,21.002783225163277,21.001293256804807,21.001256819277177,22.992383595271516,11.0,5.0,11.0,5.0,20.0,-1.9500000000000002,21.0,24.0,0.09183615471624539,271.8868534314123,1.893270489791023,4368.920328736244
1986-01-31T17:45:00,extended_january,baseline,21.001508042479067,21.000258927372283,21.001672312214247,21.000396401188834,22.985091827468114,11.0,5.0,11.0,5.0,20.0,-2.075,21.0,24.0,0.09183615471624539,271.97868958612855,1.9206982624881022,4370.841026998733
1986-01-31T18:00:00,extended_january,baseline,21.0005987786096,21.001274812157884,21.001878255707137,21.000224352576048,22.9833809478221,11.0,5.0,11.0,5.0,20.0,-2.2,21.0,24.0,0.09183615471624539,272.0705257408448,1.9452218047467131,4372.786248803479
1986-01-31T18:23:00,extended_january,baseline,21.00220505567513,21.000282678214884,21.001774203079915,21.001030026029202,22.36029864865634,5.5,2.5,5.5,2.5,10.0,-2.075,21.0,24.0,0.09183615471624539,272.16236189556105,2.4529399607966376,4375.239188764275
1986-01-31T18:38:00,extended_january,baseline,21.00216663746577,21.002360531858226,21.00259129323147,21.00248296100192,21.956811756296286,5.5,2.5,5.5,2.5,10.0,-1.9500000000000002,21.0,24.0,0.09183615471624539,272.2541980502773,2.5901125971008585,4377.829301361376
1986-01-31T18:45:00,extended_january,baseline,21.00345450560537,21.000710413212087,21.00139633923799,21.000187271974344,21.760702678464725,5.5,2.5,5.5,2.5,10.0,-1.825,21.0,24.0,0.09183615471624539,272.34603420499354,2.6423890418749703,4380.47169040325
1986-01-31T19:00:00,extended_january,baseline,21.003689121934652,20.999215491465915,21.001809775046635,21.001938509856178,21.614520196136922,5.5,2.5,5.5,2.5,10.0,-1.7,21.0,24.0,0.09183615471624539,272.4378703597098,2.680638636052897,4383.152329039303
1986-01-31T19:23:00,extended_january,baseline,21.00202893994472,21.000584068206784,21.00131047228303,21.001913636352754,21.03838710224242,0.0,0.0,0.0,0.0,0.0,-1.7,21.0,24.0,0.09183615471624539,272.52970651442604,3.174336253028495,4386.326665292332
1986-01-31T19:30:00,extended_january,baseline,21.002556381918147,21.002507625910546,21.00271241133713,20.998846338878298,21.002634438037546,0.0,0.0,0.0,0.0,0.0,-1.7,21.0,24.0,0.09183615471624539,272.6215426691423,3.402359563271476,4389.729024855604
1986-01-31T19:45:00,extended_january,baseline,21.0002120785421,20.999291797400666,21.001949101897264,20.998490486220284,21.001023522641173,0.0,0.0,0.0,0.0,0.0,-1.7,21.0,24.0,0.09183615471624539,272.71337882385853,3.521740624400862,4393.250765480005
1986-01-31T20:00:00,extended_january,baseline,21.003065424017265,20.999374618546057,21.003276458295087,21.001006730643223,21.001291112046136,0.0,0.0,0.0,0.0,0.0,-1.7,21.0,24.0,0.09183615471624539,272.8052149785748,3.585918542419029,4396.8366840224235
1986-01-31T20:19:00,extended_january,baseline,19.261717989948462,19.47511043514583,19.296628099889247,19.476479937389726,20.374335684994662,0.0,0.0,0.0,0.0,0.0,-1.5499999999999998,18.0,27.0,0.09183615471624539,272.89705113329103,0.0,4396.8366840224235
1986-01-31T20:35:00,extended_january,baseline,18.86304440189962,19.12836618143208,18.898775076703757,19.132419984359846,20.136405695461328,0.0,0.0,0.0,0.0,0.0,-1.4,18.0,27.0,0.09183615471624539,272.9888872880073,0.0,4396.8366840224235
1986-01-31T20:53:00,extended_january,baseline,18.630760219652586,18.915509676821035,18.665297830240938,18.921453785462525,19.992128620113505,0.0,0.0,0.0,0.0,0.0,-1.25,18.0,27.0,0.09183615471624539,273.0807234427235,0.0,4396.8366840224235
1986-01-31T21:00:00,extended_january,baseline,18.50121488610893,18.788407749405813,18.53411310286534,18.795449053980185,19.895864458015833,0.0,0.0,0.0,0.0,0.0,-1.1,18.0,27.0,0.09183615471624539,273.1725595974398,0.0,4396.8366840224235
1986-01-31T21:15:00,extended_january,baseline,18.317565199632135,18.608296936105457,18.349011540493944,18.616208830100593,19.754309015362637,0.0,0.0,0.0,0.0,0.0,-1.475,18.0,27.0,0.09183615471624539,273.264395752156,0.0,4396.8366840224235
1986-01-31T21:30:00,extended_january,baseline,18.136701096081854,18.42796071868059,18.16737899828384,18.43602175930967,19.629736860783247,0.0,0.0,0.0,0.0,0.0,-1.85,18.0,27.0,0.09183615471624539,273.35623190687227,0.0,4396.8366840224235
1986-01-31T21:45:00,extended_january,baseline,18.006127173399303,18.264002901772514,18.00740686829487,18.27193971927354,19.50705887639305,0.0,0.0,0.0,0.0,0.0,-2.225,18.0,27.0,0.09183615471624539,273.4480680615885,0.006926242306043034,4396.843610264729
1986-01-31T22:00:00,extended_january,baseline,17.999356883548394,18.117504470279744,17.99983979882902,18.125226902586736,19.403139936000496,0.0,0.0,0.0,0.0,0.0,-2.6,18.0,27.0,0.09183615471624539,273.53990421630476,0.06743896371637306,4396.911049228445
1986-01-31T22:15:00,extended_january,baseline,18.00042978651281,18.008724803723887,17.99990228422032,18.011230109678895,19.303609770713724,0.0,0.0,0.0,0.0,0.0,-3.0,18.0,27.0,0.09183615471624539,273.631740371021,0.11080456222282822,4397.0218537906685
1986-01-31T22:30:00,extended_january,baseline,17.999526018879685,17.999750217580047,18.000495059695595,17.99966415398723,19.21645418973847,0.0,0.0,0.0,0.0,0.0,-3.4000000000000004,18.0,27.0,0.09183615471624539,273.72357652573726,0.20393095604461736,4397.2257847467135
1986-01-31T22:45:00,extended_january,baseline,18.000623763206708,17.99913041050973,18.00074534843228,18.001005427553533,19.137412240976087,0.0,0.0,0.0,0.0,0.0,-3.8000000000000003,18.0,27.0,0.09183615471624539,273.8154126804535,0.2934743522811332,4397.519259098995
1986-01-31T23:00:00,extended_january,baseline,18.000413774576348,17.998503317206733,17.99940146767052,18.000978273565234,19.06440914036552,0.0,0.0,0.0,0.0,0.0,-4.2,18.0,27.0,0.09183615471624539,273.90724883516975,0.390886812249649,4397.910145911244
1986-01-31T23:15:00,extended_january,baseline,18.000853677807424,17.998534843994854,17.99925806525975,18.000054759109165,18.997262488199112,0.0,0.0,0.0,0.0,0.0,-4.6000000000000005,18.0,27.0,0.09183615471624539,273.999084989886,0.48951802297673747,4398.399663934221
1986-01-31T23:30:00,extended_january,baseline,18.0006797869074,17.999049971361636,17.998865892427922,17.99922836847222,18.935617537081725,0.0,0.0,0.0,0.0,0.0,-5.0,18.0,27.0,0.09183615471624539,274.09092114460225,0.5816806199714974,4398.981344554193
1986-01-31T23:45:00,extended_january,baseline,17.999669326756706,17.998940571334636,18.000338392256147,18.00044435641359,18.878938947245324,0.0,0.0,0.0,0.0,0.0,-5.3999999999999995,18.0,27.0,0.09183615471624539,274.1827572993185,0.666224451717915,4399.6475690059115
1986-02-01T00:00:00,extended_january,baseline,18.00066613182905,18.000437138001978,18.000444108947907,17.999698370796796,18.82688400350094,0.0,0.0,0.0,0.0,0.0,-5.8,18.0,27.0,0.09183615471624539,274.27459345403474,0.7424169126704928,4400.389985918582
