timestamp,run_id,mode,zone_temp_c_SPACE1-1,zone_temp_c_SPACE2-1,zone_temp_c_SPACE3-1,zone_temp_c_SPACE4-1,zone_temp_c_SPACE5-1,zone_occupant_count_SPACE1-1,zone_occupant_count_SPACE2-1,zone_occupant_count_SPACE3-1,zone_occupant_count_SPACE4-1,zone_occupant_count_SPACE5-1,outdoor_temp_c,heating_setpoint_c,cooling_setpoint_c,hvac_electricity_interval_kwh,hvac_electricity_cumulative_kwh,hvac_gas_interval_kwh,hvac_gas_cumulative_kwh
1986-01-14T00:15:00,demo_final_january_week,baseline,17.998762682490415,18.000618867260464,17.99948661582407,18.000735624692727,18.8622545575355,0.0,0.0,0.0,0.0,0.0,-12.600000000000001,18.0,27.0,0.09183615471624539,0.09183615471624539,1.1751945761619793,1.1751945761619793
1986-01-14T00:30:00,demo_final_january_week,baseline,18.00047330562876,18.001196800958827,18.000975377869242,17.99823189702848,18.77406234871733,0.0,0.0,0.0,0.0,0.0,-10.8,18.0,27.0,0.09183615471624539,0.18367230943249077,1.182201054711214,2.357395630873193
1986-01-14T00:45:00,demo_final_january_week,baseline,18.000841649918126,17.9993909958879,18.000045562995805,17.998406042410156,18.68969155756181,0.0,0.0,0.0,0.0,0.0,-9.0,18.0,27.0,0.09183615471624539,0.27550846414873614,1.1698716656900494,3.5272672965632426
1986-01-14T01:00:00,demo_final_january_week,baseline,17.99989304087038,18.000214804993888,18.00049990826305,18.000110654735163,18.614509815186484,0.0,0.0,0.0,0.0,0.0,-7.2,18.0,27.0,0.09183615471624539,0.36734461886498154,1.1501071691404436,4.677374465703686
1986-01-14T01:15:00,demo_final_january_week,baseline,17.999638600783147,18.0001035160497,18.00024343627841,17.999068467047458,18.566839621524277,0.0,0.0,0.0,0.0,0.0,-7.3500000000000005,18.0,27.0,0.09183615471624539,0.45918077358122694,1.1568824499831865,5.834256915686872
1986-01-14T01:30:00,demo_final_january_week,baseline,18.000953668918196,18.00031762886674,17.999913808203438,18.001706203819094,18.538778678061515,0.0,0.0,0.0,0.0,0.0,-7.5,18.0,27.0,0.09183615471624539,0.5510169282974723,1.1642355347332942,6.998492450420166
1986-01-14T01:45:00,demo_final_january_week,baseline,18.000598991399006,17.999321580168406,17.99910541941474,17.99839279976499,18.52182007054391,0.0,0.0,0.0,0.0,0.0,-7.6499999999999995,18.0,27.0,0.09183615471624539,0.6428530830137177,1.1601049308951064,8.158597381315271
1986-01-14T02:00:00,demo_final_january_week,baseline,17.99993203335128,17.999015334917303,17.99894774743763,18.000005409195307,18.51176159888005,0.0,0.0,0.0,0.0,0.0,-7.8,18.0,27.0,0.09183615471624539,0.7346892377299631,1.1626020955271252,9.321199476842397
1986-01-14T02:15:00,demo_final_january_week,baseline,17.99987738584855,17.99962154976238,18.001132835283737,17.99837475844725,18.515586348622485,0.0,0.0,0.0,0.0,0.0,-6.949999999999999,18.0,27.0,0.09183615471624539,0.8265253924462085,1.1037647645400679,10.424964241382465
1986-01-14T02:30:00,demo_final_january_week,baseline,18.000036647955262,18.000829057569412,18.00047254295716,17.999679218526882,18.529338771911974,0.0,0.0,0.0,0.0,0.0,-6.1,18.0,27.0,0.09183615471624539,0.9183615471624539,1.0510388926104672,11.476003133992933
1986-01-14T02:45:00,demo_final_january_week,baseline,17.999280442766175,17.99993917810342,18.00066895687604,17.999378221922342,18.54805977878113,0.0,0.0,0.0,0.0,0.0,-5.25,18.0,27.0,0.09183615471624539,1.0101977018786992,0.9989375353827775,12.47494066937571
1986-01-14T03:00:00,demo_final_january_week,baseline,17.999091125417273,18.001615737647597,17.99892936554623,17.999049385741273,18.56921547901261,0.0,0.0,0.0,0.0,0.0,-4.4,18.0,27.0,0.09183615471624539,1.1020338565949446,0.9474382074397036,13.422378876815415
1986-01-14T03:15:00,demo_final_january_week,baseline,17.998893985064544,17.998665956883894,17.999879856170416,17.99918048408001,18.578410345353902,0.0,0.0,0.0,0.0,0.0,-4.4,18.0,27.0,0.09183615471624539,1.19387001131119,0.9577700377267189,14.380148914542135
1986-01-14T03:30:00,demo_final_january_week,baseline,18.00036457479023,18.0007255202697,18.00032712183894,17.99905531161972,18.579382993081985,0.0,0.0,0.0,0.0,0.0,-4.4,18.0,27.0,0.09183615471624539,1.2857061660274354,0.9609197988756126,15.341068713417748
1986-01-14T03:45:00,demo_final_january_week,baseline,18.000420629590494,18.000118697336926,17.999536365288066,17.9986381015242,18.578210040772728,0.0,0.0,0.0,0.0,0.0,-4.4,18.0,27.0,0.09183615471624539,1.3775423207436808,0.9584546901514881,16.299523403569236
1986-01-14T04:00:00,demo_final_january_week,baseline,18.00109934870736,18.000642817222765,18.000062423350084,17.999860682105115,18.5772400882068,0.0,0.0,0.0,0.0,0.0,-4.4,18.0,27.0,0.09183615471624539,1.4693784754599262,0.9556779630800679,17.255201366649302
1986-01-14T04:15:00,demo_final_january_week,baseline,18.000677706584533,18.000788945279897,18.000097086969483,18.000289143157897,18.59450296144675,0.0,0.0,0.0,0.0,0.0,-4.825,18.0,27.0,0.09183615471624539,1.5612146301761716,0.925518879616829,18.18072024626613
1986-01-14T04:30:00,demo_final_january_week,baseline,17.99898655596276,17.999943426018056,17.999066688800806,17.999543635038478,18.62614718256694,0.0,0.0,0.0,0.0,0.0,-5.25,18.0,27.0,0.09183615471624539,1.653050784892417,0.902126750632431,19.08284699689856
1986-01-14T04:45:00,demo_final_january_week,baseline,17.999351367158837,17.998423632882645,18.00005726873714,18.00049171787187,18.66489872776536,0.0,0.0,0.0,0.0,0.0,-5.674999999999999,18.0,27.0,0.09183615471624539,1.7448869396086624,0.8753134955261528,19.958160492424714
1986-01-14T05:00:00,demo_final_january_week,baseline,17.998917264111896,18.00137716440266,18.000236296042647,18.0002775975762,18.707790515132764,0.0,0.0,0.0,0.0,0.0,-6.1,18.0,27.0,0.09183615471624539,1.8367230943249078,0.8475783920252675,20.80573888444998
1986-01-14T05:15:00,demo_final_january_week,baseline,17.999977183391685,17.99980008622685,17.999251414498247,17.998658232691348,18.716377227679022,0.0,0.0,0.0,0.0,0.0,-6.249999999999999,18.0,27.0,0.09183615471624539,1.9285592490411532,0.8881413755016044,21.693880259951584
1986-01-14T05:30:00,demo_final_january_week,baseline,18.00105244757731,18.000599810647905,17.999083628810283,18.00011770309689,18.698627055629196,0.0,0.0,0.0,0.0,0.0,-6.4,18.0,27.0,0.09183615471624539,2.0203954037573983,0.929621866367186,22.62350212631877
1986-01-14T05:45:00,demo_final_january_week,baseline,18.00054928340269,18.0006433683414,18.00077000021281,18.000335520919513,18.67043886946099,0.0,0.0,0.0,0.0,0.0,-6.550000000000001,18.0,27.0,0.09183615471624539,2.1122315584736437,0.9673461731794202,23.59084829949819
1986-01-14T06:00:00,demo_final_january_week,baseline,18.000257405821216,18.000859583788017,17.99986230243295,17.998270735185088,18.6382739455556,0.0,0.0,0.0,0.0,0.0,-6.7,18.0,27.0,0.09183615471624539,2.204067713189889,1.0057764325381566,24.596624732036346
1986-01-14T06:19:00,demo_final_january_week,baseline,19.714416203006078,19.90397638308127,19.67729214215849,19.910020244825272,19.892398484476,0.0,0.0,0.0,0.0,0.0,-6.425000000000001,21.0,24.0,0.09183615471624539,2.2959038679061345,7.123406629791174,31.72003136182752
1986-01-14T06:34:00,demo_final_january_week,baseline,20.47364439568957,20.6731039203884,20.41357974965809,20.67237847096658,20.47778264327981,0.0,0.0,0.0,0.0,0.0,-6.15,21.0,24.0,0.09183615471624539,2.38774002262238,6.022496089348788,37.74252745117631
1986-01-14T06:53:00,demo_final_january_week,baseline,20.851973203083244,20.99172364431077,20.785139869295516,20.991869463516757,20.78135159915667,0.0,0.0,0.0,0.0,0.0,-5.874999999999999,21.0,24.0,0.09183615471624539,2.4795761773386253,5.968945133906503,43.71147258508281
1986-01-14T07:00:00,demo_final_january_week,baseline,20.99442131913733,20.998868283853646,20.9776020075813,20.999335516670033,20.935450210371826,0.0,0.0,0.0,0.0,0.0,-5.6,21.0,24.0,0.09183615471624539,2.5714123320548707,5.812576492480876,49.52404907756369
1986-01-14T07:15:00,demo_final_january_week,baseline,21.000390818305892,21.00023585150286,20.999249298205438,20.99766401369066,20.997187992616933,0.0,0.0,0.0,0.0,0.0,-5.299999999999999,21.0,24.0,0.09183615471624539,2.663248486771116,5.512356118337218,55.036405195900905
1986-01-14T07:30:00,demo_final_january_week,baseline,21.00062421574048,20.9991611304854,21.002142364548067,21.00312716488188,20.999005239194723,0.0,0.0,0.0,0.0,0.0,-5.0,21.0,24.0,0.09183615471624539,2.7550846414873615,5.474968488218829,60.51137368411973
1986-01-14T07:45:00,demo_final_january_week,baseline,20.997973811695378,21.001991102624586,20.99972085760129,20.99815849812318,20.99995734792761,0.0,0.0,0.0,0.0,0.0,-4.7,21.0,24.0,0.09183615471624539,2.846920796203607,5.345346367210219,65.85672005132994
1986-01-14T08:00:00,demo_final_january_week,baseline,20.99963437809422,20.997798592125257,21.00125221746506,20.999278226476374,21.000746199206112,0.0,0.0,0.0,0.0,0.0,-4.4,21.0,24.0,0.09183615471624539,2.9387569509198523,5.273468333701398,71.13018838503135
1986-01-14T08:23:00,demo_final_january_week,baseline,21.00101341652276,20.998964586037594,21.00041799368171,21.001268196090184,20.99987286841802,11.0,5.0,11.0,5.0,20.0,-4.550000000000001,21.0,24.0,0.09183615471624539,3.0305931056360977,3.0738233130652435,74.2040116980966
1986-01-14T08:38:00,demo_final_january_week,baseline,21.00142150700622,20.999938382536648,21.00082172755612,21.000676710786006,21.152379725239395,11.0,5.0,11.0,5.0,20.0,-4.7,21.0,24.0,0.09183615471624539,3.122429260352343,3.085797866117114,77.28980956421371
1986-01-14T08:45:00,demo_final_january_week,baseline,21.001801105901414,21.001054180024383,21.001421394126425,21.00074644639423,21.286206345296073,11.0,5.0,11.0,5.0,20.0,-4.85,21.0,24.0,0.09183615471624539,3.2142654150685885,2.963138091538708,80.25294765575242
1986-01-14T09:00:00,demo_final_january_week,baseline,21.00257119659448,21.000709804028183,21.001997824474127,21.00063494503966,21.45332968429644,11.0,5.0,11.0,5.0,20.0,-5.0,21.0,24.0,0.09183615471624539,3.306101569784834,2.8492095196132317,83.10215717536565
1986-01-14T09:23:00,demo_final_january_week,baseline,21.00082204740404,20.99995838003618,21.000273788024614,21.00065964090794,22.020967337930426,11.0,5.0,11.0,5.0,20.0,-4.85,21.0,24.0,0.09183615471624539,3.3979377245010793,2.4150508635564143,85.51720803892206
1986-01-14T09:38:00,demo_final_january_week,baseline,21.00148816273605,21.00047303054504,21.00032452680526,21.001022212766653,22.333491349242472,11.0,5.0,11.0,5.0,20.0,-4.7,21.0,24.0,0.09183615471624539,3.4897738792173247,2.273233248296511,87.79044128721857
1986-01-14T09:45:00,demo_final_january_week,baseline,21.001899560291395,21.001232789623984,21.001085869996263,21.00216700088061,22.489779492014854,11.0,5.0,11.0,5.0,20.0,-4.550000000000001,21.0,24.0,0.09183615471624539,3.58161003393357,2.189501665701532,89.9799429529201
1986-01-14T10:00:00,demo_final_january_week,baseline,21.002166916611593,21.00133960017298,21.000198662230694,21.000000424634578,22.589000550800513,11.0,5.0,11.0,5.0,20.0,-4.4,21.0,24.0,0.09183615471624539,3.6734461886498155,2.115282024034597,92.0952249769547
1986-01-14T10:15:00,demo_final_january_week,baseline,21.001420674154332,21.00093264843896,21.000386938201732,21.000617577178197,22.68810579271795,11.0,5.0,11.0,5.0,20.0,-4.4,21.0,24.0,0.09183615471624539,3.765282343366061,2.0417883076631136,94.13701328461781
1986-01-14T10:30:00,demo_final_january_week,baseline,21.000816908974148,21.001778724856095,21.004299516574473,21.00033623591236,22.79652170871716,11.0,5.0,11.0,5.0,20.0,-4.4,21.0,24.0,0.09183615471624539,3.8571184980823063,1.9736204470583796,96.11063373167619
1986-01-14T10:45:00,demo_final_january_week,baseline,21.000469847069024,21.000599825633273,21.051639068532776,21.001207111410135,22.899321724085784,11.0,5.0,11.0,5.0,20.0,-4.4,21.0,24.0,0.09183615471624539,3.9489546527985517,1.925806791666988,98.03644052334317
1986-01-14T11:00:00,demo_final_january_week,baseline,21.00133498537044,21.02792477960019,21.12962972696742,21.000813839462626,22.99099297324445,11.0,5.0,11.0,5.0,20.0,-4.4,21.0,24.0,0.09183615471624539,4.040790807514797,1.8922202432082236,99.9286607665514
1986-01-14T11:15:00,demo_final_january_week,baseline,21.001305210983944,21.00385175628062,21.090928932621928,21.001201402737934,22.957638421530774,8.8,4.0,8.8,4.0,16.0,-4.275,21.0,24.0,0.09183615471624539,4.132626962231042,1.9118897197733673,101.84055048632477
1986-01-14T11:30:00,demo_final_january_week,baseline,21.00171582906857,21.002672599787367,21.05734970080551,21.00185973788975,22.915386050983425,8.8,4.0,8.8,4.0,16.0,-4.15,21.0,24.0,0.09183615471624539,4.224463116947287,1.8989084522527178,103.73945893857749
1986-01-14T11:45:00,demo_final_january_week,baseline,21.000927397478016,21.00123329649827,21.06306045004932,20.99965447230821,22.904553038469594,8.8,4.0,8.8,4.0,16.0,-4.025,21.0,24.0,0.09183615471624539,4.316299271663532,1.872367898637947,105.61182683721543
1986-01-14T12:00:00,demo_final_january_week,baseline,21.001457124721657,21.00209801761692,21.08434127083678,21.00238757813072,22.91117147557657,8.8,4.0,8.8,4.0,16.0,-3.9,21.0,24.0,0.09183615471624539,4.4081354263797765,1.852610857914962,107.4644376951304
1986-01-14T12:15:00,demo_final_january_week,baseline,21.00187811405694,21.003125011466235,21.005430350940063,21.001909272772398,22.742265923827397,4.4,2.0,4.4,2.0,8.0,-3.9,21.0,24.0,0.09183615471624539,4.4999715810960215,1.9933346791836726,109.45777237431408
1986-01-14T12:30:00,demo_final_january_week,baseline,21.002218806852618,21.001427135386454,21.001436746373695,21.002836871085176,22.617510291624857,4.4,2.0,4.4,2.0,8.0,-3.9,21.0,24.0,0.09183615471624539,4.591807735812266,2.030044849479385,111.48781722379346
1986-01-14T12:45:00,demo_final_january_week,baseline,21.01723435779858,21.000167525195426,21.000987623408633,21.00057747294389,22.59269970653838,4.4,2.0,4.4,2.0,8.0,-3.9,21.0,24.0,0.09183615471624539,4.683643890528511,1.9227918728245872,113.41060909661805
1986-01-14T13:08:00,demo_final_january_week,baseline,21.44016386759613,20.999348016040294,21.000212528704203,20.99948126371277,22.637803672325468,4.4,2.0,4.4,2.0,8.0,-3.9,21.0,24.0,0.09183615471624539,4.775480045244756,1.8746412574518456,115.28525035406989
1986-01-14T13:20:00,demo_final_january_week,baseline,22.373835716613875,21.210779491122288,21.18469611010197,21.000028265225332,22.972619457786035,8.8,4.0,8.8,4.0,16.0,-3.75,21.0,24.0,0.09183615471624539,4.867316199961001,1.7879432244983666,117.07319357856825
1986-01-14T13:35:00,demo_final_january_week,baseline,23.107843962177856,21.20208208436349,21.220202055417406,21.00013403190629,23.12807446412369,8.8,4.0,8.8,4.0,16.0,-3.5999999999999996,21.0,24.0,0.09183615471624539,4.959152354677246,1.7511535008931256,118.82434707946138
1986-01-14T13:50:00,demo_final_january_week,baseline,23.639476511147105,21.150131347582715,21.212655770962712,21.00046065991796,23.214526264238504,8.8,4.0,8.8,4.0,16.0,-3.4499999999999997,21.0,24.0,0.09183615471624539,5.050988509393491,1.7313876757580802,120.55573475521946
1986-01-14T14:08:00,demo_final_january_week,baseline,23.991369053337678,21.109269204083724,21.20160039652833,20.99994598462237,23.283263403734853,8.8,4.0,8.8,4.0,16.0,-3.3,21.0,24.0,0.092030726319013,5.143019235712504,1.688352452021565,122.24408720724102
1986-01-14T14:15:00,demo_final_january_week,baseline,23.998226911140698,21.142489522571193,21.247100704128055,20.999810853698953,23.37806564950053,11.0,5.0,11.0,5.0,20.0,-3.175,21.0,24.0,0.09401740636571876,5.237036642078223,1.5159583800136458,123.76004558725467
1986-01-14T14:30:00,demo_final_january_week,baseline,23.99877633815729,21.175337811587433,21.289271811215645,21.016645430456148,23.480099865437918,11.0,5.0,11.0,5.0,20.0,-3.05,21.0,24.0,0.09478175340666155,5.331818395484885,1.5234390151712411,125.2834846024259
1986-01-14T14:45:00,demo_final_january_week,baseline,23.998794194589117,21.176578320188938,21.295881280620836,21.070873521806757,23.55500689782803,11.0,5.0,11.0,5.0,20.0,-2.925,21.0,24.0,0.09529014660743275,5.427108542092318,1.5003974329364103,126.78388203536231
1986-01-14T15:00:00,demo_final_january_week,baseline,23.998821856896395,21.157069352900127,21.280429392408955,21.150290030884253,23.60907640014191,11.0,5.0,11.0,5.0,20.0,-2.8,21.0,24.0,0.09543235844484285,5.522540900537161,1.4911263054054065,128.27500834076773
1986-01-14T15:15:00,demo_final_january_week,baseline,23.998917888777456,21.077031859920247,21.1957387877207,21.184320841884638,23.595821630975166,11.0,5.0,11.0,5.0,20.0,-3.0749999999999997,21.0,24.0,0.09472309421685435,5.617263994754015,1.574866909079251,129.84987524984697
1986-01-14T15:30:00,demo_final_january_week,baseline,23.998984270432054,21.00923477397171,21.114389850611897,21.2229433765253,23.583236418531488,11.0,5.0,11.0,5.0,20.0,-3.3499999999999996,21.0,24.0,0.09416171226878922,5.711425707022804,1.621420323606965,131.47129557345394
1986-01-14T15:45:00,demo_final_january_week,baseline,23.999049590372472,21.00307563665776,21.051646408334207,21.26946269401795,23.587535803436168,11.0,5.0,11.0,5.0,20.0,-3.625,21.0,24.0,0.093451686859522,5.804877393882326,1.6912915370543287,133.16258711050827
1986-01-14T16:00:00,demo_final_january_week,baseline,23.999130599987097,21.001679629715962,21.004271649758454,21.303476962757905,23.596216870254015,11.0,5.0,11.0,5.0,20.0,-3.9,21.0,24.0,0.09262600436184484,5.897503398244171,1.7725680798691772,134.93515519037746
1986-01-14T16:15:00,demo_final_january_week,baseline,23.838011895959465,21.000205027085844,21.001999417671,21.19988148880095,23.49532915521977,11.0,5.0,11.0,5.0,20.0,-4.324999999999999,21.0,24.0,0.09183615471624539,5.989339552960416,1.9280833063083207,136.86323849668577
1986-01-14T16:38:00,demo_final_january_week,baseline,23.396250271820982,21.00004846724972,21.000569573628937,21.04172504544892,23.41225142673897,11.0,5.0,11.0,5.0,20.0,-4.75,21.0,24.0,0.09183615471624539,6.081175707676661,1.9466010989377016,138.80983959562346
1986-01-14T16:53:00,demo_final_january_week,baseline,22.749017947593288,21.00131080073172,21.001867168074376,21.000728492951175,23.38366970145475,11.0,5.0,11.0,5.0,20.0,-5.174999999999999,21.0,24.0,0.09183615471624539,6.173011862392906,2.038957898871073,140.84879749449453
1986-01-14T17:08:00,demo_final_january_week,baseline,22.293448419516746,21.00220712168629,21.00139647978722,21.00221032462805,23.367578440520685,11.0,5.0,11.0,5.0,20.0,-5.6,21.0,24.0,0.09183615471624539,6.264848017109151,2.1133934703371544,142.96219096483168
1986-01-14T17:23:00,demo_final_january_week,baseline,21.94621300356527,21.00111394031992,21.00085986612888,21.000826416941052,23.339269265991117,11.0,5.0,11.0,5.0,20.0,-5.874999999999999,21.0,24.0,0.09183615471624539,6.356684171825396,2.169385291472936,145.1315762563046
1986-01-14T17:38:00,demo_final_january_week,baseline,21.640093234684976,21.00242106985364,21.00142384351494,20.99998172430584,23.3056858856778,11.0,5.0,11.0,5.0,20.0,-6.15,21.0,24.0,0.09183615471624539,6.448520326541641,2.2248851274703836,147.35646138377498
1986-01-14T17:45:00,demo_final_january_week,baseline,21.441240782044044,21.002092525966187,21.001908062483068,21.002832367966178,23.278954738527275,11.0,5.0,11.0,5.0,20.0,-6.425000000000001,21.0,24.0,0.09183615471624539,6.540356481257886,2.2767171878146293,149.6331785715896
1986-01-14T18:00:00,demo_final_january_week,baseline,21.22599120943254,21.002606381055767,21.002266410321774,21.000097781110163,23.248379170248516,11.0,5.0,11.0,5.0,20.0,-6.7,21.0,24.0,0.09183615471624539,6.632192635974131,2.3273427624932523,151.96052133408287
1986-01-14T18:23:00,demo_final_january_week,baseline,21.001778101720095,21.001603870807728,21.001772011917797,21.001198785467054,22.617043682522176,5.5,2.5,5.5,2.5,10.0,-6.825,21.0,24.0,0.09183615471624539,6.724028790690376,2.8281407203583884,154.78866205444126
1986-01-14T18:38:00,demo_final_january_week,baseline,21.001926257010588,21.000885257497977,21.001396003603716,21.0013422252651,22.23301254794071,5.5,2.5,5.5,2.5,10.0,-6.95,21.0,24.0,0.09183615471624539,6.815864945406621,3.0597701721745993,157.84843222661587
1986-01-14T18:45:00,demo_final_january_week,baseline,21.00162853483282,21.002645742945482,21.002050255921837,21.002099414501135,22.034798963939792,5.5,2.5,5.5,2.5,10.0,-7.075,21.0,24.0,0.09183615471624539,6.907701100122866,3.1587007252828747,161.00713295189874
1986-01-14T19:00:00,demo_final_january_week,baseline,21.002726177043403,21.003862263647736,21.00228100275507,21.00141172203673,21.903709522999144,5.5,2.5,5.5,2.5,10.0,-7.2,21.0,24.0,0.09183615471624539,6.999537254839111,3.2480834497126447,164.2552164016114
1986-01-14T19:23:00,demo_final_january_week,baseline,21.002363310002853,21.00105045010595,21.003343557429837,20.999301954618186,21.32183611410247,0.0,0.0,0.0,0.0,0.0,-7.2,21.0,24.0,0.09183615471624539,7.091373409555356,3.756546897868893,168.0117632994803
1986-01-14T19:38:00,demo_final_january_week,baseline,21.002482788481228,21.00078313922622,21.002744447620866,21.00181920529744,21.00267479269102,0.0,0.0,0.0,0.0,0.0,-7.2,21.0,24.0,0.09183615471624539,7.183209564271601,3.8907751045010106,171.9025384039813
1986-01-14T19:45:00,demo_final_january_week,baseline,21.001606751911325,21.00107140258537,21.003568970291564,21.003530941858337,21.00233820985153,0.0,0.0,0.0,0.0,0.0,-7.2,21.0,24.0,0.09183615471624539,7.275045718987846,4.119358835134024,176.02189723911533
1986-01-14T20:00:00,demo_final_january_week,baseline,21.003276089022382,20.999476466717805,21.000372804287267,21.00023956767106,21.000875552360526,0.0,0.0,0.0,0.0,0.0,-7.2,21.0,24.0,0.09183615471624539,7.366881873704091,4.158900694101181,180.18079793321652
1986-01-14T20:18:00,demo_final_january_week,baseline,19.142616716592627,19.298446082754005,19.088368493277716,19.313845928261212,20.481523731652487,0.0,0.0,0.0,0.0,0.0,-7.75,18.0,27.0,0.09183615471624539,7.458718028420336,0.0,180.18079793321652
1986-01-14T20:34:00,demo_final_january_week,baseline,18.71339498017845,18.894661270149495,18.62986439105192,18.9161607769834,20.270145882907855,0.0,0.0,0.0,0.0,0.0,-8.3,18.0,27.0,0.09183615471624539,7.5505541831365806,0.0,180.18079793321652
1986-01-14T20:53:00,demo_final_january_week,baseline,18.42856924932573,18.638469710471806,18.350058328935823,18.660872244012566,20.140661771054535,0.0,0.0,0.0,0.0,0.0,-8.850000000000001,18.0,27.0,0.09183615471624539,7.6423903378528255,0.0,180.18079793321652
1986-01-14T21:00:00,demo_final_january_week,baseline,18.252635757646367,18.478077282400257,18.181939003711587,18.500029356941262,20.04741958158192,0.0,0.0,0.0,0.0,0.0,-9.4,18.0,27.0,0.09183615471624539,7.7342264925690705,0.0,180.18079793321652
1986-01-14T21:15:00,demo_final_january_week,baseline,18.040009080380464,18.27860761732031,18.00747129902916,18.29928621987935,19.91143258930566,0.0,0.0,0.0,0.0,0.0,-9.4,18.0,27.0,0.09183615471624539,7.826062647285315,0.0051541054974783476,180.185952038714
1986-01-14T21:30:00,demo_final_january_week,baseline,18.001794973247055,18.102750152955583,18.000054577612882,18.12112305523191,19.78580858173908,0.0,0.0,0.0,0.0,0.0,-9.4,18.0,27.0,0.09183615471624539,7.91789880200156,0.08041336526664582,180.26636540398064
1986-01-14T21:45:00,demo_final_january_week,baseline,18.00077141796,18.00790311161566,18.00030844238556,18.010362400177414,19.678016335794737,0.0,0.0,0.0,0.0,0.0,-9.4,18.0,27.0,0.09183615471624539,8.009734956717805,0.13799752611396024,180.4043629300946
1986-01-14T22:00:00,demo_final_january_week,baseline,18.000418113236993,18.00021121528966,17.999925177812344,18.00156094826168,19.58663501074026,0.0,0.0,0.0,0.0,0.0,-9.4,18.0,27.0,0.09183615471624539,8.101571111434051,0.242335192279441,180.64669812237406
1986-01-14T22:15:00,demo_final_january_week,baseline,17.999669846791512,17.998779273722622,17.999922178555913,18.00077058953785,19.490654976378877,0.0,0.0,0.0,0.0,0.0,-9.975000000000001,18.0,27.0,0.09183615471624539,8.193407266150297,0.3741697264135974,181.02086784878765
1986-01-14T22:30:00,demo_final_january_week,baseline,17.99991881154562,17.999826914778,18.0001270658766,18.000013391642746,19.39220015992555,0.0,0.0,0.0,0.0,0.0,-10.55,18.0,27.0,0.09183615471624539,8.285243420866543,0.5219603589646672,181.5428282077523
1986-01-14T22:45:00,demo_final_january_week,baseline,18.001037845638752,18.000201819047653,18.00034756891229,18.000260338393396,19.29750917692342,0.0,0.0,0.0,0.0,0.0,-11.124999999999998,18.0,27.0,0.09183615471624539,8.377079575582789,0.666639756040736,182.20946796379303
1986-01-14T23:00:00,demo_final_january_week,baseline,18.000552498096464,17.999508695218708,18.000934245001872,17.998497352054727,19.208484666607053,0.0,0.0,0.0,0.0,0.0,-11.7,18.0,27.0,0.09183615471624539,8.468915730299035,0.7987593122651112,183.00822727605814
1986-01-14T23:15:00,demo_final_january_week,baseline,18.000149106227873,18.00084819826895,18.000620721968126,18.00017352928246,19.130588564914856,0.0,0.0,0.0,0.0,0.0,-12.374999999999998,18.0,27.0,0.09183615471624539,8.56075188501528,0.9072914293321874,183.91551870539033
1986-01-14T23:30:00,demo_final_january_week,baseline,17.999158422377388,18.00080148550438,18.000611092227672,18.001612087842517,19.0620615639693,0.0,0.0,0.0,0.0,0.0,-13.05,18.0,27.0,0.09183615471624539,8.652588039731526,1.000627422855744,184.91614612824608
1986-01-14T23:45:00,demo_final_january_week,baseline,17.999301226871765,17.999702620882044,18.000414843404027,18.00019951764228,18.999424971506947,0.0,0.0,0.0,0.0,0.0,-13.725000000000001,18.0,27.0,0.09183615471624539,8.744424194447772,1.0828867952780399,185.9990329235241
1986-01-15T00:00:00,demo_final_january_week,baseline,17.999565953155845,17.998245498211563,18.001110381546336,18.001352111407506,18.940783564910685,0.0,0.0,0.0,0.0,0.0,-14.4,18.0,27.0,0.09183615471624539,8.836260349164018,1.1585445979081062,187.15757752143222
1986-01-15T00:15:00,demo_final_january_week,baseline,18.00002021294173,17.999578062416102,17.99871580415487,17.99950914163197,18.88793084237819,0.0,0.0,0.0,0.0,0.0,-14.4,18.0,27.0,0.09183615471624539,8.928096503880264,1.1925365461280417,188.35011406756027
1986-01-15T00:30:00,demo_final_january_week,baseline,18.000037540980447,17.999870675702045,17.998764967240316,18.000313364389793,18.84002473339823,0.0,0.0,0.0,0.0,0.0,-14.4,18.0,27.0,0.09183615471624539,9.01993265859651,1.2300661760461904,189.58018024360646
1986-01-15T00:45:00,demo_final_january_week,baseline,17.99904806180596,18.00006113946257,17.99859426761685,18.00069870103598,18.79571730809638,0.0,0.0,0.0,0.0,0.0,-14.4,18.0,27.0,0.09183615471624539,9.111768813312755,1.2620697043822917,190.84224994798876
1986-01-15T01:00:00,demo_final_january_week,baseline,17.99856060633137,18.00163251629213,18.00016734105421,18.00124696675686,18.754274100521414,0.0,0.0,0.0,0.0,0.0,-14.4,18.0,27.0,0.09183615471624539,9.203604968029001,1.296493234254254,192.13874318224302
1986-01-15T01:15:00,demo_final_january_week,baseline,17.999985756434246,17.998713617828912,18.001169644973924,18.00051877093955,18.71567609591769,0.0,0.0,0.0,0.0,0.0,-14.4,18.0,27.0,0.09183615471624539,9.295441122745247,1.3246966174766637,193.46343979971968
1986-01-15T01:30:00,demo_final_january_week,baseline,17.99974752828154,17.999975964259136,18.000300721066377,17.99977759267698,18.682087668458074,0.0,0.0,0.0,0.0,0.0,-14.4,18.0,27.0,0.09183615471624539,9.387277277461493,1.3493264607835795,194.81276626050325
1986-01-15T01:45:00,demo_final_january_week,baseline,17.99902737870266,17.998877735975285,17.999389875606525,18.000449584362624,18.652609601265105,0.0,0.0,0.0,0.0,0.0,-14.4,18.0,27.0,0.09183615471624539,9.479113432177739,1.375288566146274,196.18805482664953
1986-01-15T02:00:00,demo_final_january_week,baseline,17.999268577959075,17.999547332863862,17.999592139597738,17.999283582141405,18.62586994520016,0.0,0.0,0.0,0.0,0.0,-14.4,18.0,27.0,0.09183615471624539,9.570949586893985,1.4023167804248773,197.59037160707442
1986-01-15T02:15:00,demo_final_january_week,baseline,17.99882704379956,17.998351722328646,17.999009890449123,17.999939162139526,18.595841950061214,0.0,0.0,0.0,0.0,0.0,-14.4,18.0,27.0,0.09183615471624539,9.66278574161023,1.4371573033270195,199.02752891040143
1986-01-15T02:30:00,demo_final_january_week,baseline,18.000738696544843,17.99908678251747,18.000622690696645,17.9989573656837,18.56349619427458,0.0,0.0,0.0,0.0,0.0,-14.4,18.0,27.0,0.09183615471624539,9.754621896326476,1.479559779328921,200.50708868973035
1986-01-15T02:45:00,demo_final_january_week,baseline,17.998981984308273,17.99880966676075,17.99863059987531,18.000506945229958,18.53108830698576,0.0,0.0,0.0,0.0,0.0,-14.4,18.0,27.0,0.09183615471624539,9.846458051042722,1.514810121440951,202.0218988111713
1986-01-15T03:00:00,demo_final_january_week,baseline,18.000166412941827,18.000852141888497,17.99946807142879,18.000905500351777,18.49953066580817,0.0,0.0,0.0,0.0,0.0,-14.4,18.0,27.0,0.09183615471624539,9.938294205758968,1.5495061187008623,203.57140492987216
1986-01-15T03:15:00,demo_final_january_week,baseline,17.999600790469835,17.99953135310374,17.999011188046868,18.001265969051786,18.50351880754337,0.0,0.0,0.0,0.0,0.0,-14.275,18.0,27.0,0.09183615471624539,10.030130360475214,1.4872115692446424,205.0586164991168
1986-01-15T03:30:00,demo_final_january_week,baseline,18.00019681244624,17.999380230359666,17.99993213729453,17.999092908566386,18.534353392942705,0.0,0.0,0.0,0.0,0.0,-14.15,18.0,27.0,0.09183615471624539,10.12196651519146,1.445160174425432,206.50377667354223
1986-01-15T03:45:00,demo_final_january_week,baseline,17.998765788321272,18.001075367454128,17.998854792790436,17.99894381218581,18.576711248885093,0.0,0.0,0.0,0.0,0.0,-14.025,18.0,27.0,0.09183615471624539,10.213802669907706,1.4039791674126865,207.90775584095493
1986-01-15T04:00:00,demo_final_january_week,baseline,17.9986735253445,18.00020497120078,17.99891755518253,18.000869721396125,18.624186078026572,0.0,0.0,0.0,0.0,0.0,-13.9,18.0,27.0,0.09183615471624539,10.305638824623951,1.3676311798789909,209.27538702083393
1986-01-15T04:15:00,demo_final_january_week,baseline,17.999627752828694,17.999455353504658,17.999479044681582,17.99854533368887,18.624467532217277,0.0,0.0,0.0,0.0,0.0,-13.625,18.0,27.0,0.09183615471624539,10.397474979340197,1.4303304290941197,210.70571744992804
1986-01-15T04:30:00,demo_final_january_week,baseline,18.00098916864952,17.99992450609971,18.000183171967063,18.000933263219096,18.590247922564867,0.0,0.0,0.0,0.0,0.0,-13.350000000000001,18.0,27.0,0.09183615471624539,10.489311134056443,1.4763656448853573,212.1820830948134
1986-01-15T04:45:00,demo_final_january_week,baseline,17.999600386430416,18.00143660476469,18.00121013855753,18.000731397822385,18.543945111695024,0.0,0.0,0.0,0.0,0.0,-13.075000000000001,18.0,27.0,0.09183615471624539,10.581147288772689,1.5092916532664282,213.69137474807982
1986-01-15T05:00:00,demo_final_january_week,baseline,17.99964834225617,18.000378764684534,17.999566650107198,17.99824832311575,18.494723346829392,0.0,0.0,0.0,0.0,0.0,-12.8,18.0,27.0,0.09183615471624539,10.672983443488935,1.541938975832764,215.2333137239126
1986-01-15T05:15:00,demo_final_january_week,baseline,17.9989313954511,18.001128197507057,18.000166759800884,17.99852501772302,18.465348076601014,0.0,0.0,0.0,0.0,0.0,-12.650000000000002,18.0,27.0,0.09183615471624539,10.76481959820518,1.534811790067127,216.76812551397973
1986-01-15T05:30:00,demo_final_january_week,baseline,18.0005589789685,18.0002410507596,18.000098303153056,18.00081932084814,18.450468225926528,0.0,0.0,0.0,0.0,0.0,-12.5,18.0,27.0,0.09183615471624539,10.856655752921426,1.528462415114574,218.2965879290943
1986-01-15T05:45:00,demo_final_january_week,baseline,18.00129694762029,17.998239618877022,17.99918319645865,18.00078058990664,18.440689202028413,0.0,0.0,0.0,0.0,0.0,-12.349999999999998,18.0,27.0,0.09183615471624539,10.948491907637672,1.526081971231096,219.8226699003254
1986-01-15T06:00:00,demo_final_january_week,baseline,18.0009115270323,17.999283695608835,18.001101872007855,17.999040790622644,18.432468778867943,0.0,0.0,0.0,0.0,0.0,-12.2,18.0,27.0,0.09183615471624539,11.040328062353918,1.5252056618743521,221.34787556219973
1986-01-15T06:19:00,demo_final_january_week,baseline,19.37087026293866,19.60066961278632,19.329682701485847,19.61057860815314,19.693271467048064,0.0,0.0,0.0,0.0,0.0,-11.649999999999999,21.0,24.0,0.09183615471624539,11.132164217070164,7.291764652815818,228.63964021501556
1986-01-15T06:34:00,demo_final_january_week,baseline,19.940205959487287,20.216045857965646,19.874237765613177,20.22236716776458,20.214323304409046,0.0,0.0,0.0,0.0,0.0,-11.1,21.0,24.0,0.09183615471624539,11.22400037178641,6.509043415855815,235.14868363087137
1986-01-15T06:53:00,demo_final_january_week,baseline,20.24278801079339,20.53339481699958,20.168111944841648,20.535351271471413,20.483137481043617,0.0,0.0,0.0,0.0,0.0,-10.55,21.0,24.0,0.09183615471624539,11.315836526502656,6.455039997272,241.60372362814337
1986-01-15T07:00:00,demo_final_january_week,baseline,20.40399080465946,20.701356352443256,20.325885210003488,20.699974209087895,20.611128353045018,0.0,0.0,0.0,0.0,0.0,-10.0,21.0,24.0,0.09183615471624539,11.407672681218902,6.40094697818572,248.00467060632909
1986-01-15T07:15:00,demo_final_january_week,baseline,20.580654455943446,20.884103558075676,20.50059689220603,20.8789023779876,20.750667146554807,0.0,0.0,0.0,0.0,0.0,-9.575,21.0,24.0,0.09183615471624539,11.499508835935147,6.358613711575996,254.36328431790508
1986-01-15T07:30:00,demo_final_january_week,baseline,20.754301608296114,20.993347472548173,20.682556751216758,20.98772408031871,20.87028427642588,0.0,0.0,0.0,0.0,0.0,-9.15,21.0,24.0,0.09183615471624539,11.591344990651393,6.236161809026898,260.599446126932
1986-01-15T07:45:00,demo_final_january_week,baseline,20.926653747653724,21.00187304842528,20.86449337094856,20.997414621086303,20.97745843802662,0.0,0.0,0.0,0.0,0.0,-8.725000000000001,21.0,24.0,0.09183615471624539,11.683181145367639,6.118367611031011,266.717813737963
1986-01-15T08:00:00,demo_final_january_week,baseline,20.997573648348713,20.999308072767356,20.991897430326315,20.998569615649053,21.000112753433854,0.0,0.0,0.0,0.0,0.0,-8.3,21.0,24.0,0.09183615471624539,11.775017300083885,5.838134684894478,272.5559484228575
1986-01-15T08:23:00,demo_final_january_week,baseline,20.99941585548183,20.998980390081226,21.000899917438197,20.998432731136575,21.00001723871512,11.0,5.0,11.0,5.0,20.0,-7.75,21.0,24.0,0.09183615471624539,11.86685345480013,3.549977744431053,276.10592616728854
1986-01-15T08:38:00,demo_final_january_week,baseline,21.001850800747714,21.001079716167173,21.000814304631234,20.999989337539052,21.097118193294122,11.0,5.0,11.0,5.0,20.0,-7.2,21.0,24.0,0.09183615471624539,11.958689609516377,3.4569040357016734,279.5628302029902
1986-01-15T08:45:00,demo_final_january_week,baseline,21.0009769831811,21.000071183226545,20.999430140364893,21.000138322647473,21.191312607632295,11.0,5.0,11.0,5.0,20.0,-6.6499999999999995,21.0,24.0,0.09183615471624539,12.050525764232622,3.194940334188223,282.75777053717843
1986-01-15T09:00:00,demo_final_january_week,baseline,21.00164276756707,20.99967338877779,21.000295191582207,21.001977457461386,21.31346801936336,11.0,5.0,11.0,5.0,20.0,-6.1,21.0,24.0,0.09183615471624539,12.142361918948868,2.970426135813934,285.72819667299234
1986-01-15T09:23:00,demo_final_january_week,baseline,21.000478344130816,21.768480325902903,21.000752205321813,20.99980158948411,21.872280785514032,11.0,5.0,11.0,5.0,20.0,-5.674999999999999,21.0,24.0,0.09183615471624539,12.234198073665114,2.5195681615599534,288.2477648345523
1986-01-15T09:35:00,demo_final_january_week,baseline,21.00013487312963,22.38370197640787,21.000437641343137,21.000957773444284,22.194768452937705,11.0,5.0,11.0,5.0,20.0,-5.25,21.0,24.0,0.09183615471624539,12.32603422838136,2.309034188167591,290.5567990227199
1986-01-15T09:53:00,demo_final_january_week,baseline,21.000939514924916,22.84237996347719,21.001449040202875,21.000502800814708,22.38362723756975,11.0,5.0,11.0,5.0,20.0,-4.825,21.0,24.0,0.09183615471624539,12.417870383097606,2.1484602422546852,292.70525926497453
1986-01-15T10:08:00,demo_final_january_week,baseline,21.094606158844083,23.289016854747935,21.00075442703266,21.001665838453505,22.54097904058487,11.0,5.0,11.0,5.0,20.0,-4.4,21.0,24.0,0.09183615471624539,12.509706537813852,2.011703372832475,294.716962637807
1986-01-15T10:23:00,demo_final_january_week,baseline,21.32526687028003,23.681712632828624,21.001188696382894,21.00211112347595,22.67492727219241,11.0,5.0,11.0,5.0,20.0,-4.0,21.0,24.0,0.09183615471624539,12.601542692530098,1.9114091566424227,296.62837179444944
1986-01-15T10:38:00,demo_final_january_week,baseline,21.620475735949135,23.990832694084883,21.000455301956947,21.000084274561942,22.789683692245806,11.0,5.0,11.0,5.0,20.0,-3.6,21.0,24.0,0.0919192765732015,12.693461969103298,1.8149049128692276,298.44327670731866
1986-01-15T10:53:00,demo_final_january_week,baseline,21.896364534917566,23.998794676543973,21.057913717871834,21.001440592592775,22.899440802532084,11.0,5.0,11.0,5.0,20.0,-3.1999999999999997,21.0,24.0,0.09243452633198353,12.785896495435281,1.7266999731587134,300.16997668047736
1986-01-15T11:08:00,demo_final_january_week,baseline,22.193638929346935,23.999202178495768,21.14369533134901,21.002092273358723,22.985882536311554,11.0,5.0,11.0,5.0,20.0,-2.8,21.0,24.0,0.0926695267711075,12.878566022206389,1.6709718871700094,301.8409485676474
1986-01-15T11:15:00,demo_final_january_week,baseline,22.36551374846823,23.999161114728757,21.138170273722427,21.003216743343355,22.990573130309723,8.8,4.0,8.8,4.0,16.0,-2.3749999999999996,21.0,24.0,0.09263713639981891,12.971203158606208,1.6462627881953078,303.4872113558427
1986-01-15T11:30:00,demo_final_january_week,baseline,22.65067139759768,23.99922328311237,21.191138454465364,20.999402693512458,23.036036071193777,8.8,4.0,8.8,4.0,16.0,-1.95,21.0,24.0,0.09270264472213507,13.063905803328343,1.5850488858367529,305.07226024167943
1986-01-15T11:53:00,demo_final_january_week,baseline,23.069935265381602,23.99949446048285,21.336154375323098,21.00099819299031,23.162704893009423,8.8,4.0,8.8,4.0,16.0,-1.525,21.0,24.0,0.09261783577517195,13.156523639103515,1.5313025081594336,306.6035627498389
1986-01-15T12:08:00,demo_final_january_week,baseline,23.460558461251104,23.999433396816862,21.488736418252483,21.00888063261176,23.29876454503952,8.8,4.0,8.8,4.0,16.0,-1.1,21.0,24.0,0.0925409966201772,13.249064635723693,1.4775935859232183,308.0811563357621
1986-01-15T12:15:00,demo_final_january_week,baseline,23.512270327750784,23.940292079347085,21.339059134956948,21.00307666848548,23.15276851457768,4.4,2.0,4.4,2.0,8.0,-0.675,21.0,24.0,0.09183615471624539,13.340900790439939,1.526769884007737,309.60792621976987
1986-01-15T12:30:00,demo_final_january_week,baseline,23.60828190765901,23.770075355319303,21.204715617432186,21.001571450280743,22.998527048095244,4.4,2.0,4.4,2.0,8.0,-0.25000000000000006,21.0,24.0,0.09183615471624539,13.432736945156185,1.4427824800452986,311.0507086998152
1986-01-15T12:45:00,demo_final_january_week,baseline,23.764499827265908,23.52642848034389,21.14765029690315,20.99937657304321,22.913282543974216,4.4,2.0,4.4,2.0,8.0,0.17499999999999993,21.0,24.0,0.09183615471624539,13.52457309987243,1.3969786004018834,312.44768730021707
1986-01-15T13:00:00,demo_final_january_week,baseline,23.950511950832958,23.251250736561094,21.130613463447954,21.001405597479103,22.875155383223255,4.4,2.0,4.4,2.0,8.0,0.6,21.0,24.0,0.09183615471624539,13.616409254588676,1.3523763569633596,313.80006365718043
1986-01-15T13:15:00,demo_final_january_week,baseline,23.994546931505617,23.16514326484498,21.358832165320376,21.057799290114332,23.081877337727608,8.8,4.0,8.8,4.0,16.0,0.875,21.0,24.0,0.0942792677838534,13.71068852237253,1.0624633075445566,314.86252696472496
1986-01-15T13:30:00,demo_final_january_week,baseline,23.998732381090036,23.070529171680917,21.576741825243353,21.14476298859151,23.30134629744043,8.8,4.0,8.8,4.0,16.0,1.15,21.0,24.0,0.0951337220160697,13.8058222443886,1.0701626308101864,315.9326895955351
1986-01-15T13:45:00,demo_final_january_week,baseline,23.999145209758307,22.905001260277423,21.69114692317369,21.21541839271401,23.45153860776181,8.8,4.0,8.8,4.0,16.0,1.4249999999999998,21.0,24.0,0.09535528345942273,13.901177527848022,1.0619414750271554,316.99463107056226
1986-01-15T14:00:00,demo_final_january_week,baseline,23.99918957209935,22.727162570365113,21.754001637190374,21.269900283262476,23.556042806034963,8.8,4.0,8.8,4.0,16.0,1.7,21.0,24.0,0.0953294534728729,13.996506981320895,1.0466183838267917,318.04124945438906
1986-01-15T14:15:00,demo_final_january_week,baseline,23.99920682447757,22.63292764421816,21.866661096103357,21.38814005145669,23.692908773936136,11.0,5.0,11.0,5.0,20.0,1.9749999999999999,21.0,24.0,0.09536018736312338,14.091867168684018,1.0041570770335588,319.0454065314226
1986-01-15T14:30:00,demo_final_january_week,baseline,23.999230346528186,22.562292542867276,21.97490492296821,21.507010135665777,23.820603560140277,11.0,5.0,11.0,5.0,20.0,2.25,21.0,24.0,0.0945758077688815,14.1864429764529,0.8845086700377778,319.9299152014604
1986-01-15T14:45:00,demo_final_january_week,baseline,23.999186634007042,22.480074569696306,22.049501445495814,21.603031010241217,23.919993322864865,11.0,5.0,11.0,5.0,20.0,2.5249999999999995,21.0,24.0,0.09440152741834465,14.280844503871245,0.774337919577495,320.7042531210379
1986-01-15T15:00:00,demo_final_january_week,baseline,23.999134723709002,22.39510996160126,22.100329063082768,21.691521858168773,23.997023406237048,11.0,5.0,11.0,5.0,20.0,2.8,21.0,24.0,0.0943565486586934,14.375201052529938,0.6738349977465227,321.3780881187844
1986-01-15T15:15:00,demo_final_january_week,baseline,23.999130365672347,22.258793652192022,22.07053651022095,21.725121911200045,23.999319565334584,11.0,5.0,11.0,5.0,20.0,2.8,21.0,24.0,0.09385140819930872,14.469052460729246,0.7069986155176995,322.0850867343021
1986-01-15T15:30:00,demo_final_january_week,baseline,23.999062909239843,22.138104415008225,22.036960341832717,21.782970997046835,23.99935484686389,11.0,5.0,11.0,5.0,20.0,2.8,21.0,24.0,0.09406173723179054,14.563114197961037,0.7442285847335303,322.82931531903563
1986-01-15T15:45:00,demo_final_january_week,baseline,23.999126309306952,22.04432743085626,22.017368230379727,21.83324818228729,23.999262538705878,11.0,5.0,11.0,5.0,20.0,2.8,21.0,24.0,0.09359306493849438,14.65670726289953,0.7731711213378687,323.6024864403735
1986-01-15T16:00:00,demo_final_january_week,baseline,23.99920506581101,21.959519455901162,21.999168891286658,21.85949505403172,23.999196633020986,11.0,5.0,11.0,5.0,20.0,2.8,21.0,24.0,0.09305499329117971,14.74976225619071,0.8023920530916419,324.40487849346516
1986-01-15T16:15:00,demo_final_january_week,baseline,23.81357164841794,21.724189316802306,21.82466537987039,21.695607324748273,23.92152971452278,11.0,5.0,11.0,5.0,20.0,2.2499999999999996,21.0,24.0,0.09183615471624539,14.841598410906956,1.1717582343221598,325.57663672778733
1986-01-15T16:38:00,demo_final_january_week,baseline,23.40323321457546,21.543420756108155,21.67338708470705,21.530424904123883,23.874999698250612,11.0,5.0,11.0,5.0,20.0,1.7,21.0,24.0,0.09183615471624539,14.933434565623202,1.4632987169229223,327.03993544471024
1986-01-15T16:53:00,demo_final_january_week,baseline,22.978068010000815,21.432538320512194,21.58340866196011,21.377936796793755,23.868197914744666,11.0,5.0,11.0,5.0,20.0,1.15,21.0,24.0,0.09183615471624539,15.025270720339448,1.7196839273081916,328.75961937201845
1986-01-15T17:08:00,demo_final_january_week,baseline,22.67351419715235,21.32951266521627,21.516023102543095,21.25931212291231,23.864083250557908,11.0,5.0,11.0,5.0,20.0,0.6,21.0,24.0,0.09183615471624539,15.117106875055693,1.5219302488290802,330.28154962084756
1986-01-15T17:15:00,demo_final_january_week,baseline,22.4854001973277,21.262865582280565,21.479234246865236,21.185465727035535,23.860305571043558,11.0,5.0,11.0,5.0,20.0,0.44999999999999996,21.0,24.0,0.09183615471624539,15.20894302977194,1.3649543920439642,331.6465040128915
1986-01-15T17:30:00,demo_final_january_week,baseline,22.29252430270235,21.192874656049334,21.443708719757613,21.111048780411213,23.855560648875123,11.0,5.0,11.0,5.0,20.0,0.3,21.0,24.0,0.09183615471624539,15.300779184488185,1.331750325316823,332.97825433820833
1986-01-15T17:45:00,demo_final_january_week,baseline,22.1321431614658,21.135033861847322,21.417415796171102,21.048096767829787,23.852949314769567,11.0,5.0,11.0,5.0,20.0,0.15,21.0,24.0,0.09183615471624539,15.392615339204431,1.3343232569264054,334.3125775951347
1986-01-15T18:00:00,demo_final_january_week,baseline,21.995142347437902,21.085808749875586,21.39738689769329,21.007285334905323,23.853401274496775,11.0,5.0,11.0,5.0,20.0,0.0,21.0,24.0,0.09183615471624539,15.484451493920677,1.3480933383135807,335.6606709334483
1986-01-15T18:23:00,demo_final_january_week,baseline,21.217323852091123,21.003225476504387,21.00480054257377,21.00049212937434,23.24184252563672,5.5,2.5,5.5,2.5,10.0,-0.7,21.0,24.0,0.09183615471624539,15.576287648636923,1.5952282918041178,337.2558992252524
1986-01-15T18:38:00,demo_final_january_week,baseline,21.00169554773539,21.00275400376264,21.00253602990086,21.00160314416607,22.859840551952523,5.5,2.5,5.5,2.5,10.0,-1.4,21.0,24.0,0.09183615471624539,15.668123803353168,1.874699981514398,339.1305992067668
1986-01-15T18:45:00,demo_final_january_week,baseline,21.003280160750386,21.002446095665835,21.001719111697486,21.001276782663172,22.654946815622868,5.5,2.5,5.5,2.5,10.0,-2.0999999999999996,21.0,24.0,0.09183615471624539,15.759959958069414,2.1107767471816548,341.2413759539485
1986-01-15T19:00:00,demo_final_january_week,baseline,21.00345482279095,21.001713584070142,21.00258976255318,21.002084723570995,22.50878999979315,5.5,2.5,5.5,2.5,10.0,-2.8,21.0,24.0,0.09183615471624539,15.85179611278566,2.276430820182342,343.5178067741308
1986-01-15T19:23:00,demo_final_january_week,baseline,21.001871394722958,21.001058082657543,21.002238993670595,21.001633521693034,21.90764001843757,0.0,0.0,0.0,0.0,0.0,-2.6499999999999995,21.0,24.0,0.09183615471624539,15.943632267501906,2.764167873173691,346.2819746473045
1986-01-15T19:38:00,demo_final_january_week,baseline,21.001590983065075,21.000526963751188,21.00272411220808,20.999237662333037,21.466276939125596,0.0,0.0,0.0,0.0,0.0,-2.5,21.0,24.0,0.09183615471624539,16.035468422218152,2.905283836655455,349.1872584839599
1986-01-15T19:53:00,demo_final_january_week,baseline,21.00165614235818,21.001496368542558,21.00216199403808,21.00020662485952,21.20682904619486,0.0,0.0,0.0,0.0,0.0,-2.35,21.0,24.0,0.09183615471624539,16.127304576934396,2.9899845611724434,352.17724304513234
1986-01-15T20:00:00,demo_final_january_week,baseline,21.001444579310633,21.001548883645356,21.002155125017634,20.998266892419178,21.031512544474964,0.0,0.0,0.0,0.0,0.0,-2.2,21.0,24.0,0.09183615471624539,16.21914073165064,3.0518842292176838,355.22912727435005
1986-01-15T20:19:00,demo_final_january_week,baseline,19.669084980064742,19.827985232591015,19.628309758832692,19.83629912140054,20.81735949704358,0.0,0.0,0.0,0.0,0.0,-2.2,18.0,27.0,0.09183615471624539,16.310976886366884,0.0,355.22912727435005
1986-01-15T20:35:00,demo_final_january_week,baseline,19.325359285830256,19.5129773526077,19.258244245797364,19.52436862283952,20.66646279216481,0.0,0.0,0.0,0.0,0.0,-2.2,18.0,27.0,0.09183615471624539,16.402813041083128,0.0,355.22912727435005
1986-01-15T20:53:00,demo_final_january_week,baseline,19.115837509314268,19.324484164893768,19.049265349786346,19.337680134825668,20.545295837495235,0.0,0.0,0.0,0.0,0.0,-2.2,18.0,27.0,0.09183615471624539,16.494649195799372,0.0,355.22912727435005
1986-01-15T21:00:00,demo_final_january_week,baseline,18.989777008027172,19.208619084729442,18.92977447352994,19.22258814091364,20.446391845927135,0.0,0.0,0.0,0.0,0.0,-2.2,18.0,27.0,0.09183615471624539,16.586485350515616,0.0,355.22912727435005
1986-01-15T21:15:00,demo_final_january_week,baseline,18.800344479248952,19.028781108150078,18.74907851445553,19.049777708609636,20.306688045876687,0.0,0.0,0.0,0.0,0.0,-2.9000000000000004,18.0,27.0,0.09183615471624539,16.67832150523186,0.0,355.22912727435005
1986-01-15T21:30:00,demo_final_january_week,baseline,18.62251093389667,18.849676087414522,18.562814189546764,18.869199423565114,20.175839500864306,0.0,0.0,0.0,0.0,0.0,-3.6,18.0,27.0,0.09183615471624539,16.770157659948104,0.0,355.22912727435005
1986-01-15T21:45:00,demo_final_january_week,baseline,18.43866583490853,18.673922674974303,18.389359831795566,18.697341380807913,20.057183834520927,0.0,0.0,0.0,0.0,0.0,-4.3,18.0,27.0,0.09183615471624539,16.86199381466435,0.0,355.22912727435005
1986-01-15T22:00:00,demo_final_january_week,baseline,18.28090981696727,18.516408434688277,18.231275874924442,18.53705001002572,19.948748906038023,0.0,0.0,0.0,0.0,0.0,-5.0,18.0,27.0,0.09183615471624539,16.953829969380593,0.0,355.22912727435005
1986-01-15T22:15:00,demo_final_january_week,baseline,18.14096022598925,18.3819874337118,18.111913890626226,18.398817933155968,19.84615724920824,0.0,0.0,0.0,0.0,0.0,-4.575,18.0,27.0,0.09183615471624539,17.045666124096837,0.0,355.22912727435005
1986-01-15T22:30:00,demo_final_january_week,baseline,18.03143196685327,18.262550380416368,18.005238643755185,18.27698255263955,19.74874394268958,0.0,0.0,0.0,0.0,0.0,-4.15,18.0,27.0,0.09183615471624539,17.13750227881308,0.0005735626273529812,355.22970083697743
1986-01-15T22:45:00,demo_final_january_week,baseline,18.001219699848125,18.15320345325434,18.000170753713835,18.165950182009002,19.656952641204377,0.0,0.0,0.0,0.0,0.0,-3.7249999999999996,18.0,27.0,0.09183615471624539,17.229338433529325,0.011847177274133858,355.2415480142516
1986-01-15T23:00:00,demo_final_january_week,baseline,18.00008570323572,18.053113559858847,18.000619890445737,18.064257190876358,19.57104627467838,0.0,0.0,0.0,0.0,0.0,-3.3,18.0,27.0,0.09183615471624539,17.32117458824557,0.06604512895393919,355.3075931432055
1986-01-15T23:15:00,demo_final_january_week,baseline,17.999437907565028,18.002631900140315,17.999357066726834,18.004390211551893,19.492693731126703,0.0,0.0,0.0,0.0,0.0,-3.7249999999999996,18.0,27.0,0.09183615471624539,17.413010742961813,0.11773591910933599,355.42532906231486
1986-01-15T23:30:00,demo_final_january_week,baseline,17.99908814991263,18.00103476835844,17.99915094367185,18.000299402511303,19.42124018550099,0.0,0.0,0.0,0.0,0.0,-4.15,18.0,27.0,0.09183615471624539,17.504846897678057,0.18860789988189766,355.61393696219676
1986-01-15T23:45:00,demo_final_january_week,baseline,17.99936587016674,18.00039217902748,17.99922556145767,17.998706668807625,19.355640652779943,0.0,0.0,0.0,0.0,0.0,-4.575,18.0,27.0,0.09183615471624539,17.5966830523943,0.25858457210419744,355.872521534301
1986-01-16T00:00:00,demo_final_january_week,baseline,18.000288822771992,17.999375075029203,18.00087547195216,17.999089350532774,19.295309039904296,0.0,0.0,0.0,0.0,0.0,-5.0,18.0,27.0,0.09183615471624539,17.688519207110545,0.33723672483064476,356.2097582591316
1986-01-16T00:15:00,demo_final_january_week,baseline,17.999287167867937,17.999630706977495,17.9995731357242,17.999127921796262,19.240736475823674,0.0,0.0,0.0,0.0,0.0,-5.15,18.0,27.0,0.09183615471624539,17.78035536182679,0.4022055554667478,356.61196381459837
1986-01-16T00:30:00,demo_final_january_week,baseline,17.998928491018695,17.999567028859897,17.99935876568563,18.00055649229983,19.191553869568143,0.0,0.0,0.0,0.0,0.0,-5.3,18.0,27.0,0.09183615471624539,17.872191516543033,0.4649144093064201,357.07687822390477
1986-01-16T00:45:00,demo_final_january_week,baseline,17.999743012854687,17.998595650954233,18.000779511380106,17.999786197725165,19.147015245465266,0.0,0.0,0.0,0.0,0.0,-5.449999999999999,18.0,27.0,0.09183615471624539,17.964027671259277,0.5228146777194641,357.5996929016242
1986-01-16T01:00:00,demo_final_january_week,baseline,17.998987071006724,17.998412147294015,18.000754910443383,18.001419041499208,19.106076623069587,0.0,0.0,0.0,0.0,0.0,-5.6,18.0,27.0,0.09183615471624539,18.05586382597552,0.5744314698695605,358.1741243714938
1986-01-16T01:15:00,demo_final_january_week,baseline,17.999785588278588,17.99999742910667,17.999464919442207,18.00071123607433,19.063564863348518,0.0,0.0,0.0,0.0,0.0,-5.874999999999999,18.0,27.0,0.09183615471624539,18.147699980691765,0.634484402289493,358.8086087737833
1986-01-16T01:30:00,demo_final_january_week,baseline,17.999215491062667,18.000142020055847,18.00041550348924,17.998437974559785,19.02013544125917,0.0,0.0,0.0,0.0,0.0,-6.15,18.0,27.0,0.09183615471624539,18.23953613540801,0.6893918357504866,359.4980006095338
1986-01-16T01:45:00,demo_final_january_week,baseline,18.000137959030372,17.999557710864707,18.000472166920897,17.9988213096304,18.977605210321453,0.0,0.0,0.0,0.0,0.0,-6.425000000000001,18.0,27.0,0.09183615471624539,18.331372290124254,0.7411290371306019,360.23912964666437
1986-01-16T02:00:00,demo_final_january_week,baseline,17.999595319337942,18.001510829460287,17.99916506733797,18.001021355921146,18.936363618371324,0.0,0.0,0.0,0.0,0.0,-6.7,18.0,27.0,0.09183615471624539,18.423208444840498,0.7878373276171036,361.0269669742815
1986-01-16T02:15:00,demo_final_january_week,baseline,18.00001317658464,17.999770946563906,18.0007153734553,17.99845176531562,18.905303266825914,0.0,0.0,0.0,0.0,0.0,-6.825,18.0,27.0,0.09183615471624539,18.51504459955674,0.8081128648578372,361.8350798391393
1986-01-16T02:30:00,demo_final_january_week,baseline,17.999622726721146,18.000804820656104,18.00008489706564,17.998354422465518,18.882204204999592,0.0,0.0,0.0,0.0,0.0,-6.95,18.0,27.0,0.09183615471624539,18.606880754272986,0.825932617921367,362.6610124570607
1986-01-16T02:45:00,demo_final_january_week,baseline,18.00026140452408,18.00022691028584,18.000312815872224,18.001438348025733,18.863130833790112,0.0,0.0,0.0,0.0,0.0,-7.075,18.0,27.0,0.09183615471624539,18.69871690898923,0.8450108500354557,363.50602330709614
1986-01-16T03:00:00,demo_final_january_week,baseline,17.999959206492445,17.998578393722273,17.999939903592523,18.001652911488307,18.846406442603612,0.0,0.0,0.0,0.0,0.0,-7.2,18.0,27.0,0.09183615471624539,18.790553063705474,0.8584488458625483,364.3644721529587
1986-01-16T03:15:00,demo_final_january_week,baseline,17.999457376168706,17.998746826128443,17.999179823970465,18.001746752064566,18.825063406221098,0.0,0.0,0.0,0.0,0.0,-6.800000000000001,18.0,27.0,0.09183615471624539,18.882389218421718,0.8685383287339844,365.23301048169265
1986-01-16T03:30:00,demo_final_january_week,baseline,18.000820632450594,17.99945277334085,18.000029834958582,17.9995331239766,18.800805554117797,0.0,0.0,0.0,0.0,0.0,-6.4,18.0,27.0,0.09183615471624539,18.974225373137962,0.8766978532917851,366.1097083349844
1986-01-16T03:45:00,demo_final_january_week,baseline,17.99981730598609,18.00137916984369,18.000868015410134,18.001701865219314,18.776539288985386,0.0,0.0,0.0,0.0,0.0,-5.999999999999999,18.0,27.0,0.09183615471624539,19.066061527854206,0.8815052725419099,366.99121360752633
1986-01-16T04:00:00,demo_final_january_week,baseline,18.00045056993832,18.000754118323393,18.00015513522419,17.99909620996388,18.753411313207096,0.0,0.0,0.0,0.0,0.0,-5.6,18.0,27.0,0.09183615471624539,19.15789768257045,0.8820970556553528,367.8733106631817
1986-01-16T04:15:00,demo_final_january_week,baseline,17.999951574615068,17.998676780053522,18.00061439883566,17.999755587785078,18.734427250110272,0.0,0.0,0.0,0.0,0.0,-5.449999999999999,18.0,27.0,0.09183615471624539,19.249733837286694,0.8860425831133873,368.7593532462951
1986-01-16T04:30:00,demo_final_january_week,baseline,18.001010479097783,17.99916212780855,18.000242836874023,17.999632418026874,18.71871702595496,0.0,0.0,0.0,0.0,0.0,-5.3,18.0,27.0,0.09183615471624539,19.34156999200294,0.8894942086655246,369.6488474549606
1986-01-16T04:45:00,demo_final_january_week,baseline,17.99952473397125,18.000187406603292,17.999853280563457,18.00156124564596,18.70496115084158,0.0,0.0,0.0,0.0,0.0,-5.15,18.0,27.0,0.09183615471624539,19.433406146719182,0.8902873306643575,370.539134785625
1986-01-16T05:00:00,demo_final_january_week,baseline,17.999920341261305,18.00145455256817,18.000053376788888,18.001083538304748,18.692655279728864,0.0,0.0,0.0,0.0,0.0,-5.0,18.0,27.0,0.09183615471624539,19.525242301435426,0.8906193088826901,371.42975409450764
1986-01-16T05:15:00,demo_final_january_week,baseline,17.99987034928948,17.999169103041826,18.00077519271068,18.001804669036,18.68124065405539,0.0,0.0,0.0,0.0,0.0,-5.0,18.0,27.0,0.09183615471624539,19.61707845615167,0.895115831104872,372.3248699256125
1986-01-16T05:30:00,demo_final_january_week,baseline,18.000244453765006,17.999520476554114,17.999439827028887,17.99962355309165,18.670629487440596,0.0,0.0,0.0,0.0,0.0,-5.0,18.0,27.0,0.09183615471624539,19.708914610867915,0.9011914154103519,373.22606134102284
1986-01-16T05:45:00,demo_final_january_week,baseline,17.998868436806774,18.000207144428966,17.999170373417723,18.000115498420943,18.660921979593404,0.0,0.0,0.0,0.0,0.0,-5.0,18.0,27.0,0.09183615471624539,19.80075076558416,0.9033817508801767,374.129443091903
1986-01-16T06:00:00,demo_final_january_week,baseline,17.999968194145893,18.000614253439135,18.000231025353962,17.99860591449111,18.652126716274076,0.0,0.0,0.0,0.0,0.0,-5.0,18.0,27.0,0.09183615471624539,19.892586920300403,0.9072256092495855,375.03666870115256
1986-01-16T06:19:00,demo_final_january_week,baseline,19.76451221628566,19.937453198075204,19.716740739560233,19.943409526111452,19.918288522405053,0.0,0.0,0.0,0.0,0.0,-4.85,21.0,24.0,0.09183615471624539,19.984423075016647,7.00199489675839,382.03866359791095
1986-01-16T06:34:00,demo_final_january_week,baseline,20.551486127160562,20.72434814222063,20.476125563405233,20.72297278095232,20.51423903876941,0.0,0.0,0.0,0.0,0.0,-4.7,21.0,24.0,0.09183615471624539,20.07625922973289,5.88021725549052,387.91888085340145
1986-01-16T06:53:00,demo_final_january_week,baseline,20.948009631707958,20.99902658827944,20.864398336190508,20.997459195889743,20.82850687033704,0.0,0.0,0.0,0.0,0.0,-4.550000000000001,21.0,24.0,0.09183615471624539,20.168095384449135,5.813296748595211,393.7321776019967
1986-01-16T07:00:00,demo_final_january_week,baseline,20.999227791778754,20.99932770267174,20.99412022926902,20.998312997194603,20.992115147246658,0.0,0.0,0.0,0.0,0.0,-4.4,21.0,24.0,0.09183615471624539,20.25993153916538,5.54867980759885,399.2808574095955
1986-01-16T07:15:00,demo_final_january_week,baseline,20.999165098300253,21.00167698366226,20.999243246916382,21.00184142380646,21.000234968881408,0.0,0.0,0.0,0.0,0.0,-4.275,21.0,24.0,0.09183615471624539,20.351767693881623,5.2357438726456484,404.51660128224114
1986-01-16T07:30:00,demo_final_january_week,baseline,20.998690825969714,20.999543114974884,21.00183969418631,20.999236666728688,21.000402688804773,0.0,0.0,0.0,0.0,0.0,-4.15,21.0,24.0,0.09183615471624539,20.443603848597867,5.158791701008515,409.67539298324965
1986-01-16T07:45:00,demo_final_january_week,baseline,20.99829991849409,21.00250393251154,21.002830178168104,21.00020049348647,21.000466272081265,0.0,0.0,0.0,0.0,0.0,-4.025,21.0,24.0,0.09183615471624539,20.53544000331411,4.9554247487925345,414.6308177320422
1986-01-16T08:00:00,demo_final_january_week,baseline,21.002487710647728,21.000320441156525,21.000678473151716,21.001551403119606,21.001089612713326,0.0,0.0,0.0,0.0,0.0,-3.9,21.0,24.0,0.09183615471624539,20.627276158030355,4.81752994230366,419.4483476743459
1986-01-16T08:23:00,demo_final_january_week,baseline,21.000068669215736,21.000665216744768,20.99972226298362,20.998657659508,21.170624459534142,11.0,5.0,11.0,5.0,20.0,-3.1999999999999997,21.0,24.0,0.09183615471624539,20.7191123127466,2.719785163933675,422.1681328382796
1986-01-16T08:38:00,demo_final_january_week,baseline,20.999526002820893,20.99983644176377,21.000289222840948,21.001581653206213,21.38682271463079,11.0,5.0,11.0,5.0,20.0,-2.5,21.0,24.0,0.09183615471624539,20.810948467462843,2.552376791147474,424.72050962942706
1986-01-16T08:45:00,demo_final_january_week,baseline,20.999778260175745,20.999297399744858,21.00102229829833,21.001379785056795,21.53106217374099,11.0,5.0,11.0,5.0,20.0,-1.8,21.0,24.0,0.09183615471624539,20.902784622179087,2.3236777103438255,427.0441873397709
1986-01-16T09:00:00,demo_final_january_week,baseline,20.999871716846524,21.033247994848995,21.00057256904841,21.000088092895247,21.675801015191414,11.0,5.0,11.0,5.0,20.0,-1.1,21.0,24.0,0.09183615471624539,20.99462077689533,2.105283868323654,429.14947120809455
1986-01-16T09:23:00,demo_final_january_week,baseline,21.00062705293211,21.655991147797526,21.000557413555395,20.99965331659926,22.26197785344723,11.0,5.0,11.0,5.0,20.0,-0.55,21.0,24.0,0.09183615471624539,21.086456931611576,1.677427108171934,430.82689831626647
1986-01-16T09:38:00,demo_final_january_week,baseline,21.060834857795676,22.076325126715208,21.108738142597282,20.999910928314705,22.632934472614693,11.0,5.0,11.0,5.0,20.0,0.0,21.0,24.0,0.09183615471624539,21.17829308632782,1.488348113649541,432.315246429916
1986-01-16T09:45:00,demo_final_january_week,baseline,21.159983219227545,22.250427964019615,21.2204261881013,20.99948584591754,22.83245703180336,11.0,5.0,11.0,5.0,20.0,0.55,21.0,24.0,0.09183615471624539,21.270129241044064,1.3943710911781424,433.7096175210941
1986-01-16T10:00:00,demo_final_january_week,baseline,21.293615873997194,22.325137721561514,21.361909464669786,21.001370363418058,22.988247023699262,11.0,5.0,11.0,5.0,20.0,1.1,21.0,24.0,0.09183615471624539,21.361965395760308,1.3208394523914155,435.0304569734855
1986-01-16T10:15:00,demo_final_january_week,baseline,21.412234459490158,22.31056314630013,21.508136322983624,21.037665555372566,23.134052568858465,11.0,5.0,11.0,5.0,20.0,1.525,21.0,24.0,0.09183615471624539,21.453801550476552,1.2668656374908873,436.2973226109764
1986-01-16T10:30:00,demo_final_january_week,baseline,21.498560343294695,22.24069204187645,21.651097685065224,21.116866575529567,23.280500863630934,11.0,5.0,11.0,5.0,20.0,1.95,21.0,24.0,0.09183615471624539,21.545637705192796,1.220007964863578,437.51733057583994
1986-01-16T10:45:00,demo_final_january_week,baseline,21.641532281162654,22.27819680948965,21.81280516997263,21.230486647719637,23.417028594803714,11.0,5.0,11.0,5.0,20.0,2.3749999999999996,21.0,24.0,0.09183615471624539,21.63747385990904,0.998703948194932,438.51603452403486
1986-01-16T11:00:00,demo_final_january_week,baseline,21.832207637402494,22.4018713803905,21.991537800589906,21.361885859257537,23.54194711970656,11.0,5.0,11.0,5.0,20.0,2.8,21.0,24.0,0.09183615471624539,21.729310014625284,0.7650943644589923,439.28112888849387
1986-01-16T11:15:00,demo_final_january_week,baseline,21.94481496048184,22.44476095221443,22.070673509743322,21.38658625023078,23.549175456853764,8.8,4.0,8.8,4.0,16.0,3.1999999999999997,21.0,24.0,0.09183615471624539,21.821146169341528,0.5654872961011117,439.846616184595
1986-01-16T11:30:00,demo_final_january_week,baseline,22.112949332387178,22.523863503830622,22.155562415173385,21.41809025459208,23.548400920423493,8.8,4.0,8.8,4.0,16.0,3.6,21.0,24.0,0.09183615471624539,21.912982324057772,0.37606852553596487,440.222684710131
1986-01-16T11:45:00,demo_final_january_week,baseline,22.349053312364916,22.62848471100423,22.226514061308713,21.420573686703055,23.57077011431362,8.8,4.0,8.8,4.0,16.0,4.0,21.0,24.0,0.09183615471624539,22.004818478774016,0.1962717844282914,440.41895649455927
1986-01-16T12:00:00,demo_final_january_week,baseline,22.6173859490744,22.70000013366718,22.26459267852811,21.382693484102848,23.594669721935478,8.8,4.0,8.8,4.0,16.0,4.4,21.0,24.0,0.09183615471624539,22.09665463349026,0.034223286523101366,440.4531797810824
1986-01-16T12:15:00,demo_final_january_week,baseline,22.77357783459725,22.5993196478697,22.092934607752994,21.168205539671966,23.426789649780435,4.4,2.0,4.4,2.0,8.0,5.1000000000000005,21.0,24.0,0.09183615471624539,22.188490788206504,2.9359650849565355,443.3891448660389
1986-01-16T12:38:00,demo_final_january_week,baseline,23.292958522597733,22.800086223937498,22.111875647896447,21.30437219052069,23.352915920125707,4.4,2.0,4.4,2.0,8.0,5.800000000000001,21.0,24.0,0.09183615471624539,22.28032694292275,1.2966529472402242,444.6857978132791
1986-01-16T12:53:00,demo_final_january_week,baseline,23.731427320211072,22.85185759968188,22.16928144088819,21.39233616341392,23.36088044328233,4.4,2.0,4.4,2.0,8.0,6.5,21.0,24.0,0.09183615471624539,22.372163097638992,0.8468187048007965,445.5326165180799
1986-01-16T13:08:00,demo_final_january_week,baseline,23.996827307751946,22.81349804643647,22.214860265129154,21.4394448350442,23.390929953943278,4.4,2.0,4.4,2.0,8.0,7.2,21.0,24.0,0.09233022367240018,22.464493321311394,0.6289596823508972,446.16157620043083
1986-01-16T13:23:00,demo_final_january_week,baseline,23.99936487291116,23.013845542926255,22.548900751687665,21.76813719828978,23.700428258483235,8.8,4.0,8.8,4.0,16.0,7.75,21.0,24.0,0.09512472072249269,22.559618042033886,0.4026550796896505,446.56423128012045
1986-01-16T13:38:00,demo_final_january_week,baseline,23.999441033312472,23.03367934821582,22.725988596061107,21.92282869736974,23.891557222238614,8.8,4.0,8.8,4.0,16.0,8.3,21.0,24.0,0.09647480588831127,22.656092847922196,0.29313405530960585,446.8573653354301
1986-01-16T13:45:00,demo_final_january_week,baseline,23.999253053792426,23.004400050430608,22.812881989356693,22.003684947090505,23.99627504479532,8.8,4.0,8.8,4.0,16.0,8.850000000000001,21.0,24.0,0.09682824950876619,22.752921097430963,0.2275941595012365,447.0849594949313
1986-01-16T14:00:00,demo_final_january_week,baseline,23.999275922586392,22.94485240586698,22.878865470404932,22.069502180704603,23.999281358939225,8.8,4.0,8.8,4.0,16.0,9.4,21.0,24.0,0.09815524688179163,22.851076344312755,0.1264788071169958,447.2114383020483
1986-01-16T14:15:00,demo_final_january_week,baseline,23.999358539007645,22.94958187149212,22.982280544403086,22.19125606758904,23.999321566941784,11.0,5.0,11.0,5.0,20.0,9.55,21.0,24.0,0.09863039241892065,22.949706736731677,0.09366359477223848,447.30510189682053
1986-01-16T14:30:00,demo_final_january_week,baseline,23.999399671800486,22.957678741088408,23.07617461851975,22.308028822849856,23.999261154841506,11.0,5.0,11.0,5.0,20.0,9.7,21.0,24.0,0.09819965551700385,23.04790639224868,0.08641552831238343,447.3915174251329
1986-01-16T14:45:00,demo_final_january_week,baseline,23.999377629392125,22.93369968223449,23.129868326376528,22.38891224430201,23.99923331994574,11.0,5.0,11.0,5.0,20.0,9.85,21.0,24.0,0.09798386676385976,23.14589025901254,0.07204842767455853,447.46356585280745
1986-01-16T15:00:00,demo_final_january_week,baseline,23.999349909631572,22.88819334144271,23.151945851432902,22.444945732932872,23.999222702460354,11.0,5.0,11.0,5.0,20.0,10.0,21.0,24.0,0.0977262101671997,23.243616469179738,0.06133444734547199,447.5249003001529
1986-01-16T15:15:00,demo_final_january_week,baseline,23.999308350907384,22.79400770470686,23.108243300277906,22.447569578755694,23.99927043929596,11.0,5.0,11.0,5.0,20.0,10.0,21.0,24.0,0.09628799135626638,23.339904460536005,0.11365546409626176,447.6385557642492
1986-01-16T15:30:00,demo_final_january_week,baseline,23.999274603288207,22.71139993141815,23.069007738191917,22.454616774024917,23.99923048936208,11.0,5.0,11.0,5.0,20.0,10.0,21.0,24.0,0.09614444202514658,23.43604890256115,0.11219526499284772,447.75075102924205
1986-01-16T15:45:00,demo_final_january_week,baseline,23.999263696601272,22.65105409799246,23.05000802757915,22.472791372161776,23.999185590030006,11.0,5.0,11.0,5.0,20.0,10.0,21.0,24.0,0.0958931520738746,23.531942054635024,0.12124062271271892,447.8719916519548
1986-01-16T16:00:00,demo_final_january_week,baseline,23.999266785349953,22.597418883560202,23.035512199136242,22.484664432100775,23.99914413468432,11.0,5.0,11.0,5.0,20.0,10.0,21.0,24.0,0.09557987574678839,23.627521930381814,0.13476100947727018,448.006752661432
1986-01-16T16:15:00,demo_final_january_week,baseline,23.92673154141366,22.423206210767503,22.87144043978292,22.356475318949826,23.999311554882944,11.0,5.0,11.0,5.0,20.0,9.575,21.0,24.0,0.09270988244578122,23.720231812827596,0.3870972710074873,448.3938499324395
1986-01-16T16:30:00,demo_final_january_week,baseline,23.690665978479853,22.24338808791818,22.692118364282585,22.17933890105298,23.99931028437492,11.0,5.0,11.0,5.0,20.0,9.15,21.0,24.0,0.09251174038915282,23.812743553216748,0.43681794451364453,448.8306678769531
1986-01-16T16:53:00,demo_final_january_week,baseline,23.32108897492967,22.076238156199178,22.530811558245144,21.98296734913702,23.999503320989696,11.0,5.0,11.0,5.0,20.0,8.725000000000001,21.0,24.0,0.09231713207796964,23.905060685294718,0.5030809742589974,449.3337488512121
1986-01-16T17:00:00,demo_final_january_week,baseline,23.123664654708985,21.988112381312575,22.44918813804903,21.884897177221806,23.999313389444932,11.0,5.0,11.0,5.0,20.0,8.3,21.0,24.0,0.09210387241490667,23.997164557709624,0.5733961648969466,449.90714501610904
1986-01-16T17:15:00,demo_final_january_week,baseline,22.903558358350292,21.884040249901037,22.353307634567003,21.77469430996528,23.994381728870014,11.0,5.0,11.0,5.0,20.0,8.3,21.0,24.0,0.09183615471624539,24.089000712425868,0.5768045592069899,450.48394957531605
1986-01-16T17:30:00,demo_final_january_week,baseline,22.725832999175545,21.791703352331705,22.27106437402157,21.67973786923502,23.964140600288182,11.0,5.0,11.0,5.0,20.0,8.3,21.0,24.0,0.09183615471624539,24.180836867142112,0.5542369003598562,451.0381864756759
1986-01-16T17:45:00,demo_final_january_week,baseline,22.56975713593349,21.708832838143092,22.197759110437723,21.594101550782213,23.914876377954062,11.0,5.0,11.0,5.0,20.0,8.3,21.0,24.0,0.09183615471624539,24.272673021858356,0.5426545365815179,451.5808410122574
1986-01-16T18:00:00,demo_final_january_week,baseline,22.42766533337296,21.63325863906196,22.130120849486975,21.51567170011794,23.857739025483955,11.0,5.0,11.0,5.0,20.0,8.3,21.0,24.0,0.09183615471624539,24.3645091765746,0.5359108836156427,452.11675189587305
1986-01-16T18:23:00,demo_final_january_week,baseline,21.722834357294587,21.027589263787153,21.489250255139044,21.015015864765566,23.234274134394333,5.5,2.5,5.5,2.5,10.0,8.3,21.0,24.0,0.09183615471624539,24.456345331290844,0.32161010131865864,452.4383619971917
1986-01-16T18:38:00,demo_final_january_week,baseline,21.35509335731376,21.002458330323662,21.165757202792115,21.001572053657924,22.848244343636033,5.5,2.5,5.5,2.5,10.0,8.3,21.0,24.0,0.09183615471624539,24.54818148600709,0.3106103915271997,452.74897238871887
1986-01-16T18:45:00,demo_final_january_week,baseline,21.162924002018116,20.999763882309214,21.01086263601304,21.001652043264006,22.679017957995875,5.5,2.5,5.5,2.5,10.0,8.3,21.0,24.0,0.09183615471624539,24.640017640723332,0.4152454622434104,453.1642178509623
1986-01-16T19:00:00,demo_final_january_week,baseline,21.02594298834298,20.999821976476866,21.00214894770266,21.00091299916627,22.562069453606025,5.5,2.5,5.5,2.5,10.0,8.3,21.0,24.0,0.09183615471624539,24.731853795439577,0.6406140517318286,453.8048319026941
1986-01-16T19:23:00,demo_final_january_week,baseline,21.00132803523896,21.002201282473944,21.000985313650204,21.002477228595573,21.985254774511116,0.0,0.0,0.0,0.0,0.0,8.450000000000001,21.0,24.0,0.09183615471624539,24.82368995015582,1.3904133104177159,455.19524521311183
1986-01-16T19:38:00,demo_final_january_week,baseline,21.00000902026604,20.99937282822253,21.0014287105693,21.000171439322678,21.520596764445877,0.0,0.0,0.0,0.0,0.0,8.600000000000001,21.0,24.0,0.09183615471624539,24.915526104872065,1.339525458070393,456.53477067118223
1986-01-16T19:53:00,demo_final_january_week,baseline,21.000027414210297,21.000047479097876,21.000302033162697,20.99863365935331,21.236943794951546,0.0,0.0,0.0,0.0,0.0,8.75,21.0,24.0,0.09183615471624539,25.00736225958831,1.3707012276645176,457.90547189884677
1986-01-16T20:00:00,demo_final_january_week,baseline,21.00130130388032,20.999127456943498,21.00118302373259,21.001505032162566,21.075878149103012,0.0,0.0,0.0,0.0,0.0,8.9,21.0,24.0,0.09183615471624539,25.099198414304553,1.404014921971269,459.30948682081805
1986-01-16T20:23:00,demo_final_january_week,baseline,20.406956847724285,20.543082554670512,20.384575094695506,20.56066168327476,20.92819062337144,0.0,0.0,0.0,0.0,0.0,8.75,18.0,27.0,0.09183615471624539,25.191034569020797,0.0,459.30948682081805
1986-01-16T20:38:00,demo_final_january_week,baseline,20.07558802952966,20.260688085433742,19.97151087800844,20.289354710348444,20.803731313282256,0.0,0.0,0.0,0.0,0.0,8.600000000000001,18.0,27.0,0.09183615471624539,25.28287072373704,0.0,459.30948682081805
1986-01-16T20:45:00,demo_final_january_week,baseline,19.91941194325822,20.135050612772243,19.846406923657412,20.162734728289262,20.704881928023955,0.0,0.0,0.0,0.0,0.0,8.450000000000001,18.0,27.0,0.09183615471624539,25.374706878453285,0.0,459.30948682081805
1986-01-16T21:00:00,demo_final_january_week,baseline,19.8030206104117,20.027816027131916,19.754355538708875,20.05410354620507,20.58235707724112,0.0,0.0,0.0,0.0,0.0,8.3,18.0,27.0,0.09183615471624539,25.46654303316953,0.0,459.30948682081805
1986-01-16T21:15:00,demo_final_january_week,baseline,19.680564275217,19.911092946646814,19.644117250548877,19.93734785583148,20.445696818969672,0.0,0.0,0.0,0.0,0.0,8.3,18.0,27.0,0.09183615471624539,25.558379187885773,0.0,459.30948682081805
1986-01-16T21:30:00,demo_final_january_week,baseline,19.557022382046807,19.791160178890674,19.52513900673327,19.817475611399505,20.334029518035038,0.0,0.0,0.0,0.0,0.0,8.3,18.0,27.0,0.09183615471624539,25.650215342602017,0.0,459.30948682081805
1986-01-16T21:45:00,demo_final_january_week,baseline,19.449215354528228,19.68427087170311,19.42133584588163,19.710233015825782,20.24528845166002,0.0,0.0,0.0,0.0,0.0,8.3,18.0,27.0,0.09183615471624539,25.74205149731826,0.0,459.30948682081805
1986-01-16T22:00:00,demo_final_january_week,baseline,19.357931849518007,19.59167508571163,19.334876047645643,19.617065913669435,20.168831354114392,0.0,0.0,0.0,0.0,0.0,8.3,18.0,27.0,0.09183615471624539,25.833887652034505,0.0,459.30948682081805
1986-01-16T22:15:00,demo_final_january_week,baseline,19.27172439228745,19.503593765040396,19.253295954635245,19.52833246091226,20.095946875346947,0.0,0.0,0.0,0.0,0.0,8.175,18.0,27.0,0.09183615471624539,25.92572380675075,0.0,459.30948682081805
1986-01-16T22:30:00,demo_final_january_week,baseline,19.189081488682902,19.418652430375026,19.174274679680376,19.442692656040162,20.026562529515974,0.0,0.0,0.0,0.0,0.0,8.05,18.0,27.0,0.09183615471624539,26.017559961466993,0.0,459.30948682081805
1986-01-16T22:45:00,demo_final_january_week,baseline,19.11158465967642,19.338486656310163,19.099770051577106,19.361777297875584,19.962111794597114,0.0,0.0,0.0,0.0,0.0,7.925,18.0,27.0,0.09183615471624539,26.109396116183238,0.0,459.30948682081805
1986-01-16T23:00:00,demo_final_january_week,baseline,19.0394273588481,19.263229813492043,19.03028684893097,19.285716908217562,19.902644550485764,0.0,0.0,0.0,0.0,0.0,7.8,18.0,27.0,0.09183615471624539,26.20123227089948,0.0,459.30948682081805
1986-01-16T23:15:00,demo_final_january_week,baseline,18.969099326865543,19.18977893023661,18.96236463536511,19.21641510039881,19.844911442397226,0.0,0.0,0.0,0.0,0.0,7.6499999999999995,18.0,27.0,0.09183615471624539,26.293068425615726,0.0,459.30948682081805
1986-01-16T23:30:00,demo_final_january_week,baseline,18.900651901993132,19.118326017263197,18.896031166067466,19.14280424241706,19.788801453755703,0.0,0.0,0.0,0.0,0.0,7.5,18.0,27.0,0.09183615471624539,26.38490458033197,0.0,459.30948682081805
1986-01-16T23:45:00,demo_final_january_week,baseline,18.834820987662987,19.0494825901608,18.83204661831356,19.075401261733436,19.735067412605876,0.0,0.0,0.0,0.0,0.0,7.3500000000000005,18.0,27.0,0.09183615471624539,26.476740735048214,0.0,459.30948682081805
1986-01-17T00:00:00,demo_final_january_week,baseline,18.7716324335975,18.98772266299499,18.770481985697923,19.00645234142465,19.68387939056434,0.0,0.0,0.0,0.0,0.0,7.2,18.0,27.0,0.09183615471624539,26.568576889764458,0.0,459.30948682081805
1986-01-17T00:15:00,demo_final_january_week,baseline,18.719698238077523,18.930241589454052,18.71989638705023,18.949989652124536,19.644624690312288,0.0,0.0,0.0,0.0,0.0,7.075,18.0,27.0,0.09183615471624539,26.660413044480702,0.0,459.30948682081805
1986-01-17T00:30:00,demo_final_january_week,baseline,18.676017130726443,18.880892800330646,18.677390330143318,18.898556322737768,19.614972221940896,0.0,0.0,0.0,0.0,0.0,6.95,18.0,27.0,0.09183615471624539,26.752249199196946,0.0,459.30948682081805
1986-01-17T00:45:00,demo_final_january_week,baseline,18.636526879243497,18.835114898326136,18.63895540159179,18.8508650457914,19.58953207485829,0.0,0.0,0.0,0.0,0.0,6.825,18.0,27.0,0.09183615471624539,26.84408535391319,0.0,459.30948682081805
1986-01-17T01:00:00,demo_final_january_week,baseline,18.600064244763598,18.791598660756307,18.603433072760485,18.806314441257893,19.565403250081047,0.0,0.0,0.0,0.0,0.0,6.7,18.0,27.0,0.09183615471624539,26.935921508629434,0.0,459.30948682081805
1986-01-17T01:15:00,demo_final_january_week,baseline,18.561501183101754,18.74681236271051,18.565761070355276,18.760699241693857,19.538783180087123,0.0,0.0,0.0,0.0,0.0,6.550000000000001,18.0,27.0,0.09183615471624539,27.027757663345678,0.0,459.30948682081805
1986-01-17T01:30:00,demo_final_january_week,baseline,18.522273619363467,18.702215954743533,18.527349304390878,18.715235973782995,19.511226439499058,0.0,0.0,0.0,0.0,0.0,6.4,18.0,27.0,0.09183615471624539,27.119593818061922,0.0,459.30948682081805
1986-01-17T01:45:00,demo_final_january_week,baseline,18.48428364243112,18.659025291860754,18.490094361919162,18.6711714177637,19.484506959486538,0.0,0.0,0.0,0.0,0.0,6.249999999999999,18.0,27.0,0.09183615471624539,27.211429972778166,0.0,459.30948682081805
1986-01-17T02:00:00,demo_final_january_week,baseline,18.449894586832563,18.617461303410387,18.4562480281799,18.628758604066714,19.459203076746725,0.0,0.0,0.0,0.0,0.0,6.1,18.0,27.0,0.09183615471624539,27.30326612749441,0.0,459.30948682081805
1986-01-17T02:15:00,demo_final_january_week,baseline,18.406864826631864,18.570523230455585,18.412521280124412,18.58105319410632,19.42908207964643,0.0,0.0,0.0,0.0,0.0,5.975,18.0,27.0,0.09183615471624539,27.395102282210654,0.0,459.30948682081805
1986-01-17T02:30:00,demo_final_january_week,baseline,18.361571467867815,18.520345996978865,18.36543689279914,18.531004088580676,19.39549579954921,0.0,0.0,0.0,0.0,0.0,5.85,18.0,27.0,0.09183615471624539,27.4869384369269,0.0,459.30948682081805
1986-01-17T02:45:00,demo_final_january_week,baseline,18.31255640065768,18.47029479115741,18.31398929729327,18.480082770982616,19.36086757835893,0.0,0.0,0.0,0.0,0.0,5.725,18.0,27.0,0.09183615471624539,27.578774591643143,0.0,459.30948682081805
1986-01-17T03:00:00,demo_final_january_week,baseline,18.266155497711775,18.42000916260683,18.26505025237225,18.42889524083703,19.326194740331204,0.0,0.0,0.0,0.0,0.0,5.6,18.0,27.0,0.09183615471624539,27.670610746359387,0.0,459.30948682081805
1986-01-17T03:15:00,demo_final_january_week,baseline,18.224796728371548,18.37591839917469,18.221867530847874,18.38409707587153,19.30110670177272,0.0,0.0,0.0,0.0,0.0,5.299999999999999,18.0,27.0,0.09183615471624539,27.76244690107563,0.0,459.30948682081805
1986-01-17T03:30:00,demo_final_january_week,baseline,18.188979816598128,18.33601730938963,18.185026824379637,18.343530896334034,19.283510650676053,0.0,0.0,0.0,0.0,0.0,5.0,18.0,27.0,0.09183615471624539,27.854283055791875,0.0,459.30948682081805
1986-01-17T03:45:00,demo_final_january_week,baseline,18.155354154287668,18.298023336345725,18.15061018217157,18.30486334280485,19.269526867648157,0.0,0.0,0.0,0.0,0.0,4.7,18.0,27.0,0.09183615471624539,27.94611921050812,0.0,459.30948682081805
1986-01-17T04:00:00,demo_final_january_week,baseline,18.122717753409315,18.261367325410237,18.117198539010463,18.267539068461982,19.25763389464842,0.0,0.0,0.0,0.0,0.0,4.4,18.0,27.0,0.09183615471624539,28.037955365224363,0.0,459.30948682081805
1986-01-17T04:15:00,demo_final_january_week,baseline,18.082902939978368,18.21901856883619,18.07706140865622,18.224585960059915,19.237419565680383,0.0,0.0,0.0,0.0,0.0,4.125,18.0,27.0,0.09183615471624539,28.129791519940607,0.0,459.30948682081805
1986-01-17T04:30:00,demo_final_january_week,baseline,18.038260602667044,18.17317986805597,18.032442649862514,18.17821855861908,19.210975384909947,0.0,0.0,0.0,0.0,0.0,3.85,18.0,27.0,0.09183615471624539,28.22162767465685,0.0,459.30948682081805
1986-01-17T04:45:00,demo_final_january_week,baseline,18.00217579710214,18.126245633147562,18.00121179628578,18.130801109182613,19.18226230671888,0.0,0.0,0.0,0.0,0.0,3.5749999999999997,18.0,27.0,0.09183615471624539,28.313463829373095,0.00992022677846264,459.31940704759654
1986-01-17T05:00:00,demo_final_january_week,baseline,17.999822898413456,18.07868601884506,18.000235804207353,18.082779503562918,19.15277458349807,0.0,0.0,0.0,0.0,0.0,3.3,18.0,27.0,0.09183615471624539,28.40529998408934,0.03615955569389437,459.3555666032904
1986-01-17T05:15:00,demo_final_january_week,baseline,18.000157742995317,18.038117455296376,18.000428570121247,18.041730314921676,19.129814806477626,0.0,0.0,0.0,0.0,0.0,3.175,18.0,27.0,0.09183615471624539,28.497136138805583,0.046810042713430415,459.40237664600386
1986-01-17T05:30:00,demo_final_january_week,baseline,17.999298544076154,18.00231389536485,18.000362804913102,18.005412030717213,19.112001917443415,0.0,0.0,0.0,0.0,0.0,3.05,18.0,27.0,0.09183615471624539,28.588972293521827,0.06139712159396854,459.46377376759784
1986-01-17T05:45:00,demo_final_january_week,baseline,17.99965416558031,17.999372396438666,17.999247427417945,17.999909238917393,19.09672955701768,0.0,0.0,0.0,0.0,0.0,2.925,18.0,27.0,0.09183615471624539,28.68080844823807,0.0847574115104557,459.5485311791083
1986-01-17T06:00:00,demo_final_january_week,baseline,17.999680686332077,17.999230061486,18.000043718364225,17.99987400216449,19.083038195605575,0.0,0.0,0.0,0.0,0.0,2.8,18.0,27.0,0.09183615471624539,28.772644602954315,0.10206750293852672,459.65059868204685
1986-01-17T06:18:00,demo_final_january_week,baseline,20.205604082808925,20.321974319316375,20.15201088846404,20.324571193028664,20.24614051672149,0.0,0.0,0.0,0.0,0.0,2.8,21.0,24.0,0.09183615471624539,28.86448075767056,6.7182787432328315,466.36887742527966
1986-01-17T06:33:00,demo_final_january_week,baseline,21.001030206637562,20.99990473623166,21.00108492325483,20.99996210944193,20.86439178491373,0.0,0.0,0.0,0.0,0.0,2.8,21.0,24.0,0.09183615471624539,28.956316912386804,4.929276867199239,471.2981542924789
1986-01-17T06:53:00,demo_final_january_week,baseline,21.001594451812977,21.00031408331074,21.000544931690342,21.000155737254286,21.00035188072602,0.0,0.0,0.0,0.0,0.0,2.8,21.0,24.0,0.09183615471624539,29.048153067103048,4.197818093205421,475.4959723856843
1986-01-17T07:00:00,demo_final_january_week,baseline,21.002910759492483,21.00367647494436,21.002108239228335,21.003430649019528,21.000566794618774,0.0,0.0,0.0,0.0,0.0,2.8,21.0,24.0,0.09183615471624539,29.13998922181929,4.23382658948149,479.7297989751658
1986-01-17T07:15:00,demo_final_january_week,baseline,21.002335940758538,20.998585784722334,20.999535336716782,21.002539267848988,21.000806064367843,0.0,0.0,0.0,0.0,0.0,2.8,21.0,24.0,0.09183615471624539,29.231825376535536,4.044908548346345,483.7747075235122
1986-01-17T07:30:00,demo_final_january_week,baseline,21.001023901784514,21.00113352432191,21.000945198696545,21.001153187715186,21.00003086777556,0.0,0.0,0.0,0.0,0.0,2.8,21.0,24.0,0.09183615471624539,29.32366153125178,3.8129558713192355,487.5876633948314
1986-01-17T07:45:00,demo_final_january_week,baseline,21.00203707925169,21.0003368394375,21.001339544087763,21.000150704107163,21.000048439861935,0.0,0.0,0.0,0.0,0.0,2.8,21.0,24.0,0.09183615471624539,29.415497685968024,3.6578187567653355,491.2454821515967
1986-01-17T08:00:00,demo_final_january_week,baseline,21.00007250568529,21.001217273365025,20.99901654376535,20.999898077716605,20.999777696817585,0.0,0.0,0.0,0.0,0.0,2.8,21.0,24.0,0.09183615471624539,29.507333840684268,3.4984505989823327,494.74393275057906
1986-01-17T08:23:00,demo_final_january_week,baseline,21.00009505801611,21.367175892786385,21.000024064498,20.998864346103158,21.33123642922934,11.0,5.0,11.0,5.0,20.0,2.925,21.0,24.0,0.09183615471624539,29.599169995400512,1.7712288254300703,496.5151615760091
1986-01-17T08:38:00,demo_final_january_week,baseline,21.00019054778835,22.032998238646748,20.999762380939856,20.999925143250852,21.621859227456408,11.0,5.0,11.0,5.0,20.0,3.05,21.0,24.0,0.09183615471624539,29.691006150116756,1.610333674117407,498.1254952501265
1986-01-17T08:50:00,demo_final_january_week,baseline,21.000699694389546,22.620757572926717,21.00091127881463,21.0016536996909,21.839403855799333,11.0,5.0,11.0,5.0,20.0,3.175,21.0,24.0,0.09183615471624539,29.782842304833,1.4678380860865514,499.59333333621305
1986-01-17T09:08:00,demo_final_january_week,baseline,21.00025451512349,23.114331496751273,21.000154644812824,21.00027275703768,21.995781117643844,11.0,5.0,11.0,5.0,20.0,3.3,21.0,24.0,0.09183615471624539,29.874678459549244,1.3444183610857894,500.93775169729884
1986-01-17T09:20:00,demo_final_january_week,baseline,21.4187773735263,23.991804962914784,21.276289417853516,21.00013321598049,22.635623891842517,11.0,5.0,11.0,5.0,20.0,3.9999999999999996,21.0,24.0,0.09188755900027777,29.96656601854952,0.2652459982515701,501.2029976955504
1986-01-17T09:38:00,demo_final_january_week,baseline,21.740045635787602,23.996556873865675,21.472535158046814,21.001139519108584,22.93256326460904,11.0,5.0,11.0,5.0,20.0,4.699999999999999,21.0,24.0,0.09331986191574251,30.059885880465263,0.011647892825191746,501.21464558837556
1986-01-17T09:53:00,demo_final_january_week,baseline,22.098070415801836,23.999161890072422,21.697513948818504,21.121411063316454,23.18693559139078,11.0,5.0,11.0,5.0,20.0,5.3999999999999995,21.0,24.0,0.09437616634549567,30.154262046810757,1.8888633878930656,503.10350897626864
1986-01-17T10:08:00,demo_final_january_week,baseline,22.45524269148264,23.99936168218354,21.917505623914483,21.27178681020481,23.379484869121836,11.0,5.0,11.0,5.0,20.0,6.1,21.0,24.0,0.09512815065516,30.249390197465917,0.8459670851759569,503.9494760614446
1986-01-17T10:23:00,demo_final_january_week,baseline,22.830294602625237,23.99937954446813,22.134983682330905,21.425773305603272,23.572275922673914,11.0,5.0,11.0,5.0,20.0,6.6499999999999995,21.0,24.0,0.09570401665391906,30.345094214119836,0.6381961113795723,504.58767217282417
1986-01-17T10:38:00,demo_final_january_week,baseline,23.205025820754578,23.999387562295606,22.349491842057063,21.586256135980953,23.746130187034353,11.0,5.0,11.0,5.0,20.0,7.2,21.0,24.0,0.09605500363702611,30.441149217756863,0.516265969829152,505.1039381426533
1986-01-17T10:53:00,demo_final_january_week,baseline,23.59104048302349,23.999389852815625,22.54922578107857,21.74155243520483,23.90475368183656,11.0,5.0,11.0,5.0,20.0,7.75,21.0,24.0,0.09636641678477946,30.53751563454164,0.42002800162198217,505.5239661442753
1986-01-17T11:08:00,demo_final_january_week,baseline,23.979627124642544,23.999438123265325,22.75179100995607,21.90180534023916,23.999288516398035,11.0,5.0,11.0,5.0,20.0,8.3,21.0,24.0,0.09715758000879476,30.634673214550435,0.3131817783502883,505.83714792262555
1986-01-17T11:15:00,demo_final_january_week,baseline,23.997465408236927,23.99934987824343,22.797408557629062,21.911784789574302,23.999383049693527,8.8,4.0,8.8,4.0,16.0,8.725000000000001,21.0,24.0,0.09817079735818939,30.732844011908625,0.2253282784215714,506.0624762010471
1986-01-17T11:30:00,demo_final_january_week,baseline,23.99873445342885,23.99943081122622,22.852889444555505,21.956286296160847,23.999377518087048,8.8,4.0,8.8,4.0,16.0,9.15,21.0,24.0,0.09937281017951956,30.832216822088146,0.1347270813224764,506.19720328236957
1986-01-17T11:45:00,demo_final_january_week,baseline,23.998812930521638,23.99953000732616,22.928130805834815,22.033082555221128,23.999306645281766,8.8,4.0,8.8,4.0,16.0,9.575,21.0,24.0,0.10097171379114409,30.93318853587929,0.0422582029113862,506.23946148528097
1986-01-17T12:00:00,demo_final_january_week,baseline,23.99885152874049,23.999558321786694,23.022405712151865,22.126766956154995,23.999266278112536,8.8,4.0,8.8,4.0,16.0,10.0,21.0,24.0,0.10214076940351012,31.035329305282797,0.0,506.23946148528097
1986-01-17T12:15:00,demo_final_january_week,baseline,23.998939815599577,23.999421475662476,22.91643434098995,22.030506438640707,23.91609274334874,4.4,2.0,4.4,2.0,8.0,10.425,21.0,24.0,0.0979296942019122,31.13325899948471,0.04330031453124305,506.2827617998122
1986-01-17T12:30:00,demo_final_january_week,baseline,23.99905739242174,23.999510760121165,22.831368960228563,21.965812451466075,23.84972643280035,4.4,2.0,4.4,2.0,8.0,10.85,21.0,24.0,0.09766695692720587,31.230925956411916,0.007186448847751569,506.2899482486599
1986-01-17T12:45:00,demo_final_january_week,baseline,23.999210608484105,23.999537180913105,22.82666639050904,21.977719520501932,23.82712329721695,4.4,2.0,4.4,2.0,8.0,11.274999999999999,21.0,24.0,0.09772642268856407,31.32865237910048,0.0,506.2899482486599
1986-01-17T13:00:00,demo_final_january_week,baseline,23.999313971678912,23.999589064073728,22.85102464455229,22.01118724103954,23.829614004377852,4.4,2.0,4.4,2.0,8.0,11.7,21.0,24.0,0.0973727040053466,31.426025083105827,0.0,506.2899482486599
1986-01-17T13:15:00,demo_final_january_week,baseline,23.99937878582069,23.99962341936279,23.07800653789554,22.229744348320217,23.993271815267217,8.8,4.0,8.8,4.0,16.0,11.549999999999999,21.0,24.0,0.10058340739662766,31.526608490502454,0.0,506.2899482486599
1986-01-17T13:30:00,demo_final_january_week,baseline,23.999343383689105,23.99956762323463,23.275386761723656,22.40475129263138,23.99887349036451,8.8,4.0,8.8,4.0,16.0,11.399999999999999,21.0,24.0,0.10404624760625053,31.630654738108706,0.0,506.2899482486599
1986-01-17T13:45:00,demo_final_january_week,baseline,23.99921172546489,23.98889314009602,23.37477431023565,22.49123801947332,23.999202026055237,8.8,4.0,8.8,4.0,16.0,11.25,21.0,24.0,0.1028702463825827,31.73352498449129,0.0,506.2899482486599
1986-01-17T14:00:00,demo_final_january_week,baseline,23.99919829530592,23.89005815864887,23.414052926285656,22.52781847013927,23.999161303759735,8.8,4.0,8.8,4.0,16.0,11.1,21.0,24.0,0.10223665028112874,31.835761634772417,0.0,506.2899482486599
1986-01-17T14:15:00,demo_final_january_week,baseline,23.999276303109983,23.78594620243413,23.470369055867305,22.595081588547508,23.99909808782604,11.0,5.0,11.0,5.0,20.0,10.975,21.0,24.0,0.10190793874489114,31.937669573517308,0.0,506.2899482486599
1986-01-17T14:30:00,demo_final_january_week,baseline,23.999305593200184,23.675400117611236,23.5089001125642,22.641595745156256,23.999064297004896,11.0,5.0,11.0,5.0,20.0,10.85,21.0,24.0,0.09996733216453979,32.03763690568185,0.0,506.2899482486599
1986-01-17T14:45:00,demo_final_january_week,baseline,23.999272437782068,23.558879762754174,23.5215171722796,22.65920249242291,23.999046205414547,11.0,5.0,11.0,5.0,20.0,10.725,21.0,24.0,0.09904673031010555,32.13668363599196,0.0,506.2899482486599
1986-01-17T15:00:00,demo_final_january_week,baseline,23.999239344097735,23.444883582924618,23.518988208864567,22.664383600825275,23.999036757627785,11.0,5.0,11.0,5.0,20.0,10.6,21.0,24.0,0.09834196395938112,32.235025599951335,0.0,506.2899482486599
1986-01-17T15:15:00,demo_final_january_week,baseline,23.999255264672083,23.281440366147923,23.441657471352602,22.611494731684992,23.99910864350146,11.0,5.0,11.0,5.0,20.0,10.45,21.0,24.0,0.09618242798716406,32.3312080279385,0.03173238532409111,506.32168063398404
1986-01-17T15:30:00,demo_final_january_week,baseline,23.999261383064916,23.129883162419226,23.360295221812965,22.562348493871326,23.99911289613836,11.0,5.0,11.0,5.0,20.0,10.3,21.0,24.0,0.09553554430283466,32.426743572241335,0.06784785859603644,506.3895284925801
1986-01-17T15:45:00,demo_final_january_week,baseline,23.990185451084475,23.001699438017873,23.29280005936298,22.52515885820317,23.999111412116036,11.0,5.0,11.0,5.0,20.0,10.15,21.0,24.0,0.09498567311427993,32.521729245355615,0.11014294824279561,506.4996714408229
1986-01-17T16:00:00,demo_final_january_week,baseline,23.92213127352546,22.88156992320388,23.225659015949798,22.485308998825303,23.999120415280984,11.0,5.0,11.0,5.0,20.0,10.0,21.0,24.0,0.0948548878654773,32.616584133221096,0.1323012590755053,506.6319726998984
1986-01-17T16:15:00,demo_final_january_week,baseline,23.69289947569213,22.66257865497952,23.032336069688615,22.336647392479417,23.999294174631565,11.0,5.0,11.0,5.0,20.0,9.575,21.0,24.0,0.09317807718697121,32.709762210408066,0.3101081944731309,506.94208089437154
1986-01-17T16:30:00,demo_final_january_week,baseline,23.445109358426784,22.46436328357831,22.84903325827428,22.187910497662727,23.9992918828425,11.0,5.0,11.0,5.0,20.0,9.15,21.0,24.0,0.09305367907204347,32.80281588948011,0.36538880803966584,507.3074697024112
1986-01-17T16:45:00,demo_final_january_week,baseline,23.194113985690816,22.308866305922166,22.709398428376954,22.045468485924655,23.9992765539346,11.0,5.0,11.0,5.0,20.0,8.725000000000001,21.0,24.0,0.09293767302006481,32.895753562500175,0.43128714790690575,507.7387568503181
1986-01-17T17:00:00,demo_final_january_week,baseline,22.986450122841834,22.18408889897767,22.604238114333448,21.929194730739567,23.999262360943895,11.0,5.0,11.0,5.0,20.0,8.3,21.0,24.0,0.09280257993535893,32.988556142435534,0.49814567806678356,508.2369025283849
1986-01-17T17:15:00,demo_final_january_week,baseline,22.82413835865205,22.07736478755725,22.518663686537025,21.83663804752472,23.99924350596904,11.0,5.0,11.0,5.0,20.0,8.025,21.0,24.0,0.0926343040319725,33.08119044646751,0.5426628215456114,508.7795653499305
1986-01-17T17:30:00,demo_final_january_week,baseline,22.68832799194198,21.981998966163534,22.443124170782923,21.75654122588047,23.999229288122393,11.0,5.0,11.0,5.0,20.0,7.75,21.0,24.0,0.09247329831381548,33.17366374478132,0.5838239058215717,509.3633892557521
1986-01-17T17:45:00,demo_final_january_week,baseline,22.56740687954203,21.896035397112605,22.374433030731637,21.68349211250056,23.999218711381612,11.0,5.0,11.0,5.0,20.0,7.4750000000000005,21.0,24.0,0.09232391368138583,33.265987658462706,0.6219450363237222,509.98533429207583
1986-01-17T18:00:00,demo_final_january_week,baseline,22.45843174495352,21.81862397185456,22.311768508139327,21.616648022048487,23.999210461071037,11.0,5.0,11.0,5.0,20.0,7.2,21.0,24.0,0.09218630679106345,33.35817396525377,0.6576539436747176,510.6429882357506
1986-01-17T18:23:00,demo_final_january_week,baseline,21.754457955393786,21.185950165610603,21.64694677295221,21.023518362925085,23.43123890033879,5.5,2.5,5.5,2.5,10.0,7.075,21.0,24.0,0.09183615471624539,33.45001011997002,0.3683107531818099,511.01129898893237
1986-01-17T18:38:00,demo_final_january_week,baseline,21.367131347223374,21.00243266008432,21.285958820760943,21.00292095860605,23.05470896235331,5.5,2.5,5.5,2.5,10.0,6.95,21.0,24.0,0.09183615471624539,33.541846274686264,0.2528528900336793,511.26415187896606
1986-01-17T18:45:00,demo_final_january_week,baseline,21.156198545772735,20.999553231583626,21.09456906262534,21.00245514256134,22.86771707448835,5.5,2.5,5.5,2.5,10.0,6.825,21.0,24.0,0.09183615471624539,33.63368242940251,0.4253172345027812,511.6894691134688
1986-01-17T19:00:00,demo_final_january_week,baseline,21.010964080503296,21.000269252904346,21.006401192873582,21.001883675209537,22.72660936994374,5.5,2.5,5.5,2.5,10.0,6.7,21.0,24.0,0.09183615471624539,33.72551858411876,0.6776689225071004,512.3671380359759
1986-01-17T19:23:00,demo_final_january_week,baseline,21.00058814194874,21.00074742117018,21.0012068913952,21.001159716208278,22.137632163161573,0.0,0.0,0.0,0.0,0.0,6.7,21.0,24.0,0.09183615471624539,33.81735473883501,2.054262505554094,514.42140054153
1986-01-17T19:38:00,demo_final_january_week,baseline,21.00069338627972,21.00173856848486,21.00107019144967,21.002011260415962,21.67360223471785,0.0,0.0,0.0,0.0,0.0,6.7,21.0,24.0,0.09183615471624539,33.909190893551255,1.6192813073344117,516.0406818488644
1986-01-17T19:53:00,demo_final_january_week,baseline,20.999988711246974,21.000023327367806,21.000477267097626,21.000567142079266,21.389048456425943,0.0,0.0,0.0,0.0,0.0,6.7,21.0,24.0,0.09183615471624539,34.0010270482675,1.6088642015910342,517.6495460504555
1986-01-17T20:00:00,demo_final_january_week,baseline,21.000819617372212,20.999051547385964,21.000735079886745,20.999054140363103,21.228346538513488,0.0,0.0,0.0,0.0,0.0,6.7,21.0,24.0,0.09183615471624539,34.09286320298375,1.651224276971554,519.300770327427
1986-01-17T20:23:00,demo_final_january_week,baseline,20.362583830790083,20.528661557365805,20.351067058520734,20.53931111267944,21.078769045106622,0.0,0.0,0.0,0.0,0.0,6.550000000000001,18.0,27.0,0.09183615471624539,34.1846993577,0.0,519.300770327427
1986-01-17T20:38:00,demo_final_january_week,baseline,20.005605051318184,20.225241505467935,19.984047719625863,20.246950410441013,20.942852443640373,0.0,0.0,0.0,0.0,0.0,6.4,18.0,27.0,0.09183615471624539,34.276535512416245,0.0,519.300770327427
1986-01-17T20:45:00,demo_final_january_week,baseline,19.835628618696745,20.09121999810892,19.812598762689017,20.111254930357056,20.832161595571204,0.0,0.0,0.0,0.0,0.0,6.249999999999999,18.0,27.0,0.09183615471624539,34.36837166713249,0.0,519.300770327427
1986-01-17T21:00:00,demo_final_january_week,baseline,19.70705920722169,19.971799350528958,19.6859490968976,19.990828507957975,20.692257931711577,0.0,0.0,0.0,0.0,0.0,6.1,18.0,27.0,0.09183615471624539,34.46020782184874,0.0,519.300770327427
1986-01-17T21:15:00,demo_final_january_week,baseline,19.576828529042857,19.844517555387835,19.55792163719699,19.864339522061368,20.545600523138315,0.0,0.0,0.0,0.0,0.0,6.1,18.0,27.0,0.09183615471624539,34.55204397656499,0.0,519.300770327427
1986-01-17T21:30:00,demo_final_january_week,baseline,19.447804558362943,19.71506809243888,19.43027373269448,19.735725385377624,20.40819206044377,0.0,0.0,0.0,0.0,0.0,6.1,18.0,27.0,0.09183615471624539,34.643880131281236,0.0,519.300770327427
1986-01-17T21:45:00,demo_final_january_week,baseline,19.334880158435052,19.598679028452857,19.318439145137624,19.619617134237398,20.308880077957323,0.0,0.0,0.0,0.0,0.0,6.1,18.0,27.0,0.09183615471624539,34.73571628599748,0.0,519.300770327427
1986-01-17T22:00:00,demo_final_january_week,baseline,19.238869102427035,19.49651769122876,19.22355865419329,19.517330575300058,20.232577999898286,0.0,0.0,0.0,0.0,0.0,6.1,18.0,27.0,0.09183615471624539,34.82755244071373,0.0,519.300770327427
1986-01-17T22:15:00,demo_final_january_week,baseline,19.155103939683382,19.405212131040226,19.1419058651873,19.431497260378354,20.160420176949984,0.0,0.0,0.0,0.0,0.0,6.249999999999999,18.0,27.0,0.09183615471624539,34.91938859542998,0.0,519.300770327427
1986-01-17T22:30:00,demo_final_january_week,baseline,19.081328415835607,19.328707210792007,19.07093675034134,19.34782224006587,20.090412588685364,0.0,0.0,0.0,0.0,0.0,6.4,18.0,27.0,0.09183615471624539,35.011224750146226,0.0,519.300770327427
1986-01-17T22:45:00,demo_final_january_week,baseline,19.016498117994487,19.25425856432806,19.009154483741963,19.27485921391793,20.030149740636876,0.0,0.0,0.0,0.0,0.0,6.550000000000001,18.0,27.0,0.09183615471624539,35.103060904862474,0.0,519.300770327427
1986-01-17T23:00:00,demo_final_january_week,baseline,18.959558734911443,19.189195878156937,18.95534850715711,19.207309917456,19.97090886385575,0.0,0.0,0.0,0.0,0.0,6.7,18.0,27.0,0.09183615471624539,35.19489705957872,0.0,519.300770327427
1986-01-17T23:15:00,demo_final_january_week,baseline,18.897754810266512,19.121350713067546,18.895958783787957,19.137733861242268,19.912558218684232,0.0,0.0,0.0,0.0,0.0,6.550000000000001,18.0,27.0,0.09183615471624539,35.28673321429497,0.0,519.300770327427
1986-01-17T23:30:00,demo_final_january_week,baseline,18.833128519931325,19.051935305588636,18.833081006195314,19.067713205034426,19.85535244567198,0.0,0.0,0.0,0.0,0.0,6.4,18.0,27.0,0.09183615471624539,35.37856936901122,0.0,519.300770327427
1986-01-17T23:45:00,demo_final_january_week,baseline,18.770096592098646,18.984288020178255,18.771466329174558,18.99956494463744,19.80020196706602,0.0,0.0,0.0,0.0,0.0,6.249999999999999,18.0,27.0,0.09183615471624539,35.470405523727464,0.0,519.300770327427
1986-01-18T00:00:00,demo_final_january_week,baseline,18.709764584948132,18.919171785908212,18.712387292303475,18.9337952831282,19.747480251285197,0.0,0.0,0.0,0.0,0.0,6.1,18.0,27.0,0.09183615471624539,35.56224167844371,0.0,519.300770327427
1986-01-18T00:15:00,demo_final_january_week,baseline,18.655014112608885,18.85861592068497,18.658586800863024,18.872547420207543,19.694496491218477,0.0,0.0,0.0,0.0,0.0,6.249999999999999,18.0,27.0,0.09183615471624539,35.65407783315996,0.0,519.300770327427
1986-01-18T00:30:00,demo_final_january_week,baseline,18.605415268066768,18.802352965136397,18.609706906867135,18.815593055997695,19.64201673459706,0.0,0.0,0.0,0.0,0.0,6.4,18.0,27.0,0.09183615471624539,35.74591398787621,0.0,519.300770327427
1986-01-18T00:45:00,demo_final_january_week,baseline,18.559662466861948,18.749633313952856,18.564536446418433,18.762175377366106,19.591268271391083,0.0,0.0,0.0,0.0,0.0,6.550000000000001,18.0,27.0,0.09183615471624539,35.837750142592455,0.0,519.300770327427
1986-01-18T01:00:00,demo_final_january_week,baseline,18.517157320360056,18.700155038065418,18.52251570170426,18.71199002898969,19.542708965353484,0.0,0.0,0.0,0.0,0.0,6.7,18.0,27.0,0.09183615471624539,35.9295862973087,0.0,519.300770327427
1986-01-18T01:15:00,demo_final_january_week,baseline,18.48194672540145,18.657110189430526,18.4877273899549,18.668197759915884,19.503312690138216,0.0,0.0,0.0,0.0,0.0,6.7,18.0,27.0,0.09183615471624539,36.02142245202495,0.0,519.300770327427
1986-01-18T01:30:00,demo_final_january_week,baseline,18.453646311391637,18.618846372832785,18.459725271907182,18.629152918101394,19.47113609742055,0.0,0.0,0.0,0.0,0.0,6.7,18.0,27.0,0.09183615471624539,36.1132586067412,0.0,519.300770327427
1986-01-18T01:45:00,demo_final_january_week,baseline,18.426635399660583,18.584608029967626,18.433093323683096,18.594104595295118,19.442940357753695,0.0,0.0,0.0,0.0,0.0,6.7,18.0,27.0,0.09183615471624539,36.205094761457445,0.0,519.300770327427
1986-01-18T02:00:00,demo_final_january_week,baseline,18.401262713462163,18.552963069195645,18.40796408555517,18.561689796007215,19.417500748978878,0.0,0.0,0.0,0.0,0.0,6.7,18.0,27.0,0.09183615471624539,36.29693091617369,0.0,519.300770327427
1986-01-18T02:15:00,demo_final_january_week,baseline,18.376466482924176,18.52211480385148,18.383371151182136,18.530120378198657,19.392540702704984,0.0,0.0,0.0,0.0,0.0,6.7,18.0,27.0,0.09183615471624539,36.38876707088994,0.0,519.300770327427
1986-01-18T02:30:00,demo_final_january_week,baseline,18.352506285773874,18.49250383184401,18.359610031580804,18.499823744413053,19.368319375715124,0.0,0.0,0.0,0.0,0.0,6.7,18.0,27.0,0.09183615471624539,36.48060322560619,0.0,519.300770327427
1986-01-18T02:45:00,demo_final_january_week,baseline,18.329796668564324,18.464584031978593,18.337085981419914,18.47124608872295,19.345448969243254,0.0,0.0,0.0,0.0,0.0,6.7,18.0,27.0,0.09183615471624539,36.572439380322436,0.0,519.300770327427
1986-01-18T03:00:00,demo_final_january_week,baseline,18.308424650636724,18.438350302170825,18.315878398471828,18.4443805703229,19.324067149882477,0.0,0.0,0.0,0.0,0.0,6.7,18.0,27.0,0.09183615471624539,36.66427553503868,0.0,519.300770327427
1986-01-18T03:15:00,demo_final_january_week,baseline,18.288316335152725,18.41366090256051,18.29591347541778,18.419085355996998,19.304062068237474,0.0,0.0,0.0,0.0,0.0,6.7,18.0,27.0,0.09183615471624539,36.75611168975493,0.0,519.300770327427
1986-01-18T03:30:00,demo_final_january_week,baseline,18.269389298994113,18.3904052544459,18.277111156876916,18.395249765450874,19.2853103785794,0.0,0.0,0.0,0.0,0.0,6.7,18.0,27.0,0.09183615471624539,36.84794784447118,0.0,519.300770327427
1986-01-18T03:45:00,demo_final_january_week,baseline,18.251704863214094,18.368581471234044,18.260006795166603,18.372871074699543,19.267816422122408,0.0,0.0,0.0,0.0,0.0,6.7,18.0,27.0,0.09183615471624539,36.939783999187426,0.0,519.300770327427
1986-01-18T04:00:00,demo_final_january_week,baseline,18.235611204538923,18.348210530627878,18.24386114543026,18.351983514699473,19.251512350789863,0.0,0.0,0.0,0.0,0.0,6.7,18.0,27.0,0.09183615471624539,37.031620153903674,0.0,519.300770327427
1986-01-18T04:15:00,demo_final_january_week,baseline,18.216761940498294,18.32576897609504,18.224830892542297,18.32910253961922,19.229681620877038,0.0,0.0,0.0,0.0,0.0,6.825,18.0,27.0,0.09183615471624539,37.12345630861992,0.0,519.300770327427
1986-01-18T04:30:00,demo_final_january_week,baseline,18.196672125061298,18.302767755932315,18.204630105986478,18.305722279647043,19.20405490943451,0.0,0.0,0.0,0.0,0.0,6.95,18.0,27.0,0.09183615471624539,37.21529246333617,0.0,519.300770327427
1986-01-18T04:45:00,demo_final_january_week,baseline,18.1770550973536,18.280569085219163,18.184931411777285,18.2831767421743,19.177570326270395,0.0,0.0,0.0,0.0,0.0,7.075,18.0,27.0,0.09183615471624539,37.30712861805242,0.0,519.300770327427
1986-01-18T05:00:00,demo_final_january_week,baseline,18.15852194277408,18.25960023428629,18.16630408354558,18.261880866491587,19.151577279557394,0.0,0.0,0.0,0.0,0.0,7.2,18.0,27.0,0.09183615471624539,37.398964772768664,0.0,519.300770327427
1986-01-18T05:15:00,demo_final_january_week,baseline,18.146382714914157,18.24461605134056,18.153775565978272,18.24654080184185,19.135641574927998,0.0,0.0,0.0,0.0,0.0,7.2,18.0,27.0,0.09183615471624539,37.49080092748491,0.0,519.300770327427
1986-01-18T05:30:00,demo_final_january_week,baseline,18.13827086860008,18.232853580884182,18.14462014516343,18.23439464243659,19.127090338812234,0.0,0.0,0.0,0.0,0.0,7.2,18.0,27.0,0.09183615471624539,37.58263708220116,0.0,519.300770327427
1986-01-18T05:45:00,demo_final_january_week,baseline,18.13182560171694,18.2225266625106,18.136864995948475,18.223684779921555,19.12172312703131,0.0,0.0,0.0,0.0,0.0,7.2,18.0,27.0,0.09183615471624539,37.67447323691741,0.0,519.300770327427
1986-01-18T06:00:00,demo_final_january_week,baseline,18.12645918041579,18.21336327830403,18.130115660505822,18.214155770525725,19.117932191278623,0.0,0.0,0.0,0.0,0.0,7.2,18.0,27.0,0.09183615471624539,37.766309391633655,0.0,519.300770327427
1986-01-18T06:18:00,demo_final_january_week,baseline,20.463402486106435,20.57200967473405,20.418161833652047,20.570920488884187,20.300344414741144,0.0,0.0,0.0,0.0,0.0,7.2,21.0,24.0,0.09183615471624539,37.8581455463499,5.4287581168135315,524.7295284442406
1986-01-18T06:34:00,demo_final_january_week,baseline,20.999899337698533,20.99907554742889,20.99984742827939,21.001030366311618,20.923330529133956,0.0,0.0,0.0,0.0,0.0,7.2,21.0,24.0,0.09183615471624539,37.94998170106615,4.095899143774412,528.825427588015
1986-01-18T06:53:00,demo_final_january_week,baseline,21.000984544548267,20.998540429132195,21.000259915941687,20.999136555352624,20.999989848207452,0.0,0.0,0.0,0.0,0.0,7.2,21.0,24.0,0.09183615471624539,38.0418178557824,3.406539451723394,532.2319670397384
1986-01-18T07:00:00,demo_final_january_week,baseline,21.001621748127096,20.997729249807396,20.998730792876668,20.99838950153366,20.99996022723186,0.0,0.0,0.0,0.0,0.0,7.2,21.0,24.0,0.09183615471624539,38.133654010498645,3.415134573633602,535.647101613372
1986-01-18T07:15:00,demo_final_january_week,baseline,20.998667255100404,21.00265488350588,21.00168789744369,20.99932264469759,21.00102505279414,0.0,0.0,0.0,0.0,0.0,7.075,21.0,24.0,0.09183615471624539,38.22549016521489,3.3144048500598777,538.9615064634319
1986-01-18T07:30:00,demo_final_january_week,baseline,20.99991680900138,21.002917995081475,21.000926638976196,20.998487914226907,21.001066223734398,0.0,0.0,0.0,0.0,0.0,6.95,21.0,24.0,0.09183615471624539,38.31732631993114,3.1931381118320576,542.1546445752639
1986-01-18T07:45:00,demo_final_january_week,baseline,21.000489587082182,20.99950305445326,21.00009436609034,21.001117879313043,21.000683724762183,0.0,0.0,0.0,0.0,0.0,6.825,21.0,24.0,0.09183615471624539,38.40916247464739,3.1437785300950973,545.298423105359
1986-01-18T08:00:00,demo_final_january_week,baseline,21.000902170818968,21.00247669951019,21.00168381343661,21.000559584942327,20.999538294066337,0.0,0.0,0.0,0.0,0.0,6.7,21.0,24.0,0.09183615471624539,38.500998629363636,3.1017250316585483,548.4001481370176
1986-01-18T08:23:00,demo_final_january_week,baseline,21.00022970423284,21.00074889757731,20.999754598260992,21.000035554030564,21.351596824364755,11.0,5.0,11.0,5.0,20.0,6.7,21.0,24.0,0.09183615471624539,38.59283478407988,1.3067348951166446,549.7068830321342
1986-01-18T08:38:00,demo_final_january_week,baseline,21.000742446171337,20.999617330556248,21.000489266493485,21.001241405453747,21.640895220256155,11.0,5.0,11.0,5.0,20.0,6.7,21.0,24.0,0.09183615471624539,38.68467093879613,1.2243223756703772,550.9312054078046
1986-01-18T08:45:00,demo_final_january_week,baseline,21.000853308504244,21.001479122512354,21.001190138629802,21.000699447427394,21.81522493771962,11.0,5.0,11.0,5.0,20.0,6.7,21.0,24.0,0.09183615471624539,38.77650709351238,1.0148435337721424,551.9460489415767
1986-01-18T09:00:00,demo_final_january_week,baseline,21.00133595249077,21.00203662735051,21.001143748953965,20.999811068910933,21.962432972242485,11.0,5.0,11.0,5.0,20.0,6.7,21.0,24.0,0.09183615471624539,38.868343248228626,0.6292091611689092,552.5752581027456
1986-01-18T09:23:00,demo_final_january_week,baseline,21.302164254666963,21.524245764943455,21.40159691759847,21.061169808900775,22.541877286977527,11.0,5.0,11.0,5.0,20.0,6.550000000000001,21.0,24.0,0.09183615471624539,38.960179402944874,1.035814843905638,553.6110729466512
1986-01-18T09:38:00,demo_final_january_week,baseline,21.55713136492665,21.954529335628585,21.682411246076978,21.16852815726367,22.899500361319394,11.0,5.0,11.0,5.0,20.0,6.4,21.0,24.0,0.09183615471624539,39.05201555766112,0.8973481465465775,554.5084210931979
1986-01-18T09:53:00,demo_final_january_week,baseline,21.770293425588747,22.270684010617153,21.882577155826194,21.295109659407107,23.11186572821866,11.0,5.0,11.0,5.0,20.0,6.249999999999999,21.0,24.0,0.09183615471624539,39.14385171237737,0.8438268018629689,555.3522478950608
1986-01-18T10:00:00,demo_final_january_week,baseline,21.938118410995624,22.504051251499156,22.02513177599808,21.39498292695029,23.244875225554214,11.0,5.0,11.0,5.0,20.0,6.1,21.0,24.0,0.09183615471624539,39.23568786709362,0.8282456423738116,556.1804935374346
1986-01-18T10:15:00,demo_final_january_week,baseline,22.141234903557418,22.77665956303656,22.18767089179959,21.508166402362733,23.389352503641906,11.0,5.0,11.0,5.0,20.0,5.975,21.0,24.0,0.09183615471624539,39.327524021809865,0.8213377598370694,557.0018312972717
1986-01-18T10:30:00,demo_final_january_week,baseline,22.359440465455805,23.056696302663976,22.333345620366966,21.61024709855819,23.510834945465938,11.0,5.0,11.0,5.0,20.0,5.85,21.0,24.0,0.09183615471624539,39.41936017652611,0.8223111657683504,557.8241424630401
1986-01-18T10:45:00,demo_final_january_week,baseline,22.562039700892136,23.284001290923413,22.448171182810256,21.697220024988436,23.612150340380566,11.0,5.0,11.0,5.0,20.0,5.725,21.0,24.0,0.09183615471624539,39.51119633124236,0.8269059118707115,558.6510483749108
1986-01-18T11:00:00,demo_final_january_week,baseline,22.74273798430847,23.44652092171444,22.537980631291926,21.770563018707133,23.697849481868623,11.0,5.0,11.0,5.0,20.0,5.6,21.0,24.0,0.09183615471624539,39.60303248595861,0.833795777966457,559.4848441528773
1986-01-18T11:15:00,demo_final_january_week,baseline,22.8254732565983,23.483229019274447,22.52180602042999,21.746880848128608,23.687678854552303,8.8,4.0,8.8,4.0,16.0,5.449999999999999,21.0,24.0,0.09183615471624539,39.694868640674855,0.8460738212878214,560.3309179741651
1986-01-18T11:30:00,demo_final_january_week,baseline,22.93392978799249,23.513392827053604,22.52018328907022,21.746333073557576,23.68905437396744,8.8,4.0,8.8,4.0,16.0,5.3,21.0,24.0,0.09183615471624539,39.7867047953911,0.8584306093507329,561.1893485835159
1986-01-18T11:45:00,demo_final_january_week,baseline,23.0361494349239,23.491941748667557,22.54678738732219,21.774267137866158,23.727229004773978,8.8,4.0,8.8,4.0,16.0,5.15,21.0,24.0,0.09183615471624539,39.87854095010735,0.8704724696893039,562.0598210532052
1986-01-18T12:00:00,demo_final_january_week,baseline,23.061217694128764,23.378550876095378,22.572122588214405,21.799376852687047,23.780799625649813,8.8,4.0,8.8,4.0,16.0,5.0,21.0,24.0,0.09183615471624539,39.9703771048236,0.882518113669027,562.9423391668741
1986-01-18T12:23:00,demo_final_january_week,baseline,22.69408020154659,22.907494938639758,22.289038690181624,21.533496672020696,23.55971173092378,4.4,2.0,4.4,2.0,8.0,4.85,21.0,24.0,0.09183615471624539,40.062213259539845,0.8940494615341018,563.8363886284083
1986-01-18T12:38:00,demo_final_january_week,baseline,22.410481712953978,22.600518780869066,22.148333359032446,21.42570789748309,23.447076559404728,4.4,2.0,4.4,2.0,8.0,4.7,21.0,24.0,0.09183615471624539,40.15404941425609,0.9093886976758148,564.7457773260841
1986-01-18T12:45:00,demo_final_january_week,baseline,22.26742299426335,22.423332437340047,22.083582270305914,21.3739000682962,23.39945848854687,4.4,2.0,4.4,2.0,8.0,4.550000000000001,21.0,24.0,0.09183615471624539,40.24588556897234,0.9241341078429244,565.669911433927
1986-01-18T13:00:00,demo_final_january_week,baseline,22.160913836800347,22.265526543826947,22.047519698551774,21.341251757072197,23.38193725825245,4.4,2.0,4.4,2.0,8.0,4.4,21.0,24.0,0.09183615471624539,40.33772172368859,0.030192003866515316,565.7001034377936
1986-01-18T13:15:00,demo_final_january_week,baseline,22.265247198399024,22.301119213789587,22.20542384145815,21.48957874632708,23.555572625223494,8.8,4.0,8.8,4.0,16.0,4.125,21.0,24.0,0.09183615471624539,40.429557878404836,0.13202250679726404,565.8321259445909
1986-01-18T13:30:00,demo_final_january_week,baseline,22.284553540411448,22.220286956955693,22.272369159181718,21.50159789987919,23.676024494334538,8.8,4.0,8.8,4.0,16.0,3.85,21.0,24.0,0.09183615471624539,40.521394033121084,0.2648278547227433,566.0969537993136
1986-01-18T13:45:00,demo_final_january_week,baseline,22.19164834726939,22.039211273307703,22.220755079135643,21.3984842563701,23.700927666724795,8.8,4.0,8.8,4.0,16.0,3.5749999999999997,21.0,24.0,0.09183615471624539,40.61323018783733,0.42201408491731673,566.518967884231
1986-01-18T14:00:00,demo_final_january_week,baseline,22.070193645460712,21.857377300795548,22.132131730129426,21.285981642464282,23.682808901609672,8.8,4.0,8.8,4.0,16.0,3.3,21.0,24.0,0.09183615471624539,40.70506634255358,0.6052789232995294,567.1242468075305
1986-01-18T14:15:00,demo_final_january_week,baseline,22.04618836628687,21.789877894628326,22.13248232139654,21.282740840375936,23.729041455844378,11.0,5.0,11.0,5.0,20.0,3.175,21.0,24.0,0.09183615471624539,40.796902497269826,0.7041203895999062,567.8283671971304
1986-01-18T14:30:00,demo_final_january_week,baseline,22.05641558136185,21.757454472573936,22.159787259423734,21.30643538701009,23.793842156417703,11.0,5.0,11.0,5.0,20.0,3.05,21.0,24.0,0.09183615471624539,40.888738651986074,0.7934907518358854,568.6218579489663
1986-01-18T14:45:00,demo_final_january_week,baseline,22.049701145559307,21.71607292165059,22.167315819458498,21.3132468977595,23.84940676144636,11.0,5.0,11.0,5.0,20.0,2.925,21.0,24.0,0.09183615471624539,40.98057480670232,0.8747008747897047,569.496558823756
1986-01-18T15:00:00,demo_final_january_week,baseline,22.026348941379307,21.67124598877692,22.156846454744144,21.309747877056562,23.89609553795613,11.0,5.0,11.0,5.0,20.0,2.8,21.0,24.0,0.09183615471624539,41.07241096141857,0.9467382855869542,570.443297109343
1986-01-18T15:15:00,demo_final_january_week,baseline,21.91990465797606,21.565436294518236,22.06261081853233,21.239644442361783,23.86325132640944,11.0,5.0,11.0,5.0,20.0,2.6499999999999995,21.0,24.0,0.09183615471624539,41.16424711613482,1.028021483303897,571.4713185926469
1986-01-18T15:30:00,demo_final_january_week,baseline,21.810939963170267,21.471497739306926,21.964833432135908,21.17579980739475,23.823653414186516,11.0,5.0,11.0,5.0,20.0,2.5,21.0,24.0,0.09183615471624539,41.256083270851065,1.1029930136213815,572.5743116062682
1986-01-18T15:45:00,demo_final_january_week,baseline,21.73375862552918,21.409542184469064,21.89494718585818,21.14014933617843,23.802204529228156,11.0,5.0,11.0,5.0,20.0,2.35,21.0,24.0,0.09183615471624539,41.34791942556731,1.173237248289263,573.7475488545575
1986-01-18T16:00:00,demo_final_january_week,baseline,21.67561572567529,21.363700207505637,21.840200849836474,21.117605317636254,23.790465363124277,11.0,5.0,11.0,5.0,20.0,2.2,21.0,24.0,0.09183615471624539,41.43975558028356,1.2421458455402223,574.9896947000977
1986-01-18T16:15:00,demo_final_january_week,baseline,21.5036913882738,21.217186970848733,21.667486928383376,21.0143223891705,23.659605527731447,11.0,5.0,11.0,5.0,20.0,2.075,21.0,24.0,0.09183615471624539,41.53159173499981,1.3282327042593534,576.3179274043571
1986-01-18T16:30:00,demo_final_january_week,baseline,21.346886497044107,21.084236142587393,21.50710814034325,21.002583824118854,23.537791456154853,11.0,5.0,11.0,5.0,20.0,1.9500000000000002,21.0,24.0,0.09183615471624539,41.623427889716055,1.454413716903337,577.7723411212604
1986-01-18T16:45:00,demo_final_january_week,baseline,21.235083896858384,21.008840179821185,21.387787394777416,21.00061670902645,23.459644317490607,11.0,5.0,11.0,5.0,20.0,1.825,21.0,24.0,0.09183615471624539,41.7152640444323,1.5414112265366897,579.313752347797
1986-01-18T17:00:00,demo_final_january_week,baseline,21.149300785942852,21.001387045465048,21.29598891955745,21.002841128216023,23.40441274170056,11.0,5.0,11.0,5.0,20.0,1.7,21.0,24.0,0.09183615471624539,41.80710019914855,1.555736993035928,580.869489340833
1986-01-18T17:15:00,demo_final_january_week,baseline,21.089086712786333,21.003010978834652,21.232401184623246,21.002657747990856,23.36852534476821,11.0,5.0,11.0,5.0,20.0,1.7,21.0,24.0,0.09183615471624539,41.8989363538648,1.3316953585703515,582.2011846994033
1986-01-18T17:30:00,demo_final_january_week,baseline,21.046827868581772,21.002003487150933,21.188200516805832,21.001375402904188,23.345705560700193,11.0,5.0,11.0,5.0,20.0,1.7,21.0,24.0,0.09183615471624539,41.990772508581045,1.2761459346696786,583.4773306340729
1986-01-18T17:45:00,demo_final_january_week,baseline,21.015336587231683,21.000041811568984,21.155260672279997,21.002061499867757,23.33058921186747,11.0,5.0,11.0,5.0,20.0,1.7,21.0,24.0,0.09183615471624539,42.08260866329729,1.2649580530589142,584.7422886871318
1986-01-18T18:00:00,demo_final_january_week,baseline,21.001378402411255,20.99978905362842,21.1300256889868,21.001598555528794,23.320610237330524,11.0,5.0,11.0,5.0,20.0,1.7,21.0,24.0,0.09183615471624539,42.17444481801354,1.2676234485493962,586.0099121356812
1986-01-18T18:23:00,demo_final_january_week,baseline,21.001174523382335,21.00068035524248,21.001625724547676,21.003017306142564,22.72435281044779,5.5,2.5,5.5,2.5,10.0,1.7,21.0,24.0,0.09183615471624539,42.26628097272979,1.634400561391232,587.6443126970725
1986-01-18T18:38:00,demo_final_january_week,baseline,21.001536120712153,21.000987328158185,21.001759495321352,21.001234869776553,22.384615811798593,5.5,2.5,5.5,2.5,10.0,1.7,21.0,24.0,0.09183615471624539,42.358117127446036,1.81108225134267,589.4553949484151
1986-01-18T18:45:00,demo_final_january_week,baseline,21.002169487388596,21.000687041967705,21.00218228936142,21.001025386277163,22.22569044626553,5.5,2.5,5.5,2.5,10.0,1.7,21.0,24.0,0.09183615471624539,42.449953282162284,1.8693536454241588,591.3247485938393
1986-01-18T19:00:00,demo_final_january_week,baseline,21.002548643929746,21.00038527368843,21.001826688505602,21.002144114739362,22.136523636229153,5.5,2.5,5.5,2.5,10.0,1.7,21.0,24.0,0.09183615471624539,42.54178943687853,1.9034743577380644,593.2282229515774
1986-01-18T19:23:00,demo_final_january_week,baseline,21.002410936240125,21.00180240799368,21.002011106786817,21.00235329926932,21.59798103365924,0.0,0.0,0.0,0.0,0.0,1.7,21.0,24.0,0.09183615471624539,42.63362559159478,2.3399571586828696,595.5681801102603
1986-01-18T19:38:00,demo_final_january_week,baseline,21.00134016303268,20.99947416092244,21.001154517643954,20.998853399469922,21.209739730849467,0.0,0.0,0.0,0.0,0.0,1.7,21.0,24.0,0.09183615471624539,42.725461746311026,2.449035797553286,598.0172159078136
1986-01-18T19:45:00,demo_final_january_week,baseline,21.00252854878912,21.00024113625307,21.00225231286199,20.99885134269705,21.026539948406906,0.0,0.0,0.0,0.0,0.0,1.7,21.0,24.0,0.09183615471624539,42.817297901027274,2.510677126894723,600.5278930347083
1986-01-18T20:00:00,demo_final_january_week,baseline,21.000296918189324,21.001936972266982,21.002757329048855,20.999913237459065,21.002555804218673,0.0,0.0,0.0,0.0,0.0,1.7,21.0,24.0,0.09183615471624539,42.90913405574352,2.6209176095846076,603.1488106442929
1986-01-18T20:20:00,demo_final_january_week,baseline,19.78133963453026,19.96040863459901,19.812241013795354,19.963777920651943,20.764103674814304,0.0,0.0,0.0,0.0,0.0,1.7,18.0,27.0,0.09183615471624539,43.00097021045977,0.0,603.1488106442929
1986-01-18T20:35:00,demo_final_january_week,baseline,19.429066533469346,19.670255242213184,19.46000886766722,19.67668920086888,20.58622519433233,0.0,0.0,0.0,0.0,0.0,1.7,18.0,27.0,0.09183615471624539,43.09280636517602,0.0,603.1488106442929
1986-01-18T20:45:00,demo_final_january_week,baseline,19.24716146362484,19.516720032785873,19.27720849262543,19.52578340647666,20.478444362060408,0.0,0.0,0.0,0.0,0.0,1.7,18.0,27.0,0.09183615471624539,43.184642519892265,0.0,603.1488106442929
1986-01-18T21:00:00,demo_final_january_week,baseline,19.125466377431614,19.3904547439867,19.154220798483628,19.40034455566408,20.381163959132955,0.0,0.0,0.0,0.0,0.0,1.7,18.0,27.0,0.09183615471624539,43.27647867460851,0.0,603.1488106442929
1986-01-18T21:15:00,demo_final_january_week,baseline,18.98590679073061,19.24903255824583,19.013722450715573,19.258797845960395,20.266320526599948,0.0,0.0,0.0,0.0,0.0,1.7,18.0,27.0,0.09183615471624539,43.36831482932476,0.0,603.1488106442929
1986-01-18T21:30:00,demo_final_january_week,baseline,18.83731115163368,19.102315445439757,18.876686095080338,19.11191256564216,20.14352309629352,0.0,0.0,0.0,0.0,0.0,1.7,18.0,27.0,0.09183615471624539,43.46015098404101,0.0,603.1488106442929
1986-01-18T21:45:00,demo_final_january_week,baseline,18.706571029642706,18.964017249812162,18.741641820457634,18.97887973367707,20.032373423029295,0.0,0.0,0.0,0.0,0.0,1.7,18.0,27.0,0.09183615471624539,43.551987138757255,0.0,603.1488106442929
1986-01-18T22:00:00,demo_final_january_week,baseline,18.595496022595253,18.84661101402296,18.62363397958074,18.860778351789186,19.934611491414273,0.0,0.0,0.0,0.0,0.0,1.7,18.0,27.0,0.09183615471624539,43.6438232934735,0.0,603.1488106442929
1986-01-18T22:15:00,demo_final_january_week,baseline,18.49685209766277,18.741207579591936,18.521783437115527,18.753130661368296,19.84591596329893,0.0,0.0,0.0,0.0,0.0,1.7,18.0,27.0,0.09183615471624539,43.73565944818975,0.0,603.1488106442929
1986-01-18T22:30:00,demo_final_january_week,baseline,18.413328106454163,18.643018351331115,18.43689214033538,18.653584585250165,19.7637457574018,0.0,0.0,0.0,0.0,0.0,1.7,18.0,27.0,0.09183615471624539,43.827495602906,0.0,603.1488106442929
1986-01-18T22:45:00,demo_final_january_week,baseline,18.328793849302343,18.551417743846432,18.351651054159486,18.561166328329417,19.687205894407672,0.0,0.0,0.0,0.0,0.0,1.7,18.0,27.0,0.09183615471624539,43.919331757622246,0.0,603.1488106442929
1986-01-18T23:00:00,demo_final_january_week,baseline,18.254155318276826,18.466294606299247,18.27590385784433,18.47526471367144,19.615905203572538,0.0,0.0,0.0,0.0,0.0,1.7,18.0,27.0,0.09183615471624539,44.01116791233849,0.0,603.1488106442929
1986-01-18T23:15:00,demo_final_january_week,baseline,18.169050267931123,18.37778633146761,18.190202348284863,18.386004795409132,19.537585862596487,0.0,0.0,0.0,0.0,0.0,1.7,18.0,27.0,0.09183615471624539,44.10300406705474,0.0,603.1488106442929
1986-01-18T23:30:00,demo_final_january_week,baseline,18.086729685367033,18.288479542395613,18.107107907891457,18.296024520456996,19.45471310625954,0.0,0.0,0.0,0.0,0.0,1.7,18.0,27.0,0.09183615471624539,44.19484022177099,0.0,603.1488106442929
1986-01-18T23:45:00,demo_final_january_week,baseline,18.0042326261035,18.201602140965708,18.01949224719258,18.20988902449639,19.372034484203596,0.0,0.0,0.0,0.0,0.0,1.7,18.0,27.0,0.09183615471624539,44.286676376487236,0.0008981022423017413,603.1497087465352
1986-01-19T00:00:00,demo_final_january_week,baseline,18.00000882906651,18.119076723136686,18.00054160911277,18.126371875970104,19.29130373634889,0.0,0.0,0.0,0.0,0.0,1.7,18.0,27.0,0.09183615471624539,44.378512531203484,0.017996911066981307,603.1677056576023
1986-01-19T00:15:00,demo_final_january_week,baseline,18.000261887922743,18.12920297027806,18.006985174939,18.134744587628482,19.32579386532521,0.0,0.0,0.0,0.0,0.0,1.825,18.0,27.0,0.09183615471624539,44.47034868591973,0.0003130874549725662,603.1680187450572
1986-01-19T00:30:00,demo_final_january_week,baseline,18.00069226458817,18.13206810511801,18.0027611924275,18.13593756829629,19.36022838831027,0.0,0.0,0.0,0.0,0.0,1.9500000000000002,18.0,27.0,0.09183615471624539,44.56218484063598,0.0031385154781873883,603.1711572605354
1986-01-19T00:45:00,demo_final_january_week,baseline,18.00007089476673,18.115969310614936,18.000375385541165,18.118487202841838,19.36651238048984,0.0,0.0,0.0,0.0,0.0,2.075,18.0,27.0,0.09183615471624539,44.65402099535223,0.006157296564088771,603.1773145570995
1986-01-19T01:00:00,demo_final_january_week,baseline,18.000434792369457,18.098094106062618,18.000566379193966,18.09945264597096,19.362151368112407,0.0,0.0,0.0,0.0,0.0,2.2,18.0,27.0,0.09183615471624539,44.745857150068474,0.00774930884825271,603.1850638659478
1986-01-19T01:15:00,demo_final_january_week,baseline,18.000327108928357,18.071477151135603,18.000461848612048,18.071812190557722,19.344042309145618,0.0,0.0,0.0,0.0,0.0,2.2,18.0,27.0,0.09183615471624539,44.83769330478472,0.015363882832068616,603.2004277487798
1986-01-19T01:30:00,demo_final_january_week,baseline,18.000703436977386,18.040223586969812,17.999636567607173,18.039705830929144,19.317978819988966,0.0,0.0,0.0,0.0,0.0,2.2,18.0,27.0,0.09183615471624539,44.92952945950097,0.024326445569352793,603.2247541943492
1986-01-19T01:45:00,demo_final_january_week,baseline,17.999751401581452,18.008487323786774,18.000035916563498,18.00723416091803,19.289491005995508,0.0,0.0,0.0,0.0,0.0,2.2,18.0,27.0,0.09183615471624539,45.02136561421722,0.03352682763048067,603.2582810219797
1986-01-19T02:00:00,demo_final_january_week,baseline,18.000113583106913,17.99968226737293,17.999571897004262,18.001955330259836,19.260683117550734,0.0,0.0,0.0,0.0,0.0,2.2,18.0,27.0,0.09183615471624539,45.113201768933465,0.05109596561050647,603.3093769875902
1986-01-19T02:15:00,demo_final_january_week,baseline,17.999989872818816,18.000371212796864,17.99947657990925,18.000295056866346,19.246288306529138,0.0,0.0,0.0,0.0,0.0,2.2,18.0,27.0,0.09183615471624539,45.20503792364971,0.0542646467967438,603.3636416343869
1986-01-19T02:30:00,demo_final_january_week,baseline,18.000311857640416,17.99946687365236,17.999828585814353,18.000897723690507,19.242881537255037,0.0,0.0,0.0,0.0,0.0,2.2,18.0,27.0,0.09183615471624539,45.29687407836596,0.056424751432789355,603.4200663858197
1986-01-19T02:45:00,demo_final_january_week,baseline,18.000601245404106,18.00057393165439,18.000254990876876,17.99917149710163,19.2443835265656,0.0,0.0,0.0,0.0,0.0,2.2,18.0,27.0,0.09183615471624539,45.38871023308221,0.05779889578416277,603.4778652816038
1986-01-19T03:00:00,demo_final_january_week,baseline,17.999556612426012,18.000690796388252,18.00005073167664,18.000809856105707,19.24833549607544,0.0,0.0,0.0,0.0,0.0,2.2,18.0,27.0,0.09183615471624539,45.480546387798455,0.057918912396971924,603.5357841940008
1986-01-19T03:15:00,demo_final_january_week,baseline,17.999391617880026,17.99976290623079,17.99973030234691,18.001077779165012,19.239296922434754,0.0,0.0,0.0,0.0,0.0,2.075,18.0,27.0,0.09183615471624539,45.5723825425147,0.07351407987805977,603.6092982738788
1986-01-19T03:30:00,demo_final_january_week,baseline,17.999577651311096,17.999946857955745,17.999720052756274,17.99931875121274,19.220702270461125,0.0,0.0,0.0,0.0,0.0,1.9500000000000002,18.0,27.0,0.09183615471624539,45.66421869723095,0.0914262136859367,603.7007244875648
1986-01-19T03:45:00,demo_final_january_week,baseline,17.999479326803886,18.00099781376242,17.999760288058503,18.000634768256333,19.19882522793587,0.0,0.0,0.0,0.0,0.0,1.825,18.0,27.0,0.09183615471624539,45.7560548519472,0.11100295799776214,603.8117274455626
1986-01-19T04:00:00,demo_final_january_week,baseline,17.999873341210193,18.000317567312106,18.000455851940437,18.000296414302035,19.176127989414766,0.0,0.0,0.0,0.0,0.0,1.7,18.0,27.0,0.09183615471624539,45.847891006663446,0.1311037498387887,603.9428311954014
1986-01-19T04:15:00,demo_final_january_week,baseline,18.000025571235536,18.000162684683318,17.999933586181633,17.99993509625011,19.164836788893833,0.0,0.0,0.0,0.0,0.0,1.5499999999999998,18.0,27.0,0.09183615471624539,45.93972716137969,0.13891557535786306,604.0817467707592
1986-01-19T04:30:00,demo_final_january_week,baseline,17.999960120741523,18.0008143214701,18.00046631010753,18.00015730738568,19.162084684825153,0.0,0.0,0.0,0.0,0.0,1.4,18.0,27.0,0.09183615471624539,46.03156331609594,0.14666030438395483,604.2284070751432
1986-01-19T04:45:00,demo_final_january_week,baseline,18.000006926801642,18.000152291150616,18.000208304557813,18.000859708108912,19.1628547613917,0.0,0.0,0.0,0.0,0.0,1.25,18.0,27.0,0.09183615471624539,46.12339947081219,0.1538883848915079,604.3822954600347
1986-01-19T05:00:00,demo_final_january_week,baseline,17.99939506078802,17.99878637762541,17.999325492860258,18.000198554344042,19.16516377581122,0.0,0.0,0.0,0.0,0.0,1.1,18.0,27.0,0.09183615471624539,46.215235625528436,0.16088969800229544,604.543185158037
1986-01-19T05:15:00,demo_final_january_week,baseline,18.00067155732987,18.000112606867507,18.000389834450484,18.00148923475694,19.158002284951472,0.0,0.0,0.0,0.0,0.0,1.25,18.0,27.0,0.09183615471624539,46.307071780244684,0.1746331081919017,604.7178182662288
1986-01-19T05:30:00,demo_final_january_week,baseline,18.000314091267352,18.00037366760229,17.999811646114257,17.99976779620979,19.144072207744202,0.0,0.0,0.0,0.0,0.0,1.4,18.0,27.0,0.09183615471624539,46.39890793496093,0.18719837419621332,604.9050166404251
1986-01-19T05:45:00,demo_final_january_week,baseline,17.999902185620083,17.99992851969983,18.000090750040613,17.999757619004708,19.1280056763758,0.0,0.0,0.0,0.0,0.0,1.5499999999999998,18.0,27.0,0.09183615471624539,46.49074408967718,0.20002576902444658,605.1050424094495
1986-01-19T06:00:00,demo_final_january_week,baseline,18.00034409182868,17.999863126667112,17.99993525315816,18.000170177814518,19.111624197169473,0.0,0.0,0.0,0.0,0.0,1.7,18.0,27.0,0.09183615471624539,46.58258024439343,0.2109783549756369,605.3160207644252
1986-01-19T06:15:00,demo_final_january_week,baseline,18.00016870997189,18.00053682050109,17.99933561247715,17.999006927830806,19.102244183768896,0.0,0.0,0.0,0.0,0.0,1.5499999999999998,18.0,27.0,0.09183615471624539,46.674416399109674,0.21762000106386242,605.533640765489
1986-01-19T06:30:00,demo_final_january_week,baseline,17.99991862189217,18.00128942704876,18.000072398201887,18.000073421635857,19.098031959028322,0.0,0.0,0.0,0.0,0.0,1.4,18.0,27.0,0.09183615471624539,46.76625255382592,0.2262083681739739,605.759849133663
1986-01-19T06:45:00,demo_final_january_week,baseline,17.99980275450805,18.000315868500135,17.9998891074093,17.99948405034094,19.095936610209336,0.0,0.0,0.0,0.0,0.0,1.25,18.0,27.0,0.09183615471624539,46.85808870854217,0.23351556372468915,605.9933646973877
1986-01-19T07:00:00,demo_final_january_week,baseline,18.000747301823296,18.000118467586276,18.00070638726648,17.99917444395642,19.094781807103438,0.0,0.0,0.0,0.0,0.0,1.1,18.0,27.0,0.09183615471624539,46.94992486325842,0.24174110820263567,606.2351058055904
1986-01-19T07:15:00,demo_final_january_week,baseline,17.99973414461642,17.999935672865355,17.99965725751642,18.00041033121617,19.08873812772706,0.0,0.0,0.0,0.0,0.0,1.1,18.0,27.0,0.09183615471624539,47.041761017974665,0.25243718182228825,606.4875429874127
1986-01-19T07:30:00,demo_final_january_week,baseline,17.999516995916196,18.00106632591972,18.000102434244496,18.000022487767154,19.0790234896632,0.0,0.0,0.0,0.0,0.0,1.1,18.0,27.0,0.09183615471624539,47.13359717269091,0.24109767304842966,606.7286406604611
1986-01-19T07:45:00,demo_final_january_week,baseline,17.999964762709535,17.99927613519523,18.000566596406667,17.999035265780332,19.068649268454067,0.0,0.0,0.0,0.0,0.0,1.1,18.0,27.0,0.09183615471624539,47.22543332740716,0.20695522116114595,606.9355958816222
1986-01-19T08:00:00,demo_final_january_week,baseline,17.99957756781785,17.999113072463825,17.999600280345536,17.999493993315934,19.05935628810463,0.0,0.0,0.0,0.0,0.0,1.1,18.0,27.0,0.09183615471624539,47.31726948212341,0.16947130002378763,607.1050671816461
1986-01-19T08:15:00,demo_final_january_week,baseline,17.999733798637518,18.011029602230433,17.999298188231634,17.999304685174792,19.046467614213306,0.0,0.0,0.0,0.0,0.0,1.1,18.0,27.0,0.09183615471624539,47.409105636839655,0.14491628177380947,607.2499834634199
1986-01-19T08:30:00,demo_final_january_week,baseline,18.00021374420552,18.053210224238523,18.00002306895896,17.999958357686506,19.031204270233903,0.0,0.0,0.0,0.0,0.0,1.1,18.0,27.0,0.09183615471624539,47.5009417915559,0.12239641524364966,607.3723798786635
1986-01-19T08:45:00,demo_final_january_week,baseline,18.000151182692296,18.097972534957066,17.999341924076205,18.00007505820216,19.01566492556296,0.0,0.0,0.0,0.0,0.0,1.1,18.0,27.0,0.09183615471624539,47.59277794627215,0.10240087130628527,607.4747807499698
1986-01-19T09:00:00,demo_final_january_week,baseline,18.000489403586545,18.137400340780346,18.000275434284912,17.999315249423894,19.000559846955856,0.0,0.0,0.0,0.0,0.0,1.1,18.0,27.0,0.09183615471624539,47.6846141009884,0.08393459966194042,607.5587153496317
1986-01-19T09:15:00,demo_final_january_week,baseline,18.000585462178634,18.196081325574248,17.999402850889847,18.000098364558458,19.006074717877237,0.0,0.0,0.0,0.0,0.0,1.1,18.0,27.0,0.09183615471624539,47.776450255704646,0.04711002933405828,607.6058253789657
1986-01-19T09:30:00,demo_final_january_week,baseline,18.00035657082327,18.269026974782662,18.032077474713823,18.02853774671755,19.02729733719193,0.0,0.0,0.0,0.0,0.0,1.1,18.0,27.0,0.09183615471624539,47.86828641042089,0.02267759546228375,607.628502974428
1986-01-19T09:45:00,demo_final_january_week,baseline,18.000535250008987,18.346019559975822,18.093152927098313,18.082521874199276,19.055551829287925,0.0,0.0,0.0,0.0,0.0,1.1,18.0,27.0,0.09183615471624539,47.96012256513714,0.00716423553754889,607.6356672099655
1986-01-19T10:00:00,demo_final_january_week,baseline,18.020268686802908,18.425411860065278,18.16604619539676,18.147684653792467,19.087425099154395,0.0,0.0,0.0,0.0,0.0,1.1,18.0,27.0,0.09183615471624539,48.05195871985339,0.0,607.6356672099655
1986-01-19T10:15:00,demo_final_january_week,baseline,18.049360519680047,18.49114128244782,18.22381205687085,18.201045951154022,19.10647034261523,0.0,0.0,0.0,0.0,0.0,0.9750000000000001,18.0,27.0,0.09183615471624539,48.143794874569636,0.0,607.6356672099655
1986-01-19T10:30:00,demo_final_january_week,baseline,18.080859079893145,18.549381438733693,18.271414350584774,18.247898492075187,19.116645503104888,0.0,0.0,0.0,0.0,0.0,0.8500000000000001,18.0,27.0,0.09183615471624539,48.235631029285884,0.0,607.6356672099655
1986-01-19T10:45:00,demo_final_january_week,baseline,18.11447617198909,18.606641406469546,18.31758562270068,18.295211094133823,19.124628420011888,0.0,0.0,0.0,0.0,0.0,0.725,18.0,27.0,0.09183615471624539,48.32746718400213,0.0,607.6356672099655
1986-01-19T11:00:00,demo_final_january_week,baseline,18.151377451912158,18.664093449535798,18.36445939071507,18.344004888724,19.13286468055198,0.0,0.0,0.0,0.0,0.0,0.6,18.0,27.0,0.09183615471624539,48.41930333871838,0.0,607.6356672099655
1986-01-19T11:15:00,demo_final_january_week,baseline,18.192820864647675,18.721344803594604,18.411560328663253,18.393683122710648,19.140163156981533,0.0,0.0,0.0,0.0,0.0,0.6,18.0,27.0,0.09183615471624539,48.51113949343463,0.0,607.6356672099655
1986-01-19T11:30:00,demo_final_january_week,baseline,18.239305112857767,18.77816422212435,18.45868509644989,18.44393352463604,19.146819397753212,0.0,0.0,0.0,0.0,0.0,0.6,18.0,27.0,0.09183615471624539,48.602975648150874,0.0,607.6356672099655
1986-01-19T11:45:00,demo_final_january_week,baseline,18.278489241225554,18.8173004998876,18.496099844411848,18.48597964906603,19.1533753607237,0.0,0.0,0.0,0.0,0.0,0.6,18.0,27.0,0.09183615471624539,48.69481180286712,0.0,607.6356672099655
1986-01-19T12:00:00,demo_final_january_week,baseline,18.309218984823197,18.839672268938195,18.523118213086626,18.51931910652526,19.159442690719597,0.0,0.0,0.0,0.0,0.0,0.6,18.0,27.0,0.09183615471624539,48.78664795758337,0.0,607.6356672099655
1986-01-19T12:15:00,demo_final_january_week,baseline,18.34157261661004,18.857497041175716,18.54922197172938,18.551830572076657,19.17040982716541,0.0,0.0,0.0,0.0,0.0,0.6,18.0,27.0,0.09183615471624539,48.87848411229962,0.0,607.6356672099655
1986-01-19T12:30:00,demo_final_january_week,baseline,18.376265270474576,18.872033351532842,18.574505125256096,18.5830078637802,19.18458077002883,0.0,0.0,0.0,0.0,0.0,0.6,18.0,27.0,0.09183615471624539,48.970320267015865,0.0,607.6356672099655
1986-01-19T12:45:00,demo_final_january_week,baseline,18.412815719853064,18.88325535598877,18.5977132528679,18.611877962729928,19.19939233855454,0.0,0.0,0.0,0.0,0.0,0.6,18.0,27.0,0.09183615471624539,49.06215642173211,0.0,607.6356672099655
1986-01-19T13:00:00,demo_final_january_week,baseline,18.451353262067283,18.890626378290683,18.618374943199676,18.638276085544817,19.214020636902408,0.0,0.0,0.0,0.0,0.0,0.6,18.0,27.0,0.09183615471624539,49.15399257644836,0.0,607.6356672099655
1986-01-19T13:15:00,demo_final_january_week,baseline,18.495065029236564,18.896348837460074,18.6389553406279,18.664525635037478,19.232920868572727,0.0,0.0,0.0,0.0,0.0,0.44999999999999996,18.0,27.0,0.09183615471624539,49.24582873116461,0.0,607.6356672099655
1986-01-19T13:30:00,demo_final_january_week,baseline,18.54476633473171,18.899313042957566,18.6584194273529,18.68951870662463,19.255047388388085,0.0,0.0,0.0,0.0,0.0,0.3,18.0,27.0,0.09183615471624539,49.337664885880855,0.0,607.6356672099655
1986-01-19T13:45:00,demo_final_january_week,baseline,18.576059976859707,18.885458721062275,18.66349021226709,18.701297240616107,19.278203452243666,0.0,0.0,0.0,0.0,0.0,0.15,18.0,27.0,0.09183615471624539,49.4295010405971,0.0,607.6356672099655
1986-01-19T14:00:00,demo_final_january_week,baseline,18.587062304582872,18.85604901557249,18.653800131360867,18.69963199817806,19.3008071139382,0.0,0.0,0.0,0.0,0.0,0.0,18.0,27.0,0.09183615471624539,49.52133719531335,0.0,607.6356672099655
1986-01-19T14:15:00,demo_final_january_week,baseline,18.577840291419225,18.815330487686648,18.626653700023237,18.68656987967008,19.3158292307828,0.0,0.0,0.0,0.0,0.0,-0.15,18.0,27.0,0.09183615471624539,49.6131733500296,0.0,607.6356672099655
1986-01-19T14:30:00,demo_final_january_week,baseline,18.554321663730555,18.767460211569794,18.58645316676442,18.665025989565653,19.32428764850358,0.0,0.0,0.0,0.0,0.0,-0.3,18.0,27.0,0.09183615471624539,49.705009504745846,0.0,607.6356672099655
1986-01-19T14:45:00,demo_final_january_week,baseline,18.525322159210553,18.715377532855694,18.53925085983482,18.638094314397204,19.328571030777763,0.0,0.0,0.0,0.0,0.0,-0.44999999999999996,18.0,27.0,0.09183615471624539,49.79684565946209,0.0,607.6356672099655
1986-01-19T15:00:00,demo_final_january_week,baseline,18.492957843020985,18.65898203770479,18.486505957792,18.605882892574332,19.329726104670783,0.0,0.0,0.0,0.0,0.0,-0.6,18.0,27.0,0.09183615471624539,49.88868181417834,0.0,607.6356672099655
1986-01-19T15:15:00,demo_final_january_week,baseline,18.445170152228958,18.58942804740314,18.418561971879964,18.55917166928776,19.316506535994243,0.0,0.0,0.0,0.0,0.0,-0.6,18.0,27.0,0.09183615471624539,49.98051796889459,0.0,607.6356672099655
1986-01-19T15:30:00,demo_final_january_week,baseline,18.387169945600046,18.509871338911292,18.338519703770867,18.502044414133877,19.29184980798386,0.0,0.0,0.0,0.0,0.0,-0.6,18.0,27.0,0.09183615471624539,50.072354123610836,0.0,607.6356672099655
1986-01-19T15:45:00,demo_final_january_week,baseline,18.32289304199283,18.42352115855659,18.250423203311602,18.437002654490254,19.260839590760266,0.0,0.0,0.0,0.0,0.0,-0.6,18.0,27.0,0.09183615471624539,50.164190278327084,0.0,607.6356672099655
1986-01-19T16:00:00,demo_final_january_week,baseline,18.255428064573007,18.33149339844328,18.156119396462195,18.365886230660895,19.225543232755903,0.0,0.0,0.0,0.0,0.0,-0.6,18.0,27.0,0.09183615471624539,50.25602643304333,0.0,607.6356672099655
1986-01-19T16:15:00,demo_final_january_week,baseline,18.202909140072546,18.25125141989661,18.075601344518645,18.30543374516012,19.206972392288197,0.0,0.0,0.0,0.0,0.0,-0.725,18.0,27.0,0.09183615471624539,50.34786258775958,0.0,607.6356672099655
1986-01-19T16:30:00,demo_final_january_week,baseline,18.131261348671302,18.177038386009094,18.003216782148773,18.23675701989028,19.199997192225602,0.0,0.0,0.0,0.0,0.0,-0.8500000000000001,18.0,27.0,0.09183615471624539,50.43969874247583,0.0,607.6356672099655
1986-01-19T16:45:00,demo_final_january_week,baseline,18.01703297289245,18.089790086150213,17.99947787274965,18.133739477522706,19.19525733567071,0.0,0.0,0.0,0.0,0.0,-0.9750000000000001,18.0,27.0,0.09183615471624539,50.531534897192074,0.041805976371353956,607.6774731863369
1986-01-19T17:00:00,demo_final_january_week,baseline,17.99997795822463,18.013690012911262,18.00001344824696,18.044894835729124,19.189249680687254,0.0,0.0,0.0,0.0,0.0,-1.1,18.0,27.0,0.09183615471624539,50.62337105190832,0.0955285147388886,607.7730017010758
1986-01-19T17:15:00,demo_final_january_week,baseline,17.999380141380833,18.001409956869168,18.00058147091997,18.004138301231528,19.177438406728523,0.0,0.0,0.0,0.0,0.0,-1.1,18.0,27.0,0.09183615471624539,50.71520720662457,0.14477495090541917,607.9177766519813
1986-01-19T17:30:00,demo_final_january_week,baseline,17.99925687779986,17.999736878999848,17.999935905811437,18.000533652277767,19.16270559120635,0.0,0.0,0.0,0.0,0.0,-1.1,18.0,27.0,0.09183615471624539,50.80704336134082,0.1932723056150978,608.1110489575964
1986-01-19T17:45:00,demo_final_january_week,baseline,17.999303074126104,18.001158480776194,17.999926124902228,17.99980416576819,19.14818995438823,0.0,0.0,0.0,0.0,0.0,-1.1,18.0,27.0,0.09183615471624539,50.898879516057065,0.23266056955769232,608.343709527154
1986-01-19T18:00:00,demo_final_january_week,baseline,17.999886508317815,18.00015708497234,18.000292158890762,17.999487959127723,19.135008891198893,0.0,0.0,0.0,0.0,0.0,-1.1,18.0,27.0,0.09183615471624539,50.99071567077331,0.26603629167481374,608.6097458188289
1986-01-19T18:15:00,demo_final_january_week,baseline,17.99968697478222,18.000119003361586,18.000769823175606,18.000027019910142,19.12709220377232,0.0,0.0,0.0,0.0,0.0,-1.1,18.0,27.0,0.09183615471624539,51.08255182548956,0.28539830167250546,608.8951441205014
1986-01-19T18:30:00,demo_final_january_week,baseline,17.999432153813498,18.00043703244458,17.999506905800644,18.00060050482468,19.123350646176775,0.0,0.0,0.0,0.0,0.0,-1.1,18.0,27.0,0.09183615471624539,51.17438798020581,0.30163625856198495,609.1967803790634
1986-01-19T18:45:00,demo_final_january_week,baseline,17.999507077144436,17.999370574668138,18.000381029600927,18.000034357676316,19.122020876799187,0.0,0.0,0.0,0.0,0.0,-1.1,18.0,27.0,0.09183615471624539,51.266224134922055,0.3141659570050808,609.5109463360685
1986-01-19T19:00:00,demo_final_january_week,baseline,17.99977245458369,17.999170013771568,18.000830531167146,18.00074561330685,19.122356019489576,0.0,0.0,0.0,0.0,0.0,-1.1,18.0,27.0,0.09183615471624539,51.3580602896383,0.32237864043542286,609.833324976504
1986-01-19T19:15:00,demo_final_january_week,baseline,17.999262385501062,18.000174893401933,17.999505361264244,18.00137551803518,19.110087173081087,0.0,0.0,0.0,0.0,0.0,-1.1,18.0,27.0,0.09183615471624539,51.44989644435455,0.35241925369846555,610.1857442302024
1986-01-19T19:30:00,demo_final_january_week,baseline,18.00031963814477,17.99912395885525,17.99929879037902,17.999244030893855,19.088665690027653,0.0,0.0,0.0,0.0,0.0,-1.1,18.0,27.0,0.09183615471624539,51.5417325990708,0.38093823315137726,610.5666824633538
1986-01-19T19:45:00,demo_final_january_week,baseline,17.999919270511462,18.00023289856986,18.000381852947264,17.999190811970127,19.064161978547393,0.0,0.0,0.0,0.0,0.0,-1.1,18.0,27.0,0.09183615471624539,51.633568753787046,0.4075348937885677,610.9742173571424
1986-01-19T20:00:00,demo_final_january_week,baseline,18.000074034106632,18.00077936541166,18.00082407535494,17.998646400200073,19.03901146663769,0.0,0.0,0.0,0.0,0.0,-1.1,18.0,27.0,0.09183615471624539,51.72540490850329,0.4313654747734739,611.4055828319158
1986-01-19T20:15:00,demo_final_january_week,baseline,18.000341166031248,17.99922879041055,17.99977228429011,17.999106712409116,19.029716293844928,0.0,0.0,0.0,0.0,0.0,-1.25,18.0,27.0,0.09183615471624539,51.81724106321954,0.4298622584493102,611.8354450903652
1986-01-19T20:30:00,demo_final_january_week,baseline,17.999498899116247,18.00045287516226,18.000257209702905,18.001197773594736,19.032538951207194,0.0,0.0,0.0,0.0,0.0,-1.4,18.0,27.0,0.09183615471624539,51.90907721793579,0.42860843398870235,612.2640535243539
1986-01-19T20:45:00,demo_final_january_week,baseline,18.00017744328677,18.001225677013114,17.99921710974486,17.99855304603328,19.040446854969492,0.0,0.0,0.0,0.0,0.0,-1.5499999999999998,18.0,27.0,0.09183615471624539,52.000913372652036,0.4245301338719561,612.6885836582259
1986-01-19T21:00:00,demo_final_january_week,baseline,17.999203992735996,18.00008823053821,18.000460592677296,17.999495590627625,19.050655683297183,0.0,0.0,0.0,0.0,0.0,-1.7,18.0,27.0,0.09183615471624539,52.092749527368284,0.42140422808470396,613.1099878863106
1986-01-19T21:15:00,demo_final_january_week,baseline,17.99946132567727,17.99922210105852,17.999466956836095,17.998751525479786,19.049647399841838,0.0,0.0,0.0,0.0,0.0,-1.7,18.0,27.0,0.09183615471624539,52.18458568208453,0.4339615466667687,613.5439494329773
1986-01-19T21:30:00,demo_final_january_week,baseline,17.999573385283078,18.000689227645726,17.999947801098546,17.999381128060755,19.040502591531688,0.0,0.0,0.0,0.0,0.0,-1.7,18.0,27.0,0.09183615471624539,52.27642183680078,0.4481599171350368,613.9921093501124
1986-01-19T21:45:00,demo_final_january_week,baseline,17.999421557809132,18.000606220409047,18.000556751983826,17.99859914311855,19.028669851778353,0.0,0.0,0.0,0.0,0.0,-1.7,18.0,27.0,0.09183615471624539,52.36825799151703,0.4620424648318027,614.4541518149442
1986-01-19T22:00:00,demo_final_january_week,baseline,17.999353726804266,17.99932974808548,17.99930351198067,17.999780736020984,19.01627253855741,0.0,0.0,0.0,0.0,0.0,-1.7,18.0,27.0,0.09183615471624539,52.460094146233274,0.47516334790919035,614.9293151628534
1986-01-19T22:15:00,demo_final_january_week,baseline,18.000909298851624,18.000528616817448,18.00001128923949,17.999359883649678,19.006850164739205,0.0,0.0,0.0,0.0,0.0,-1.7,18.0,27.0,0.09183615471624539,52.55193030094952,0.47977782829107624,615.4090929911445
1986-01-19T22:30:00,demo_final_january_week,baseline,18.00053458114157,18.00070960462504,17.999467935360073,18.000759047424545,18.999573242238302,0.0,0.0,0.0,0.0,0.0,-1.7,18.0,27.0,0.09183615471624539,52.64376645566577,0.48373206513662875,615.8928250562811
1986-01-19T22:45:00,demo_final_january_week,baseline,18.00040075318238,17.999992259156013,17.999367146963785,18.001051028842568,18.993116221617417,0.0,0.0,0.0,0.0,0.0,-1.7,18.0,27.0,0.09183615471624539,52.73560261038202,0.4898403291765715,616.3826653854577
1986-01-19T23:00:00,demo_final_january_week,baseline,17.999542693909977,17.99930969556306,18.000152332469977,18.000499698774686,18.987009188688308,0.0,0.0,0.0,0.0,0.0,-1.7,18.0,27.0,0.09183615471624539,52.827438765098265,0.4957192457171386,616.8783846311749
1986-01-19T23:15:00,demo_final_january_week,baseline,17.99995688166301,17.999143113128795,18.000175530480682,18.000139510575032,18.98707787597315,0.0,0.0,0.0,0.0,0.0,-1.825,18.0,27.0,0.09183615471624539,52.91927491981451,0.4920237607002387,617.3704083918751
1986-01-19T23:30:00,demo_final_january_week,baseline,17.999802178290803,17.99929065716569,17.99955108097775,18.00006197066115,18.991934475825804,0.0,0.0,0.0,0.0,0.0,-1.9500000000000002,18.0,27.0,0.09183615471624539,53.01111107453076,0.4898237021653407,617.8602320940405
1986-01-19T23:45:00,demo_final_january_week,baseline,17.99911353192638,17.999708894146384,18.000477949466458,18.000247479745454,18.999043520560758,0.0,0.0,0.0,0.0,0.0,-2.075,18.0,27.0,0.09183615471624539,53.10294722924701,0.4868514333492324,618.3470835273897
1986-01-20T00:00:00,demo_final_january_week,baseline,18.00006932960412,18.00044976679978,17.999493530187088,18.000732765875107,19.00733955795451,0.0,0.0,0.0,0.0,0.0,-2.2,18.0,27.0,0.09183615471624539,53.194783383963255,0.48348157811559633,618.8305651055053
1986-01-20T00:15:00,demo_final_january_week,baseline,18.000623573857705,17.99941295179228,18.00025731294481,17.999386153539607,19.005684980199383,0.0,0.0,0.0,0.0,0.0,-2.475,18.0,27.0,0.09183615471624539,53.2866195386795,0.5066481885261938,619.3372132940316
1986-01-20T00:30:00,demo_final_january_week,baseline,17.99991454125108,17.999698204494933,18.00050691917109,17.99931301998217,18.996527347110764,0.0,0.0,0.0,0.0,0.0,-2.75,18.0,27.0,0.09183615471624539,53.37845569339575,0.5290204849842386,619.8662337790158
1986-01-20T00:45:00,demo_final_january_week,baseline,17.99955179119064,18.000641436349632,17.999357796424324,17.99987043584717,18.984377793947214,0.0,0.0,0.0,0.0,0.0,-3.0249999999999995,18.0,27.0,0.09183615471624539,53.470291848112,0.5518389276725796,620.4180727066885
1986-01-20T01:00:00,demo_final_january_week,baseline,17.999031085881903,18.001061226239585,17.999934305652655,17.999893496649726,18.971021486854127,0.0,0.0,0.0,0.0,0.0,-3.3,18.0,27.0,0.09183615471624539,53.562128002828246,0.5759425342973578,620.9940152409858
1986-01-20T01:15:00,demo_final_january_week,baseline,18.000790712203877,17.99914200743004,17.999438016993533,18.00045386508135,18.95628274450499,0.0,0.0,0.0,0.0,0.0,-3.0249999999999995,18.0,27.0,0.09183615471624539,53.65396415754449,0.584463073845879,621.5784783148317
1986-01-20T01:30:00,demo_final_january_week,baseline,17.999073733732033,17.999514357788893,18.000232801085648,17.999517654711074,18.940655018398967,0.0,0.0,0.0,0.0,0.0,-2.75,18.0,27.0,0.09183615471624539,53.74580031226074,0.5876764458693121,622.166154760701
1986-01-20T01:45:00,demo_final_january_week,baseline,17.99971833237792,17.999476836995107,17.999842968672517,18.000831398953782,18.924713034185267,0.0,0.0,0.0,0.0,0.0,-2.475,18.0,27.0,0.09183615471624539,53.83763646697699,0.5924829456005627,622.7586377063016
1986-01-20T02:00:00,demo_final_january_week,baseline,18.000450798897894,17.999223233355853,18.00046032967819,17.99896982717174,18.90877550690333,0.0,0.0,0.0,0.0,0.0,-2.2,18.0,27.0,0.09183615471624539,53.929472621693236,0.5944636988776921,623.3531014051792
1986-01-20T02:15:00,demo_final_january_week,baseline,18.00092062445377,17.99928462379157,17.99988170963205,18.00027169183103,18.89267422634948,0.0,0.0,0.0,0.0,0.0,-2.35,18.0,27.0,0.09183615471624539,54.021308776409484,0.6102947939785259,623.9633961991577
1986-01-20T02:30:00,demo_final_january_week,baseline,18.00076942387979,17.99920999147096,17.99915695647357,17.998476173243645,18.876309494515056,0.0,0.0,0.0,0.0,0.0,-2.5,18.0,27.0,0.09183615471624539,54.11314493112573,0.6276169866495999,624.5910131858074
1986-01-20T02:45:00,demo_final_january_week,baseline,18.000041183910177,17.99885682573408,17.999863960915402,17.999253107605767,18.859704299224006,0.0,0.0,0.0,0.0,0.0,-2.6499999999999995,18.0,27.0,0.09183615471624539,54.20498108584198,0.6459886931655435,625.2370018789729
1986-01-20T03:00:00,demo_final_january_week,baseline,18.000220426801494,18.00086862243416,17.999767722554672,17.999526015672725,18.842904899514824,0.0,0.0,0.0,0.0,0.0,-2.8,18.0,27.0,0.09183615471624539,54.29681724055823,0.6622157086756086,625.8992175876485
1986-01-20T03:15:00,demo_final_january_week,baseline,18.00095910762376,18.000500795417548,18.000030022938066,18.000327601888145,18.83899767255269,0.0,0.0,0.0,0.0,0.0,-2.8,18.0,27.0,0.09183615471624539,54.388653395274474,0.648476761334447,626.547694348983
1986-01-20T03:30:00,demo_final_january_week,baseline,18.000915210679434,18.001153466488947,17.999690432098948,17.999323609188487,18.844601464157456,0.0,0.0,0.0,0.0,0.0,-2.8,18.0,27.0,0.09183615471624539,54.48048954999072,0.6380852805522079,627.1857796295352
1986-01-20T03:45:00,demo_final_january_week,baseline,18.00029628664755,18.00074091863782,17.99919061015645,18.000156751718286,18.854070058536056,0.0,0.0,0.0,0.0,0.0,-2.8,18.0,27.0,0.09183615471624539,54.57232570470697,0.6255810529868021,627.811360682522
1986-01-20T04:00:00,demo_final_january_week,baseline,17.99993677030364,17.99925122859346,18.00016202801414,17.999747525238217,18.86515385339472,0.0,0.0,0.0,0.0,0.0,-2.8,18.0,27.0,0.09183615471624539,54.66416185942322,0.6149211046675876,628.4262817871896
1986-01-20T04:15:00,demo_final_january_week,baseline,18.00044974244666,17.999790623017358,18.00008624156209,18.000535539712633,18.873322956093308,0.0,0.0,0.0,0.0,0.0,-2.8,18.0,27.0,0.09183615471624539,54.755998014139465,0.6134694709154075,629.0397512581051
1986-01-20T04:30:00,demo_final_january_week,baseline,18.000035328429174,17.999123346027922,18.00051766234152,17.999851275494905,18.87954941636746,0.0,0.0,0.0,0.0,0.0,-2.8,18.0,27.0,0.09183615471624539,54.84783416885571,0.6096283494164507,629.6493796075215
1986-01-20T04:45:00,demo_final_january_week,baseline,18.000589911267085,18.00012920348144,18.0003672230226,18.000817934702184,18.885488465926816,0.0,0.0,0.0,0.0,0.0,-2.8,18.0,27.0,0.09183615471624539,54.93967032357196,0.6043035046332609,630.2536831121547
1986-01-20T05:00:00,demo_final_january_week,baseline,18.000621048218537,17.999908124941495,17.999668327644933,18.000569881911655,18.891708393872882,0.0,0.0,0.0,0.0,0.0,-2.8,18.0,27.0,0.09183615471624539,55.03150647828821,0.60026538484882,630.8539484970036
1986-01-20T05:15:00,demo_final_january_week,baseline,18.00016138693017,17.998682209786743,18.000459095521126,17.999317277278028,18.89824049794972,0.0,0.0,0.0,0.0,0.0,-2.8,18.0,27.0,0.09183615471624539,55.123342633004455,0.5967947265204174,631.450743223524
1986-01-20T05:30:00,demo_final_january_week,baseline,17.999631801465227,18.000026660170818,17.999381159003075,18.00059597665069,18.905023422575262,0.0,0.0,0.0,0.0,0.0,-2.8,18.0,27.0,0.09183615471624539,55.2151787877207,0.5923792367574513,632.0431224602814
1986-01-20T05:45:00,demo_final_january_week,baseline,17.999197710414187,18.000424512919633,17.999758448438232,18.00092514059909,18.91203507549277,0.0,0.0,0.0,0.0,0.0,-2.8,18.0,27.0,0.09183615471624539,55.30701494243695,0.5879550538727298,632.6310775141542
1986-01-20T06:00:00,demo_final_january_week,baseline,18.000397977521658,17.99978428514295,18.000177216068003,18.00023068211214,18.91927440822639,0.0,0.0,0.0,0.0,0.0,-2.8,18.0,27.0,0.09183615471624539,55.3988510971532,0.5817528414380917,633.2128303555922
1986-01-20T06:15:00,demo_final_january_week,baseline,17.999683162031292,17.998923911765427,18.000261649891364,17.999326509785988,18.926737705084644,0.0,0.0,0.0,0.0,0.0,-2.8,18.0,27.0,0.09183615471624539,55.490687251869446,0.5783667085823899,633.7911970641746
1986-01-20T06:30:00,demo_final_january_week,baseline,18.00052407026255,18.00099508707002,18.00030836123465,17.998566602971934,18.934387279435803,0.0,0.0,0.0,0.0,0.0,-2.8,18.0,27.0,0.09183615471624539,55.58252340658569,0.5729613457615894,634.3641584099362
1986-01-20T06:45:00,demo_final_january_week,baseline,17.99985923788298,17.999295580691456,18.000439706941446,18.000668907899936,18.94223244298917,0.0,0.0,0.0,0.0,0.0,-2.8,18.0,27.0,0.09183615471624539,55.67435956130194,0.5659061139657134,634.9300645239019
1986-01-20T07:00:00,demo_final_january_week,baseline,17.9993499939026,18.000395655056217,17.999121555964752,17.99899379001803,18.950269595994747,0.0,0.0,0.0,0.0,0.0,-2.8,18.0,27.0,0.09183615471624539,55.76619571601819,0.5626183898572062,635.4926829137592
1986-01-20T07:15:00,demo_final_january_week,baseline,17.999291838341605,17.998583069782708,17.99983118326964,18.00015999121409,18.954987736545608,0.0,0.0,0.0,0.0,0.0,-2.8,18.0,27.0,0.09183615471624539,55.858031870734436,0.5641137709171037,636.0567966846762
1986-01-20T07:30:00,demo_final_january_week,baseline,17.999214997557708,17.99971159005268,18.00050229285118,18.000929984524635,18.957536068745917,0.0,0.0,0.0,0.0,0.0,-2.8,18.0,27.0,0.09183615471624539,55.949868025450684,0.5146690720627803,636.571465756739
1986-01-20T07:45:00,demo_final_january_week,baseline,17.99987875854637,18.000398142356843,18.000385444234745,17.99975682035163,18.960140717562172,0.0,0.0,0.0,0.0,0.0,-2.8,18.0,27.0,0.09183615471624539,56.04170418016693,0.4703879549291399,637.0418537116682
1986-01-20T08:00:00,demo_final_january_week,baseline,18.000226023958234,17.999357192746793,17.999565836334483,17.99922207014894,18.963743109942698,0.0,0.0,0.0,0.0,0.0,-2.8,18.0,27.0,0.09183615471624539,56.13354033488318,0.4313541023285315,637.4732078139967
1986-01-20T08:15:00,demo_final_january_week,baseline,18.00042218295477,17.9999661671217,17.999282084847763,18.000600752114135,18.971849067963714,0.0,0.0,0.0,0.0,0.0,-2.8,18.0,27.0,0.09183615471624539,56.22537648959943,0.388380279640054,637.8615880936368
1986-01-20T08:30:00,demo_final_january_week,baseline,17.999826224202405,17.99894825583031,17.99984501209519,18.000713280541092,18.98342416335517,0.0,0.0,0.0,0.0,0.0,-2.8,18.0,27.0,0.09183615471624539,56.317212644315674,0.3402052993884308,638.2017933930252
1986-01-20T08:45:00,demo_final_january_week,baseline,17.999292022486603,18.000487262404224,17.999975462392836,18.000310692801847,18.99703887672146,0.0,0.0,0.0,0.0,0.0,-2.8,18.0,27.0,0.09183615471624539,56.40904879903192,0.283795634981054,638.4855890280063
1986-01-20T09:00:00,demo_final_january_week,baseline,18.00065458165306,18.000282245230725,17.999765422275324,18.000669567743977,19.012240752919933,0.0,0.0,0.0,0.0,0.0,-2.8,18.0,27.0,0.09183615471624539,56.50088495374817,0.22524878810973412,638.710837816116
1986-01-20T09:15:00,demo_final_january_week,baseline,17.999965621738244,18.01355706364593,17.99951350956837,18.001232279637264,19.026142654023957,0.0,0.0,0.0,0.0,0.0,-2.6499999999999995,18.0,27.0,0.09183615471624539,56.59272110846442,0.17096274377126586,638.8818005598873
1986-01-20T09:30:00,demo_final_january_week,baseline,18.000553192840272,18.07226108234865,18.000594333838713,17.99967956927372,19.03957372100113,0.0,0.0,0.0,0.0,0.0,-2.5,18.0,27.0,0.09183615471624539,56.684557263180665,0.12297287118744876,639.0047734310748
1986-01-20T09:45:00,demo_final_january_week,baseline,18.000085192102734,18.14334929958775,17.99969927269343,17.999469290567838,19.053770646297078,0.0,0.0,0.0,0.0,0.0,-2.35,18.0,27.0,0.09183615471624539,56.77639341789691,0.08209611132389542,639.0868695423987
1986-01-20T10:00:00,demo_final_january_week,baseline,17.999762498217695,18.211322196607004,18.010581771368777,18.000118029100754,19.068996846127284,0.0,0.0,0.0,0.0,0.0,-2.2,18.0,27.0,0.09183615471624539,56.86822957261316,0.05158049501949746,639.1384500374182
1986-01-20T10:15:00,demo_final_january_week,baseline,18.000026390786086,18.27107154458627,18.04172252304594,18.00135014854503,19.078381130640675,0.0,0.0,0.0,0.0,0.0,-2.075,18.0,27.0,0.09183615471624539,56.96006572732941,0.034619950889108464,639.1730699883074
1986-01-20T10:30:00,demo_final_january_week,baseline,17.999572520655573,18.328328858031995,18.083938106909997,18.02767557845905,19.083686947548735,0.0,0.0,0.0,0.0,0.0,-1.9500000000000002,18.0,27.0,0.09183615471624539,57.051901882045655,0.021268490650324406,639.1943384789577
1986-01-20T10:45:00,demo_final_january_week,baseline,18.00000982757778,18.381237113866074,18.126950448490813,18.0677300519767,19.088001350968405,0.0,0.0,0.0,0.0,0.0,-1.825,18.0,27.0,0.09183615471624539,57.1437380367619,0.011821262459258774,639.206159741417
1986-01-20T11:00:00,demo_final_january_week,baseline,17.999851607287308,18.430327757790018,18.169026899882986,18.11039930490854,19.092538281792017,0.0,0.0,0.0,0.0,0.0,-1.7,18.0,27.0,0.09183615471624539,57.23557419147815,0.00413566485415104,639.2102954062711
1986-01-20T11:15:00,demo_final_january_week,baseline,18.015338796612888,18.478129002861984,18.21206131853713,18.15438452785026,19.10015502815345,0.0,0.0,0.0,0.0,0.0,-1.7,18.0,27.0,0.09183615471624539,57.3274103461944,0.0,639.2102954062711
1986-01-20T11:30:00,demo_final_january_week,baseline,18.047289052780574,18.524571736879793,18.255613697432725,18.199553628206036,19.11007331976295,0.0,0.0,0.0,0.0,0.0,-1.7,18.0,27.0,0.09183615471624539,57.419246500910646,0.0,639.2102954062711
1986-01-20T11:45:00,demo_final_january_week,baseline,18.081513452537965,18.561516241575475,18.293961647144577,18.241026426046975,19.121024732697073,0.0,0.0,0.0,0.0,0.0,-1.7,18.0,27.0,0.09183615471624539,57.51108265562689,0.0,639.2102954062711
1986-01-20T12:00:00,demo_final_january_week,baseline,18.1134884166903,18.589147958270406,18.326619858863527,18.278337423257913,19.132269222474292,0.0,0.0,0.0,0.0,0.0,-1.7,18.0,27.0,0.09183615471624539,57.60291881034314,0.0,639.2102954062711
1986-01-20T12:15:00,demo_final_january_week,baseline,18.15996342827491,18.623563451047286,18.37003229592582,18.3250921933188,19.15423147494629,0.0,0.0,0.0,0.0,0.0,-1.5499999999999998,18.0,27.0,0.09183615471624539,57.69475496505939,0.0,639.2102954062711
1986-01-20T12:30:00,demo_final_january_week,baseline,18.21815604493635,18.662162372438704,18.421002690409754,18.377510153389736,19.184028372750046,0.0,0.0,0.0,0.0,0.0,-1.4,18.0,27.0,0.09183615471624539,57.786591119775636,0.0,639.2102954062711
1986-01-20T12:45:00,demo_final_january_week,baseline,18.457719911072836,18.755226831760933,18.46642902364455,18.424738455710134,19.217578380629053,0.0,0.0,0.0,0.0,0.0,-1.25,18.0,27.0,0.09183615471624539,57.878427274491884,0.0,639.2102954062711
1986-01-20T13:08:00,demo_final_january_week,baseline,18.9623906614276,18.87697515172813,18.514234456913066,18.481833597014035,19.264809356470156,0.0,0.0,0.0,0.0,0.0,-1.1,18.0,27.0,0.09183615471624539,57.97026342920813,0.0,639.2102954062711
1986-01-20T13:23:00,demo_final_january_week,baseline,19.54851066679673,18.943127323035757,18.550766323215537,18.530444628954143,19.315246569549764,0.0,0.0,0.0,0.0,0.0,-0.8250000000000001,18.0,27.0,0.09183615471624539,58.06209958392438,0.0,639.2102954062711
1986-01-20T13:35:00,demo_final_january_week,baseline,20.272180989224076,18.974560784042527,18.589166819943046,18.589740904432368,19.377556662573344,0.0,0.0,0.0,0.0,0.0,-0.55,18.0,27.0,0.09183615471624539,58.15393573864063,0.0,639.2102954062711
1986-01-20T13:50:00,demo_final_january_week,baseline,20.82925414021953,18.96989866576199,18.61797213643402,18.64260296615093,19.443747934555596,0.0,0.0,0.0,0.0,0.0,-0.275,18.0,27.0,0.09183615471624539,58.245771893356874,0.0,639.2102954062711
1986-01-20T14:08:00,demo_final_january_week,baseline,21.32874378608345,18.964963745757217,18.638271730807322,18.687609732270413,19.50931989441271,0.0,0.0,0.0,0.0,0.0,0.0,18.0,27.0,0.09183615471624539,58.33760804807312,0.0,639.2102954062711
1986-01-20T14:23:00,demo_final_january_week,baseline,21.784681868372466,18.979173193994278,18.656180990669366,18.754564117451814,19.5668576409228,0.0,0.0,0.0,0.0,0.0,0.275,18.0,27.0,0.09183615471624539,58.42944420278937,0.0,639.2102954062711
1986-01-20T14:38:00,demo_final_january_week,baseline,22.226082129191873,18.990955072227145,18.6594466833275,18.847626644489125,19.621117372322285,0.0,0.0,0.0,0.0,0.0,0.55,18.0,27.0,0.09183615471624539,58.52128035750562,0.0,639.2102954062711
1986-01-20T14:53:00,demo_final_january_week,baseline,22.56942576611499,19.005862090194118,18.66363801838837,18.967102730891927,19.675053708316234,0.0,0.0,0.0,0.0,0.0,0.8250000000000001,18.0,27.0,0.09183615471624539,58.613116512221865,0.0,639.2102954062711
1986-01-20T15:00:00,demo_final_january_week,baseline,22.78399600896182,19.010532395952524,18.66316847550223,19.078197139975426,19.715833344389942,0.0,0.0,0.0,0.0,0.0,1.1,18.0,27.0,0.09183615471624539,58.70495266693811,0.0,639.2102954062711
1986-01-20T15:15:00,demo_final_january_week,baseline,22.987451159072574,19.020238703735405,18.664606770156414,19.231155981625324,19.76563811831492,0.0,0.0,0.0,0.0,0.0,1.25,18.0,27.0,0.09183615471624539,58.79678882165436,0.0,639.2102954062711
1986-01-20T15:30:00,demo_final_january_week,baseline,23.13848764034621,19.025786680835377,18.661219998351125,19.399439543144904,19.814897059648413,0.0,0.0,0.0,0.0,0.0,1.4,18.0,27.0,0.09183615471624539,58.88862497637061,0.0,639.2102954062711
1986-01-20T15:45:00,demo_final_january_week,baseline,23.134857426566878,19.02432300276763,18.653467846137637,19.545153626405156,19.86206031126547,0.0,0.0,0.0,0.0,0.0,1.5499999999999998,18.0,27.0,0.09183615471624539,58.980461131086855,0.0,639.2102954062711
1986-01-20T16:00:00,demo_final_january_week,baseline,22.972085505378637,19.01719477081866,18.64286279074135,19.648236134950174,19.903995932288286,0.0,0.0,0.0,0.0,0.0,1.7,18.0,27.0,0.09183615471624539,59.0722972858031,0.0,639.2102954062711
1986-01-20T16:23:00,demo_final_january_week,baseline,22.572932679206325,18.97816130923268,18.59442642835988,19.675318128306493,19.93402717384123,0.0,0.0,0.0,0.0,0.0,1.125,18.0,27.0,0.09183615471624539,59.16413344051935,0.0,639.2102954062711
1986-01-20T16:38:00,demo_final_january_week,baseline,21.999045631011295,18.921229897782165,18.533655030111568,19.568238244146073,19.940251298042437,0.0,0.0,0.0,0.0,0.0,0.55,18.0,27.0,0.09183615471624539,59.2559695952356,0.0,639.2102954062711
1986-01-20T16:50:00,demo_final_january_week,baseline,21.276376589073244,18.818712244334144,18.429993546868065,19.329032412704144,19.926527651702,0.0,0.0,0.0,0.0,0.0,-0.024999999999999967,18.0,27.0,0.09183615471624539,59.347805749951846,0.0,639.2102954062711
1986-01-20T17:08:00,demo_final_january_week,baseline,20.80728550000231,18.7313816113672,18.347290661378047,19.171522056474842,19.896835405776013,0.0,0.0,0.0,0.0,0.0,-0.6,18.0,27.0,0.09183615471624539,59.43964190466809,0.0,639.2102954062711
1986-01-20T17:23:00,demo_final_january_week,baseline,20.409705727269923,18.658277445317793,18.2867636746614,19.047427027524133,19.87223287616158,0.0,0.0,0.0,0.0,0.0,-1.0,18.0,27.0,0.09183615471624539,59.53147805938434,0.0,639.2102954062711
1986-01-20T17:38:00,demo_final_january_week,baseline,20.075603536669618,18.58649617198228,18.23206420648069,18.929465811606985,19.84891176742525,0.0,0.0,0.0,0.0,0.0,-1.4000000000000001,18.0,27.0,0.09183615471624539,59.62331421410059,0.0,639.2102954062711
1986-01-20T17:53:00,demo_final_january_week,baseline,19.77471546114236,18.51447533065439,18.177804338300252,18.81537942529733,19.82379250955474,0.0,0.0,0.0,0.0,0.0,-1.8,18.0,27.0,0.09183615471624539,59.715150368816836,0.0,639.2102954062711
1986-01-20T18:00:00,demo_final_january_week,baseline,19.557523136140894,18.45918118251599,18.13627095753779,18.72929604739234,19.80413496685662,0.0,0.0,0.0,0.0,0.0,-2.2,18.0,27.0,0.09183615471624539,59.806986523533084,0.0,639.2102954062711
1986-01-20T18:15:00,demo_final_january_week,baseline,19.32540907039806,18.394593417934598,18.088459564514956,18.63198166037274,19.774893897216753,0.0,0.0,0.0,0.0,0.0,-2.2,18.0,27.0,0.09183615471624539,59.89882267824933,0.0,639.2102954062711
1986-01-20T18:30:00,demo_final_january_week,baseline,19.118812060742883,18.331031386485726,18.042105002865142,18.539212927008816,19.741369183781703,0.0,0.0,0.0,0.0,0.0,-2.2,18.0,27.0,0.09183615471624539,59.99065883296558,0.0,639.2102954062711
1986-01-20T18:45:00,demo_final_january_week,baseline,18.931355176275733,18.26797226074365,18.00145528851314,18.44982478535467,19.70575122983637,0.0,0.0,0.0,0.0,0.0,-2.2,18.0,27.0,0.09183615471624539,60.08249498768183,0.002334397488140151,639.2126298037592
1986-01-20T19:00:00,demo_final_january_week,baseline,18.762196095233104,18.206213016295425,17.99953041092621,18.364595703249872,19.669456790304704,0.0,0.0,0.0,0.0,0.0,-2.2,18.0,27.0,0.09183615471624539,60.174331142398074,0.012963804372554837,639.2255936081318
1986-01-20T19:15:00,demo_final_january_week,baseline,18.611048005859207,18.147259032351112,18.000172840757752,18.28487178314067,19.633109934298833,0.0,0.0,0.0,0.0,0.0,-2.2,18.0,27.0,0.09183615471624539,60.26616729711432,0.030456682408595132,639.2560502905404
1986-01-20T19:30:00,demo_final_january_week,baseline,18.47612984873149,18.09132538286477,18.000547823511173,18.210599481111565,19.597158192302533,0.0,0.0,0.0,0.0,0.0,-2.2,18.0,27.0,0.09183615471624539,60.35800345183057,0.041108798299772854,639.2971590888402
1986-01-20T19:45:00,demo_final_january_week,baseline,18.35547306121434,18.038235810153896,17.99960572233259,18.14133041029848,19.561964494911248,0.0,0.0,0.0,0.0,0.0,-2.2,18.0,27.0,0.09183615471624539,60.44983960654682,0.049471200711941,639.3466302895522
1986-01-20T20:00:00,demo_final_january_week,baseline,18.247340220409022,18.001772243360552,17.999296471337217,18.076732823318885,19.527773387892235,0.0,0.0,0.0,0.0,0.0,-2.2,18.0,27.0,0.09183615471624539,60.541675761263065,0.061074694092157815,639.4077049836444
1986-01-20T20:15:00,demo_final_january_week,baseline,18.153236427086455,18.000408590281523,18.00002510573519,18.018923956495737,19.49232503121792,0.0,0.0,0.0,0.0,0.0,-1.9250000000000003,18.0,27.0,0.09183615471624539,60.63351191597931,0.07625426649885249,639.4839592501432
1986-01-20T20:30:00,demo_final_january_week,baseline,18.07173879466699,17.999952193955707,17.999902822275484,18.00229693865636,19.45645950492008,0.0,0.0,0.0,0.0,0.0,-1.6500000000000001,18.0,27.0,0.09183615471624539,60.72534807069556,0.09314292045575243,639.577102170599
1986-01-20T20:45:00,demo_final_january_week,baseline,18.002384964719326,18.001202447049053,17.99958086114724,18.00001907686913,19.42161858944448,0.0,0.0,0.0,0.0,0.0,-1.375,18.0,27.0,0.09183615471624539,60.81718422541181,0.10848976082977824,639.6855919314288
1986-01-20T21:00:00,demo_final_january_week,baseline,17.999938193859137,18.00056019776278,17.999886069230367,17.99975889598537,19.388586067742647,0.0,0.0,0.0,0.0,0.0,-1.1,18.0,27.0,0.09183615471624539,60.909020380128055,0.1510391525833818,639.8366310840122
1986-01-20T21:15:00,demo_final_january_week,baseline,18.000723213465612,17.99950369993511,17.99920690199635,18.000078916501234,19.3531931777293,0.0,0.0,0.0,0.0,0.0,-1.1,18.0,27.0,0.09183615471624539,61.0008565348443,0.18599398260708344,640.0226250666193
1986-01-20T21:30:00,demo_final_january_week,baseline,18.000532987393804,17.99945606659759,18.000437473707994,18.00078566142574,19.316370105746127,0.0,0.0,0.0,0.0,0.0,-1.1,18.0,27.0,0.09183615471624539,61.09269268956055,0.2273736122362262,640.2499986788555
1986-01-20T21:45:00,demo_final_january_week,baseline,17.999604044096603,18.001254401452513,18.000100059993926,18.000013325447345,19.279991203177662,0.0,0.0,0.0,0.0,0.0,-1.1,18.0,27.0,0.09183615471624539,61.1845288442768,0.2628498760170361,640.5128485548726
1986-01-20T22:00:00,demo_final_january_week,baseline,17.999955510484977,18.00120420391223,18.00014713100119,17.999812682135435,19.244811196359464,0.0,0.0,0.0,0.0,0.0,-1.1,18.0,27.0,0.09183615471624539,61.276364998993046,0.29592381664726286,640.8087723715198
1986-01-20T22:15:00,demo_final_january_week,baseline,18.000540820787407,17.9999437700742,18.000760040883947,18.00042561888415,19.214110900790207,0.0,0.0,0.0,0.0,0.0,-1.1,18.0,27.0,0.09183615471624539,61.36820115370929,0.3203870466521917,641.129159418172
1986-01-20T22:30:00,demo_final_january_week,baseline,17.999767285540138,17.99906280214352,18.0001909517584,17.999063244392286,19.186968993617533,0.0,0.0,0.0,0.0,0.0,-1.1,18.0,27.0,0.09183615471624539,61.46003730842554,0.34170954586706964,641.470868964039
1986-01-20T22:45:00,demo_final_january_week,baseline,17.999397688613683,17.999098821150294,18.000648868427664,18.000391294491155,19.161877913027173,0.0,0.0,0.0,0.0,0.0,-1.1,18.0,27.0,0.09183615471624539,61.55187346314179,0.36374360518772764,641.8346125692268
1986-01-20T23:00:00,demo_final_january_week,baseline,18.000687356706123,18.000018642789023,18.000707779166714,18.001269405914687,19.13817119966931,0.0,0.0,0.0,0.0,0.0,-1.1,18.0,27.0,0.09183615471624539,61.643709617858036,0.379703335549239,642.2143159047761
1986-01-20T23:15:00,demo_final_january_week,baseline,18.00052005127175,17.9991911400882,18.0006184906908,17.99930274803487,19.108604018706863,0.0,0.0,0.0,0.0,0.0,-1.1,18.0,27.0,0.09183615471624539,61.735545772574284,0.40905912953860535,642.6233750343147
1986-01-20T23:30:00,demo_final_january_week,baseline,17.999592744385605,18.000508829566904,18.000610458048588,17.999283565773304,19.074876478057238,0.0,0.0,0.0,0.0,0.0,-1.1,18.0,27.0,0.09183615471624539,61.82738192729053,0.4383350211990682,643.0617100555138
1986-01-20T23:45:00,demo_final_january_week,baseline,18.00059443324809,18.00061316049982,18.000637706110926,18.001157158921657,19.039986646143504,0.0,0.0,0.0,0.0,0.0,-1.1,18.0,27.0,0.09183615471624539,61.91921808200678,0.4656648050862315,643.5273748606
1986-01-21T00:00:00,demo_final_january_week,baseline,18.00002466463611,17.999676393755045,18.000719464709604,18.00092738471903,19.00528526745301,0.0,0.0,0.0,0.0,0.0,-1.1,18.0,27.0,0.09183615471624539,62.01105423672303,0.49082091576443404,644.0181957763645
