timestamp,run_id,mode,zone_temp_c_SPACE1-1,zone_temp_c_SPACE2-1,zone_temp_c_SPACE3-1,zone_temp_c_SPACE4-1,zone_temp_c_SPACE5-1,zone_occupant_count_SPACE1-1,zone_occupant_count_SPACE2-1,zone_occupant_count_SPACE3-1,zone_occupant_count_SPACE4-1,zone_occupant_count_SPACE5-1,outdoor_temp_c,heating_setpoint_c,cooling_setpoint_c,hvac_electricity_interval_kwh,hvac_electricity_cumulative_kwh,hvac_gas_interval_kwh,hvac_gas_cumulative_kwh
1986-01-14T00:15:00,demo_final_january_week,rulebased,17.998762682490415,18.000618867260464,17.99948661582407,18.000735624692727,18.8622545575355,0.0,0.0,0.0,0.0,0.0,-12.600000000000001,18.0,27.0,0.09183615471624539,0.09183615471624539,1.1751945761619793,1.1751945761619793
1986-01-14T00:30:00,demo_final_january_week,rulebased,18.289335877247865,18.27644831010818,18.289107806675844,18.277520475422634,18.77406234871733,0.0,0.0,0.0,0.0,0.0,-10.8,18.3,28.0,0.09183615471624539,0.18367230943249077,1.9423165705954208,3.1175111467574004
1986-01-14T00:45:00,demo_final_january_week,rulebased,18.29968697984802,18.29686208098019,18.299385892457533,18.300200950185207,18.69016770677795,0.0,0.0,0.0,0.0,0.0,-9.0,18.3,28.0,0.09183615471624539,0.27550846414873614,1.2829724305822097,4.40048357733961
1986-01-14T01:00:00,demo_final_january_week,rulebased,18.300597905518476,18.29895060488692,18.298657148564466,18.29971885732382,18.6182068464881,0.0,0.0,0.0,0.0,0.0,-7.2,18.3,28.0,0.09183615471624539,0.36734461886498154,1.4227524389903157,5.8232360163299255
1986-01-14T01:15:00,demo_final_january_week,rulebased,18.2988430227673,18.300212129370593,18.30034701096263,18.298117666027323,18.575642994819052,0.0,0.0,0.0,0.0,0.0,-7.3500000000000005,18.3,28.0,0.09183615471624539,0.45918077358122694,1.3736909597717575,7.1969269761016825
1986-01-14T01:30:00,demo_final_january_week,rulebased,18.30122209285704,18.29997592064657,18.300129576163275,18.299259265495753,18.552882381691813,0.0,0.0,0.0,0.0,0.0,-7.5,18.3,28.0,0.09183615471624539,0.5510169282974723,1.371189242205638,8.56811621830732
1986-01-14T01:45:00,demo_final_january_week,rulebased,18.299869552496308,18.29832085738024,18.30008458213835,18.30160492491611,18.53931091768922,0.0,0.0,0.0,0.0,0.0,-7.6499999999999995,18.3,28.0,0.09183615471624539,0.6428530830137177,1.3628550797847339,9.930971298092054
1986-01-14T02:00:00,demo_final_january_week,rulebased,18.299337190225433,18.29905143444538,18.29867027575527,18.300945402045024,18.532222062868414,0.0,0.0,0.0,0.0,0.0,-7.8,18.3,28.0,0.09183615471624539,0.7346892377299631,1.3552385559507765,11.28620985404283
1986-01-14T02:15:00,demo_final_january_week,rulebased,18.299374326847353,18.300025720474746,18.301086043597905,18.300288490154685,18.539051123749896,0.0,0.0,0.0,0.0,0.0,-6.949999999999999,18.3,28.0,0.09183615471624539,0.8265253924462085,1.2929944256738581,12.579204279716688
1986-01-14T02:30:00,demo_final_january_week,rulebased,18.299914590913822,18.29987070989364,18.30013432882895,18.29958023348937,18.55576518724075,0.0,0.0,0.0,0.0,0.0,-6.1,18.3,28.0,0.09183615471624539,0.9183615471624539,1.2356986543746662,13.814902934091354
1986-01-14T02:45:00,demo_final_january_week,rulebased,18.298900094775895,18.301692302201417,18.301161894603926,18.30122873043325,18.57691030465615,0.0,0.0,0.0,0.0,0.0,-5.25,18.3,28.0,0.09183615471624539,1.0101977018786992,1.1809472249455628,14.995850159036916
1986-01-14T03:00:00,demo_final_january_week,rulebased,18.30102661709338,18.300564693228672,18.30116329105039,18.29998073765956,18.600217367825856,0.0,0.0,0.0,0.0,0.0,-4.4,18.3,28.0,0.09183615471624539,1.1020338565949446,1.1234189303988331,16.11926908943575
1986-01-14T03:15:00,demo_final_january_week,rulebased,18.300303020850752,18.301499300940375,18.300676482588734,18.30080075706111,18.611383826545573,0.0,0.0,0.0,0.0,0.0,-4.4,18.3,28.0,0.09183615471624539,1.19387001131119,1.1307668461006366,17.25003593553639
1986-01-14T03:30:00,demo_final_january_week,rulebased,18.300229941777275,18.299845927390592,18.29951861946801,18.299059175154476,18.61405091704672,0.0,0.0,0.0,0.0,0.0,-4.4,18.3,28.0,0.09183615471624539,1.2857061660274354,1.1320078024356326,18.382043737972023
1986-01-14T03:45:00,demo_final_january_week,rulebased,18.301042375104956,18.29969510041244,18.2995835537348,18.298843342523803,18.61438185658678,0.0,0.0,0.0,0.0,0.0,-4.4,18.3,28.0,0.09183615471624539,1.3775423207436808,1.1261332739695749,19.508177011941598
1986-01-14T04:00:00,demo_final_january_week,rulebased,18.299622091382243,18.300605818010514,18.300109840716935,18.299697828838326,18.61471069598357,0.0,0.0,0.0,0.0,0.0,-4.4,18.3,28.0,0.09183615471624539,1.4693784754599262,1.1207677359179395,20.62894474785954
1986-01-14T04:15:00,demo_final_january_week,rulebased,18.300264445704045,18.29896518440957,18.3005447084878,18.30006145854301,18.63324260200866,0.0,0.0,0.0,0.0,0.0,-4.825,18.3,28.0,0.09183615471624539,1.5612146301761716,1.0893065485020403,21.71825129636158
1986-01-14T04:30:00,demo_final_january_week,rulebased,18.300382975054458,18.299200799084332,18.30050006053698,18.299542640282343,18.666086232482527,0.0,0.0,0.0,0.0,0.0,-5.25,18.3,28.0,0.09183615471624539,1.653050784892417,1.0633821916309376,22.781633487992515
1986-01-14T04:45:00,demo_final_january_week,rulebased,18.29964229392249,18.301037488314627,18.300200182560033,18.3005729476175,18.7059632310096,0.0,0.0,0.0,0.0,0.0,-5.674999999999999,18.3,28.0,0.09183615471624539,1.7448869396086624,1.0368566255861582,23.818490113578672
1986-01-14T05:00:00,demo_final_january_week,rulebased,18.300876293946814,18.298961709819245,18.299839789534968,18.2983312543785,18.750120190772357,0.0,0.0,0.0,0.0,0.0,-6.1,18.3,28.0,0.09183615471624539,1.8367230943249078,1.0113861363951882,24.82987624997386
1986-01-14T05:15:00,demo_final_january_week,rulebased,18.30084427866864,18.29885205888768,18.30095211422176,18.298180163127835,18.759596091375045,0.0,0.0,0.0,0.0,0.0,-6.249999999999999,18.3,28.0,0.09183615471624539,1.9285592490411532,1.0572432873497286,25.88711953732359
1986-01-14T05:30:00,demo_final_january_week,rulebased,18.30038982299565,18.29968890618461,18.299631121614272,18.298913760737577,18.742511270013452,0.0,0.0,0.0,0.0,0.0,-6.4,18.3,28.0,0.09183615471624539,2.0203954037573983,1.0975951231746213,26.98471466049821
1986-01-14T05:45:00,demo_final_january_week,rulebased,18.30084066044195,18.299466897358776,18.299272693106527,18.298576975255923,18.714936657398905,0.0,0.0,0.0,0.0,0.0,-6.550000000000001,18.3,28.0,0.09183615471624539,2.1122315584736437,1.136974614936949,28.12168927543516
1986-01-14T06:00:00,demo_final_january_week,rulebased,18.300538701016954,18.301454607726427,18.30075392690768,18.300451388411634,18.68331749733418,0.0,0.0,0.0,0.0,0.0,-6.7,18.3,28.0,0.09183615471624539,2.204067713189889,1.1738842368882005,29.295573512323358
1986-01-14T06:15:00,demo_final_january_week,rulebased,18.301237049519088,18.300170855875283,18.299706965906882,18.300811124588297,18.662566734927893,0.0,0.0,0.0,0.0,0.0,-6.425000000000001,18.3,28.0,0.09183615471624539,2.2959038679061345,4.750095264263252,34.04566877658661
1986-01-14T06:30:00,demo_final_january_week,rulebased,18.301380049371776,18.30073201709346,18.300979000072306,18.300692577186183,18.650517977457646,0.0,0.0,0.0,0.0,0.0,-6.15,18.3,28.0,0.09183615471624539,2.38774002262238,3.256590992804318,37.30225976939093
1986-01-14T06:45:00,demo_final_january_week,rulebased,18.30014108713303,18.301398688965353,18.30080903021159,18.300625023392687,18.641214124014407,0.0,0.0,0.0,0.0,0.0,-5.874999999999999,18.3,28.0,0.09183615471624539,2.4795761773386253,3.1540829374360495,40.45634270682698
1986-01-14T07:00:00,demo_final_january_week,rulebased,18.300728616219715,18.300131193623766,18.299580054552077,18.301102291066293,18.632135264476705,0.0,0.0,0.0,0.0,0.0,-5.6,18.3,28.0,0.09183615471624539,2.5714123320548707,3.1240454106002784,43.58038811742726
1986-01-14T07:15:00,demo_final_january_week,rulebased,18.30041511642925,18.300136637206474,18.301311937513578,18.298387231974118,18.599489631704,0.0,0.0,0.0,0.0,0.0,-5.299999999999999,18.3,28.0,0.09183615471624539,2.663248486771116,3.1290474085173114,46.70943552594457
1986-01-14T07:30:00,demo_final_january_week,rulebased,18.300223143211255,18.299757352570776,18.300639102401263,18.29900709670212,18.550047012842462,0.0,0.0,0.0,0.0,0.0,-5.0,18.3,28.0,0.09183615471624539,2.7550846414873615,3.1002884657676453,49.80972399171222
1986-01-14T07:45:00,demo_final_january_week,rulebased,18.299687751700574,18.30026527908699,18.29982798894116,18.29859135502811,18.495832139613217,0.0,0.0,0.0,0.0,0.0,-4.7,18.3,28.0,0.09183615471624539,2.846920796203607,3.0598108750989543,52.86953486681117
1986-01-14T08:00:00,demo_final_january_week,rulebased,18.301260854774274,18.299948956859453,18.29953180674554,18.300329194776218,18.441977999942807,0.0,0.0,0.0,0.0,0.0,-4.4,18.3,28.0,0.09183615471624539,2.9387569509198523,3.01793951289404,55.88747437970521
1986-01-14T08:20:00,demo_final_january_week,rulebased,18.38060426092193,18.561740645799947,18.463186198237185,18.373040667946952,19.649976653520042,11.0,5.0,11.0,5.0,20.0,-4.550000000000001,18.3,28.0,0.09183615471624539,3.0305931056360977,2.054585183262547,57.942059562967756
1986-01-14T08:32:00,demo_final_january_week,rulebased,20.995387798408927,21.001346239314156,20.999764455407295,21.001461133277903,21.000155609227562,11.0,5.0,11.0,5.0,20.0,-4.7,21.0,25.0,0.09183615471624539,3.122429260352343,5.630890888108804,63.57295045107656
1986-01-14T08:53:00,demo_final_january_week,rulebased,20.999452807456912,20.99924690136785,21.000340255265563,21.000806021267277,21.000259719384136,11.0,5.0,11.0,5.0,20.0,-4.85,21.0,25.0,0.09183615471624539,3.2142654150685885,3.2436509678126044,66.81660141888916
1986-01-14T09:00:00,demo_final_january_week,rulebased,20.999992354931358,21.00220434651288,21.001740933850975,21.00114188312273,21.000131326232175,11.0,5.0,11.0,5.0,20.0,-5.0,21.0,24.0,0.09183615471624539,3.306101569784834,3.309693924942597,70.12629534383176
1986-01-14T09:23:00,demo_final_january_week,rulebased,21.001151740030814,21.00101297245084,21.000784976415382,21.000063242317744,21.57743207417926,11.0,5.0,11.0,5.0,20.0,-4.85,21.0,24.0,0.09183615471624539,3.3979377245010793,2.703009900403335,72.82930524423509
1986-01-14T09:38:00,demo_final_january_week,rulebased,21.000878360523537,20.99963638233139,21.00121501029878,21.000478993545418,21.962678544221728,11.0,5.0,11.0,5.0,20.0,-4.7,21.0,24.0,0.09183615471624539,3.4897738792173247,2.5207339566866134,75.3500392009217
1986-01-14T09:45:00,demo_final_january_week,rulebased,21.001213255534342,21.00207279445969,21.001726227403626,21.000632694618847,22.162443162744495,11.0,5.0,11.0,5.0,20.0,-4.550000000000001,21.0,24.0,0.09183615471624539,3.58161003393357,2.3868780872902153,77.73691728821191
1986-01-14T10:00:00,demo_final_january_week,rulebased,21.00147388408614,21.001359860857235,21.000743182533967,21.000268525562348,22.30330828326504,11.0,5.0,11.0,5.0,20.0,-4.4,21.0,24.0,0.09183615471624539,3.6734461886498155,2.276230179849912,80.01314746806183
1986-01-14T10:15:00,demo_final_january_week,rulebased,21.001913334536194,21.000559815834563,21.000291492143212,21.000828422082456,22.4370258058495,11.0,5.0,11.0,5.0,20.0,-4.4,21.0,24.0,0.09183615471624539,3.765282343366061,2.1704202532738925,82.18356772133572
1986-01-14T10:30:00,demo_final_january_week,rulebased,21.00191025938752,21.000654226915938,21.00111632588707,21.001366692635553,22.576528891292345,11.0,5.0,11.0,5.0,20.0,-4.4,21.0,24.0,0.09183615471624539,3.8571184980823063,2.0795091162549917,84.26307683759072
1986-01-14T10:45:00,demo_final_january_week,rulebased,21.000924145209883,21.00152991667695,21.001439618024516,21.00027598012283,22.70650692512158,11.0,5.0,11.0,5.0,20.0,-4.4,21.0,24.0,0.09183615471624539,3.9489546527985517,1.9995110907062832,86.262587928297
1986-01-14T11:00:00,demo_final_january_week,rulebased,21.001027880764283,20.999591215837423,21.041632166120795,21.001442975003048,22.82147456675689,11.0,5.0,11.0,5.0,20.0,-4.4,21.0,24.0,0.09183615471624539,4.040790807514797,1.9404640413028997,88.2030519695999
1986-01-14T11:15:00,demo_final_january_week,rulebased,21.001948576063167,21.001177943743293,21.01068999590412,21.00114174248596,22.80695284892859,8.8,4.0,8.8,4.0,16.0,-4.275,21.0,24.0,0.09183615471624539,4.132626962231042,1.9590470035267051,90.1620989731266
1986-01-14T11:30:00,demo_final_january_week,rulebased,21.00135065972934,21.001028774924205,21.001533505946476,20.999668894769446,22.780631529177967,8.8,4.0,8.8,4.0,16.0,-4.15,21.0,24.0,0.09183615471624539,4.224463116947287,1.9433859914234914,92.1054849645501
1986-01-14T11:45:00,demo_final_january_week,rulebased,21.000823038729923,21.001350829972957,21.002919029222394,21.000822967830896,22.783598468628124,8.8,4.0,8.8,4.0,16.0,-4.025,21.0,24.0,0.09183615471624539,4.316299271663532,1.9093920657775758,94.01487703032768
1986-01-14T12:00:00,demo_final_january_week,rulebased,21.00100159153942,21.00073426119692,21.01664464409175,21.000804868360746,22.802443928870666,8.8,4.0,8.8,4.0,16.0,-3.9,21.0,24.0,0.09183615471624539,4.4081354263797765,1.8793912352317028,95.89426826555939
1986-01-14T12:15:00,demo_final_january_week,rulebased,21.001594793536746,21.00013874212167,21.001532291213106,21.000952532794415,22.64293357127554,4.4,2.0,4.4,2.0,8.0,-3.9,21.0,24.0,0.09183615471624539,4.4999715810960215,2.0379882427796563,97.93225650833905
1986-01-14T12:30:00,demo_final_january_week,rulebased,21.001678074181363,21.001506306845712,21.00125862266739,21.002413174865403,22.526506013241267,4.4,2.0,4.4,2.0,8.0,-3.9,21.0,24.0,0.09183615471624539,4.591807735812266,2.06185339327665,99.9941099016157
1986-01-14T12:45:00,demo_final_january_week,rulebased,21.070027989952937,20.999392202162955,21.001008640728273,21.002765216291458,22.509426851115602,4.4,2.0,4.4,2.0,8.0,-3.9,21.0,24.0,0.09183615471624539,4.683643890528511,1.9465010063201562,101.94061090793586
1986-01-14T13:00:00,demo_final_january_week,rulebased,21.343518546218988,21.0005336744623,21.000599626182403,21.001106630311405,22.55332612670682,4.4,2.0,4.4,2.0,8.0,-3.9,21.0,24.0,0.09183615471624539,4.775480045244756,1.896216057431531,103.8368269653674
1986-01-14T13:20:00,demo_final_january_week,rulebased,22.336181944259554,21.184232791369467,21.156775925528557,21.00057012203661,22.903613514486594,8.8,4.0,8.8,4.0,16.0,-3.75,21.0,24.0,0.09183615471624539,4.867316199961001,1.7962315283321413,105.63305849369954
1986-01-14T13:35:00,demo_final_january_week,rulebased,23.06885328711778,21.173939030697987,21.188054047837866,21.000921699647943,23.066902845087622,8.8,4.0,8.8,4.0,16.0,-3.5999999999999996,21.0,24.0,0.09183615471624539,4.959152354677246,1.7570438196699347,107.39010231336947
1986-01-14T13:50:00,demo_final_january_week,rulebased,23.603093237485425,21.122426358432673,21.18060080725484,21.00076590139797,23.158989357574022,8.8,4.0,8.8,4.0,16.0,-3.4499999999999997,21.0,24.0,0.09183615471624539,5.050988509393491,1.736746073101084,109.12684838647056
1986-01-14T14:08:00,demo_final_january_week,rulebased,23.9906195162561,21.08355689663867,21.171284768456527,20.99989786917545,23.23311299261883,8.8,4.0,8.8,4.0,16.0,-3.3,21.0,24.0,0.09187736283533973,5.142865872228831,1.7136577008044351,110.84050608727499
1986-01-14T14:15:00,demo_final_january_week,rulebased,23.998193957669073,21.11569621310254,21.216971295940226,20.99924120223475,23.327362457920756,11.0,5.0,11.0,5.0,20.0,-3.175,21.0,24.0,0.09387898670825451,5.236744858937086,1.5187291563952936,112.35923524367028
1986-01-14T14:30:00,demo_final_january_week,rulebased,23.998783140474202,21.149453774667112,21.26045659061078,21.00580474909252,23.433336035207066,11.0,5.0,11.0,5.0,20.0,-3.05,21.0,24.0,0.09470480812775864,5.331449667064844,1.5301230748526817,113.88935831852297
1986-01-14T14:45:00,demo_final_january_week,rulebased,23.998801648122853,21.152621693481038,21.268900901069497,21.054165524702253,23.513230314519554,11.0,5.0,11.0,5.0,20.0,-2.925,21.0,24.0,0.09518992456114146,5.426639591625986,1.5098557379376771,115.39921405646064
1986-01-14T15:00:00,demo_final_january_week,rulebased,23.998824527987058,21.134631191253995,21.255123880398965,21.13270054757495,23.5714705994488,11.0,5.0,11.0,5.0,20.0,-2.8,21.0,24.0,0.09535008648982676,5.521989678115813,1.498390033276006,116.89760408973665
1986-01-14T15:15:00,demo_final_january_week,rulebased,23.998920138585213,21.056113771118138,21.17209250190268,21.167694049347524,23.56156586414353,11.0,5.0,11.0,5.0,20.0,-3.0749999999999997,21.0,24.0,0.0946537829423394,5.616643461058152,1.5811633140218337,118.47876740375848
1986-01-14T15:30:00,demo_final_january_week,rulebased,23.998986773651737,21.005994434230573,21.092326854999417,21.207158518278707,23.551814552810203,11.0,5.0,11.0,5.0,20.0,-3.3499999999999996,21.0,24.0,0.09410094100392322,5.710744402062075,1.629079201728944,120.10784660548742
1986-01-14T15:45:00,demo_final_january_week,rulebased,23.999052811838588,21.002225273507538,21.031074027535745,21.254313472298705,23.558640970476564,11.0,5.0,11.0,5.0,20.0,-3.625,21.0,24.0,0.09339844771839162,5.804142849780467,1.6975023269771243,121.80534893246455
1986-01-14T16:00:00,demo_final_january_week,rulebased,23.999134817934404,21.000988889764542,21.003250114137295,21.2890149474214,23.56961793926457,11.0,5.0,11.0,5.0,20.0,-3.9,21.0,24.0,0.0925794214799272,5.896722271260394,1.7832181771512494,123.58856710961581
1986-01-14T16:15:00,demo_final_january_week,rulebased,23.83163578638202,21.002223837620274,21.002691016716284,21.18594836009933,23.470762770177043,11.0,5.0,11.0,5.0,20.0,-4.324999999999999,21.0,24.0,0.09183615471624539,5.988558425976639,1.931179243929995,125.5197463535458
1986-01-14T16:38:00,demo_final_january_week,rulebased,23.38588814514162,21.002200425310217,21.001018088796577,21.029003119950126,23.39005232252963,11.0,5.0,11.0,5.0,20.0,-4.75,21.0,24.0,0.09183615471624539,6.080394580692884,1.9519340777986234,127.47168043134442
1986-01-14T16:53:00,demo_final_january_week,rulebased,22.73817556737322,21.001270950357423,21.00057612488825,21.001748166006337,23.36338527356081,11.0,5.0,11.0,5.0,20.0,-5.174999999999999,21.0,24.0,0.09183615471624539,6.172230735409129,2.0452768049127514,129.51695723625718
1986-01-14T17:08:00,demo_final_january_week,rulebased,22.28286358499164,21.00156204969869,21.001993938528447,21.00174555783105,23.348967987132205,11.0,5.0,11.0,5.0,20.0,-5.6,21.0,24.0,0.09183615471624539,6.264066890125374,2.1191920653629603,131.63614930162015
1986-01-14T17:23:00,demo_final_january_week,rulebased,21.935900745985393,21.000940664361227,21.001866795596627,21.00271834371005,23.321936614215762,11.0,5.0,11.0,5.0,20.0,-5.874999999999999,21.0,24.0,0.09183615471624539,6.355903044841619,2.1754777163385697,133.81162701795873
1986-01-14T17:38:00,demo_final_january_week,rulebased,21.630298994402054,21.002806733516053,21.00111032666091,21.00022522575477,23.289673498128547,11.0,5.0,11.0,5.0,20.0,-6.15,21.0,24.0,0.09183615471624539,6.447739199557864,2.2298205112908196,136.04144752924955
1986-01-14T17:45:00,demo_final_january_week,rulebased,21.43254834530575,21.001294821347805,21.000984916342194,21.003027585644514,23.263926276332814,11.0,5.0,11.0,5.0,20.0,-6.425000000000001,21.0,24.0,0.09183615471624539,6.539575354274109,2.282189816397761,138.3236373456473
1986-01-14T18:00:00,demo_final_january_week,rulebased,21.218197766509455,21.001809808438864,21.001940562077184,21.000913878095233,23.234471732807364,11.0,5.0,11.0,5.0,20.0,-6.7,21.0,24.0,0.09183615471624539,6.631411508990354,2.331976404685729,140.65561375033303
1986-01-14T18:23:00,demo_final_january_week,rulebased,21.002437859529635,21.00134035240083,21.002081396376152,21.001046430379773,22.60412567280893,5.5,2.5,5.5,2.5,10.0,-6.825,21.0,24.0,0.09183615471624539,6.723247663706599,2.84298665795629,143.49860040828932
1986-01-14T18:38:00,demo_final_january_week,rulebased,21.002044256605714,21.002331958006614,21.002145848792278,21.000393640410987,22.221072405087234,5.5,2.5,5.5,2.5,10.0,-6.95,21.0,24.0,0.09183615471624539,6.815083818422844,3.0661715567644756,146.5647719650538
1986-01-14T18:45:00,demo_final_january_week,rulebased,21.00348971283162,21.000559318414098,21.00235824547863,21.003747380604377,22.02361340214098,5.5,2.5,5.5,2.5,10.0,-7.075,21.0,24.0,0.09183615471624539,6.906919973139089,3.1645418960081724,149.72931386106197
1986-01-14T19:00:00,demo_final_january_week,rulebased,21.00384319131999,20.999679177243383,21.001663026385387,21.00114462793718,21.893378688848774,5.5,2.5,5.5,2.5,10.0,-7.2,21.0,24.0,0.09183615471624539,6.998756127855334,3.2512734107041776,152.98058727176615
1986-01-14T19:23:00,demo_final_january_week,rulebased,21.00121893415403,20.999696620271962,21.0016685479364,21.001067774410032,21.312256588938585,0.0,0.0,0.0,0.0,0.0,-7.2,21.0,24.0,0.09183615471624539,7.090592282571579,3.760181583869183,156.74076885563534
1986-01-14T19:33:00,demo_final_january_week,rulebased,19.32964586442961,19.209572168450674,19.222409748510877,19.193590199599274,20.903571555209457,0.0,0.0,0.0,0.0,0.0,-7.2,18.3,27.0,0.09183615471624539,7.1824284372878235,2.225075460530791,158.96584431616614
1986-01-14T19:49:00,demo_final_january_week,rulebased,18.938450650412076,18.800774558344475,18.782533309216902,18.790100638289307,20.662787198480235,0.0,0.0,0.0,0.0,0.0,-7.2,18.3,27.0,0.09183615471624539,7.2742645920040685,2.1004925528763887,161.06633686904252
1986-01-14T20:08:00,demo_final_january_week,rulebased,18.66234532819756,18.54277625575184,18.515766083880848,18.530196771506937,20.488500164147876,0.0,0.0,0.0,0.0,0.0,-7.2,18.3,28.0,0.09183615471624539,7.3661007467203135,2.0946911580882044,163.16102802713073
1986-01-14T20:15:00,demo_final_january_week,rulebased,18.50870760279143,18.543894428280606,18.368357968380646,18.557577116528318,20.32385641465358,0.0,0.0,0.0,0.0,0.0,-7.75,18.3,28.0,0.09183615471624539,7.457936901436558,0.0,163.16102802713073
1986-01-14T20:30:00,demo_final_january_week,rulebased,18.308924607605192,18.444141593607362,18.302262748207255,18.470813527271883,20.14467007797318,0.0,0.0,0.0,0.0,0.0,-8.3,18.3,28.0,0.09183615471624539,7.549773056152803,0.020649619023090572,163.18167764615382
1986-01-14T20:45:00,demo_final_january_week,rulebased,18.300400915085817,18.310748642902663,18.299540480318687,18.318500819748518,20.014357838034833,0.0,0.0,0.0,0.0,0.0,-8.850000000000001,18.3,28.0,0.09183615471624539,7.641609210869048,0.0835849576635761,163.2652626038174
1986-01-14T21:00:00,demo_final_january_week,rulebased,18.300098650172274,18.29981393334922,18.300166040989673,18.30184793382906,19.906065528555374,0.0,0.0,0.0,0.0,0.0,-9.4,18.3,28.0,0.09183615471624539,7.733445365585293,0.18267169696435992,163.44793430078175
1986-01-14T21:15:00,demo_final_january_week,rulebased,18.299244124776234,18.298656220424736,18.300177616810757,18.298747729202198,19.78092281576585,0.0,0.0,0.0,0.0,0.0,-9.4,18.3,28.0,0.09183615471624539,7.825281520301538,0.3180290055974432,163.7659633063792
1986-01-14T21:30:00,demo_final_january_week,rulebased,18.30001949482691,18.299046498898907,18.298930519750442,18.299404551964283,19.666644858269688,0.0,0.0,0.0,0.0,0.0,-9.4,18.3,28.0,0.09183615471624539,7.917117675017783,0.45325669129761564,164.21921999767682
1986-01-14T21:45:00,demo_final_january_week,rulebased,18.300775235959232,18.300496001098566,18.29916878537015,18.29924695044758,19.574025978280755,0.0,0.0,0.0,0.0,0.0,-9.4,18.3,28.0,0.09183615471624539,8.008953829734029,0.5749936668100304,164.79421366448685
1986-01-14T22:00:00,demo_final_january_week,rulebased,18.30040714385444,18.299994391182192,18.299349286581354,18.29847288496294,19.499061836791324,0.0,0.0,0.0,0.0,0.0,-9.4,18.3,28.0,0.09183615471624539,8.100789984450275,0.6747202916495265,165.46893395613637
1986-01-14T22:15:00,demo_final_january_week,rulebased,18.29993335501438,18.300747922876766,18.29920112107293,18.30035093184047,19.418553035410998,0.0,0.0,0.0,0.0,0.0,-9.975000000000001,18.3,28.0,0.09183615471624539,8.19262613916652,0.8082377487494239,166.2771717048858
1986-01-14T22:30:00,demo_final_january_week,rulebased,18.29983723893288,18.300341074064576,18.29932477716884,18.29927552400752,19.334093918516775,0.0,0.0,0.0,0.0,0.0,-10.55,18.3,28.0,0.09183615471624539,8.284462293882767,0.9230660267677772,167.20023773165357
1986-01-14T22:45:00,demo_final_january_week,rulebased,18.300664584829203,18.300144612497437,18.299395380603492,18.30165405760316,19.252209548855905,0.0,0.0,0.0,0.0,0.0,-11.124999999999998,18.3,28.0,0.09183615471624539,8.376298448599012,1.02441219121953,168.2246499228731
1986-01-14T23:00:00,demo_final_january_week,rulebased,18.29940604601686,18.300699121711315,18.299151196918793,18.298741523155588,19.17483272808761,0.0,0.0,0.0,0.0,0.0,-11.7,18.3,28.0,0.09183615471624539,8.468134603315258,1.108978239878602,169.33362816275172
1986-01-14T23:15:00,demo_final_january_week,rulebased,18.299659470713664,18.30067640905902,18.299640841051765,18.299108261476707,19.107073052310206,0.0,0.0,0.0,0.0,0.0,-12.374999999999998,18.3,28.0,0.09183615471624539,8.559970758031504,1.1818339218889227,170.51546208464063
1986-01-14T23:30:00,demo_final_january_week,rulebased,18.30056008232545,18.29989496146882,18.299760036073874,18.298428444847513,19.046794743086696,0.0,0.0,0.0,0.0,0.0,-13.05,18.3,28.0,0.09183615471624539,8.65180691274775,1.2462779527580732,171.7617400373987
1986-01-14T23:45:00,demo_final_january_week,rulebased,18.300534035179396,18.29844886944603,18.30014039516392,18.299550510723634,18.9911029628269,0.0,0.0,0.0,0.0,0.0,-13.725000000000001,18.3,28.0,0.09183615471624539,8.743643067463996,1.3088854756751664,173.07062551307388
1986-01-15T00:00:00,demo_final_january_week,rulebased,18.298881362152603,18.29972622392347,18.29969313916453,18.301515307222317,18.938658386091053,0.0,0.0,0.0,0.0,0.0,-14.4,18.3,28.0,0.09183615471624539,8.835479222180242,1.3686308285557234,174.4392563416296
1986-01-15T00:15:00,demo_final_january_week,rulebased,18.30034132685995,18.299341194566022,18.29904849952533,18.300266218023182,18.89143257103188,0.0,0.0,0.0,0.0,0.0,-14.4,18.3,28.0,0.09183615471624539,8.927315376896487,1.3960097181455802,175.8352660597752
1986-01-15T00:30:00,demo_final_january_week,rulebased,18.298993118963203,18.29818646479346,18.299229473911357,18.301192086264113,18.8486128128238,0.0,0.0,0.0,0.0,0.0,-14.4,18.3,28.0,0.09183615471624539,9.019151531612733,1.4240957748095167,177.25936183458472
1986-01-15T00:45:00,demo_final_january_week,rulebased,18.298802563280958,18.3010527572129,18.30059797694542,18.298304676549204,18.808899084877336,0.0,0.0,0.0,0.0,0.0,-14.4,18.3,28.0,0.09183615471624539,9.11098768632898,1.4561780605373746,178.7155398951221
1986-01-15T01:00:00,demo_final_january_week,rulebased,18.300913796183245,18.300806986178458,18.300509853909816,18.299740568870693,18.77161397775773,0.0,0.0,0.0,0.0,0.0,-14.4,18.3,28.0,0.09183615471624539,9.202823841045225,1.4859217153634425,180.20146161048555
1986-01-15T01:15:00,demo_final_january_week,rulebased,18.29946461446504,18.3019477828937,18.300147834073687,18.299293230902727,18.736511970212877,0.0,0.0,0.0,0.0,0.0,-14.4,18.3,28.0,0.09183615471624539,9.29465999576147,1.5096920991453846,181.71115370963093
1986-01-15T01:30:00,demo_final_january_week,rulebased,18.300635470432038,18.30046040003636,18.29991514270873,18.298957441040585,18.70509214401122,0.0,0.0,0.0,0.0,0.0,-14.4,18.3,28.0,0.09183615471624539,9.386496150477717,1.5351378225559837,183.24629153218692
1986-01-15T01:45:00,demo_final_january_week,rulebased,18.300853360034107,18.299884358691255,18.301375881452895,18.299467242241782,18.677643553992812,0.0,0.0,0.0,0.0,0.0,-14.4,18.3,28.0,0.09183615471624539,9.478332305193963,1.559231757680997,184.80552328986792
1986-01-15T02:00:00,demo_final_january_week,rulebased,18.300528213637037,18.29834579892455,18.29968972680639,18.301285323344914,18.65323123451763,0.0,0.0,0.0,0.0,0.0,-14.4,18.3,28.0,0.09183615471624539,9.570168459910208,1.5793763219795487,186.38489961184746
1986-01-15T02:15:00,demo_final_january_week,rulebased,18.300495825431984,18.300751099963442,18.300640703388925,18.299774929476687,18.625295875885566,0.0,0.0,0.0,0.0,0.0,-14.4,18.3,28.0,0.09183615471624539,9.662004614626454,1.6180038714130631,188.00290348326052
1986-01-15T02:30:00,demo_final_january_week,rulebased,18.300707057039478,18.30027010356904,18.299289817959647,18.302053249225818,18.594815758186257,0.0,0.0,0.0,0.0,0.0,-14.4,18.3,28.0,0.09183615471624539,9.7538407693427,1.648483758323594,189.65138724158413
1986-01-15T02:45:00,demo_final_january_week,rulebased,18.299013802196335,18.30025775261411,18.300758878256175,18.29931764805059,18.564119600107393,0.0,0.0,0.0,0.0,0.0,-14.4,18.3,28.0,0.09183615471624539,9.845676924058946,1.6827679077303168,191.33415514931446
1986-01-15T03:00:00,demo_final_january_week,rulebased,18.300743723127383,18.301890604848275,18.30012406868593,18.298395057126502,18.534134891438097,0.0,0.0,0.0,0.0,0.0,-14.4,18.3,28.0,0.09183615471624539,9.937513078775192,1.7148627368483114,193.04901788616277
1986-01-15T03:15:00,demo_final_january_week,rulebased,18.298737666085753,18.300988254189733,18.300992542483634,18.299303197649696,18.53960075344998,0.0,0.0,0.0,0.0,0.0,-14.275,18.3,28.0,0.09183615471624539,10.029349233491438,1.649620289094528,194.6986381752573
1986-01-15T03:30:00,demo_final_january_week,rulebased,18.300729117484995,18.29855047890212,18.298537991552287,18.301136296011105,18.57181615627861,0.0,0.0,0.0,0.0,0.0,-14.15,18.3,28.0,0.09183615471624539,10.121185388207683,1.6075826554239587,196.30622083068124
1986-01-15T03:45:00,demo_final_january_week,rulebased,18.300890795752082,18.298859533286493,18.30040032559332,18.300460620347803,18.615454546020718,0.0,0.0,0.0,0.0,0.0,-14.025,18.3,28.0,0.09183615471624539,10.21302154292393,1.5670130081154259,197.87323383879666
1986-01-15T04:00:00,demo_final_january_week,rulebased,18.300960049211664,18.30126126057277,18.300170866102263,18.298230483859367,18.664115947198578,0.0,0.0,0.0,0.0,0.0,-13.9,18.3,28.0,0.09183615471624539,10.304857697640175,1.5223161004205068,199.39554993921718
1986-01-15T04:15:00,demo_final_january_week,rulebased,18.30135559977254,18.300527039050866,18.299202350435728,18.2983397255724,18.66544013076056,0.0,0.0,0.0,0.0,0.0,-13.625,18.3,28.0,0.09183615471624539,10.396693852356421,1.59538257557192,200.9909325147891
1986-01-15T04:30:00,demo_final_january_week,rulebased,18.29921594189672,18.298169066090633,18.2985708380718,18.300482959897757,18.632139783800472,0.0,0.0,0.0,0.0,0.0,-13.350000000000001,18.3,28.0,0.09183615471624539,10.488530007072667,1.6388900794288765,202.62982259421798
1986-01-15T04:45:00,demo_final_january_week,rulebased,18.30083298552273,18.299011113868378,18.300914995485016,18.300742667002538,18.586657059951254,0.0,0.0,0.0,0.0,0.0,-13.075000000000001,18.3,28.0,0.09183615471624539,10.580366161788913,1.676695659171774,204.30651825338975
1986-01-15T05:00:00,demo_final_january_week,rulebased,18.3003887653027,18.299314578081916,18.30010743090152,18.299979886173915,18.538161365780176,0.0,0.0,0.0,0.0,0.0,-12.8,18.3,28.0,0.09183615471624539,10.672202316505158,1.7049186689719296,206.0114369223617
1986-01-15T05:15:00,demo_final_january_week,rulebased,18.299193828016875,18.298100375537633,18.30106776216853,18.30143622792706,18.50947263656436,0.0,0.0,0.0,0.0,0.0,-12.650000000000002,18.3,28.0,0.09183615471624539,10.764038471221404,1.6959064936449724,207.70734341600667
1986-01-15T05:30:00,demo_final_january_week,rulebased,18.300962067200626,18.29915310555829,18.299397297663454,18.29850591094075,18.495237757543258,0.0,0.0,0.0,0.0,0.0,-12.5,18.3,28.0,0.09183615471624539,10.85587462593765,1.6876234655452917,209.39496688155197
1986-01-15T05:45:00,demo_final_january_week,rulebased,18.300010643262837,18.29938990828038,18.30054328305267,18.298627564205805,18.48606149758748,0.0,0.0,0.0,0.0,0.0,-12.349999999999998,18.3,28.0,0.09183615471624539,10.947710780653896,1.6857623899046361,211.0807292714566
1986-01-15T06:00:00,demo_final_january_week,rulebased,18.299090448312796,18.298539657733254,18.29943278690179,18.30155888744142,18.47839489784298,0.0,0.0,0.0,0.0,0.0,-12.2,18.3,28.0,0.09183615471624539,11.039546935370142,1.6836802859574374,212.76440955741404
1986-01-15T06:15:00,demo_final_january_week,rulebased,18.3013459067857,18.302590325009135,18.300496621850346,18.30187579613393,18.463138737386156,0.0,0.0,0.0,0.0,0.0,-11.649999999999999,18.3,28.0,0.09183615471624539,11.131383090086388,4.576776831091355,217.3411863885054
1986-01-15T06:30:00,demo_final_january_week,rulebased,18.302700116100514,18.303269411660445,18.300955139620836,18.3023777679774,18.442917777351504,0.0,0.0,0.0,0.0,0.0,-11.1,18.3,28.0,0.09183615471624539,11.223219244802634,4.080534037227374,221.4217204257328
1986-01-15T06:45:00,demo_final_january_week,rulebased,18.301214074478718,18.301989725833938,18.301428545795662,18.301903994083176,18.422124406607473,0.0,0.0,0.0,0.0,0.0,-10.55,18.3,28.0,0.09183615471624539,11.31505539951888,4.021333390622884,225.44305381635567
1986-01-15T07:00:00,demo_final_january_week,rulebased,18.301832912909745,18.30134613387076,18.300644038218593,18.298545732944397,18.40206321738196,0.0,0.0,0.0,0.0,0.0,-10.0,18.3,28.0,0.09183615471624539,11.406891554235125,3.961626271766447,229.40468008812212
1986-01-15T07:15:00,demo_final_january_week,rulebased,18.299413262808837,18.301395561111303,18.2995805708534,18.299659626355247,18.386898166880858,0.0,0.0,0.0,0.0,0.0,-9.575,18.3,28.0,0.09183615471624539,11.498727708951371,3.9082524386648574,233.31293252678697
1986-01-15T07:30:00,demo_final_january_week,rulebased,18.29960417242715,18.3011668149545,18.29931302189325,18.30184215023826,18.37560174007392,0.0,0.0,0.0,0.0,0.0,-9.15,18.3,28.0,0.09183615471624539,11.590563863667617,3.782887008963872,237.09581953575085
1986-01-15T07:45:00,demo_final_january_week,rulebased,18.299703028500794,18.30106996992247,18.298756176267567,18.29900478503545,18.367692497772737,0.0,0.0,0.0,0.0,0.0,-8.725000000000001,18.3,28.0,0.09183615471624539,11.682400018383863,3.669139921367312,240.76495945711815
1986-01-15T08:00:00,demo_final_january_week,rulebased,18.301251576614934,18.29937889011457,18.30061386396555,18.29941106754551,18.363004309554114,0.0,0.0,0.0,0.0,0.0,-8.3,18.3,28.0,0.09183615471624539,11.774236173100109,3.542271606311266,244.3072310634294
1986-01-15T08:20:00,demo_final_january_week,rulebased,18.299876867282208,18.84928314728389,18.299856617440014,18.299755034511065,19.582435529221613,11.0,5.0,11.0,5.0,20.0,-7.75,18.3,28.0,0.09183615471624539,11.866072327816354,2.3962287597901284,246.70345982321953
1986-01-15T08:32:00,demo_final_january_week,rulebased,20.84078160510834,20.99967558875801,20.842169807511773,20.95348409469899,21.000327811628146,11.0,5.0,11.0,5.0,20.0,-7.2,21.0,25.0,0.09183615471624539,11.9579084825326,5.85301254397361,252.55647236719315
1986-01-15T08:50:00,demo_final_january_week,rulebased,20.99974918107959,21.000114478445226,21.000171207175043,21.00113037049916,21.00051774348416,11.0,5.0,11.0,5.0,20.0,-6.6499999999999995,21.0,25.0,0.09183615471624539,12.049744637248846,3.743948095287958,256.3004204624811
1986-01-15T09:08:00,demo_final_january_week,rulebased,20.99992071088856,21.00013465951279,21.000505990170183,21.001244917136997,21.000429726848893,11.0,5.0,11.0,5.0,20.0,-6.1,21.0,24.0,0.09183615471624539,12.141580791965092,3.3171605671293127,259.6175810296104
1986-01-15T09:23:00,demo_final_january_week,rulebased,21.000313032077685,21.420186977930353,21.00088889255607,21.00136556544824,21.495414528508327,11.0,5.0,11.0,5.0,20.0,-5.674999999999999,21.0,24.0,0.09183615471624539,12.233416946681338,2.751634780688253,262.36921581029867
1986-01-15T09:38:00,demo_final_january_week,rulebased,21.000621605192084,22.055243925243,21.00075781491723,21.001173601429546,21.85805251480511,11.0,5.0,11.0,5.0,20.0,-5.25,21.0,24.0,0.09183615471624539,12.325253101397584,2.5084281428003656,264.87764395309904
1986-01-15T09:53:00,demo_final_january_week,rulebased,21.00009347445581,22.567520607658373,21.00116788588834,21.002351411582378,22.08518551969506,11.0,5.0,11.0,5.0,20.0,-4.825,21.0,24.0,0.09183615471624539,12.41708925611383,2.2986119095096513,267.1762558626087
1986-01-15T10:08:00,demo_final_january_week,rulebased,21.00088796711031,23.04252979223974,21.000838134871497,21.00074043261556,22.275040564302234,11.0,5.0,11.0,5.0,20.0,-4.4,21.0,24.0,0.09183615471624539,12.508925410830075,2.113586385489157,269.28984224809784
1986-01-15T10:23:00,demo_final_january_week,rulebased,21.19057448948915,23.473279139328852,21.000684264801915,21.00012044141499,22.445080194102886,11.0,5.0,11.0,5.0,20.0,-4.0,21.0,24.0,0.09183615471624539,12.600761565546321,1.9807296645574826,271.2705719126553
1986-01-15T10:38:00,demo_final_january_week,rulebased,21.473676728940617,23.846580966681266,21.000437719596658,21.0019474843672,22.60022535957052,11.0,5.0,11.0,5.0,20.0,-3.6,21.0,24.0,0.09183615471624539,12.692597720262567,1.8788200603717575,273.1493919730271
1986-01-15T10:53:00,demo_final_january_week,rulebased,21.782745023237524,23.99784588704435,21.00040242190609,21.001845382208035,22.718455698255177,11.0,5.0,11.0,5.0,20.0,-3.1999999999999997,21.0,24.0,0.09209006363804331,12.78468778390061,1.7685461920826449,274.9179381651097
1986-01-15T11:08:00,demo_final_january_week,rulebased,22.06959550050563,23.999176407925884,21.056723870887154,21.000760237147986,22.835441057321532,11.0,5.0,11.0,5.0,20.0,-2.8,21.0,24.0,0.09240894699020091,12.87709673089081,1.6970332899295233,276.61497145503927
1986-01-15T11:15:00,demo_final_january_week,rulebased,22.252252861170813,23.999014130001125,21.060544001288104,21.002143007561692,22.844876273421807,8.8,4.0,8.8,4.0,16.0,-2.3749999999999996,21.0,24.0,0.0923656765117846,12.969462407402595,1.6683480970277216,278.283319552067
1986-01-15T11:30:00,demo_final_january_week,rulebased,22.548950429700994,23.999045539125316,21.116503111848676,20.99978218587336,22.909327074703835,8.8,4.0,8.8,4.0,16.0,-1.95,21.0,24.0,0.09251049230493387,13.061972899707529,1.5990217397206798,279.88234129178767
1986-01-15T11:53:00,demo_final_january_week,rulebased,22.979781870132285,23.99939954519522,21.26241902045717,20.999404012377283,23.041784714614273,8.8,4.0,8.8,4.0,16.0,-1.525,21.0,24.0,0.09251094355709155,13.15448384326462,1.5414409706662424,281.4237822624539
1986-01-15T12:08:00,demo_final_january_week,rulebased,23.37874349930268,23.99942750991089,21.41876157947798,21.00045321987572,23.19132545694738,8.8,4.0,8.8,4.0,16.0,-1.1,21.0,24.0,0.0924297035107861,13.246913546775406,1.4908523103519877,282.91463457280594
1986-01-15T12:15:00,demo_final_january_week,rulebased,23.435670756929262,23.91029910860825,21.27193035487441,21.000809973585003,23.053183834564784,4.4,2.0,4.4,2.0,8.0,-0.675,21.0,24.0,0.09183615471624539,13.338749701491652,1.527731472425164,284.4423660452311
1986-01-15T12:30:00,demo_final_january_week,rulebased,23.538220128262704,23.72282677646873,21.14226282663696,21.00152255342511,22.907754980934534,4.4,2.0,4.4,2.0,8.0,-0.25000000000000006,21.0,24.0,0.09183615471624539,13.430585856207898,1.450419561596641,285.8927856068277
1986-01-15T12:45:00,demo_final_january_week,rulebased,23.700744911323323,23.477956039890127,21.08998536261638,20.999333939961765,22.83040894849784,4.4,2.0,4.4,2.0,8.0,0.17499999999999993,21.0,24.0,0.09183615471624539,13.522422010924144,1.4043242029265155,287.2971098097542
1986-01-15T13:00:00,demo_final_january_week,rulebased,23.89253990468122,23.206216024067995,21.077436850383737,21.000510403078025,22.799519143423662,4.4,2.0,4.4,2.0,8.0,0.6,21.0,24.0,0.09183615471624539,13.61425816564039,1.359123756921163,288.6562335666754
1986-01-15T13:15:00,demo_final_january_week,rulebased,23.98942259253566,23.124637379491453,21.31097090725166,21.042206420818797,23.013870422022052,8.8,4.0,8.8,4.0,16.0,0.875,21.0,24.0,0.09394814959531932,13.708206315235708,1.0965661821695312,289.7527997488449
1986-01-15T13:30:00,demo_final_january_week,rulebased,23.998189018227883,23.03103437202292,21.532277868180895,21.11807841885946,23.239323265142076,8.8,4.0,8.8,4.0,16.0,1.15,21.0,24.0,0.09504633243585647,13.803252647671565,1.073148246895922,290.8259479957408
1986-01-15T13:45:00,demo_final_january_week,rulebased,23.99909667371995,22.868208252031323,21.650275417164266,21.187847506653192,23.395065433982122,8.8,4.0,8.8,4.0,16.0,1.4249999999999998,21.0,24.0,0.09518991525392013,13.898442562925485,1.0768632575331554,291.90281125327397
1986-01-15T14:00:00,demo_final_january_week,rulebased,23.999188502089762,22.693357577174414,21.716460637944618,21.244212304932933,23.504592415733605,8.8,4.0,8.8,4.0,16.0,1.7,21.0,24.0,0.09520476019177031,13.993647323117255,1.0563096620345138,292.95912091530846
1986-01-15T14:15:00,demo_final_january_week,rulebased,23.99920766310906,22.60190837562356,21.83224838773547,21.363924282469863,23.646226448901707,11.0,5.0,11.0,5.0,20.0,1.9749999999999999,21.0,24.0,0.09525244677012322,14.088899769887378,1.009725003207609,293.9688459185161
1986-01-15T14:30:00,demo_final_january_week,rulebased,23.999231890054073,22.533819382882164,21.943413953105523,21.484045569159154,23.778306763177298,11.0,5.0,11.0,5.0,20.0,2.25,21.0,24.0,0.09448471616016212,14.18338448604754,0.8892606828793471,294.85810660139543
1986-01-15T14:45:00,demo_final_january_week,rulebased,23.999187938107553,22.453875022628598,22.020546760677174,21.581314238711414,23.881420227132352,11.0,5.0,11.0,5.0,20.0,2.5249999999999995,21.0,24.0,0.09432123766112376,14.277705723708664,0.7785466280986646,295.6366532294941
1986-01-15T15:00:00,demo_final_january_week,rulebased,23.99913545686373,22.370995763082018,22.073632327635487,21.67113917183873,23.963564175326823,11.0,5.0,11.0,5.0,20.0,2.8,21.0,24.0,0.09425824511893097,14.371963968827595,0.6771467799831336,296.31380000947723
1986-01-15T15:15:00,demo_final_january_week,rulebased,23.99913145114688,22.23652995295326,22.04587327351278,21.706006976655864,23.972716695433096,11.0,5.0,11.0,5.0,20.0,2.8,21.0,24.0,0.09372907102792417,14.46569303985552,0.7105060890636659,297.0243060985409
1986-01-15T15:30:00,demo_final_january_week,rulebased,23.99906257960165,22.117403801304857,22.01409839565934,21.764934566047945,23.97994727141891,11.0,5.0,11.0,5.0,20.0,2.8,21.0,24.0,0.09391754246554937,14.559610582321069,0.7479712862055337,297.7722773847464
1986-01-15T15:45:00,demo_final_january_week,rulebased,23.999125433832273,22.02534102261316,21.99632102875933,21.8165512161248,23.9987079660607,11.0,5.0,11.0,5.0,20.0,2.8,21.0,24.0,0.09328539118992243,14.652895973510992,0.7788050084304124,298.55108239317684
1986-01-15T16:00:00,demo_final_january_week,rulebased,23.99920268706621,21.941415376782324,21.979439605793253,21.843303775794944,23.999186846403102,11.0,5.0,11.0,5.0,20.0,2.8,21.0,24.0,0.09293355088010077,14.745829524391093,0.8087626698670034,299.35984506304385
1986-01-15T16:15:00,demo_final_january_week,rulebased,23.806846403288567,21.706335710261396,21.80586356144178,21.679292922931815,23.911642196789952,11.0,5.0,11.0,5.0,20.0,2.2499999999999996,21.0,24.0,0.09183615471624539,14.837665679107339,1.175677995933914,300.5355230589778
1986-01-15T16:38:00,demo_final_january_week,rulebased,23.393347904628158,21.528591858145464,21.657121493373772,21.51700881248808,23.860152911543647,11.0,5.0,11.0,5.0,20.0,1.7,21.0,24.0,0.09183615471624539,14.929501833823585,1.462193571489503,301.99771663046727
1986-01-15T16:53:00,demo_final_january_week,rulebased,22.968156258123635,21.419341062796235,21.568827015202974,21.36598893105027,23.85270991574676,11.0,5.0,11.0,5.0,20.0,1.15,21.0,24.0,0.09183615471624539,15.02133798853983,1.7204646848307332,303.718181315298
1986-01-15T17:08:00,demo_final_january_week,rulebased,22.663973930113674,21.31742205886484,21.502676840655283,21.248309253300466,23.848931438553308,11.0,5.0,11.0,5.0,20.0,0.6,21.0,24.0,0.09183615471624539,15.113174143256076,1.5225948808762304,305.24077619617424
1986-01-15T17:15:00,demo_final_january_week,rulebased,22.476102548883638,21.25146867914,21.46666994448718,21.175044344186308,23.84566025878662,11.0,5.0,11.0,5.0,20.0,0.44999999999999996,21.0,24.0,0.09183615471624539,15.205010297972322,1.365628765048879,306.6064049612231
1986-01-15T17:30:00,demo_final_january_week,rulebased,22.283479429529894,21.182320947999166,21.43206212456663,21.101354532025706,23.841574260370376,11.0,5.0,11.0,5.0,20.0,0.3,21.0,24.0,0.09183615471624539,15.296846452688568,1.3325066408984554,307.93891160212155
1986-01-15T17:45:00,demo_final_january_week,rulebased,22.12342691228891,21.125282385132234,21.406619000014985,21.0393034330762,23.839675765421738,11.0,5.0,11.0,5.0,20.0,0.15,21.0,24.0,0.09183615471624539,15.388682607404814,1.3351852896923742,309.27409689181394
1986-01-15T18:00:00,demo_final_january_week,rulebased,21.986794186890506,21.07672863688462,21.387337279202175,21.005503992440467,23.840858746363683,11.0,5.0,11.0,5.0,20.0,0.0,21.0,24.0,0.09183615471624539,15.48051876212106,1.3496712454520536,310.623768137266
1986-01-15T18:23:00,demo_final_january_week,rulebased,21.20931175711833,21.00175691751659,21.003591151250514,21.00021973296775,23.229950977361757,5.5,2.5,5.5,2.5,10.0,-0.7,21.0,24.0,0.09183615471624539,15.572354916837305,1.5994626634110563,312.223230800677
1986-01-15T18:38:00,demo_final_january_week,rulebased,21.001491409406594,21.000980817268857,21.002226017150633,21.001601457701476,22.848484840994182,5.5,2.5,5.5,2.5,10.0,-1.4,21.0,24.0,0.09183615471624539,15.664191071553551,1.880223776167109,314.1034545768441
1986-01-15T18:45:00,demo_final_january_week,rulebased,21.001943937359997,21.00077451131379,21.002224103776978,21.003432213303576,22.644130479191077,5.5,2.5,5.5,2.5,10.0,-2.0999999999999996,21.0,24.0,0.09183615471624539,15.756027226269797,2.115574664299452,316.2190292411436
1986-01-15T19:00:00,demo_final_january_week,rulebased,21.002151620726966,21.00299696052778,21.00123943555403,21.003437365650388,22.498779911003258,5.5,2.5,5.5,2.5,10.0,-2.8,21.0,24.0,0.09183615471624539,15.847863380986043,2.286821897872623,318.5058511390162
1986-01-15T19:23:00,demo_final_january_week,rulebased,21.002317219547013,21.000805522833872,21.002266628876363,21.001697911753777,21.8983999821075,0.0,0.0,0.0,0.0,0.0,-2.6499999999999995,21.0,24.0,0.09183615471624539,15.939699535702289,2.770100820127566,321.27595195914375
1986-01-15T19:34:00,demo_final_january_week,rulebased,19.787083982600294,19.626385264467682,19.709813010948867,19.579315927944783,21.479105250416204,0.0,0.0,0.0,0.0,0.0,-2.5,18.3,27.0,0.09183615471624539,16.031535690418533,1.781301352418048,323.0572533115618
1986-01-15T19:50:00,demo_final_january_week,rulebased,19.42645531278123,19.255036996343595,19.31722747409321,19.20469252063442,21.20374442682155,0.0,0.0,0.0,0.0,0.0,-2.35,18.3,27.0,0.09183615471624539,16.123371845134777,1.6299464129721961,324.68719972453397
1986-01-15T20:08:00,demo_final_january_week,rulebased,19.1851616908223,19.028011332306534,19.08361243709303,18.97723378085618,20.97685342319535,0.0,0.0,0.0,0.0,0.0,-2.2,18.3,28.0,0.09183615471624539,16.21520799985102,1.5991338014403786,326.2863335259743
1986-01-15T20:15:00,demo_final_january_week,rulebased,19.121319493226057,19.15239200053733,19.019801031204732,19.139363630928784,20.806254420749198,0.0,0.0,0.0,0.0,0.0,-2.2,18.3,28.0,0.09183615471624539,16.307044154567265,0.0,326.2863335259743
1986-01-15T20:30:00,demo_final_january_week,rulebased,19.008333630740218,19.150474332268022,18.913969831411816,19.15826171475673,20.61579697509307,0.0,0.0,0.0,0.0,0.0,-2.2,18.3,28.0,0.09183615471624539,16.39888030928351,0.0,326.2863335259743
1986-01-15T20:45:00,demo_final_january_week,rulebased,18.87646759476056,19.04214096244241,18.792885836588855,19.059951192216214,20.452445742125246,0.0,0.0,0.0,0.0,0.0,-2.2,18.3,28.0,0.09183615471624539,16.490716463999753,0.0,326.2863335259743
1986-01-15T21:00:00,demo_final_january_week,rulebased,18.75037387201391,18.92900152908774,18.677672361224353,18.93556276676405,20.34737743595497,0.0,0.0,0.0,0.0,0.0,-2.2,18.3,28.0,0.09183615471624539,16.582552618715997,0.0,326.2863335259743
1986-01-15T21:15:00,demo_final_january_week,rulebased,18.5939454984351,18.78238106699735,18.53138370193423,18.79375568688454,20.223098424186656,0.0,0.0,0.0,0.0,0.0,-2.9000000000000004,18.3,28.0,0.09183615471624539,16.67438877343224,0.0,326.2863335259743
1986-01-15T21:30:00,demo_final_january_week,rulebased,18.428144383621685,18.632333565082007,18.37495169339186,18.645924969789913,20.09453302546263,0.0,0.0,0.0,0.0,0.0,-3.6,18.3,28.0,0.09183615471624539,16.766224928148485,0.0,326.2863335259743
1986-01-15T21:45:00,demo_final_january_week,rulebased,18.306065475158732,18.489179238204873,18.304135576220933,18.50166462816691,19.977457483987163,0.0,0.0,0.0,0.0,0.0,-4.3,18.3,28.0,0.09183615471624539,16.85806108286473,0.019664696091379733,326.3059982220657
1986-01-15T22:00:00,demo_final_january_week,rulebased,18.30020330688213,18.3521186237667,18.299362740897315,18.36330630098422,19.872759593748743,0.0,0.0,0.0,0.0,0.0,-5.0,18.3,28.0,0.09183615471624539,16.949897237580974,0.07157458247517715,326.3775728045409
1986-01-15T22:15:00,demo_final_january_week,rulebased,18.299773635210325,18.30266646844588,18.299936271144453,18.30553179353516,19.775321926420222,0.0,0.0,0.0,0.0,0.0,-4.575,18.3,28.0,0.09183615471624539,17.041733392297218,0.1206539001722903,326.49822670471315
1986-01-15T22:30:00,demo_final_january_week,rulebased,18.29920944776678,18.300204227783006,18.300650902545435,18.301192450602354,19.684185988960508,0.0,0.0,0.0,0.0,0.0,-4.15,18.3,28.0,0.09183615471624539,17.13356954701346,0.18920835763995464,326.6874350623531
1986-01-15T22:45:00,demo_final_january_week,rulebased,18.300582402247162,18.299331636919014,18.30064379200919,18.29977119058192,19.600037533102572,0.0,0.0,0.0,0.0,0.0,-3.7249999999999996,18.3,28.0,0.09183615471624539,17.225405701729706,0.2574066382057623,326.9448417005588
1986-01-15T23:00:00,demo_final_january_week,rulebased,18.30031029582047,18.299788733395932,18.300115276721495,18.29882108816745,19.52301424665085,0.0,0.0,0.0,0.0,0.0,-3.3,18.3,28.0,0.09183615471624539,17.31724185644595,0.3258140172730823,327.2706557178319
1986-01-15T23:15:00,demo_final_january_week,rulebased,18.300086977917612,18.300910663880902,18.2997998502125,18.301010498124917,19.454032761016013,0.0,0.0,0.0,0.0,0.0,-3.7249999999999996,18.3,28.0,0.09183615471624539,17.409078011162194,0.4109392870731353,327.68159500490503
1986-01-15T23:30:00,demo_final_january_week,rulebased,18.29983196872112,18.301361666364865,18.299085373560384,18.30133038035148,19.39176571221298,0.0,0.0,0.0,0.0,0.0,-4.15,18.3,28.0,0.09183615471624539,17.500914165878438,0.4930253300804857,328.17462033498555
1986-01-15T23:45:00,demo_final_january_week,rulebased,18.29917300948503,18.298980560552312,18.299044051223028,18.300382827516017,19.33481333719878,0.0,0.0,0.0,0.0,0.0,-4.575,18.3,28.0,0.09183615471624539,17.592750320594682,0.5692847884282258,328.74390512341375
1986-01-16T00:00:00,demo_final_january_week,rulebased,18.300669722044272,18.30092070740606,18.29912511049691,18.29978151935583,19.282706647443117,0.0,0.0,0.0,0.0,0.0,-5.0,18.3,28.0,0.09183615471624539,17.684586475310926,0.6409258618338376,329.3848309852476
1986-01-16T00:15:00,demo_final_january_week,rulebased,18.300833331371237,18.301376751190958,18.30004276039433,18.30028278218565,19.236038408946815,0.0,0.0,0.0,0.0,0.0,-5.15,18.3,28.0,0.09183615471624539,17.77642263002717,0.6931088417713812,330.077939827019
1986-01-16T00:30:00,demo_final_january_week,rulebased,18.30056103208703,18.300939396315467,18.299752325678245,18.299742141836425,19.193747641977605,0.0,0.0,0.0,0.0,0.0,-5.3,18.3,28.0,0.09183615471624539,17.868258784743414,0.7378410435024345,330.81578087052145
1986-01-16T00:45:00,demo_final_january_week,rulebased,18.301075093256557,18.301241861300348,18.300319954084685,18.30161136791013,19.15475177763615,0.0,0.0,0.0,0.0,0.0,-5.449999999999999,18.3,28.0,0.09183615471624539,17.96009493945966,0.780550852804479,331.59633172332593
1986-01-16T01:00:00,demo_final_january_week,rulebased,18.30023833737496,18.300544972521436,18.300011440805417,18.2987958401953,19.118506306915485,0.0,0.0,0.0,0.0,0.0,-5.6,18.3,28.0,0.09183615471624539,18.051931094175902,0.8126190649242151,332.40895078825014
1986-01-16T01:15:00,demo_final_january_week,rulebased,18.299860131412167,18.29900796655944,18.300105927189712,18.299794480848007,19.080410867459676,0.0,0.0,0.0,0.0,0.0,-5.874999999999999,18.3,28.0,0.09183615471624539,18.143767248892146,0.8600185111700372,333.2689692994202
1986-01-16T01:30:00,demo_final_january_week,rulebased,18.299782013199017,18.29961421041118,18.300460279650775,18.299529087940456,19.041044012048456,0.0,0.0,0.0,0.0,0.0,-6.15,18.3,28.0,0.09183615471624539,18.23560340360839,0.9029609180168086,334.17193021743697
1986-01-16T01:45:00,demo_final_january_week,rulebased,18.299496521949102,18.30158781900352,18.30060213663638,18.299801795410456,19.00199854207973,0.0,0.0,0.0,0.0,0.0,-6.425000000000001,18.3,28.0,0.09183615471624539,18.327439558324635,0.9439641754866548,335.1158943929236
1986-01-16T02:00:00,demo_final_january_week,rulebased,18.298759985165685,18.299399935892136,18.30027072578708,18.300763208334022,18.963874462896484,0.0,0.0,0.0,0.0,0.0,-6.7,18.3,28.0,0.09183615471624539,18.41927571304088,0.9810975216491212,336.09699191457275
1986-01-16T02:15:00,demo_final_january_week,rulebased,18.3001851114348,18.299627398461002,18.299857369977488,18.29831646357843,18.935689938894217,0.0,0.0,0.0,0.0,0.0,-6.825,18.3,28.0,0.09183615471624539,18.511111867757123,0.994623432959278,337.091615347532
1986-01-16T02:30:00,demo_final_january_week,rulebased,18.299330769353123,18.298402979298785,18.2999777948949,18.298532334326005,18.915242252609413,0.0,0.0,0.0,0.0,0.0,-6.95,18.3,28.0,0.09183615471624539,18.602948022473367,1.0067159727560333,338.098331320288
1986-01-16T02:45:00,demo_final_january_week,rulebased,18.299160014103048,18.30038089788198,18.29881941032731,18.30157240896927,18.898603152150468,0.0,0.0,0.0,0.0,0.0,-7.075,18.3,28.0,0.09183615471624539,18.69478417718961,1.0220079742573394,339.1203392945454
1986-01-16T03:00:00,demo_final_january_week,rulebased,18.300584072827633,18.30103991263721,18.29926156703863,18.301969128898318,18.884111351445462,0.0,0.0,0.0,0.0,0.0,-7.2,18.3,28.0,0.09183615471624539,18.786620331905855,1.0365527744202534,340.15689206896565
1986-01-16T03:15:00,demo_final_january_week,rulebased,18.299396466836452,18.299917832607473,18.299497847641383,18.300174732917554,18.864806935279134,0.0,0.0,0.0,0.0,0.0,-6.800000000000001,18.3,28.0,0.09183615471624539,18.8784564866221,1.041491478529033,341.1983835474947
1986-01-16T03:30:00,demo_final_january_week,rulebased,18.299944139787762,18.299721916449997,18.300794166468165,18.299302684684303,18.84242492645689,0.0,0.0,0.0,0.0,0.0,-6.4,18.3,28.0,0.09183615471624539,18.970292641338343,1.0496155372466203,342.2479990847413
1986-01-16T03:45:00,demo_final_january_week,rulebased,18.299292109035925,18.299507144014594,18.300029738668684,18.298410387244722,18.819885619653487,0.0,0.0,0.0,0.0,0.0,-5.999999999999999,18.3,28.0,0.09183615471624539,19.062128796054587,1.0500480744452216,343.2980471591865
1986-01-16T04:00:00,demo_final_january_week,rulebased,18.30054365931504,18.3002176742701,18.298773788886812,18.298412497290748,18.798343996316213,0.0,0.0,0.0,0.0,0.0,-5.6,18.3,28.0,0.09183615471624539,19.15396495077083,1.0534872804637092,344.3515344396502
1986-01-16T04:15:00,demo_final_january_week,rulebased,18.30089087600539,18.29977708639601,18.29947357312848,18.299277209235047,18.780815387156604,0.0,0.0,0.0,0.0,0.0,-5.449999999999999,18.3,28.0,0.09183615471624539,19.245801105487075,1.0565758015460431,345.40811024119625
1986-01-16T04:30:00,demo_final_january_week,rulebased,18.300509894690407,18.2989833989246,18.299773255031592,18.301071684221668,18.766450713634676,0.0,0.0,0.0,0.0,0.0,-5.3,18.3,28.0,0.09183615471624539,19.33763726020332,1.0583195157510108,346.46642975694726
1986-01-16T04:45:00,demo_final_january_week,rulebased,18.30082787807382,18.301379184275795,18.300202068940195,18.300383055697335,18.753947225910917,0.0,0.0,0.0,0.0,0.0,-5.15,18.3,28.0,0.09183615471624539,19.429473414919563,1.0596266452962955,347.52605640224357
1986-01-16T05:00:00,demo_final_january_week,rulebased,18.300024375557744,18.300149592034366,18.2992939908788,18.298609150077656,18.74296039860407,0.0,0.0,0.0,0.0,0.0,-5.0,18.3,28.0,0.09183615471624539,19.521309569635807,1.0559997576131388,348.58205615985673
1986-01-16T05:15:00,demo_final_january_week,rulebased,18.29992947888852,18.298480068640853,18.29914549617849,18.299146679798202,18.7326212200778,0.0,0.0,0.0,0.0,0.0,-5.0,18.3,28.0,0.09183615471624539,19.61314572435205,1.064014000841295,349.646070160698
1986-01-16T05:30:00,demo_final_january_week,rulebased,18.300671520995298,18.299706548629146,18.29989659808535,18.301423165655315,18.7229430461613,0.0,0.0,0.0,0.0,0.0,-5.0,18.3,28.0,0.09183615471624539,19.704981879068296,1.0679077906141272,350.71397795131213
1986-01-16T05:45:00,demo_final_january_week,rulebased,18.299791515740967,18.29876644092165,18.299095207897718,18.30050213832666,18.714105231035237,0.0,0.0,0.0,0.0,0.0,-5.0,18.3,28.0,0.09183615471624539,19.79681803378454,1.0688524236694976,351.78283037498164
1986-01-16T06:00:00,demo_final_january_week,rulebased,18.299924202055653,18.300187319086643,18.2992707839146,18.301712128289545,18.70614394679956,0.0,0.0,0.0,0.0,0.0,-5.0,18.3,28.0,0.09183615471624539,19.888654188500784,1.0744366933767524,352.8572670683584
1986-01-16T06:15:00,demo_final_january_week,rulebased,18.301417565055427,18.303521742409192,18.30237278575652,18.302390089170988,18.69595362509541,0.0,0.0,0.0,0.0,0.0,-4.85,18.3,28.0,0.09183615471624539,19.980490343217028,4.3601328030906235,357.217399871449
1986-01-16T06:30:00,demo_final_january_week,rulebased,18.301025785323365,18.302833562239577,18.302146179211572,18.301506023292703,18.688226088423992,0.0,0.0,0.0,0.0,0.0,-4.7,18.3,28.0,0.09183615471624539,20.072326497933272,3.048667256574089,360.2660671280231
1986-01-16T06:45:00,demo_final_january_week,rulebased,18.30180960169304,18.300694738352153,18.30090519819065,18.29972662735151,18.683389023488132,0.0,0.0,0.0,0.0,0.0,-4.550000000000001,18.3,28.0,0.09183615471624539,20.164162652649516,2.9639842480207266,363.23005137604383
1986-01-16T07:00:00,demo_final_january_week,rulebased,18.302026302158197,18.298919310489193,18.30015778878191,18.30209967756295,18.680033997985024,0.0,0.0,0.0,0.0,0.0,-4.4,18.3,28.0,0.09183615471624539,20.25599880736576,2.941659547272377,366.1717109233162
1986-01-16T07:15:00,demo_final_january_week,rulebased,18.301142157765444,18.30138418071905,18.301047807318973,18.298897449602663,18.673544599417085,0.0,0.0,0.0,0.0,0.0,-4.275,18.3,28.0,0.09183615471624539,20.347834962082004,2.930455753331157,369.10216667664736
1986-01-16T07:30:00,demo_final_january_week,rulebased,18.300848531500147,18.300493208726316,18.300382596171712,18.29987450696932,18.66489608834579,0.0,0.0,0.0,0.0,0.0,-4.15,18.3,28.0,0.09183615471624539,20.439671116798248,2.8751257122518292,371.9772923888992
1986-01-16T07:45:00,demo_final_january_week,rulebased,18.300503007444814,18.300805256846303,18.29957943196014,18.301858053754692,18.656764683320112,0.0,0.0,0.0,0.0,0.0,-4.025,18.3,28.0,0.09183615471624539,20.531507271514492,2.7935002648451412,374.7707926537443
1986-01-16T08:00:00,demo_final_january_week,rulebased,18.301231402472432,18.300554980391503,18.3000322457412,18.300149380910877,18.650735532872893,0.0,0.0,0.0,0.0,0.0,-3.9,18.3,28.0,0.09183615471624539,20.623343426230736,2.705178361681331,377.4759710154256
1986-01-16T08:20:00,demo_final_january_week,rulebased,18.588561427906676,19.16811834424039,18.648224773223433,18.530029335250056,19.866560122439786,11.0,5.0,11.0,5.0,20.0,-3.1999999999999997,18.3,28.0,0.09183615471624539,20.71517958094698,1.903329288160235,379.37930030358586
1986-01-16T08:32:00,demo_final_january_week,rulebased,21.000490878833862,20.999946950739023,21.000415630419138,21.00041441973383,21.00003472914887,11.0,5.0,11.0,5.0,20.0,-2.5,21.0,25.0,0.09183615471624539,20.807015735663224,4.8092513617958925,384.18855166538174
1986-01-16T08:53:00,demo_final_january_week,rulebased,21.001121628602387,20.999659258832352,21.00004904298734,20.99757492856678,21.086385437044925,11.0,5.0,11.0,5.0,20.0,-1.8,21.0,25.0,0.09183615471624539,20.89885189037947,2.612135385948048,386.80068705132976
1986-01-16T09:00:00,demo_final_january_week,rulebased,21.000800008658633,21.000372293903748,21.001974651159752,21.00230370112222,21.137088559398226,11.0,5.0,11.0,5.0,20.0,-1.1,21.0,24.0,0.09183615471624539,20.990688045095713,2.552731329947385,389.35341838127715
1986-01-16T09:23:00,demo_final_january_week,rulebased,21.001117763866176,21.332956820897586,21.000367213559763,21.001204718149907,21.78362116083674,11.0,5.0,11.0,5.0,20.0,-0.55,21.0,24.0,0.09183615471624539,21.082524199811957,1.923765853903084,391.27718423518024
1986-01-16T09:38:00,demo_final_january_week,rulebased,21.000719368862384,21.738295022898054,21.00027887540174,20.99974029359492,22.232905430317338,11.0,5.0,11.0,5.0,20.0,0.0,21.0,24.0,0.09183615471624539,21.1743603545282,1.6498092153900252,392.92699345057025
1986-01-16T09:53:00,demo_final_january_week,rulebased,21.00237270513351,21.956617995495623,21.04270801195515,21.000632050734634,22.4969490624876,11.0,5.0,11.0,5.0,20.0,0.55,21.0,24.0,0.09183615471624539,21.266196509244445,1.461630721117642,394.38862417168787
1986-01-16T10:00:00,demo_final_january_week,rulebased,21.08796166799363,22.05473365389653,21.143176728511982,21.00115259143003,22.661989618673804,11.0,5.0,11.0,5.0,20.0,1.1,21.0,24.0,0.09183615471624539,21.35803266396069,1.3593813976221378,395.74800556931
1986-01-16T10:15:00,demo_final_january_week,rulebased,21.210646601727337,22.085729948260195,21.30010697008998,21.000872011538103,22.862423180203617,11.0,5.0,11.0,5.0,20.0,1.525,21.0,24.0,0.09183615471624539,21.449868818676933,1.2891991853817917,397.0372047546918
1986-01-16T10:30:00,demo_final_january_week,rulebased,21.313969856683663,22.04192963065628,21.461098854924234,21.02305801024212,23.045756394521433,11.0,5.0,11.0,5.0,20.0,1.95,21.0,24.0,0.09183615471624539,21.541704973393177,1.230671798495706,398.26787655318753
1986-01-16T10:45:00,demo_final_january_week,rulebased,21.472216084901717,22.11339290183782,21.63844499447326,21.113445328307304,23.208351314206837,11.0,5.0,11.0,5.0,20.0,2.3749999999999996,21.0,24.0,0.09183615471624539,21.63354112810942,1.1825361026977055,399.45041265588526
1986-01-16T11:00:00,demo_final_january_week,rulebased,21.676213196357196,22.24970915910475,21.831198846250096,21.248769051974133,23.354531924770537,11.0,5.0,11.0,5.0,20.0,2.8,21.0,24.0,0.09183615471624539,21.725377282825665,0.9805622961854757,400.43097495207076
1986-01-16T11:15:00,demo_final_january_week,rulebased,21.801002957193273,22.30227346912247,21.923241030413653,21.282815471704588,23.379436396794503,8.8,4.0,8.8,4.0,16.0,3.1999999999999997,21.0,24.0,0.09183615471624539,21.81721343754191,0.5660943356888998,400.99706928775964
1986-01-16T11:30:00,demo_final_january_week,rulebased,21.98738971650862,22.408219847180586,22.026579527776402,21.336821882746978,23.398356594440013,8.8,4.0,8.8,4.0,16.0,3.6,21.0,24.0,0.09183615471624539,21.909049592258153,0.37127180173043434,401.36834108949006
1986-01-16T11:45:00,demo_final_january_week,rulebased,22.251981279389717,22.545767594174947,22.121216034537767,21.36676850082077,23.43547482830757,8.8,4.0,8.8,4.0,16.0,4.0,21.0,24.0,0.09183615471624539,22.000885746974397,0.19338988617381447,401.56173097566386
1986-01-16T12:00:00,demo_final_january_week,rulebased,22.538861255721304,22.634585354107532,22.178003315007725,21.341367496924388,23.48052556458104,8.8,4.0,8.8,4.0,16.0,4.4,21.0,24.0,0.09183615471624539,22.09272190169064,0.033490135090086685,401.5952211107539
1986-01-16T12:15:00,demo_final_january_week,rulebased,22.70806604397911,22.54178079905931,22.017797127081344,21.131234608845823,23.321165201336274,4.4,2.0,4.4,2.0,8.0,5.1000000000000005,21.0,24.0,0.09183615471624539,22.184558056406885,2.798281378153195,404.39350248890713
1986-01-16T12:38:00,demo_final_january_week,rulebased,23.22206620888173,22.729445118788952,22.03465663029891,21.249066847735506,23.25789698118622,4.4,2.0,4.4,2.0,8.0,5.800000000000001,21.0,24.0,0.09183615471624539,22.27639421112313,1.2597608679053536,405.6532633568125
1986-01-16T12:53:00,demo_final_january_week,rulebased,23.662277706114,22.783016695236167,22.09571586253585,21.33590768290512,23.271263584747242,4.4,2.0,4.4,2.0,8.0,6.5,21.0,24.0,0.09183615471624539,22.368230365839374,0.8370443438438497,406.49030770065633
1986-01-16T13:08:00,demo_final_january_week,rulebased,23.99414747415627,22.75138030660721,22.148112219884865,21.387886866209122,23.30761737902913,4.4,2.0,4.4,2.0,8.0,7.2,21.0,24.0,0.09204217591756154,22.460272541756936,0.6493053386441611,407.1396130393005
1986-01-16T13:23:00,demo_final_january_week,rulebased,23.999176617079506,22.958094178897575,22.489012969539015,21.72091922757003,23.625005618998525,8.8,4.0,8.8,4.0,16.0,7.75,21.0,24.0,0.09500780737096334,22.555280349127898,0.41188404257798,407.5514970818785
1986-01-16T13:38:00,demo_final_january_week,rulebased,23.99943455155623,22.98293963797233,22.671681660180386,21.879139537265235,23.82331545017051,8.8,4.0,8.8,4.0,16.0,8.3,21.0,24.0,0.09629245565710237,22.651572804785,0.3063002312231354,407.8577973131016
1986-01-16T13:45:00,demo_final_january_week,rulebased,23.99925606307516,22.957239142588445,22.762371865381066,21.962631639056532,23.933124347999936,8.8,4.0,8.8,4.0,16.0,8.850000000000001,21.0,24.0,0.09664504870643881,22.74821785349144,0.24105782649714239,408.09885513959875
1986-01-16T14:00:00,demo_final_january_week,rulebased,23.999255060726327,22.903818413285272,22.83375350385965,22.033829751060924,23.997342710318186,8.8,4.0,8.8,4.0,16.0,9.4,21.0,24.0,0.09710216035689569,22.845320013848337,0.17063342936529385,408.26948856896405
1986-01-16T14:15:00,demo_final_january_week,rulebased,23.99935140896137,22.910301408907557,22.94017224098765,22.156333837462665,23.99925168086922,11.0,5.0,11.0,5.0,20.0,9.55,21.0,24.0,0.09836547578734711,22.943685489635683,0.10745315400818364,408.3769417229722
1986-01-16T14:30:00,demo_final_january_week,rulebased,23.99939298044601,22.922394630414495,23.038122241641517,22.276480205666253,23.99929154382368,11.0,5.0,11.0,5.0,20.0,9.7,21.0,24.0,0.09772890922224794,23.04141439885793,0.10980348931511072,408.4867452122873
1986-01-16T14:45:00,demo_final_january_week,rulebased,23.99937647131396,22.902146216332568,23.095709106207295,22.360586148956266,23.999251456445585,11.0,5.0,11.0,5.0,20.0,9.85,21.0,24.0,0.09762841662779623,23.139042815485727,0.09043760024824235,408.57718281253557
1986-01-16T15:00:00,demo_final_january_week,rulebased,23.999352575642213,22.859785338599032,23.121153046363215,22.41930314529384,23.999233390168296,11.0,5.0,11.0,5.0,20.0,10.0,21.0,24.0,0.09740169026728279,23.23644450575301,0.07867634859396262,408.6558591611295
1986-01-16T15:15:00,demo_final_january_week,rulebased,23.99931123605124,22.768353411978858,23.080450610796948,22.424310802800687,23.99927856413204,11.0,5.0,11.0,5.0,20.0,10.0,21.0,24.0,0.09604263433474748,23.332487140087757,0.13024541107070547,408.7861045722002
1986-01-16T15:30:00,demo_final_january_week,rulebased,23.999278282836084,22.688231236835687,23.043908550274256,22.433538710319752,23.999234777245693,11.0,5.0,11.0,5.0,20.0,10.0,21.0,24.0,0.09591633249144191,23.4284034725792,0.1277245054222103,408.91382907762244
1986-01-16T15:45:00,demo_final_january_week,rulebased,23.999266822033807,22.63003353427975,23.027236814772564,22.453605178589193,23.999187458189432,11.0,5.0,11.0,5.0,20.0,10.0,21.0,24.0,0.09569328167615447,23.524096754255353,0.135863323686754,409.0496924013092
1986-01-16T16:00:00,demo_final_january_week,rulebased,23.999269736268324,22.578323189440976,23.014807068183323,22.467183456068142,23.999144117339252,11.0,5.0,11.0,5.0,20.0,10.0,21.0,24.0,0.09540362121981953,23.619500375475173,0.1483775353805716,409.19806993668976
1986-01-16T16:15:00,demo_final_january_week,rulebased,23.920963549899437,22.405848413409142,22.85261279176624,22.34053554291655,23.999317336053615,11.0,5.0,11.0,5.0,20.0,9.575,21.0,24.0,0.09261088621405181,23.712111261689223,0.39915052352383457,409.5972204602136
1986-01-16T16:30:00,demo_final_january_week,rulebased,23.680997387462828,22.22759832131189,22.67498793498505,22.16479340700431,23.999315552637658,11.0,5.0,11.0,5.0,20.0,9.15,21.0,24.0,0.09242394796426262,23.804535209653487,0.44711148865908107,410.04433194887264
1986-01-16T16:53:00,demo_final_january_week,rulebased,23.31100379914485,22.062161483387122,22.515506495031037,21.969959572432487,23.99950676160895,11.0,5.0,11.0,5.0,20.0,8.725000000000001,21.0,24.0,0.09223797516081259,23.8967731848143,0.5117780899048647,410.5561100387775
1986-01-16T17:00:00,demo_final_january_week,rulebased,23.11398255782428,21.974984290146175,22.43491990523669,21.87273584482408,23.99931786704824,11.0,5.0,11.0,5.0,20.0,8.3,21.0,24.0,0.09203207156191279,23.988805256376214,0.5804745267578809,411.1365845655354
1986-01-16T17:15:00,demo_final_january_week,rulebased,22.89412318835522,21.871716308521073,22.34013461014919,21.76318532224057,23.989042119654584,11.0,5.0,11.0,5.0,20.0,8.3,21.0,24.0,0.09183615471624539,24.080641411092458,0.5748652027019601,411.71144976823734
1986-01-16T17:30:00,demo_final_january_week,rulebased,22.716816813660945,21.78049825787957,22.259064745709814,21.669259972354002,23.95480528294474,11.0,5.0,11.0,5.0,20.0,8.3,21.0,24.0,0.09183615471624539,24.172477565808702,0.5537733093559056,412.26522307759325
1986-01-16T17:45:00,demo_final_january_week,rulebased,22.561235354244012,21.698680668015523,22.18683238571304,21.5846056401794,23.904251225635957,11.0,5.0,11.0,5.0,20.0,8.3,21.0,24.0,0.09183615471624539,24.264313720524946,0.5426096064111815,412.80783268400444
1986-01-16T18:00:00,demo_final_january_week,rulebased,22.419602951339495,21.62393867854639,22.120081223819458,21.50693606588336,23.84716451826234,11.0,5.0,11.0,5.0,20.0,8.3,21.0,24.0,0.09183615471624539,24.35614987524119,0.5361256018831225,413.34395828588754
1986-01-16T18:23:00,demo_final_january_week,rulebased,21.715098536608416,21.02154517435139,21.479894789828872,21.0143128014765,23.223832690181883,5.5,2.5,5.5,2.5,10.0,8.3,21.0,24.0,0.09183615471624539,24.447986029957434,0.32718533136194294,413.67114361724947
1986-01-16T18:38:00,demo_final_january_week,rulebased,21.347685135867764,21.00233053153656,21.156979133110223,21.00126646706864,22.83914303672472,5.5,2.5,5.5,2.5,10.0,8.3,21.0,24.0,0.09183615471624539,24.539822184673678,0.3167838524825846,413.987927469732
1986-01-16T18:45:00,demo_final_january_week,rulebased,21.155804002235154,21.001535708475842,21.00908055805005,20.99975642997924,22.66978433455371,5.5,2.5,5.5,2.5,10.0,8.3,21.0,24.0,0.09183615471624539,24.631658339389922,0.428363309593342,414.4162907793254
1986-01-16T19:00:00,demo_final_january_week,rulebased,21.019201507927054,20.999457983359125,21.001457772276744,21.001816997352268,22.55358140147062,5.5,2.5,5.5,2.5,10.0,8.3,21.0,24.0,0.09183615471624539,24.723494494106166,0.6552052653235991,415.071496044649
1986-01-16T19:23:00,demo_final_january_week,rulebased,21.000831354523086,20.999381734807375,21.000883474478805,21.001782718539232,21.976767329797898,0.0,0.0,0.0,0.0,0.0,8.450000000000001,21.0,24.0,0.09183615471624539,24.81533064882241,1.3787860150576672,416.45028205970664
1986-01-16T19:35:00,demo_final_january_week,rulebased,20.209291836707916,19.936948668950713,20.17283405916292,19.86868662497834,21.537157519635908,0.0,0.0,0.0,0.0,0.0,8.600000000000001,18.3,27.0,0.09183615471624539,24.907166803538654,0.6946931696289983,417.1449752293356
1986-01-16T19:53:00,demo_final_january_week,rulebased,20.04820211136761,19.788970743258567,19.99422726102052,19.725700205834464,21.282172672896955,0.0,0.0,0.0,0.0,0.0,8.75,18.3,27.0,0.09183615471624539,24.9990029582549,0.6100394000272743,417.7550146293629
1986-01-16T20:00:00,demo_final_january_week,rulebased,19.915978400489205,19.666583840827556,19.864739209108798,19.60413702754528,21.09572859106283,0.0,0.0,0.0,0.0,0.0,8.9,18.3,28.0,0.09183615471624539,25.090839112971143,0.5583840541158819,418.3133986834788
1986-01-16T20:15:00,demo_final_january_week,rulebased,19.91710202539147,19.908952204813446,19.861098162014724,19.895608569256257,20.909517706654743,0.0,0.0,0.0,0.0,0.0,8.75,18.3,28.0,0.09183615471624539,25.182675267687387,0.0,418.3133986834788
1986-01-16T20:30:00,demo_final_january_week,rulebased,19.87349807503477,20.00056867592391,19.819301756115976,20.01342840489849,20.761144443105003,0.0,0.0,0.0,0.0,0.0,8.600000000000001,18.3,28.0,0.09183615471624539,25.27451142240363,0.0,418.3133986834788
1986-01-16T20:45:00,demo_final_january_week,rulebased,19.76834402990551,19.92742726098165,19.720021353143256,19.944734453563214,20.623942351537277,0.0,0.0,0.0,0.0,0.0,8.450000000000001,18.3,28.0,0.09183615471624539,25.366347577119875,0.0,418.3133986834788
1986-01-16T21:00:00,demo_final_january_week,rulebased,19.655493394465932,19.82575985702878,19.613064989485274,19.843511573876576,20.495913585842047,0.0,0.0,0.0,0.0,0.0,8.3,18.3,28.0,0.09183615471624539,25.45818373183612,0.0,418.3133986834788
1986-01-16T21:15:00,demo_final_january_week,rulebased,19.541037181176748,19.726687775103898,19.50387339253769,19.746188245372373,20.379561213210064,0.0,0.0,0.0,0.0,0.0,8.3,18.3,28.0,0.09183615471624539,25.550019886552363,0.0,418.3133986834788
1986-01-16T21:30:00,demo_final_january_week,rulebased,19.436592859563493,19.63366391647778,19.404555632296223,19.65446781167135,20.278652105224754,0.0,0.0,0.0,0.0,0.0,8.3,18.3,28.0,0.09183615471624539,25.641856041268607,0.0,418.3133986834788
1986-01-16T21:45:00,demo_final_january_week,rulebased,19.345631084459903,19.548145457838423,19.318659117708673,19.569367197155284,20.192134681132384,0.0,0.0,0.0,0.0,0.0,8.3,18.3,28.0,0.09183615471624539,25.73369219598485,0.0,418.3133986834788
1986-01-16T22:00:00,demo_final_january_week,rulebased,19.266061777605792,19.470702866081645,19.243878505131782,19.491936205997874,20.116898723172756,0.0,0.0,0.0,0.0,0.0,8.3,18.3,28.0,0.09183615471624539,25.825528350701095,0.0,418.3133986834788
1986-01-16T22:15:00,demo_final_january_week,rulebased,19.188974562810056,19.394942923309298,19.17106343648316,19.416022784409126,20.046602348982336,0.0,0.0,0.0,0.0,0.0,8.175,18.3,28.0,0.09183615471624539,25.91736450541734,0.0,418.3133986834788
1986-01-16T22:30:00,demo_final_january_week,rulebased,19.114193266219193,19.32071627007363,19.0997242644654,19.341515774180632,19.980278695437672,0.0,0.0,0.0,0.0,0.0,8.05,18.3,28.0,0.09183615471624539,26.009200660133583,0.0,418.3133986834788
1986-01-16T22:45:00,demo_final_january_week,rulebased,19.043591215360376,19.249825099513213,19.032066073424208,19.270214733537824,19.91863023599729,0.0,0.0,0.0,0.0,0.0,7.925,18.3,28.0,0.09183615471624539,26.101036814849827,0.0,418.3133986834788
1986-01-16T23:00:00,demo_final_january_week,rulebased,18.97744318681678,19.182570403662947,18.96856226100192,19.206811263117707,19.861645036113778,0.0,0.0,0.0,0.0,0.0,7.8,18.3,28.0,0.09183615471624539,26.19287296956607,0.0,418.3133986834788
1986-01-16T23:15:00,demo_final_january_week,rulebased,18.91239526475655,19.11612264240167,18.905881345069265,19.138647412610194,19.806224121926054,0.0,0.0,0.0,0.0,0.0,7.6499999999999995,18.3,28.0,0.09183615471624539,26.284709124282315,0.0,418.3133986834788
1986-01-16T23:30:00,demo_final_january_week,rulebased,18.848619609330587,19.055324021654517,18.84418289308243,19.074792100245404,19.752308600661266,0.0,0.0,0.0,0.0,0.0,7.5,18.3,28.0,0.09183615471624539,26.37654527899856,0.0,418.3133986834788
1986-01-16T23:45:00,demo_final_january_week,rulebased,18.786970226008897,18.990805301616536,18.784350411793785,19.00924402404248,19.70066685089344,0.0,0.0,0.0,0.0,0.0,7.3500000000000005,18.3,28.0,0.09183615471624539,26.468381433714804,0.0,418.3133986834788
1986-01-17T00:00:00,demo_final_january_week,rulebased,18.727524682817947,18.93139138542011,18.72650580848115,18.94871385851611,19.65144703681096,0.0,0.0,0.0,0.0,0.0,7.2,18.3,28.0,0.09183615471624539,26.560217588431048,0.0,418.3133986834788
1986-01-17T00:15:00,demo_final_january_week,rulebased,18.6789317516297,18.87788703160063,18.679242477615585,18.894724042617046,19.614023905636977,0.0,0.0,0.0,0.0,0.0,7.075,18.3,28.0,0.09183615471624539,26.65205374314729,0.0,418.3133986834788
1986-01-17T00:30:00,demo_final_january_week,rulebased,18.638248207463306,18.831990681084292,18.639718140441396,18.84762768615206,19.586566988582447,0.0,0.0,0.0,0.0,0.0,6.95,18.3,28.0,0.09183615471624539,26.743889897863536,0.0,418.3133986834788
1986-01-17T00:45:00,demo_final_january_week,rulebased,18.60154027330586,18.789474867218,18.604050547524537,18.80397824439099,19.56182369261829,0.0,0.0,0.0,0.0,0.0,6.825,18.3,28.0,0.09183615471624539,26.83572605257978,0.0,418.3133986834788
1986-01-17T01:00:00,demo_final_january_week,rulebased,18.567599389373324,18.7490557386548,18.57103823775191,18.76262238185394,19.538416751152994,0.0,0.0,0.0,0.0,0.0,6.7,18.3,28.0,0.09183615471624539,26.927562207296024,0.0,418.3133986834788
1986-01-17T01:15:00,demo_final_january_week,rulebased,18.531311458777246,18.707144533696802,18.535632185819512,18.71985844236552,19.512938948863972,0.0,0.0,0.0,0.0,0.0,6.550000000000001,18.3,28.0,0.09183615471624539,27.019398362012268,0.0,418.3133986834788
1986-01-17T01:30:00,demo_final_january_week,rulebased,18.494152291358166,18.665195751516208,18.49928096243652,18.677089826356315,19.486691932109803,0.0,0.0,0.0,0.0,0.0,6.4,18.3,28.0,0.09183615471624539,27.111234516728512,0.0,418.3133986834788
1986-01-17T01:45:00,demo_final_january_week,rulebased,18.46016457934201,18.624552917615905,18.465897546429396,18.63564904158599,19.46133693355406,0.0,0.0,0.0,0.0,0.0,6.249999999999999,18.3,28.0,0.09183615471624539,27.203070671444756,0.0,418.3133986834788
1986-01-17T02:00:00,demo_final_january_week,rulebased,18.42523439624161,18.585194520463588,18.431680382281915,18.595516495094074,19.437237322793212,0.0,0.0,0.0,0.0,0.0,6.1,18.3,28.0,0.09183615471624539,27.294906826161,0.0,418.3133986834788
1986-01-17T02:15:00,demo_final_january_week,rulebased,18.384966786809688,18.540427940657114,18.390677756559754,18.550829844708428,19.40835459032937,0.0,0.0,0.0,0.0,0.0,5.975,18.3,28.0,0.09183615471624539,27.386742980877244,0.0,418.3133986834788
1986-01-17T02:30:00,demo_final_january_week,rulebased,18.3410199273359,18.493160025177723,18.34492440283751,18.5026959636509,19.376036288762858,0.0,0.0,0.0,0.0,0.0,5.85,18.3,28.0,0.09183615471624539,27.47857913559349,0.0,418.3133986834788
1986-01-17T02:45:00,demo_final_january_week,rulebased,18.302457967572263,18.444814802953655,18.302324057588702,18.453475904851395,19.342626021693505,0.0,0.0,0.0,0.0,0.0,5.725,18.3,28.0,0.09183615471624539,27.570415290309732,0.005250663350003348,418.3186493468288
1986-01-17T03:00:00,demo_final_january_week,rulebased,18.300110238258917,18.39587101833321,18.299418584429443,18.40390856955525,19.309022812656846,0.0,0.0,0.0,0.0,0.0,5.6,18.3,28.0,0.09183615471624539,27.662251445025976,0.02952890430152084,418.3481782511303
1986-01-17T03:15:00,demo_final_january_week,rulebased,18.299683039550153,18.353328484614476,18.300057272842817,18.360795222470863,19.285070202112056,0.0,0.0,0.0,0.0,0.0,5.299999999999999,18.3,28.0,0.09183615471624539,27.75408759974222,0.039889708591493656,418.3880679597218
1986-01-17T03:30:00,demo_final_january_week,rulebased,18.299785909337967,18.31538293312536,18.299191445459055,18.322249932586,19.268914301067873,0.0,0.0,0.0,0.0,0.0,5.0,18.3,28.0,0.09183615471624539,27.845923754458465,0.05290682114150375,418.4409747808633
1986-01-17T03:45:00,demo_final_january_week,rulebased,18.299854694061825,18.30162912098062,18.2999067023341,18.301657390258626,19.25678464509613,0.0,0.0,0.0,0.0,0.0,4.7,18.3,28.0,0.09183615471624539,27.93775990917471,0.07367329118939672,418.5146480720527
1986-01-17T04:00:00,demo_final_january_week,rulebased,18.299879916966592,18.30146227274096,18.29929457004039,18.299214727392762,19.247126100131435,0.0,0.0,0.0,0.0,0.0,4.4,18.3,28.0,0.09183615471624539,28.029596063890953,0.09372405497200614,418.6083721270247
1986-01-17T04:15:00,demo_final_january_week,rulebased,18.299879195307245,18.29882425521093,18.299545593782625,18.29983084489045,19.229647446129558,0.0,0.0,0.0,0.0,0.0,4.125,18.3,28.0,0.09183615471624539,28.121432218607197,0.12243039672087919,418.7308025237456
1986-01-17T04:30:00,demo_final_january_week,rulebased,18.300382590970077,18.299611238934045,18.300365246800514,18.300401421719474,19.206582959217048,0.0,0.0,0.0,0.0,0.0,3.85,18.3,28.0,0.09183615471624539,28.21326837332344,0.15398984255857504,418.88479236630417
1986-01-17T04:45:00,demo_final_january_week,rulebased,18.299150363665643,18.300301372415277,18.299307298332,18.301527374138796,19.18180697116754,0.0,0.0,0.0,0.0,0.0,3.5749999999999997,18.3,28.0,0.09183615471624539,28.305104528039685,0.1866506966810862,419.0714430629853
1986-01-17T05:00:00,demo_final_january_week,rulebased,18.300006044096794,18.30020587993457,18.300225841675744,18.299839673226362,19.156728329062776,0.0,0.0,0.0,0.0,0.0,3.3,18.3,28.0,0.09183615471624539,28.39694068275593,0.22316540193576295,419.29460846492105
1986-01-17T05:15:00,demo_final_january_week,rulebased,18.299200290928628,18.300827942411903,18.29943360002751,18.300685721574688,19.138518349890568,0.0,0.0,0.0,0.0,0.0,3.175,18.3,28.0,0.09183615471624539,28.488776837472173,0.24603517972752176,419.5406436446486
1986-01-17T05:30:00,demo_final_january_week,rulebased,18.300629720201385,18.30087265313525,18.300738110144263,18.300810938309127,19.125521811703702,0.0,0.0,0.0,0.0,0.0,3.05,18.3,28.0,0.09183615471624539,28.580612992188417,0.2696169964310706,419.81026064107965
1986-01-17T05:45:00,demo_final_january_week,rulebased,18.299140313885992,18.300855366224248,18.299156917692386,18.30033139272917,19.114796195560224,0.0,0.0,0.0,0.0,0.0,2.925,18.3,28.0,0.09183615471624539,28.67244914690466,0.2899986437163144,420.100259284796
1986-01-17T06:00:00,demo_final_january_week,rulebased,18.300714089241673,18.301420376602717,18.3005433268317,18.300238319539012,19.105170466757063,0.0,0.0,0.0,0.0,0.0,2.8,18.3,28.0,0.09183615471624539,28.764285301620905,0.31209350304244615,420.4123527878384
1986-01-17T06:15:00,demo_final_january_week,rulebased,18.301085257417935,18.302579025474625,18.30078356114068,18.301474867700787,19.042212572383995,0.0,0.0,0.0,0.0,0.0,2.8,18.3,28.0,0.09183615471624539,28.85612145633715,2.1609380505114415,422.57329083834986
1986-01-17T06:30:00,demo_final_january_week,rulebased,18.30025274840205,18.301523783041986,18.301449065897124,18.302729283403913,18.98956886406275,0.0,0.0,0.0,0.0,0.0,2.8,18.3,28.0,0.09183615471624539,28.947957611053393,2.3469771564077306,424.9202679947576
1986-01-17T06:45:00,demo_final_january_week,rulebased,18.301121112346806,18.301761441558927,18.300863833184863,18.301004089842206,18.95852205753531,0.0,0.0,0.0,0.0,0.0,2.8,18.3,28.0,0.09183615471624539,29.039793765769637,1.8160054320161438,426.7362734267737
1986-01-17T07:00:00,demo_final_january_week,rulebased,18.300444817109675,18.301053312370243,18.300745124634457,18.301430468113086,18.936785905732613,0.0,0.0,0.0,0.0,0.0,2.8,18.3,28.0,0.09183615471624539,29.13162992048588,1.7464444717510452,428.48271789852475
1986-01-17T07:15:00,demo_final_january_week,rulebased,18.300228066297038,18.29931334948005,18.299906529001746,18.300929944116874,18.922889782438524,0.0,0.0,0.0,0.0,0.0,2.8,18.3,28.0,0.09183615471624539,29.223466075202126,1.7369311131977831,430.21964901172254
1986-01-17T07:30:00,demo_final_january_week,rulebased,18.301088157286515,18.301046019057658,18.29970753813896,18.30074008073606,18.914464081743713,0.0,0.0,0.0,0.0,0.0,2.8,18.3,28.0,0.09183615471624539,29.31530222991837,1.6581392041106626,431.8777882158332
1986-01-17T07:45:00,demo_final_january_week,rulebased,18.299830269256674,18.43803969673906,18.29944529931856,18.299069591704143,18.910747842189963,0.0,0.0,0.0,0.0,0.0,2.8,18.3,28.0,0.09183615471624539,29.407138384634614,1.5969343419096529,433.4747225577429
1986-01-17T08:08:00,demo_final_january_week,rulebased,18.300658515576046,18.928256014373655,18.300067097677292,18.300267100359942,18.912310455922498,0.0,0.0,0.0,0.0,0.0,2.8,18.3,28.0,0.09183615471624539,29.498974539350858,1.5567011071026158,435.03142366484553
1986-01-17T08:18:00,demo_final_january_week,rulebased,19.00163769479279,20.514037235456644,19.01318272328915,18.842460132188886,20.12814405901298,11.0,5.0,11.0,5.0,20.0,2.925,18.3,28.0,0.09183615471624539,29.590810694067102,1.2532280634893447,436.2846517283349
1986-01-17T08:34:00,demo_final_january_week,rulebased,19.347181956055245,21.33027141198723,19.344507189136078,19.107364027698658,20.738761597521524,11.0,5.0,11.0,5.0,20.0,3.05,18.3,28.0,0.09183615471624539,29.682646848783346,1.1435184764061201,437.42817020474104
1986-01-17T08:47:00,demo_final_january_week,rulebased,21.000748286204708,21.979235718787837,21.00078570449943,21.000135934212672,21.176405136987935,11.0,5.0,11.0,5.0,20.0,3.175,21.0,25.0,0.09183615471624534,29.77448300349959,2.8306711111504432,440.25884131589146
1986-01-17T09:05:00,demo_final_january_week,rulebased,21.000137610079577,22.622780416900866,21.000220521025646,21.00097820286389,21.434330743670778,11.0,5.0,11.0,5.0,20.0,3.3,21.0,25.0,0.09183615471624539,29.866319158215834,1.6799861364481528,441.93882745233964
1986-01-17T09:20:00,demo_final_january_week,rulebased,21.062506858572497,23.556229461888282,21.000175343854828,21.00110084354279,22.133705382391913,11.0,5.0,11.0,5.0,20.0,3.9999999999999996,21.0,24.0,0.09183615471624539,29.958155312932078,0.9134779797687725,442.85230543210844
1986-01-17T09:35:00,demo_final_january_week,rulebased,21.392936497832707,23.998770587059827,21.136564338460243,21.00110863927003,22.540743315640885,11.0,5.0,11.0,5.0,20.0,4.699999999999999,21.0,24.0,0.09232275735885924,30.050478070290936,0.2151722022783486,443.06747763438676
1986-01-17T09:53:00,demo_final_january_week,rulebased,21.74973382361819,23.99863413596268,21.35607241741754,20.99954560988063,22.824169949788534,11.0,5.0,11.0,5.0,20.0,5.3999999999999995,21.0,24.0,0.09354453388341558,30.144022604174353,0.07307890964157208,443.14055654402836
1986-01-17T10:08:00,demo_final_january_week,rulebased,22.147427133092663,23.999306395938994,21.61129354626181,21.051967879334846,23.05918996938038,11.0,5.0,11.0,5.0,20.0,6.1,21.0,24.0,0.09443789329719109,30.238460497471543,1.8339912172687918,444.9745477612972
1986-01-17T10:23:00,demo_final_january_week,rulebased,22.554775093535902,23.999351280531993,21.860297717795873,21.213397079810715,23.28855487379395,11.0,5.0,11.0,5.0,20.0,6.6499999999999995,21.0,24.0,0.09513712357408656,30.33359762104563,0.8359305582355353,445.8104783195327
1986-01-17T10:38:00,demo_final_january_week,rulebased,22.96071625192332,23.99937352777501,22.104420145578473,21.394570661919825,23.495605816049164,11.0,5.0,11.0,5.0,20.0,7.2,21.0,24.0,0.09557905637403914,30.42917667741967,0.6184767221397685,446.42895504167245
1986-01-17T10:53:00,demo_final_january_week,rulebased,23.373727358677144,23.99937972685086,22.330392911200338,21.56695292270705,23.681907185714113,11.0,5.0,11.0,5.0,20.0,7.75,21.0,24.0,0.09596175095748498,30.525138428377154,0.4857075135147564,446.9146625551872
1986-01-17T11:08:00,demo_final_january_week,rulebased,23.79526755896229,23.999382641455803,22.556724887783957,21.74568944026416,23.8547801445053,11.0,5.0,11.0,5.0,20.0,8.3,21.0,24.0,0.09618944753862788,30.62132787591578,0.3875147158685072,447.3021772710557
1986-01-17T11:23:00,demo_final_january_week,rulebased,23.997178794555225,23.999449897075785,22.61896092660478,21.75740517081132,23.860492409599267,8.8,4.0,8.8,4.0,16.0,8.725000000000001,21.0,24.0,0.09618066571725613,30.717508541633038,0.3241534472488854,447.6263307183046
1986-01-17T11:38:00,demo_final_january_week,rulebased,23.99920495009592,23.999556534699074,22.713226167988218,21.84286484043912,23.908256821762762,8.8,4.0,8.8,4.0,16.0,9.15,21.0,24.0,0.09791654046817333,30.81542508210121,0.20202172554406822,447.82835244384864
1986-01-17T11:53:00,demo_final_january_week,rulebased,23.999243062559035,23.999573192222297,22.82620669447506,21.948272002196475,23.987799598572337,8.8,4.0,8.8,4.0,16.0,9.575,21.0,24.0,0.09899084971371948,30.91441593181493,0.11222549244020419,447.94057793628883
1986-01-17T12:00:00,demo_final_january_week,rulebased,23.99890483582741,23.999522546685878,22.915328510479707,22.032353001977363,23.998909809482477,8.8,4.0,8.8,4.0,16.0,10.0,21.0,24.0,0.10055296192232499,31.014968893737255,0.02163945077630693,447.96221738706515
1986-01-17T12:15:00,demo_final_january_week,rulebased,23.998948622178144,23.99943628221518,22.816997951576447,21.94079195970149,23.878179838051405,4.4,2.0,4.4,2.0,8.0,10.425,21.0,24.0,0.09741453432962038,31.112383428066874,0.07274987590242521,448.0349672629676
1986-01-17T12:30:00,demo_final_january_week,rulebased,23.999064452841914,23.999535559960584,22.739948912010647,21.883711415747644,23.781504398904584,4.4,2.0,4.4,2.0,8.0,10.85,21.0,24.0,0.09724842221937866,31.209631850286254,0.029732786848521355,448.0647000498161
1986-01-17T12:45:00,demo_final_january_week,rulebased,23.999220571360397,23.999562393748075,22.744643303913914,21.904448367023175,23.75124066182445,4.4,2.0,4.4,2.0,8.0,11.274999999999999,21.0,24.0,0.09739119112448374,31.307023041410737,0.0,448.0647000498161
1986-01-17T13:00:00,demo_final_january_week,rulebased,23.999323878632037,23.999608201597344,22.777822950938415,21.945811289867997,23.75695395153248,4.4,2.0,4.4,2.0,8.0,11.7,21.0,24.0,0.09708433964046334,31.4041073810512,0.0,448.0647000498161
1986-01-17T13:15:00,demo_final_january_week,rulebased,23.99935269398238,23.999610930590155,23.01368763480381,22.17311000465647,23.97931347676144,8.8,4.0,8.8,4.0,16.0,11.549999999999999,21.0,24.0,0.09932998757564031,31.50343736862684,0.0,448.0647000498161
1986-01-17T13:30:00,demo_final_january_week,rulebased,23.99933519864902,23.999567955495145,23.216909009705564,22.35224661803751,23.998138457371443,8.8,4.0,8.8,4.0,16.0,11.399999999999999,21.0,24.0,0.10334311843748407,31.606780487064324,0.0,448.0647000498161
1986-01-17T13:45:00,demo_final_january_week,rulebased,23.99921134507483,23.974763312733895,23.321917882055757,22.44370666588654,23.9991764548971,8.8,4.0,8.8,4.0,16.0,11.25,21.0,24.0,0.10222462671601015,31.709005113780332,0.0,448.0647000498161
1986-01-17T14:00:00,demo_final_january_week,rulebased,23.99920320253734,23.867478733711636,23.366678026443367,22.485418520438404,23.999161722878732,8.8,4.0,8.8,4.0,16.0,11.1,21.0,24.0,0.10171566221867259,31.810720775999005,0.0,448.0647000498161
1986-01-17T14:15:00,demo_final_january_week,rulebased,23.999283333279205,23.762774834624356,23.42836330781336,22.55744159741121,23.99909169211123,11.0,5.0,11.0,5.0,20.0,10.975,21.0,24.0,0.1014485038184766,31.912169279817483,0.0,448.0647000498161
1986-01-17T14:30:00,demo_final_january_week,rulebased,23.99931296970255,23.65404609937798,23.471551968288875,22.608103239638307,23.99905683943727,11.0,5.0,11.0,5.0,20.0,10.85,21.0,24.0,0.09959787131476076,32.01176715113225,0.0,448.0647000498161
1986-01-17T14:45:00,demo_final_january_week,rulebased,23.999279283732047,23.538937663886923,23.488066315703893,22.629194977989602,23.999039217014793,11.0,5.0,11.0,5.0,20.0,10.725,21.0,24.0,0.09873187169626399,32.11049902282851,0.0,448.0647000498161
1986-01-17T15:00:00,demo_final_january_week,rulebased,23.999245221311423,23.42600336422903,23.488911757343804,22.63741285866168,23.999030351612767,11.0,5.0,11.0,5.0,20.0,10.6,21.0,24.0,0.09807011984094399,32.208569142669454,0.0,448.0647000498161
1986-01-17T15:15:00,demo_final_january_week,rulebased,23.999260458641132,23.263928286313366,23.414726033270846,22.58751063824834,23.999105529300206,11.0,5.0,11.0,5.0,20.0,10.45,21.0,24.0,0.0959672321856804,32.30453637485513,0.04592522294725258,448.11062527276334
1986-01-17T15:30:00,demo_final_january_week,rulebased,23.99926595695738,23.11355510545197,23.336035306208583,22.540746113788753,23.99911009673709,11.0,5.0,11.0,5.0,20.0,10.3,21.0,24.0,0.09534626536816551,32.3998826402233,0.08312680295918962,448.19375207572256
1986-01-17T15:45:00,demo_final_january_week,rulebased,23.983791993158228,22.986303231477358,23.27076243798126,22.50539875887251,23.99911043129893,11.0,5.0,11.0,5.0,20.0,10.15,21.0,24.0,0.09486588797850623,32.494748528201804,0.12340828313875771,448.3171603588613
1986-01-17T16:00:00,demo_final_january_week,rulebased,23.911500476145655,22.867304445788744,23.2057108396989,22.467441807280533,23.99911939857932,11.0,5.0,11.0,5.0,20.0,10.0,21.0,24.0,0.09474834816857862,32.58949687637038,0.14546852811742256,448.46262888697873
1986-01-17T16:15:00,demo_final_january_week,rulebased,23.681595561238833,22.64950846497448,23.01433761113352,22.3206137039375,23.999297011433555,11.0,5.0,11.0,5.0,20.0,9.575,21.0,24.0,0.0930892622080272,32.68258613857841,0.32723465785218864,448.78986354483095
1986-01-17T16:30:00,demo_final_january_week,rulebased,23.43439504310075,22.45225029499921,22.832696171262832,22.173342655015542,23.99929438377582,11.0,5.0,11.0,5.0,20.0,9.15,21.0,24.0,0.09297313404965855,32.775559272628065,0.3810147515553451,449.1708782963863
1986-01-17T16:45:00,demo_final_january_week,rulebased,23.183965999168016,22.297591464473474,22.694511287508348,22.032151158590484,23.999278732005507,11.0,5.0,11.0,5.0,20.0,8.725000000000001,21.0,24.0,0.09286428715322174,32.868423559781284,0.4452614273779486,449.61613972376426
1986-01-17T17:00:00,demo_final_january_week,rulebased,22.976736219744424,22.173610942247517,22.590655493642316,21.917015963747154,23.999264328773606,11.0,5.0,11.0,5.0,20.0,8.3,21.0,24.0,0.09273565596116394,32.96115921574245,0.5100602593138623,450.12619998307815
1986-01-17T17:15:00,demo_final_january_week,rulebased,22.814886393814877,22.0676469873278,22.506267246752483,21.82550441380572,23.99924553241317,11.0,5.0,11.0,5.0,20.0,8.025,21.0,24.0,0.09257334031971437,33.053732556062165,0.552144856982257,450.6783448400604
1986-01-17T17:30:00,demo_final_january_week,rulebased,22.67960038701145,21.972989530842952,22.431800780152216,21.746353292185827,23.999231345234488,11.0,5.0,11.0,5.0,20.0,7.75,21.0,24.0,0.09241769223192062,33.146150248294084,0.5911923034034418,451.2695371434638
1986-01-17T17:45:00,demo_final_january_week,rulebased,22.559223041797836,21.887680380356972,22.36407676382673,21.674156274181847,23.9992207439967,11.0,5.0,11.0,5.0,20.0,7.4750000000000005,21.0,24.0,0.09227311454311071,33.238423362837196,0.6276058752690762,451.8971430187329
1986-01-17T18:00:00,demo_final_january_week,rulebased,22.450777111979043,21.810874771965924,22.302284961701915,21.60808301612749,23.999212428345764,11.0,5.0,11.0,5.0,20.0,7.2,21.0,24.0,0.09213983038839786,33.33056319322559,0.6620211973773295,452.5591642161102
1986-01-17T18:23:00,demo_final_january_week,rulebased,21.747275654174054,21.178763137666973,21.638239989692817,21.022208151387314,23.426533527004704,5.5,2.5,5.5,2.5,10.0,7.075,21.0,24.0,0.09183615471624539,33.42239934794184,0.3705605241962147,452.9297247403064
1986-01-17T18:38:00,demo_final_january_week,rulebased,21.360387998841244,21.002500188537645,21.277914005791292,21.001913933857306,23.04875311044747,5.5,2.5,5.5,2.5,10.0,6.95,21.0,24.0,0.09183615471624539,33.51423550265809,0.2561569940778871,453.18588173438434
1986-01-17T18:45:00,demo_final_january_week,rulebased,21.149796513291836,21.001691063333396,21.087021267017406,21.000938282991267,22.86082627787165,5.5,2.5,5.5,2.5,10.0,6.825,21.0,24.0,0.09183615471624539,33.606071657374336,0.42862675872904854,453.61450849311336
1986-01-17T19:00:00,demo_final_january_week,rulebased,21.010480341774326,21.002804871703216,21.00686008105942,21.001528111411698,22.71951042957005,5.5,2.5,5.5,2.5,10.0,6.7,21.0,24.0,0.09183615471624539,33.697907812090584,0.7007067533043594,454.3152152464177
1986-01-17T19:23:00,demo_final_january_week,rulebased,21.001196001882175,21.000857833096617,21.001125604353085,21.000598073823998,22.130552274792667,0.0,0.0,0.0,0.0,0.0,6.7,21.0,24.0,0.09183615471624539,33.78974396680683,2.0391372632147564,456.35435250963246
1986-01-17T19:35:00,demo_final_january_week,rulebased,20.16391932850899,19.93669516134596,20.160814687650188,19.849169195913543,21.69235315776215,0.0,0.0,0.0,0.0,0.0,6.7,18.3,27.0,0.09183615471624539,33.88158012152308,0.998880611718267,457.35323312135074
1986-01-17T19:53:00,demo_final_january_week,rulebased,19.989123258746524,19.782132757665035,19.971822415123892,19.69727805801516,21.436808145808396,0.0,0.0,0.0,0.0,0.0,6.7,18.3,27.0,0.09183615471624539,33.97341627623933,0.8467974781143246,458.20003059946504
1986-01-17T20:00:00,demo_final_january_week,rulebased,19.847456675451078,19.649318653681068,19.82978493366742,19.566634351637983,21.24981237957443,0.0,0.0,0.0,0.0,0.0,6.7,18.3,28.0,0.09183615471624539,34.065252430955574,0.7818127115589147,458.98184331102397
1986-01-17T20:15:00,demo_final_january_week,rulebased,19.84305079227205,19.887701760605797,19.815232660271462,19.857841554430266,21.060265743442493,0.0,0.0,0.0,0.0,0.0,6.550000000000001,18.3,28.0,0.09183615471624539,34.15708858567182,0.0,458.98184331102397
1986-01-17T20:30:00,demo_final_january_week,rulebased,19.791055671980654,19.96904733138242,19.76056144622034,19.968236068823355,20.90073655190675,0.0,0.0,0.0,0.0,0.0,6.4,18.3,28.0,0.09183615471624539,34.24892474038807,0.0,458.98184331102397
1986-01-17T20:45:00,demo_final_january_week,rulebased,19.674164751324398,19.880573594842524,19.646362708635767,19.88604052685315,20.74666782735017,0.0,0.0,0.0,0.0,0.0,6.249999999999999,18.3,28.0,0.09183615471624539,34.34076089510432,0.0,458.98184331102397
1986-01-17T21:00:00,demo_final_january_week,rulebased,19.5494176633207,19.763828472642164,19.524907696776793,19.771354515454867,20.600136974957973,0.0,0.0,0.0,0.0,0.0,6.1,18.3,28.0,0.09183615471624539,34.432597049820565,0.0,458.98184331102397
1986-01-17T21:15:00,demo_final_january_week,rulebased,19.427930656296496,19.653837908390145,19.405615631187754,19.66457632133462,20.451660949216436,0.0,0.0,0.0,0.0,0.0,6.1,18.3,28.0,0.09183615471624539,34.52443320453681,0.0,458.98184331102397
1986-01-17T21:30:00,demo_final_january_week,rulebased,19.319232419320272,19.55171491794056,19.29867515171387,19.564958122707708,20.338449407236805,0.0,0.0,0.0,0.0,0.0,6.1,18.3,28.0,0.09183615471624539,34.61626935925306,0.0,458.98184331102397
1986-01-17T21:45:00,demo_final_january_week,rulebased,19.224635361872686,19.457404120846405,19.205782776676465,19.472024285369613,20.252359551713752,0.0,0.0,0.0,0.0,0.0,6.1,18.3,28.0,0.09183615471624539,34.70810551396931,0.0,458.98184331102397
1986-01-17T22:00:00,demo_final_january_week,rulebased,19.141711316807385,19.371579497821934,19.124456345153384,19.386994280090732,20.17949131256199,0.0,0.0,0.0,0.0,0.0,6.1,18.3,28.0,0.09183615471624539,34.799941668685555,0.0,458.98184331102397
1986-01-17T22:15:00,demo_final_january_week,rulebased,19.06827109618063,19.29395142945926,19.05341822939139,19.314325074272215,20.10936062466102,0.0,0.0,0.0,0.0,0.0,6.249999999999999,18.3,28.0,0.09183615471624539,34.8917778234018,0.0,458.98184331102397
1986-01-17T22:30:00,demo_final_january_week,rulebased,19.003264640027464,19.227819208922,18.991444986910807,19.243277870934225,20.042352950855904,0.0,0.0,0.0,0.0,0.0,6.4,18.3,28.0,0.09183615471624539,34.98361397811805,0.0,458.98184331102397
1986-01-17T22:45:00,demo_final_january_week,rulebased,18.945926327532597,19.16344365273741,18.937361770494796,19.17993000214593,19.983806020662986,0.0,0.0,0.0,0.0,0.0,6.550000000000001,18.3,28.0,0.09183615471624539,35.0754501328343,0.0,458.98184331102397
1986-01-17T23:00:00,demo_final_january_week,rulebased,18.895457957632868,19.106173361441353,18.89020719792106,19.122484234787997,19.928800892831777,0.0,0.0,0.0,0.0,0.0,6.7,18.3,28.0,0.09183615471624539,35.167286287550546,0.0,458.98184331102397
1986-01-17T23:15:00,demo_final_january_week,rulebased,18.83942856852809,19.045296142481128,18.836739589808946,19.060570256469234,19.872634540090317,0.0,0.0,0.0,0.0,0.0,6.550000000000001,18.3,28.0,0.09183615471624539,35.25912244226679,0.0,458.98184331102397
1986-01-17T23:30:00,demo_final_january_week,rulebased,18.779859986388345,18.982225871688353,18.779044618513737,18.99664824189499,19.816937705647124,0.0,0.0,0.0,0.0,0.0,6.4,18.3,28.0,0.09183615471624539,35.35095859698304,0.0,458.98184331102397
1986-01-17T23:45:00,demo_final_january_week,rulebased,18.721245324909148,18.920238665366906,18.721954698892375,18.934025283056798,19.763515014029558,0.0,0.0,0.0,0.0,0.0,6.249999999999999,18.3,28.0,0.09183615471624539,35.44279475169929,0.0,458.98184331102397
1986-01-18T00:00:00,demo_final_january_week,rulebased,18.664828278542995,18.86017091828018,18.666882056034726,18.873355517816087,19.71269571923841,0.0,0.0,0.0,0.0,0.0,6.1,18.3,28.0,0.09183615471624539,35.534630906415536,0.0,458.98184331102397
1986-01-18T00:15:00,demo_final_january_week,rulebased,18.613599889158344,18.80416409342485,18.616681642984243,18.816746023036043,19.661604203068997,0.0,0.0,0.0,0.0,0.0,6.249999999999999,18.3,28.0,0.09183615471624539,35.626467061131784,0.0,458.98184331102397
1986-01-18T00:30:00,demo_final_january_week,rulebased,18.567183906185956,18.752018015541324,18.57105154977699,18.763986563086455,19.610931915375442,0.0,0.0,0.0,0.0,0.0,6.4,18.3,28.0,0.09183615471624539,35.71830321584803,0.0,458.98184331102397
1986-01-18T00:45:00,demo_final_january_week,rulebased,18.524311170577647,18.703031543258057,18.528818827766855,18.714373971979583,19.561902333958706,0.0,0.0,0.0,0.0,0.0,6.550000000000001,18.3,28.0,0.09183615471624539,35.81013937056428,0.0,458.98184331102397
1986-01-18T01:00:00,demo_final_january_week,rulebased,18.484418883931344,18.656947289301268,18.48946072851969,18.667653348913948,19.51498021037263,0.0,0.0,0.0,0.0,0.0,6.7,18.3,28.0,0.09183615471624539,35.90197552528053,0.0,458.98184331102397
1986-01-18T01:15:00,demo_final_january_week,rulebased,18.45155660346492,18.616967910372882,18.457063764745662,18.62699445744422,19.477124576438325,0.0,0.0,0.0,0.0,0.0,6.7,18.3,28.0,0.09183615471624539,35.993811679996774,0.0,458.98184331102397
1986-01-18T01:30:00,demo_final_january_week,rulebased,18.42471232542952,18.581498603709928,18.43055593573262,18.591661563987206,19.446404310925153,0.0,0.0,0.0,0.0,0.0,6.7,18.3,28.0,0.09183615471624539,36.08564783471302,0.0,458.98184331102397
1986-01-18T01:45:00,demo_final_january_week,rulebased,18.39981698086181,18.549882819803404,18.40598134407227,18.559058636216204,19.419666128780662,0.0,0.0,0.0,0.0,0.0,6.7,18.3,28.0,0.09183615471624539,36.17748398942927,0.0,458.98184331102397
1986-01-18T02:00:00,demo_final_january_week,rulebased,18.376358649539288,18.520620781852873,18.382821562491362,18.52874998862024,19.39560102486174,0.0,0.0,0.0,0.0,0.0,6.7,18.3,28.0,0.09183615471624539,36.26932014414552,0.0,458.98184331102397
1986-01-18T02:15:00,demo_final_january_week,rulebased,18.353077786876735,18.491905411628156,18.359805236605805,18.49925069660135,19.37188733904956,0.0,0.0,0.0,0.0,0.0,6.7,18.3,28.0,0.09183615471624539,36.361156298861765,0.0,458.98184331102397
1986-01-18T02:30:00,demo_final_january_week,rulebased,18.33049438671105,18.46425120789381,18.33745306639176,18.470935529271532,19.34881855247029,0.0,0.0,0.0,0.0,0.0,6.7,18.3,28.0,0.09183615471624539,36.45299245357801,0.0,458.98184331102397
1986-01-18T02:45:00,demo_final_january_week,rulebased,18.309117096923742,18.438149218721616,18.31627980667591,18.4442020834981,19.327035065922455,0.0,0.0,0.0,0.0,0.0,6.7,18.3,28.0,0.09183615471624539,36.54482860829426,0.0,458.98184331102397
1986-01-18T03:00:00,demo_final_january_week,rulebased,18.300521705300216,18.413600961866155,18.300298055017283,18.419042971706993,19.306681205636732,0.0,0.0,0.0,0.0,0.0,6.7,18.3,28.0,0.09183615471624539,36.63666476301051,0.004933206539500648,458.98677651756344
1986-01-18T03:15:00,demo_final_january_week,rulebased,18.300109539755987,18.390479586925256,18.299892502372042,18.395338027676708,19.28765652904746,0.0,0.0,0.0,0.0,0.0,6.7,18.3,28.0,0.09183615471624539,36.728500917726755,0.011572882666798201,458.99834940023027
1986-01-18T03:30:00,demo_final_january_week,rulebased,18.300047978578338,18.368839606013054,18.300259351136347,18.373144215845358,19.27000287895445,0.0,0.0,0.0,0.0,0.0,6.7,18.3,28.0,0.09183615471624539,36.820337072443,0.014847763916956608,459.01319716414724
1986-01-18T03:45:00,demo_final_january_week,rulebased,18.299595478275837,18.348957422711333,18.300659345239353,18.35276419272318,19.253816514128303,0.0,0.0,0.0,0.0,0.0,6.7,18.3,28.0,0.09183615471624539,36.91217322715925,0.019158776043064846,459.0323559401903
1986-01-18T04:00:00,demo_final_january_week,rulebased,18.29992817105064,18.330545803774235,18.300275238728926,18.333889611725667,19.2389391420174,0.0,0.0,0.0,0.0,0.0,6.7,18.3,28.0,0.09183615471624539,37.0040093818755,0.023140903896911154,459.0554968440872
1986-01-18T04:15:00,demo_final_january_week,rulebased,18.29992026242737,18.30990263847003,18.300607042940317,18.312841890593564,19.21854894888477,0.0,0.0,0.0,0.0,0.0,6.825,18.3,28.0,0.09183615471624539,37.095845536591746,0.02891694211207027,459.08441378619926
1986-01-18T04:30:00,demo_final_january_week,rulebased,18.300476133824937,18.300371548121884,18.299372993027518,18.300783584437355,19.194592016422288,0.0,0.0,0.0,0.0,0.0,6.95,18.3,28.0,0.09183615471624539,37.18768169130799,0.03976752532534551,459.12418131152464
1986-01-18T04:45:00,demo_final_january_week,rulebased,18.299989740803518,18.300225530439562,18.29960517218806,18.2990458666623,19.169914763414074,0.0,0.0,0.0,0.0,0.0,7.075,18.3,28.0,0.09183615471624539,37.27951784602424,0.0497596306526516,459.1739409421773
1986-01-18T05:00:00,demo_final_january_week,rulebased,18.299300658802228,18.300005118655115,18.299701568535774,18.300114339203514,19.145678183188195,0.0,0.0,0.0,0.0,0.0,7.2,18.3,28.0,0.09183615471624539,37.37135400074049,0.05846306836063082,459.23240401053795
1986-01-18T05:15:00,demo_final_january_week,rulebased,18.300703002943724,18.30036884916662,18.300000300373387,18.29912799657057,19.13165011119211,0.0,0.0,0.0,0.0,0.0,7.2,18.3,28.0,0.09183615471624539,37.463190155456736,0.0627036399795073,459.2951076505175
1986-01-18T05:30:00,demo_final_january_week,rulebased,18.299419698037003,18.29980965167343,18.300230972367384,18.29912050804814,19.12522376599833,0.0,0.0,0.0,0.0,0.0,7.2,18.3,28.0,0.09183615471624539,37.555026310172984,0.06627705084435548,459.3613847013618
1986-01-18T05:45:00,demo_final_january_week,rulebased,18.300320972679664,18.301198034449666,18.2996692833407,18.300935100834522,19.12211239208611,0.0,0.0,0.0,0.0,0.0,7.2,18.3,28.0,0.09183615471624539,37.64686246488923,0.06993116407244829,459.43131586543427
1986-01-18T06:00:00,demo_final_january_week,rulebased,18.29945331985846,18.300571478908815,18.29989882995696,18.300178359952433,19.120594180303083,0.0,0.0,0.0,0.0,0.0,7.2,18.3,28.0,0.09183615471624539,37.73869861960548,0.07286088146100364,459.50417674689527
1986-01-18T06:15:00,demo_final_january_week,rulebased,18.299336993087092,18.300833130803213,18.30072366591352,18.300048344373067,19.066368715121307,0.0,0.0,0.0,0.0,0.0,7.2,18.3,28.0,0.09183615471624539,37.83053477432173,0.800909920546138,460.3050866674414
1986-01-18T06:30:00,demo_final_january_week,rulebased,18.299601264321996,18.301215979220615,18.300239504773458,18.301338555068796,19.02758454193325,0.0,0.0,0.0,0.0,0.0,7.2,18.3,28.0,0.09183615471624539,37.922370929037974,1.368112099918223,461.6731987673596
1986-01-18T06:45:00,demo_final_january_week,rulebased,18.300271316983746,18.30126477884814,18.30051709411503,18.30072811601492,19.013918391712394,0.0,0.0,0.0,0.0,0.0,7.2,18.3,28.0,0.09183615471624539,38.01420708375422,1.152351577691646,462.8255503450513
1986-01-18T07:00:00,demo_final_january_week,rulebased,18.300161494384238,18.3001050142977,18.299945959503333,18.30100825089189,19.010937390978526,0.0,0.0,0.0,0.0,0.0,7.2,18.3,28.0,0.09183615471624539,38.10604323847047,1.0738341788995618,463.89938452395086
1986-01-18T07:15:00,demo_final_january_week,rulebased,18.300625585689914,18.301297964976513,18.29930741721283,18.30016360434946,19.004177201082403,0.0,0.0,0.0,0.0,0.0,7.075,18.3,28.0,0.09183615471624539,38.19787939318672,1.0711094672806416,464.9704939912315
1986-01-18T07:30:00,demo_final_january_week,rulebased,18.300325473146607,18.30001104239762,18.300064475930014,18.301395642205478,18.993739540301277,0.0,0.0,0.0,0.0,0.0,6.95,18.3,28.0,0.09183615471624539,38.289715547902965,1.0686357747446213,466.0391297659761
1986-01-18T07:45:00,demo_final_january_week,rulebased,18.300036664346052,18.30108189360989,18.300222286686427,18.29910860622799,18.982907377829292,0.0,0.0,0.0,0.0,0.0,6.825,18.3,28.0,0.09183615471624539,38.38155170261921,1.0685750073716178,467.10770477334773
1986-01-18T08:00:00,demo_final_january_week,rulebased,18.300496161312076,18.300196703797354,18.300621226984514,18.299987966937707,18.972952844876488,0.0,0.0,0.0,0.0,0.0,6.7,18.3,28.0,0.09183615471624539,38.47338785733546,1.0698230362867465,468.17752780963446
1986-01-18T08:20:00,demo_final_january_week,rulebased,19.11518671754361,19.04359734719592,19.175506925175167,18.990455687981363,20.169877972978092,11.0,5.0,11.0,5.0,20.0,6.7,18.3,28.0,0.09183615471624539,38.56522401205171,0.6181055201889989,468.79563332982343
1986-01-18T08:32:00,demo_final_january_week,rulebased,21.000846261172846,21.00132149809414,21.000623301843557,21.000155887867336,21.000188356525005,11.0,5.0,11.0,5.0,20.0,6.7,21.0,25.0,0.09183615471624534,38.657060166767955,3.495456008784154,472.2910893386076
1986-01-18T08:53:00,demo_final_january_week,rulebased,21.00030682665585,21.001396373229642,21.00088048850481,20.998988587282057,21.28196265241032,11.0,5.0,11.0,5.0,20.0,6.7,21.0,25.0,0.09183615471624539,38.7488963214842,1.3847533515457884,473.6758426901534
1986-01-18T09:00:00,demo_final_january_week,rulebased,21.00023761846395,20.999831647840566,21.001253143514198,21.002767199299683,21.38882000593689,11.0,5.0,11.0,5.0,20.0,6.7,21.0,24.0,0.09183615471624539,38.84073247620045,1.3949069680071229,475.07074965816054
1986-01-18T09:23:00,demo_final_january_week,rulebased,21.034617446032918,21.21054340167631,21.13288177334506,21.000881484401805,22.064251622750568,11.0,5.0,11.0,5.0,20.0,6.550000000000001,21.0,24.0,0.09183615471624539,38.9325686309167,0.16216935190870757,475.2329190100692
1986-01-18T09:38:00,demo_final_january_week,rulebased,21.2439558766857,21.611494693986124,21.366434131356087,21.000173896331898,22.502580016699238,11.0,5.0,11.0,5.0,20.0,6.4,21.0,24.0,0.09183615471624539,39.024404785632946,0.056834194247405316,475.28975320431664
1986-01-18T09:53:00,demo_final_january_week,rulebased,21.467832430726016,21.947616670595433,21.57788357065016,21.031251174632477,22.760940874076052,11.0,5.0,11.0,5.0,20.0,6.249999999999999,21.0,24.0,0.09183615471624539,39.11624094034919,2.0708460758490816,477.36059928016573
1986-01-18T10:08:00,demo_final_january_week,rulebased,21.71662307585947,22.30662945718302,21.796461037379583,21.191644065129434,22.990499834828594,11.0,5.0,11.0,5.0,20.0,6.1,21.0,24.0,0.09183615471624539,39.20807709506544,1.1197017136054859,478.4803009937712
1986-01-18T10:23:00,demo_final_january_week,rulebased,21.95385330513534,22.60856089618306,21.987910583902778,21.329067697928892,23.17616350207519,11.0,5.0,11.0,5.0,20.0,5.975,21.0,24.0,0.09183615471624539,39.29991324978169,0.9345710507247736,479.414872044496
1986-01-18T10:38:00,demo_final_january_week,rulebased,22.214198178155698,22.9256564714059,22.15906426766615,21.45266466617175,23.322884922251113,11.0,5.0,11.0,5.0,20.0,5.85,21.0,24.0,0.09183615471624539,39.391749404497936,0.8699296815561025,480.28480172605214
1986-01-18T10:45:00,demo_final_january_week,rulebased,22.39001052912409,23.115418196004363,22.27224821927684,21.536410988285567,23.420556443391572,11.0,5.0,11.0,5.0,20.0,5.725,21.0,24.0,0.09183615471624539,39.483585559214184,0.8515266793091504,481.13632840536127
1986-01-18T11:00:00,demo_final_january_week,rulebased,22.589117895915468,23.297677150528447,22.381934538967784,21.627467248649346,23.52398160377761,11.0,5.0,11.0,5.0,20.0,5.6,21.0,24.0,0.09183615471624539,39.57542171393043,0.8478185585618849,481.98414696392314
1986-01-18T11:15:00,demo_final_january_week,rulebased,22.686249629675423,23.348064366063095,22.379387640664003,21.617410105998257,23.527702555288503,8.8,4.0,8.8,4.0,16.0,5.449999999999999,21.0,24.0,0.09183615471624539,39.66725786864668,0.8549103833708865,482.83905734729404
1986-01-18T11:30:00,demo_final_january_week,rulebased,22.807869262688563,23.390450950578703,22.390634288772016,21.628916952928517,23.54234458789394,8.8,4.0,8.8,4.0,16.0,5.3,21.0,24.0,0.09183615471624539,39.75909402336293,0.864963897675992,483.70402124497
1986-01-18T11:45:00,demo_final_january_week,rulebased,22.920790805138626,23.380709618866145,22.429807464462936,21.66804321111133,23.59319986368394,8.8,4.0,8.8,4.0,16.0,5.15,21.0,24.0,0.09183615471624539,39.850930178079174,0.8759019971419583,484.579923242112
1986-01-18T12:00:00,demo_final_january_week,rulebased,22.956778722214086,23.27790283886798,22.46650197891521,21.703257194657063,23.658318378825662,8.8,4.0,8.8,4.0,16.0,5.0,21.0,24.0,0.09183615471624539,39.94276633279542,0.8876003797673482,485.4675236218793
1986-01-18T12:23:00,demo_final_january_week,rulebased,22.600217732966108,22.81658669950666,22.193585315430102,21.446853272113763,23.447732214497204,4.4,2.0,4.4,2.0,8.0,4.85,21.0,24.0,0.09183615471624539,40.03460248751167,0.8983510363049702,486.3658746581843
1986-01-18T12:38:00,demo_final_january_week,rulebased,22.325214767019784,22.517787999179852,22.061213988287143,21.346745479476052,23.3440559944464,4.4,2.0,4.4,2.0,8.0,4.7,21.0,24.0,0.09183615471624539,40.12643864222792,0.9133868349655188,487.2792614931498
1986-01-18T12:45:00,demo_final_january_week,rulebased,22.188359998113874,22.346840267423172,22.002732448450377,21.30075244912884,23.303247299560407,4.4,2.0,4.4,2.0,8.0,4.550000000000001,21.0,24.0,0.09183615471624539,40.218274796944165,0.9280655423828654,488.20732703553267
1986-01-18T13:00:00,demo_final_january_week,rulebased,22.08869032411563,22.195915058944447,21.973708876904766,21.27456233303743,23.293272942838296,4.4,2.0,4.4,2.0,8.0,4.4,21.0,24.0,0.09183615471624539,40.31011095166041,0.030315557134000398,488.23764259266665
1986-01-18T13:15:00,demo_final_january_week,rulebased,22.198281473495676,22.23548266444832,22.137140083410646,21.426236718846244,23.47388540459852,8.8,4.0,8.8,4.0,16.0,4.125,21.0,24.0,0.09183615471624539,40.40194710637666,0.13218991541640984,488.36983250808305
1986-01-18T13:30:00,demo_final_january_week,rulebased,22.22282483182407,22.159187395989328,22.20950581169187,21.442383837569352,23.600976621108554,8.8,4.0,8.8,4.0,16.0,3.85,21.0,24.0,0.09183615471624539,40.49378326109291,0.2647418185748312,488.63457432665786
1986-01-18T13:45:00,demo_final_january_week,rulebased,22.134969484503067,21.98292639625786,22.163065037681445,21.343839381027628,23.631924776290703,8.8,4.0,8.8,4.0,16.0,3.5749999999999997,21.0,24.0,0.09183615471624539,40.585619415809155,0.42177865025698863,489.05635297691487
1986-01-18T14:00:00,demo_final_january_week,rulebased,22.018129090500935,21.805579791842725,22.07916092741928,21.235632796992665,23.61924301282085,8.8,4.0,8.8,4.0,16.0,3.3,21.0,24.0,0.09183615471624539,40.6774555705254,0.6049789943170616,489.6613319712319
1986-01-18T14:15:00,demo_final_january_week,rulebased,21.998449089841685,21.74247223281846,22.08394204126506,21.23637949647705,23.6706456563346,11.0,5.0,11.0,5.0,20.0,3.175,21.0,24.0,0.09183615471624539,40.76929172524165,0.7038506160626934,490.3651825872946
1986-01-18T14:30:00,demo_final_january_week,rulebased,22.012512521809022,21.713513427542505,22.11517704947893,21.26361365383915,23.740082203448182,11.0,5.0,11.0,5.0,20.0,3.05,21.0,24.0,0.09183615471624539,40.8611278799579,0.7932916549647832,491.1584742422594
1986-01-18T14:45:00,demo_final_january_week,rulebased,22.009273806384204,21.67551509912233,22.12623412444841,21.273657144004492,23.799693459013866,11.0,5.0,11.0,5.0,20.0,2.925,21.0,24.0,0.09183615471624539,40.952964034674146,0.8745773065601304,492.0330515488195
1986-01-18T15:00:00,demo_final_january_week,rulebased,21.9890261301456,21.633797730596207,22.118931611682584,21.273102633768772,23.85011489488818,11.0,5.0,11.0,5.0,20.0,2.8,21.0,24.0,0.09183615471624539,41.04480018939039,0.9466808160718229,492.97973236489133
1986-01-18T15:15:00,demo_final_january_week,rulebased,21.88542299432398,21.530811425074354,22.027604146933566,21.20572541794889,23.820739675639665,11.0,5.0,11.0,5.0,20.0,2.6499999999999995,21.0,24.0,0.09183615471624539,41.13663634410664,1.028012361670056,494.0077447265614
1986-01-18T15:30:00,demo_final_january_week,rulebased,21.77907439753793,21.43945708323564,21.932501313145064,21.144400588085066,23.78432461542671,11.0,5.0,11.0,5.0,20.0,2.5,21.0,24.0,0.09183615471624539,41.22847249882289,1.103014848518148,495.11075957507956
1986-01-18T15:45:00,demo_final_january_week,rulebased,21.70429680331058,21.37988409989573,21.86506731286559,21.1110724538147,23.765786387826452,11.0,5.0,11.0,5.0,20.0,2.35,21.0,24.0,0.09183615471624539,41.320308653539136,1.173273881630787,496.28403345671035
1986-01-18T16:00:00,demo_final_january_week,rulebased,21.648360934278212,21.336240601945093,21.81256923410426,21.09066827435879,23.756718454868388,11.0,5.0,11.0,5.0,20.0,2.2,21.0,24.0,0.09183615471624539,41.412144808255384,1.2421841115833474,497.5262175682937
1986-01-18T16:15:00,demo_final_january_week,rulebased,21.4785902303204,21.191960026124487,21.642039796140555,21.011388333252906,23.62839216467628,11.0,5.0,11.0,5.0,20.0,2.075,21.0,24.0,0.09183615471624539,41.50398096297163,1.3440152888818333,498.87023285717555
1986-01-18T16:30:00,demo_final_january_week,rulebased,21.324409911374797,21.06216064542735,21.48428318772435,21.003005297379307,23.509246387888936,11.0,5.0,11.0,5.0,20.0,1.9500000000000002,21.0,24.0,0.09183615471624539,41.59581711768788,1.4606729629473774,500.33090582012295
1986-01-18T16:45:00,demo_final_january_week,rulebased,21.214848129565507,21.007913981767697,21.367211678184894,21.00033867851531,23.433504715693488,11.0,5.0,11.0,5.0,20.0,1.825,21.0,24.0,0.09183615471624539,41.68765327240413,1.5631892506766374,501.8940950707996
1986-01-18T17:00:00,demo_final_january_week,rulebased,21.13081373615231,21.00217641307002,21.27718490764745,21.00011825278626,23.38036049397541,11.0,5.0,11.0,5.0,20.0,1.7,21.0,24.0,0.09183615471624539,41.779489427120375,1.5428986168998595,503.43699368769944
1986-01-18T17:15:00,demo_final_january_week,rulebased,21.072096175391817,21.000057796470607,21.215119292894666,21.001712496029064,23.346344138475015,11.0,5.0,11.0,5.0,20.0,1.7,21.0,24.0,0.09183615471624539,41.87132558183662,1.3311591119175399,504.768152799617
1986-01-18T17:30:00,demo_final_january_week,rulebased,21.031217199651035,21.0010358578027,21.172338586105695,21.000501892789853,23.325238276384855,11.0,5.0,11.0,5.0,20.0,1.7,21.0,24.0,0.09183615471624539,41.96316173655287,1.2785626112124917,506.04671541082945
1986-01-18T17:45:00,demo_final_january_week,rulebased,21.00308613035786,20.999751942589526,21.140666841685313,21.00109453181189,23.311694921513,11.0,5.0,11.0,5.0,20.0,1.7,21.0,24.0,0.09183615471624539,42.05499789126912,1.2683829410394925,507.3150983518689
1986-01-18T18:00:00,demo_final_january_week,rulebased,21.001171613805287,20.999695646828513,21.116583326984195,21.00116367228938,23.303151134037442,11.0,5.0,11.0,5.0,20.0,1.7,21.0,24.0,0.09183615471624539,42.146834045985365,1.2738394479099935,508.58893779977893
1986-01-18T18:23:00,demo_final_january_week,rulebased,21.002369357195203,21.002036804551818,21.001970378938424,21.00174884209923,22.708154853477804,5.5,2.5,5.5,2.5,10.0,1.7,21.0,24.0,0.09183615471624539,42.23867020070161,1.6436032840428207,510.23254108382173
1986-01-18T18:38:00,demo_final_january_week,rulebased,21.00153813002589,21.001762009660503,21.000657482293445,21.00237686831924,22.371693539062115,5.5,2.5,5.5,2.5,10.0,1.7,21.0,24.0,0.09183615471624539,42.33050635541786,1.8195262958708773,512.0520673796926
1986-01-18T18:45:00,demo_final_january_week,rulebased,21.001713518354045,21.0002437287901,21.001536295232725,21.000889051417264,22.212387141173295,5.5,2.5,5.5,2.5,10.0,1.7,21.0,24.0,0.09183615471624539,42.42234251013411,1.8761331047412493,513.9282004844339
1986-01-18T19:00:00,demo_final_january_week,rulebased,21.002200579993534,20.999626248575854,21.00149191573495,21.001439413388415,22.127048471527853,5.5,2.5,5.5,2.5,10.0,1.7,21.0,24.0,0.09183615471624539,42.514178664850355,1.9092422257263835,515.8374427101603
1986-01-18T19:23:00,demo_final_january_week,rulebased,21.001367574923645,21.000163329533038,21.002551036060233,21.00136436959445,21.589448092561238,0.0,0.0,0.0,0.0,0.0,1.7,21.0,24.0,0.09183615471624539,42.6060148195666,2.3452213753296056,518.1826640854899
1986-01-18T19:34:00,demo_final_january_week,rulebased,19.772144872687047,19.690021764938752,19.823687770336626,19.63598947352614,21.224134609766732,0.0,0.0,0.0,0.0,0.0,1.7,18.3,27.0,0.09183615471624539,42.69785097428285,1.2223255142881388,519.4049895997781
1986-01-18T19:50:00,demo_final_january_week,rulebased,19.41991308252565,19.354916439129926,19.476339882307293,19.296500987091346,21.013443335073102,0.0,0.0,0.0,0.0,0.0,1.7,18.3,27.0,0.09183615471624539,42.7896871289991,1.3154392516024873,520.7204288513806
1986-01-18T20:00:00,demo_final_january_week,rulebased,19.27470873837227,19.21278616925998,19.330801719068994,19.15422924017202,20.879359725121354,0.0,0.0,0.0,0.0,0.0,1.7,18.3,28.0,0.09183615471624539,42.881523283715346,1.300384466839445,522.02081331822
1986-01-18T20:15:00,demo_final_january_week,rulebased,19.194075756584642,19.311436590874646,19.2376480589541,19.290900974647847,20.692559188606285,0.0,0.0,0.0,0.0,0.0,1.7,18.3,28.0,0.09183615471624539,42.973359438431594,0.0,522.02081331822
1986-01-18T20:30:00,demo_final_january_week,rulebased,19.1142011269174,19.32415156592237,19.14995903494137,19.324494294953993,20.516351642580503,0.0,0.0,0.0,0.0,0.0,1.7,18.3,28.0,0.09183615471624539,43.06519559314784,0.0,522.02081331822
1986-01-18T20:45:00,demo_final_january_week,rulebased,19.005369043112463,19.234988897600466,19.03857474507908,19.237865764301798,20.39607711226548,0.0,0.0,0.0,0.0,0.0,1.7,18.3,28.0,0.09183615471624539,43.15703174786409,0.0,522.02081331822
1986-01-18T21:00:00,demo_final_january_week,rulebased,18.899749384180907,19.124164484917717,18.931550270865987,19.127848657788086,20.298692653922842,0.0,0.0,0.0,0.0,0.0,1.7,18.3,28.0,0.09183615471624539,43.248867902580336,0.0,522.02081331822
1986-01-18T21:15:00,demo_final_january_week,rulebased,18.780411134825233,19.004027048160584,18.81029233015918,19.01323730178323,20.17894886008935,0.0,0.0,0.0,0.0,0.0,1.7,18.3,28.0,0.09183615471624539,43.340704057296584,0.0,522.02081331822
1986-01-18T21:30:00,demo_final_january_week,rulebased,18.66318600663457,18.890822393991943,18.691078291323944,18.900601471452347,20.06016751406993,0.0,0.0,0.0,0.0,0.0,1.7,18.3,28.0,0.09183615471624539,43.43254021201283,0.0,522.02081331822
1986-01-18T21:45:00,demo_final_january_week,rulebased,18.558452763030278,18.786263348430378,18.584661557411636,18.794919843645708,19.95505950071136,0.0,0.0,0.0,0.0,0.0,1.7,18.3,28.0,0.09183615471624539,43.52437636672908,0.0,522.02081331822
1986-01-18T22:00:00,demo_final_january_week,rulebased,18.46550912215594,18.689357267121057,18.49033574784278,18.697417471874648,19.86223540733024,0.0,0.0,0.0,0.0,0.0,1.7,18.3,28.0,0.09183615471624539,43.61621252144533,0.0,522.02081331822
1986-01-18T22:15:00,demo_final_january_week,rulebased,18.387153197876884,18.5990717467825,18.410542524453653,18.60686652766059,19.777793622293284,0.0,0.0,0.0,0.0,0.0,1.7,18.3,28.0,0.09183615471624539,43.708048676161575,0.0,522.02081331822
1986-01-18T22:30:00,demo_final_january_week,rulebased,18.307569284644046,18.514530363557494,18.3300975413374,18.522001507570074,19.699600000338975,0.0,0.0,0.0,0.0,0.0,1.7,18.3,28.0,0.09183615471624539,43.79988483087782,0.0,522.02081331822
1986-01-18T22:45:00,demo_final_january_week,rulebased,18.300079596048363,18.435301329658373,18.301755359314683,18.44232261225077,19.626931618651177,0.0,0.0,0.0,0.0,0.0,1.7,18.3,28.0,0.09183615471624539,43.89172098559407,0.022012135286883904,522.0428254535069
1986-01-18T23:00:00,demo_final_january_week,rulebased,18.29978881224157,18.361025999753448,18.29999638950318,18.367524710073187,19.559366071466844,0.0,0.0,0.0,0.0,0.0,1.7,18.3,28.0,0.09183615471624539,43.98355714031032,0.037383229411271555,522.0802086829182
1986-01-18T23:15:00,demo_final_january_week,rulebased,18.299451397807584,18.30441519980983,18.300714620133775,18.30629689360431,19.485015671081555,0.0,0.0,0.0,0.0,0.0,1.7,18.3,28.0,0.09183615471624539,44.075393295026565,0.06749171497797694,522.1477003978962
1986-01-18T23:30:00,demo_final_january_week,rulebased,18.299302278509547,18.299691247692802,18.29979563703398,18.298934570511413,19.406721248118625,0.0,0.0,0.0,0.0,0.0,1.7,18.3,28.0,0.09183615471624539,44.16722944974281,0.11578169643822554,522.2634820943344
1986-01-18T23:45:00,demo_final_january_week,rulebased,18.299410573669515,18.301072889397407,18.300323264613233,18.299056662709855,19.329383740152146,0.0,0.0,0.0,0.0,0.0,1.7,18.3,28.0,0.09183615471624539,44.25906560445906,0.1673895665055845,522.43087166084
1986-01-19T00:00:00,demo_final_january_week,rulebased,18.299366841367277,18.299915611873224,18.300398840206153,18.300107787195024,19.254987632739514,0.0,0.0,0.0,0.0,0.0,1.7,18.3,28.0,0.09183615471624539,44.35090175917531,0.22652216568154646,522.6573938265216
1986-01-19T00:15:00,demo_final_january_week,rulebased,18.299661620424406,18.30084211642856,18.300266656243576,18.30140816233515,19.296799359546934,0.0,0.0,0.0,0.0,0.0,1.825,18.3,28.0,0.09183615471624539,44.442737913891555,0.1499224512483576,522.8073162777699
1986-01-19T00:30:00,demo_final_january_week,rulebased,18.299838269000553,18.301220232150964,18.299942092236734,18.30092402946852,19.339183781991085,0.0,0.0,0.0,0.0,0.0,1.9500000000000002,18.3,28.0,0.09183615471624539,44.5345740686078,0.15988099057850147,522.9671972683484
1986-01-19T00:45:00,demo_final_january_week,rulebased,18.29990241114309,18.29884297942477,18.300484766034078,18.301078126504176,19.353056418943886,0.0,0.0,0.0,0.0,0.0,2.075,18.3,28.0,0.09183615471624539,44.62641022332405,0.16658008135747585,523.1337773497058
1986-01-19T01:00:00,demo_final_january_week,rulebased,18.299178552958537,18.300082178515726,18.299970488260723,18.30008424583266,19.355457582661302,0.0,0.0,0.0,0.0,0.0,2.2,18.3,28.0,0.09183615471624539,44.7182463780403,0.1692258512054285,523.3030032009112
1986-01-19T01:15:00,demo_final_january_week,rulebased,18.300640502503988,18.29872772143554,18.3004355802227,18.299909726394134,19.343248783084228,0.0,0.0,0.0,0.0,0.0,2.2,18.3,28.0,0.09183615471624539,44.810082532756546,0.19460658476527945,523.4976097856766
1986-01-19T01:30:00,demo_final_january_week,rulebased,18.300209472802752,18.298971608679633,18.2993390379952,18.3010559713858,19.322252023531146,0.0,0.0,0.0,0.0,0.0,2.2,18.3,28.0,0.09183615471624539,44.901918687472794,0.21836421535450748,523.7159740010311
1986-01-19T01:45:00,demo_final_january_week,rulebased,18.3001289417232,18.299705430566203,18.29993489354302,18.299960727244095,19.298316391550756,0.0,0.0,0.0,0.0,0.0,2.2,18.3,28.0,0.09183615471624539,44.99375484218904,0.2432315672635474,523.9592055682947
1986-01-19T02:00:00,demo_final_january_week,rulebased,18.299241448704045,18.30071385023158,18.300476726482195,18.30107255192678,19.273791617346312,0.0,0.0,0.0,0.0,0.0,2.2,18.3,28.0,0.09183615471624539,45.08559099690529,0.2671821230919702,524.2263876913867
1986-01-19T02:15:00,demo_final_january_week,rulebased,18.29979352258111,18.300042110330637,18.30006559852858,18.298889402227328,19.26348734115276,0.0,0.0,0.0,0.0,0.0,2.2,18.3,28.0,0.09183615471624539,45.177427151621536,0.2692716818299334,524.4956593732165
1986-01-19T02:30:00,demo_final_january_week,rulebased,18.30054788582296,18.299047324643386,18.29977325138265,18.299831945339854,19.263909697992467,0.0,0.0,0.0,0.0,0.0,2.2,18.3,28.0,0.09183615471624539,45.269263306337784,0.2689346999600336,524.7645940731766
1986-01-19T02:45:00,demo_final_january_week,rulebased,18.29978373405723,18.30077193268056,18.300521198022317,18.30107412596897,19.269057705352964,0.0,0.0,0.0,0.0,0.0,2.2,18.3,28.0,0.09183615471624539,45.36109946105403,0.2659041524837719,525.0304982256604
1986-01-19T03:00:00,demo_final_january_week,rulebased,18.300235161691838,18.301017099142037,18.300180951628207,18.30029904337044,19.276331210112566,0.0,0.0,0.0,0.0,0.0,2.2,18.3,28.0,0.09183615471624539,45.45293561577028,0.2622824901348473,525.2927807157952
1986-01-19T03:15:00,demo_final_january_week,rulebased,18.300653024822566,18.300364087793117,18.300045939777053,18.298982511168568,19.27012009034123,0.0,0.0,0.0,0.0,0.0,2.075,18.3,28.0,0.09183615471624539,45.54477177048653,0.2847842493101903,525.5775649651054
1986-01-19T03:30:00,demo_final_january_week,rulebased,18.30020554060929,18.29895656833144,18.299533054876974,18.300362702432245,19.254054661476523,0.0,0.0,0.0,0.0,0.0,1.9500000000000002,18.3,28.0,0.09183615471624539,45.636607925202775,0.3095868239017822,525.8871517890071
1986-01-19T03:45:00,demo_final_january_week,rulebased,18.30073604270861,18.300345929059016,18.30021340943429,18.30007475289489,19.234506723780697,0.0,0.0,0.0,0.0,0.0,1.825,18.3,28.0,0.09183615471624539,45.72844407991902,0.3326816856409083,526.219833474648
1986-01-19T04:00:00,demo_final_january_week,rulebased,18.299995441497035,18.300064688704968,18.29969820951849,18.301167589824356,19.21395439203971,0.0,0.0,0.0,0.0,0.0,1.7,18.3,28.0,0.09183615471624539,45.82028023463527,0.3574774176374112,526.5773108922854
1986-01-19T04:15:00,demo_final_january_week,rulebased,18.299888329084126,18.300866051797236,18.299828436812636,18.299950535888506,19.20465686481638,0.0,0.0,0.0,0.0,0.0,1.5499999999999998,18.3,28.0,0.09183615471624539,45.91211638935152,0.36071567803689086,526.9380265703222
1986-01-19T04:30:00,demo_final_january_week,rulebased,18.300505572089957,18.299605586394478,18.30068184306184,18.30006670269813,19.203751666522493,0.0,0.0,0.0,0.0,0.0,1.4,18.3,28.0,0.09183615471624539,46.003952544067765,0.3637176357095952,527.3017442060318
1986-01-19T04:45:00,demo_final_january_week,rulebased,18.299766331353528,18.300019840793958,18.30018945580434,18.29845430328434,19.206229030839495,0.0,0.0,0.0,0.0,0.0,1.25,18.3,28.0,0.09183615471624539,46.09578869878401,0.36668424456357684,527.6684284505953
1986-01-19T05:00:00,demo_final_january_week,rulebased,18.299890063401516,18.298889205240382,18.300540123321156,18.298657453335643,19.21011669098663,0.0,0.0,0.0,0.0,0.0,1.1,18.3,28.0,0.09183615471624539,46.18762485350026,0.3705520254138423,528.0389804760092
1986-01-19T05:15:00,demo_final_january_week,rulebased,18.29960314569071,18.301183553742447,18.300247951359292,18.298941233525817,19.20438145696241,0.0,0.0,0.0,0.0,0.0,1.25,18.3,28.0,0.09183615471624539,46.27946100821651,0.3819124888274239,528.4208929648366
1986-01-19T05:30:00,demo_final_january_week,rulebased,18.299600353447662,18.300463131449167,18.300072409881086,18.29956477402404,19.19174906400575,0.0,0.0,0.0,0.0,0.0,1.4,18.3,28.0,0.09183615471624539,46.371297162932755,0.3940298574482495,528.8149228222849
1986-01-19T05:45:00,demo_final_january_week,rulebased,18.300372382257805,18.300696578036682,18.300606986487594,18.30092033619974,19.176866799674006,0.0,0.0,0.0,0.0,0.0,1.5499999999999998,18.3,28.0,0.09183615471624539,46.463133317649,0.40359267052706016,529.2185154928119
1986-01-19T06:00:00,demo_final_january_week,rulebased,18.300286130955975,18.299612662306746,18.300273727300457,18.300025855140817,19.16157394342616,0.0,0.0,0.0,0.0,0.0,1.7,18.3,28.0,0.09183615471624539,46.55496947236525,0.41093086861757633,529.6294463614295
1986-01-19T06:15:00,demo_final_january_week,rulebased,18.299715969475503,18.299627412035836,18.299711590666774,18.299867511096817,19.15323030480171,0.0,0.0,0.0,0.0,0.0,1.5499999999999998,18.3,28.0,0.09183615471624539,46.6468056270815,0.41471539643721106,530.0441617578667
1986-01-19T06:30:00,demo_final_january_week,rulebased,18.300273268258525,18.30030216254351,18.300453158905718,18.300326076054567,19.149994628675362,0.0,0.0,0.0,0.0,0.0,1.4,18.3,28.0,0.09183615471624539,46.738641781797746,0.42075527127704704,530.4649170291437
1986-01-19T06:45:00,demo_final_january_week,rulebased,18.299931349978497,18.301123986395165,18.300384146639725,18.300924734983504,19.148808020613398,0.0,0.0,0.0,0.0,0.0,1.25,18.3,28.0,0.09183615471624539,46.830477936513994,0.4244996873154645,530.8894167164592
1986-01-19T07:00:00,demo_final_january_week,rulebased,18.300565934919764,18.299118656056905,18.29965226593684,18.298704831708356,19.148638931928502,0.0,0.0,0.0,0.0,0.0,1.1,18.3,28.0,0.09183615471624539,46.92231409123024,0.42831169481706394,531.3177284112762
1986-01-19T07:15:00,demo_final_january_week,rulebased,18.300765280232614,18.298643731593,18.30048302387753,18.301028787872596,19.143358653521794,0.0,0.0,0.0,0.0,0.0,1.1,18.3,28.0,0.09183615471624539,47.01415024594649,0.4404610650544353,531.7581894763307
1986-01-19T07:30:00,demo_final_january_week,rulebased,18.300153006795558,18.298768221764487,18.300305023079876,18.301464742864795,19.134301315821137,0.0,0.0,0.0,0.0,0.0,1.1,18.3,28.0,0.09183615471624539,47.10598640066274,0.42194238828086245,532.1801318646116
1986-01-19T07:45:00,demo_final_january_week,rulebased,18.300417334641043,18.30045822190943,18.300422365708048,18.301203295052538,19.124554818843,0.0,0.0,0.0,0.0,0.0,1.1,18.3,28.0,0.09183615471624539,47.197822555378984,0.3828350501640623,532.5629669147756
1986-01-19T08:00:00,demo_final_january_week,rulebased,18.300891216002967,18.300750071767133,18.300614131005865,18.301250300979234,19.1158546377586,0.0,0.0,0.0,0.0,0.0,1.1,18.3,28.0,0.09183615471624539,47.28965871009523,0.3386802052791128,532.9016471200548
1986-01-19T08:15:00,demo_final_january_week,rulebased,18.299193516690803,18.299833116878112,18.299965560721798,18.299886850311097,19.103501428024465,0.0,0.0,0.0,0.0,0.0,1.1,18.3,28.0,0.09183615471624539,47.38149486481148,0.3050041967750867,533.2066513168298
1986-01-19T08:30:00,demo_final_january_week,rulebased,18.299456249108786,18.301403245984904,18.30015099950801,18.29918851632666,19.088673324558318,0.0,0.0,0.0,0.0,0.0,1.1,18.3,28.0,0.09183615471624539,47.47333101952773,0.27517905673291,533.4818303735627
1986-01-19T08:45:00,demo_final_january_week,rulebased,18.299890133918794,18.29958351927654,18.29998630334908,18.299444592032057,19.073480179753137,0.0,0.0,0.0,0.0,0.0,1.1,18.3,28.0,0.09183615471624539,47.565167174243975,0.24997480378508596,533.7318051773478
1986-01-19T09:00:00,demo_final_january_week,rulebased,18.3006187548574,18.2996146937158,18.29984314717989,18.29996962230871,19.05860789264859,0.0,0.0,0.0,0.0,0.0,1.1,18.3,28.0,0.09183615471624539,47.65700332896022,0.22598307975269322,533.9577882571006
1986-01-19T09:15:00,demo_final_january_week,rulebased,18.299271079166008,18.325872400242773,18.299915074848993,18.30019162280001,19.064275517914375,0.0,0.0,0.0,0.0,0.0,1.1,18.3,28.0,0.09183615471624539,47.74883948367647,0.1701985483450254,534.1279868054456
1986-01-19T09:30:00,demo_final_january_week,rulebased,18.30041389676901,18.38180458097322,18.299985184892773,18.300187625282316,19.08543520201507,0.0,0.0,0.0,0.0,0.0,1.1,18.3,28.0,0.09183615471624539,47.84067563839272,0.12363577105124973,534.2516225764969
1986-01-19T09:45:00,demo_final_january_week,rulebased,18.300082993470483,18.449894037607933,18.300114807959197,18.301117675521926,19.113455369716267,0.0,0.0,0.0,0.0,0.0,1.1,18.3,28.0,0.09183615471624539,47.932511793108965,0.08233941059199647,534.3339619870889
1986-01-19T10:00:00,demo_final_january_week,rulebased,18.299847910619327,18.522330681163048,18.308467403111965,18.302651549637577,19.14488885560957,0.0,0.0,0.0,0.0,0.0,1.1,18.3,28.0,0.09183615471624539,48.02434794782521,0.04185303546966023,534.3758150225585
1986-01-19T10:15:00,demo_final_january_week,rulebased,18.300250222931208,18.58142627690667,18.333584621471186,18.3244186065885,19.16303284768748,0.0,0.0,0.0,0.0,0.0,0.9750000000000001,18.3,28.0,0.09183615471624539,48.11618410254146,0.03083626739235101,534.4066512899509
1986-01-19T10:30:00,demo_final_january_week,rulebased,18.2996671309697,18.633402250818104,18.367947976102887,18.35888512133135,19.171698702260635,0.0,0.0,0.0,0.0,0.0,0.8500000000000001,18.3,28.0,0.09183615471624539,48.20802025725771,0.023749020729013824,534.4304003106799
1986-01-19T10:45:00,demo_final_january_week,rulebased,18.300587142628114,18.684926105491023,18.404879195166796,18.397057015850844,19.17770176655545,0.0,0.0,0.0,0.0,0.0,0.725,18.3,28.0,0.09183615471624539,48.299856411973956,0.017229723115801725,534.4476300337957
1986-01-19T11:00:00,demo_final_january_week,rulebased,18.299254269949135,18.73715993297403,18.44273962189621,18.43658952258651,19.18371014642237,0.0,0.0,0.0,0.0,0.0,0.6,18.3,28.0,0.09183615471624539,48.3916925666902,0.008911397762406072,534.4565414315581
1986-01-19T11:15:00,demo_final_january_week,rulebased,18.30273954163671,18.7895983681325,18.481808398157696,18.47792244326836,19.188659533535244,0.0,0.0,0.0,0.0,0.0,0.6,18.3,28.0,0.09183615471624539,48.48352872140645,0.0,534.4565414315581
1986-01-19T11:30:00,demo_final_january_week,rulebased,18.327956638699064,18.84189766084754,18.522237942888392,18.521049183229447,19.192881309875414,0.0,0.0,0.0,0.0,0.0,0.6,18.3,28.0,0.09183615471624539,48.5753648761227,0.0,534.4565414315581
1986-01-19T11:45:00,demo_final_january_week,rulebased,18.356287521811847,18.876660933293827,18.553885347830903,18.556733422310707,19.196846735440115,0.0,0.0,0.0,0.0,0.0,0.6,18.3,28.0,0.09183615471624539,48.667201030838946,0.0,534.4565414315581
1986-01-19T12:00:00,demo_final_january_week,rulebased,18.379085789293416,18.89498135575369,18.57592880712249,18.584400027474356,19.200416313777822,0.0,0.0,0.0,0.0,0.0,0.6,18.3,28.0,0.09183615471624539,48.759037185555194,0.0,534.4565414315581
1986-01-19T12:15:00,demo_final_january_week,rulebased,18.404212792530643,18.909122597706386,18.597690265710472,18.611870235595198,19.209013800834487,0.0,0.0,0.0,0.0,0.0,0.6,18.3,28.0,0.09183615471624539,48.85087334027144,0.0,534.4565414315581
1986-01-19T12:30:00,demo_final_january_week,rulebased,18.432394880455114,18.920284319670273,18.619121679409186,18.638535032588948,19.220941478172048,0.0,0.0,0.0,0.0,0.0,0.6,18.3,28.0,0.09183615471624539,48.94270949498769,0.0,534.4565414315581
1986-01-19T12:45:00,demo_final_january_week,rulebased,18.463547186504723,18.928234536356054,18.63887728941789,18.663329781628587,19.2336348164452,0.0,0.0,0.0,0.0,0.0,0.6,18.3,28.0,0.09183615471624539,49.03454564970394,0.0,534.4565414315581
1986-01-19T13:00:00,demo_final_january_week,rulebased,18.49739022888873,18.932695090579873,18.65634743447822,18.685945268897715,19.24617771599921,0.0,0.0,0.0,0.0,0.0,0.6,18.3,28.0,0.09183615471624539,49.126381804420184,0.0,534.4565414315581
1986-01-19T13:15:00,demo_final_january_week,rulebased,18.53695096444776,18.9357525718218,18.67402253756459,18.70872227591339,19.263115777299785,0.0,0.0,0.0,0.0,0.0,0.44999999999999996,18.3,28.0,0.09183615471624539,49.21821795913643,0.0,534.4565414315581
1986-01-19T13:30:00,demo_final_january_week,rulebased,18.583091213208803,18.936248552993785,18.690936766815515,18.7306324491198,19.283501701714005,0.0,0.0,0.0,0.0,0.0,0.3,18.3,28.0,0.09183615471624539,49.31005411385268,0.0,534.4565414315581
1986-01-19T13:45:00,demo_final_january_week,rulebased,18.611276046792412,18.920128325171703,18.693738276167817,18.739653443512626,19.30505768335934,0.0,0.0,0.0,0.0,0.0,0.15,18.3,28.0,0.09183615471624539,49.40189026856893,0.0,534.4565414315581
1986-01-19T14:00:00,demo_final_january_week,rulebased,18.619500944577094,18.888627109871717,18.68198224535531,18.735470175272653,19.326150321629036,0.0,0.0,0.0,0.0,0.0,0.0,18.3,28.0,0.09183615471624539,49.493726423285175,0.0,534.4565414315581
1986-01-19T14:15:00,demo_final_january_week,rulebased,18.607765414006934,18.845952491126745,18.65292942127164,18.720076016062926,19.339735040900006,0.0,0.0,0.0,0.0,0.0,-0.15,18.3,28.0,0.09183615471624539,49.58556257800142,0.0,534.4565414315581
1986-01-19T14:30:00,demo_final_january_week,rulebased,18.581973168847206,18.796252155917138,18.610972699807405,18.69637485548348,19.346834242784443,0.0,0.0,0.0,0.0,0.0,-0.3,18.3,28.0,0.09183615471624539,49.67739873271767,0.0,534.4565414315581
1986-01-19T14:45:00,demo_final_january_week,rulebased,18.550918574476785,18.74246158445486,18.562156426391702,18.66745172223036,19.349837934990497,0.0,0.0,0.0,0.0,0.0,-0.44999999999999996,18.3,28.0,0.09183615471624539,49.76923488743392,0.0,534.4565414315581
1986-01-19T15:00:00,demo_final_january_week,rulebased,18.516692162948456,18.68447209604613,18.507926460634742,18.633399576072947,19.349788951032973,0.0,0.0,0.0,0.0,0.0,-0.6,18.3,28.0,0.09183615471624539,49.861071042150165,0.0,534.4565414315581
1986-01-19T15:15:00,demo_final_january_week,rulebased,18.467196223243366,18.613413286460762,18.438597931681887,18.584966988289462,19.3354237715929,0.0,0.0,0.0,0.0,0.0,-0.6,18.3,28.0,0.09183615471624539,49.95290719686641,0.0,534.4565414315581
1986-01-19T15:30:00,demo_final_january_week,rulebased,18.407623506414456,18.53243541494318,18.357262048851492,18.52622913267927,19.309674950227336,0.0,0.0,0.0,0.0,0.0,-0.6,18.3,28.0,0.09183615471624539,50.04474335158266,0.0,534.4565414315581
1986-01-19T15:45:00,demo_final_january_week,rulebased,18.341905727053813,18.44475091497091,18.302460348946127,18.45968593103656,19.277633136099144,0.0,0.0,0.0,0.0,0.0,-0.6,18.3,28.0,0.09183615471624539,50.13657950629891,0.015011025459632328,534.4715524570178
1986-01-19T16:00:00,demo_final_january_week,rulebased,18.302510051919437,18.351487773696675,18.300743836533524,18.387187076865672,19.241384251062623,0.0,0.0,0.0,0.0,0.0,-0.6,18.3,28.0,0.09183615471624539,50.228415661015156,0.05922202217136185,534.5307744791892
1986-01-19T16:15:00,demo_final_january_week,rulebased,18.299973078524292,18.30378609656367,18.30048971779307,18.32564483971338,19.222107572382185,0.0,0.0,0.0,0.0,0.0,-0.725,18.3,28.0,0.09183615471624539,50.3202518157314,0.10163312981299265,534.6324076090021
1986-01-19T16:30:00,demo_final_january_week,rulebased,18.299257519862497,18.300042135873575,18.299293707598032,18.302007660449924,19.21505929211267,0.0,0.0,0.0,0.0,0.0,-0.8500000000000001,18.3,28.0,0.09183615471624539,50.41208797044765,0.17302055874740346,534.8054281677496
1986-01-19T16:45:00,demo_final_january_week,rulebased,18.299425676028648,18.300071703331838,18.300342481650404,18.299722217215557,19.211252762905747,0.0,0.0,0.0,0.0,0.0,-0.9750000000000001,18.3,28.0,0.09183615471624539,50.5039241251639,0.2978669491669925,535.1032951169166
1986-01-19T17:00:00,demo_final_january_week,rulebased,18.299584882093495,18.300881001586305,18.300393280413306,18.301481215108335,19.207342169882324,0.0,0.0,0.0,0.0,0.0,-1.1,18.3,28.0,0.09183615471624539,50.595760279880146,0.3500926575847965,535.4533877745014
1986-01-19T17:15:00,demo_final_january_week,rulebased,18.300314322965416,18.299713845261707,18.300778612401164,18.300593447493103,19.19865265241493,0.0,0.0,0.0,0.0,0.0,-1.1,18.3,28.0,0.09183615471624539,50.687596434596394,0.3946270434846672,535.848014817986
1986-01-19T17:30:00,demo_final_january_week,rulebased,18.30063504304641,18.30115608393245,18.299920496727868,18.299620640882363,19.187611027360838,0.0,0.0,0.0,0.0,0.0,-1.1,18.3,28.0,0.09183615471624539,50.77943258931264,0.43185879918134285,536.2798736171674
1986-01-19T17:45:00,demo_final_january_week,rulebased,18.300355886696494,18.301260470673913,18.30036436558346,18.29944851187748,19.176816524839637,0.0,0.0,0.0,0.0,0.0,-1.1,18.3,28.0,0.09183615471624539,50.87126874402889,0.45910077861439424,536.7389743957817
1986-01-19T18:00:00,demo_final_january_week,rulebased,18.300608603846893,18.299197706887213,18.30060323756828,18.2991327234202,19.167057990779085,0.0,0.0,0.0,0.0,0.0,-1.1,18.3,28.0,0.09183615471624539,50.96310489874514,0.48226147438310346,537.2212358701648
1986-01-19T18:15:00,demo_final_january_week,rulebased,18.30051327910034,18.30113443408327,18.299168423005906,18.300698004873087,19.16218522787731,0.0,0.0,0.0,0.0,0.0,-1.1,18.3,28.0,0.09183615471624539,51.054941053461384,0.49392110288203683,537.7151569730469
1986-01-19T18:30:00,demo_final_january_week,rulebased,18.30028177144879,18.298738320945358,18.29969842698911,18.299522004131763,19.16113390834427,0.0,0.0,0.0,0.0,0.0,-1.1,18.3,28.0,0.09183615471624539,51.14677720817763,0.5022564646167474,538.2174134376636
1986-01-19T18:45:00,demo_final_january_week,rulebased,18.300203595875367,18.30017187839186,18.300020656021125,18.300911845877046,19.1621889509459,0.0,0.0,0.0,0.0,0.0,-1.1,18.3,28.0,0.09183615471624539,51.23861336289388,0.5074132285560982,538.7248266662197
1986-01-19T19:00:00,demo_final_january_week,rulebased,18.2997647773043,18.300480346748724,18.299189725250397,18.30012029309908,19.1646475971845,0.0,0.0,0.0,0.0,0.0,-1.1,18.3,28.0,0.09183615471624539,51.33044951761013,0.5107908394774874,539.2356175056972
1986-01-19T19:15:00,demo_final_january_week,rulebased,18.299853174966984,18.300782926075414,18.299748277935883,18.29915243936734,19.154250866578163,0.0,0.0,0.0,0.0,0.0,-1.1,18.3,28.0,0.09183615471624539,51.422285672326375,0.5365518723981741,539.7721693780953
1986-01-19T19:30:00,demo_final_january_week,rulebased,18.300528501032165,18.299144814108022,18.300144631979503,18.299177518412378,19.13448245488313,0.0,0.0,0.0,0.0,0.0,-1.1,18.3,28.0,0.09183615471624539,51.51412182704262,0.5626827062214633,540.3348520843168
1986-01-19T19:45:00,demo_final_january_week,rulebased,18.30056124811669,18.2993533262951,18.300174321026763,18.30002806250689,19.111456305670675,0.0,0.0,0.0,0.0,0.0,-1.1,18.3,28.0,0.09183615471624539,51.60595798175887,0.5865912432133586,540.9214433275301
1986-01-19T20:00:00,demo_final_january_week,rulebased,18.300178260897102,18.298933401569016,18.299083145483795,18.299130674928357,19.08764012192186,0.0,0.0,0.0,0.0,0.0,-1.1,18.3,28.0,0.09183615471624539,51.69779413647512,0.6058318999336462,541.5272752274637
1986-01-19T20:15:00,demo_final_january_week,rulebased,18.300804648890676,18.300626414821213,18.299680604176775,18.300047404106625,19.079593575161113,0.0,0.0,0.0,0.0,0.0,-1.25,18.3,28.0,0.09183615471624539,51.789630291191365,0.6025578284163221,542.1298330558801
1986-01-19T20:30:00,demo_final_january_week,rulebased,18.29980506801226,18.298978139848572,18.299281353021545,18.30040423100728,19.08356400592507,0.0,0.0,0.0,0.0,0.0,-1.4,18.3,28.0,0.09183615471624539,51.88146644590761,0.5944708154934362,542.7243038713735
1986-01-19T20:45:00,demo_final_january_week,rulebased,18.30094781976182,18.300816346572415,18.299672878278518,18.300493792767288,19.09253869819154,0.0,0.0,0.0,0.0,0.0,-1.5499999999999998,18.3,28.0,0.09183615471624539,51.97330260062386,0.591753995835163,543.3160578672087
1986-01-19T21:00:00,demo_final_january_week,rulebased,18.299937626261848,18.300559662224146,18.299801932893885,18.301158711991757,19.103736014434954,0.0,0.0,0.0,0.0,0.0,-1.7,18.3,28.0,0.09183615471624539,52.06513875534011,0.5853793142987617,543.9014371815074
1986-01-19T21:15:00,demo_final_january_week,rulebased,18.29940068488811,18.30089907913783,18.3003780377101,18.299503365067128,19.103616485712905,0.0,0.0,0.0,0.0,0.0,-1.7,18.3,28.0,0.09183615471624539,52.156974910056356,0.5999396163079049,544.5013767978153
1986-01-19T21:30:00,demo_final_january_week,rulebased,18.300031200250263,18.299734724822393,18.300109239836754,18.29929666005634,19.095272821207747,0.0,0.0,0.0,0.0,0.0,-1.7,18.3,28.0,0.09183615471624539,52.2488110647726,0.6147041665906111,545.1160809644059
1986-01-19T21:45:00,demo_final_january_week,rulebased,18.299899923401785,18.300308281473505,18.299309919088955,18.300622629427146,19.08417143043762,0.0,0.0,0.0,0.0,0.0,-1.7,18.3,28.0,0.09183615471624539,52.34064721948885,0.627618626345745,545.7436995907517
1986-01-19T22:00:00,demo_final_january_week,rulebased,18.300607522906713,18.29971021189045,18.299891876188145,18.29995519349928,19.072439543416124,0.0,0.0,0.0,0.0,0.0,-1.7,18.3,28.0,0.09183615471624539,52.4324833742051,0.6385164270917719,546.3822160178435
1986-01-19T22:15:00,demo_final_january_week,rulebased,18.300968918342488,18.30075338711281,18.30033962973418,18.300643334730392,19.063633988291883,0.0,0.0,0.0,0.0,0.0,-1.7,18.3,28.0,0.09183615471624539,52.524319528921346,0.6443495421975047,547.0265655600409
1986-01-19T22:30:00,demo_final_january_week,rulebased,18.299700057816235,18.300738806618327,18.299179067351737,18.30027527532875,19.05693492247336,0.0,0.0,0.0,0.0,0.0,-1.7,18.3,28.0,0.09183615471624539,52.616155683637594,0.6474129664268398,547.6739785264677
1986-01-19T22:45:00,demo_final_january_week,rulebased,18.300545190714296,18.299942693033675,18.300088651327737,18.299145651106464,19.05101315025104,0.0,0.0,0.0,0.0,0.0,-1.7,18.3,28.0,0.09183615471624539,52.70799183835384,0.6536470026469067,548.3276255291147
1986-01-19T23:00:00,demo_final_january_week,rulebased,18.299025240793256,18.299180440063374,18.300078916640285,18.300672055823725,19.045392847710342,0.0,0.0,0.0,0.0,0.0,-1.7,18.3,28.0,0.09183615471624539,52.79982799307009,0.6568322571637762,548.9844577862784
1986-01-19T23:15:00,demo_final_january_week,rulebased,18.298992668914458,18.299274479417257,18.29977176147682,18.299423568187184,19.045927505933474,0.0,0.0,0.0,0.0,0.0,-1.825,18.3,28.0,0.09183615471624539,52.89166414778634,0.6551429763479701,549.6396007626264
1986-01-19T23:30:00,demo_final_january_week,rulebased,18.30060686749679,18.29988450195122,18.299608373572646,18.30121912536336,19.051230302195805,0.0,0.0,0.0,0.0,0.0,-1.9500000000000002,18.3,28.0,0.09183615471624539,52.983500302502584,0.6503547561041417,550.2899555187305
1986-01-19T23:45:00,demo_final_january_week,rulebased,18.30015594980437,18.30081255074065,18.29969078970912,18.300501438647792,19.058759200205596,0.0,0.0,0.0,0.0,0.0,-2.075,18.3,28.0,0.09183615471624539,53.07533645721883,0.646511778010449,550.936467296741
1986-01-20T00:00:00,demo_final_january_week,rulebased,18.299682734309368,18.29941741807784,18.300048676340793,18.30030957998177,19.067457708889325,0.0,0.0,0.0,0.0,0.0,-2.2,18.3,28.0,0.09183615471624539,53.16717261193508,0.6439475559053085,551.5804148526463
1986-01-20T00:15:00,demo_final_january_week,rulebased,18.30100110930513,18.301506419915157,18.30051251360819,18.300707143351474,19.066156058484633,0.0,0.0,0.0,0.0,0.0,-2.475,18.3,28.0,0.09183615471624539,53.25900876665133,0.6689329550368819,552.2493478076832
1986-01-20T00:30:00,demo_final_january_week,rulebased,18.299921594480217,18.30049717649251,18.300394889591985,18.300753246911587,19.057303980982493,0.0,0.0,0.0,0.0,0.0,-2.75,18.3,28.0,0.09183615471624539,53.350844921367575,0.6906350174827457,552.9399828251659
1986-01-20T00:45:00,demo_final_january_week,rulebased,18.29907530439566,18.301458565345463,18.29932088434505,18.30000846875762,19.045434775936663,0.0,0.0,0.0,0.0,0.0,-3.0249999999999995,18.3,28.0,0.09183615471624539,53.44268107608382,0.7164770655390368,553.6564598907049
1986-01-20T01:00:00,demo_final_january_week,rulebased,18.299703275637928,18.30128510168537,18.29980308935947,18.300826198301095,19.032335832232672,0.0,0.0,0.0,0.0,0.0,-3.3,18.3,28.0,0.09183615471624539,53.53451723080007,0.7399392055716807,554.3963990962766
1986-01-20T01:15:00,demo_final_january_week,rulebased,18.298908875833153,18.301204202151936,18.30017548204064,18.3016255875791,19.01781930941304,0.0,0.0,0.0,0.0,0.0,-3.0249999999999995,18.3,28.0,0.09183615471624539,53.62635338551632,0.7444737773389033,555.1408728736155
1986-01-20T01:30:00,demo_final_january_week,rulebased,18.30055944868066,18.299788966180483,18.301040541996358,18.300375800876083,19.00238683242997,0.0,0.0,0.0,0.0,0.0,-2.75,18.3,28.0,0.09183615471624539,53.718189540232565,0.7483273480658588,555.8892002216814
1986-01-20T01:45:00,demo_final_january_week,rulebased,18.299515941635683,18.300508205450793,18.29900576095004,18.29850269550293,18.986620267497813,0.0,0.0,0.0,0.0,0.0,-2.475,18.3,28.0,0.09183615471624539,53.81002569494881,0.7521640540788186,556.6413642757602
1986-01-20T02:00:00,demo_final_january_week,rulebased,18.299397196162666,18.300922075598333,18.300832612345758,18.299709031259123,18.970844946622826,0.0,0.0,0.0,0.0,0.0,-2.2,18.3,28.0,0.09183615471624539,53.90186184966506,0.7572153403865449,557.3985796161468
1986-01-20T02:15:00,demo_final_january_week,rulebased,18.300157664068458,18.300363960878435,18.299252348600273,18.2999637796622,18.95488839427125,0.0,0.0,0.0,0.0,0.0,-2.35,18.3,28.0,0.09183615471624539,53.99369800438131,0.7712100735637126,558.1697896897105
1986-01-20T02:30:00,demo_final_january_week,rulebased,18.30055087774253,18.29904721032791,18.29904088353291,18.29867826428181,18.938656404732228,0.0,0.0,0.0,0.0,0.0,-2.5,18.3,28.0,0.09183615471624539,54.085534159097556,0.7901413704639666,558.9599310601744
1986-01-20T02:45:00,demo_final_january_week,rulebased,18.299034054813134,18.299730767377326,18.30044042379581,18.299103051144794,18.922170489087875,0.0,0.0,0.0,0.0,0.0,-2.6499999999999995,18.3,28.0,0.09183615471624539,54.1773703138138,0.8070200088897681,559.7669510690642
1986-01-20T03:00:00,demo_final_january_week,rulebased,18.298830664933075,18.299251792051457,18.299751269723057,18.300757066210952,18.9056691116473,0.0,0.0,0.0,0.0,0.0,-2.8,18.3,28.0,0.09183615471624539,54.26920646853005,0.8235383511330957,560.5904894201974
1986-01-20T03:15:00,demo_final_january_week,rulebased,18.300076012254575,18.30008430234766,18.30008583763257,18.300491572386633,18.90190644022329,0.0,0.0,0.0,0.0,0.0,-2.8,18.3,28.0,0.09183615471624539,54.3610426232463,0.8097719312916934,561.4002613514891
1986-01-20T03:30:00,demo_final_january_week,rulebased,18.299922541871748,18.299954866312618,18.29952644435278,18.299219890868812,18.907600010196607,0.0,0.0,0.0,0.0,0.0,-2.8,18.3,28.0,0.09183615471624539,54.452878777962546,0.7965175381459693,562.1967788896351
1986-01-20T03:45:00,demo_final_january_week,rulebased,18.29991262787528,18.29931824721636,18.29966268075849,18.300577804365965,18.917175539183994,0.0,0.0,0.0,0.0,0.0,-2.8,18.3,28.0,0.09183615471624539,54.544714932678794,0.7863340018702076,562.9831128915052
1986-01-20T04:00:00,demo_final_january_week,rulebased,18.300847503443663,18.29854882068917,18.300485686121892,18.298720815038685,18.928383309277642,0.0,0.0,0.0,0.0,0.0,-2.8,18.3,28.0,0.09183615471624539,54.63655108739504,0.7751765805420118,563.7582894720473
1986-01-20T04:15:00,demo_final_january_week,rulebased,18.301048913309625,18.299599337212783,18.30060077741123,18.298587274169325,18.936671394451565,0.0,0.0,0.0,0.0,0.0,-2.8,18.3,28.0,0.09183615471624539,54.72838724211129,0.7718244093309607,564.5301138813783
1986-01-20T04:30:00,demo_final_january_week,rulebased,18.30065052530897,18.29945195570758,18.3001984927368,18.300408581156013,18.943011013959467,0.0,0.0,0.0,0.0,0.0,-2.8,18.3,28.0,0.09183615471624539,54.82022339682754,0.7693673036718477,565.2994811850501
1986-01-20T04:45:00,demo_final_january_week,rulebased,18.300332292897835,18.300820597788896,18.299875103087118,18.300633327782364,18.949058848714156,0.0,0.0,0.0,0.0,0.0,-2.8,18.3,28.0,0.09183615471624539,54.912059551543784,0.7648991684963148,566.0643803535464
1986-01-20T05:00:00,demo_final_january_week,rulebased,18.300211989405636,18.301138712926647,18.29973632479056,18.29974635761824,18.955384604025863,0.0,0.0,0.0,0.0,0.0,-2.8,18.3,28.0,0.09183615471624539,55.00389570626003,0.7612573663683109,566.8256377199148
1986-01-20T05:15:00,demo_final_january_week,rulebased,18.300270778512903,18.30059595102512,18.29971761829929,18.301188995975984,18.962015845893298,0.0,0.0,0.0,0.0,0.0,-2.8,18.3,28.0,0.09183615471624539,55.09573186097628,0.7574582529109072,567.5830959728256
1986-01-20T05:30:00,demo_final_january_week,rulebased,18.300490670612096,18.299913736892883,18.299923310870287,18.29938553919602,18.96889189123557,0.0,0.0,0.0,0.0,0.0,-2.8,18.3,28.0,0.09183615471624539,55.18756801569253,0.7519209980067678,568.3350169708324
1986-01-20T05:45:00,demo_final_january_week,rulebased,18.300873669520566,18.299335575784486,18.300306057982375,18.300093527123938,18.975996469227685,0.0,0.0,0.0,0.0,0.0,-2.8,18.3,28.0,0.09183615471624539,55.279404170408775,0.7473863605368959,569.0824033313693
1986-01-20T06:00:00,demo_final_january_week,rulebased,18.300071769222356,18.2988642068997,18.300837000819527,18.30071724641771,18.983326964357236,0.0,0.0,0.0,0.0,0.0,-2.8,18.3,28.0,0.09183615471624539,55.37124032512502,0.7412483810941012,569.8236517124634
1986-01-20T06:15:00,demo_final_january_week,rulebased,18.299869805741192,18.30100755705727,18.30017998347959,18.30071829619655,18.990878861866435,0.0,0.0,0.0,0.0,0.0,-2.8,18.3,28.0,0.09183615471624539,55.46307647984127,0.7370486872036397,570.5607003996671
1986-01-20T06:30:00,demo_final_january_week,rulebased,18.299062184974616,18.299852125305815,18.30014734129566,18.300626255006932,18.99860712227314,0.0,0.0,0.0,0.0,0.0,-2.8,18.3,28.0,0.09183615471624539,55.55491263455752,0.7317572329149418,571.292457632582
1986-01-20T06:45:00,demo_final_january_week,rulebased,18.29903454217023,18.301297806640456,18.299467681286448,18.300658739947714,19.00652817944287,0.0,0.0,0.0,0.0,0.0,-2.8,18.3,28.0,0.09183615471624539,55.646748789273765,0.7271565015724559,572.0196141341545
1986-01-20T07:00:00,demo_final_january_week,rulebased,18.299713256202363,18.300120276899634,18.29953136011466,18.300798120044224,19.01463450175084,0.0,0.0,0.0,0.0,0.0,-2.8,18.3,28.0,0.09183615471624539,55.73858494399001,0.7223880324545872,572.742002166609
1986-01-20T07:15:00,demo_final_january_week,rulebased,18.300197276682905,18.298984035901576,18.299789555736826,18.300756651572673,19.01940521543346,0.0,0.0,0.0,0.0,0.0,-2.8,18.3,28.0,0.09183615471624539,55.83042109870626,0.7232092989580879,573.4652114655671
1986-01-20T07:30:00,demo_final_january_week,rulebased,18.298969003657184,18.29876966174179,18.299585571595,18.299733263498062,19.022007679062384,0.0,0.0,0.0,0.0,0.0,-2.8,18.3,28.0,0.09183615471624539,55.92225725342251,0.6719046130536181,574.1371160786207
1986-01-20T07:45:00,demo_final_january_week,rulebased,18.300295819338846,18.300531371826775,18.30004806329757,18.299755554014496,19.0246648518715,0.0,0.0,0.0,0.0,0.0,-2.8,18.3,28.0,0.09183615471624539,56.014093408138756,0.6291902919215422,574.7663063705422
1986-01-20T08:00:00,demo_final_january_week,rulebased,18.30017282083496,18.30125488899812,18.299509893416673,18.299606985153243,19.028305199882084,0.0,0.0,0.0,0.0,0.0,-2.8,18.3,28.0,0.09183615471624539,56.105929562855,0.5876065076851078,575.3539128782273
1986-01-20T08:15:00,demo_final_january_week,rulebased,18.299005000054883,18.3012665938041,18.299385025370544,18.30059533700591,19.03645514344828,0.0,0.0,0.0,0.0,0.0,-2.8,18.3,28.0,0.09183615471624539,56.19776571757125,0.5434310522168668,575.8973439304442
1986-01-20T08:30:00,demo_final_january_week,rulebased,18.299965734920043,18.300233220689183,18.300202092600454,18.30049653315024,19.048083802598516,0.0,0.0,0.0,0.0,0.0,-2.8,18.3,28.0,0.09183615471624539,56.2896018722875,0.4965705673095574,576.3939144977537
1986-01-20T08:45:00,demo_final_january_week,rulebased,18.30045420295999,18.300570363734575,18.300413413210038,18.30047823409578,19.061751686704685,0.0,0.0,0.0,0.0,0.0,-2.8,18.3,28.0,0.09183615471624539,56.381438027003746,0.4368970793445029,576.8308115770982
1986-01-20T09:00:00,demo_final_january_week,rulebased,18.300175410154445,18.299613742167573,18.300225808811394,18.29859032554284,19.077007919432877,0.0,0.0,0.0,0.0,0.0,-2.8,18.3,28.0,0.09183615471624539,56.473274181719994,0.37684120979158403,577.2076527868898
1986-01-20T09:15:00,demo_final_january_week,rulebased,18.300916341296002,18.300423904579745,18.30002725967959,18.299855364071803,19.090951374634667,0.0,0.0,0.0,0.0,0.0,-2.6499999999999995,18.3,28.0,0.09183615471624539,56.56511033643624,0.3189726994715526,577.5266254863614
1986-01-20T09:30:00,demo_final_january_week,rulebased,18.300308566332976,18.300862041400485,18.29939096718134,18.30042086124553,19.10438088398663,0.0,0.0,0.0,0.0,0.0,-2.5,18.3,28.0,0.09183615471624539,56.65694649115249,0.2556627509541187,577.7822882373155
1986-01-20T09:45:00,demo_final_january_week,rulebased,18.3000985288351,18.30540359189488,18.29961266681844,18.30022594526634,19.118526106320303,0.0,0.0,0.0,0.0,0.0,-2.35,18.3,28.0,0.09183615471624539,56.74878264586874,0.20631347680179873,577.9886017141173
1986-01-20T10:00:00,demo_final_january_week,rulebased,18.29979711767229,18.342467555246948,18.300339512466802,18.29979983966357,19.133578603680302,0.0,0.0,0.0,0.0,0.0,-2.2,18.3,28.0,0.09183615471624539,56.840618800584984,0.16338751833241308,578.1519892324498
1986-01-20T10:15:00,demo_final_january_week,rulebased,18.299357888329084,18.391224277320795,18.29974157821505,18.3010079441853,19.14253348973763,0.0,0.0,0.0,0.0,0.0,-2.075,18.3,28.0,0.09183615471624539,56.93245495530123,0.1328521523721988,578.2848413848219
1986-01-20T10:30:00,demo_final_january_week,rulebased,18.29918442065087,18.440485546914402,18.299492777649462,18.300223969923312,19.14715309373819,0.0,0.0,0.0,0.0,0.0,-1.9500000000000002,18.3,28.0,0.09183615471624539,57.02429111001748,0.10883336976878955,578.3936747545907
1986-01-20T10:45:00,demo_final_january_week,rulebased,18.300516496301963,18.48520292282532,18.300148545658857,18.299207501293132,19.150606455439682,0.0,0.0,0.0,0.0,0.0,-1.825,18.3,28.0,0.09183615471624539,57.11612726473373,0.08400014701045949,578.4776749016012
1986-01-20T11:00:00,demo_final_january_week,rulebased,18.300617681122763,18.5269994176238,18.300387699125586,18.299109775163693,19.154066373203843,0.0,0.0,0.0,0.0,0.0,-1.7,18.3,28.0,0.09183615471624539,57.207963419449975,0.06004498036937925,578.5377198819706
1986-01-20T11:15:00,demo_final_january_week,rulebased,18.300170349565967,18.568601458794856,18.31824967545784,18.300633482277963,19.1602986375093,0.0,0.0,0.0,0.0,0.0,-1.7,18.3,28.0,0.09183615471624539,57.29979957416622,0.04099866823565909,578.5787185502063
1986-01-20T11:30:00,demo_final_january_week,rulebased,18.30081869365208,18.609519943519814,18.34895894468806,18.320172251499116,19.168497409472096,0.0,0.0,0.0,0.0,0.0,-1.7,18.3,28.0,0.09183615471624539,57.39163572888247,0.02973047462352027,578.6084490248298
1986-01-20T11:45:00,demo_final_january_week,rulebased,18.30040758731598,18.641243288443725,18.378415975511317,18.348748291441222,19.17734546751824,0.0,0.0,0.0,0.0,0.0,-1.7,18.3,28.0,0.09183615471624539,57.48347188359872,0.02276932289969041,578.6312183477295
1986-01-20T12:00:00,demo_final_january_week,rulebased,18.30024138660349,18.663937607393816,18.40304566767598,18.376897919617477,19.186279217430098,0.0,0.0,0.0,0.0,0.0,-1.7,18.3,28.0,0.09183615471624539,57.575308038314965,0.016946175913264062,578.6481645236428
1986-01-20T12:15:00,demo_final_january_week,rulebased,18.300150510049253,18.693866636225724,18.43938935671768,18.41530105245309,19.205966777920544,0.0,0.0,0.0,0.0,0.0,-1.5499999999999998,18.3,28.0,0.09183615471624539,57.66714419303121,0.004674564912078272,578.6528390885549
1986-01-20T12:30:00,demo_final_january_week,rulebased,18.32342650608466,18.728324691798804,18.484380174015346,18.460244918881454,19.233451268714223,0.0,0.0,0.0,0.0,0.0,-1.4,18.3,28.0,0.09183615471624539,57.75898034774746,0.0,578.6528390885549
1986-01-20T12:45:00,demo_final_january_week,rulebased,18.54585866283162,18.817409132724148,18.52464730318892,18.500893958323434,19.26457791757568,0.0,0.0,0.0,0.0,0.0,-1.25,18.3,28.0,0.09183615471624539,57.85081650246371,0.0,578.6528390885549
1986-01-20T13:08:00,demo_final_january_week,rulebased,19.03867310045777,18.934210031478877,18.56679825801824,18.550579524181394,19.308701163017922,0.0,0.0,0.0,0.0,0.0,-1.1,18.3,28.0,0.09183615471624539,57.942652657179956,0.0,578.6528390885549
1986-01-20T13:23:00,demo_final_january_week,rulebased,19.616701387942694,18.99654463246536,18.599131268175746,18.593732525691543,19.35645517808358,0.0,0.0,0.0,0.0,0.0,-0.8250000000000001,18.3,28.0,0.09183615471624539,58.0344888118962,0.0,578.6528390885549
1986-01-20T13:35:00,demo_final_january_week,rulebased,20.332671712654662,19.02411138283727,18.63350947966103,18.64767332179316,19.416075903538786,0.0,0.0,0.0,0.0,0.0,-0.55,18.3,28.0,0.09183615471624539,58.12632496661245,0.0,578.6528390885549
1986-01-20T13:50:00,demo_final_january_week,rulebased,20.88373245206904,19.016224180857147,18.658983620673197,18.696173191471072,19.47990876323056,0.0,0.0,0.0,0.0,0.0,-0.275,18.3,28.0,0.09183615471624539,58.2181611213287,0.0,578.6528390885549
1986-01-20T14:08:00,demo_final_january_week,rulebased,21.37831689887845,19.00855097450971,18.676485063900767,18.737510701028082,19.543421439221383,0.0,0.0,0.0,0.0,0.0,0.0,18.3,28.0,0.09183615471624539,58.309997276044946,0.0,578.6528390885549
1986-01-20T14:23:00,demo_final_january_week,rulebased,21.829749236097694,19.020006883421985,18.691561136527994,18.80090053489849,19.598920094990298,0.0,0.0,0.0,0.0,0.0,0.275,18.3,28.0,0.09183615471624539,58.401833430761194,0.0,578.6528390885549
1986-01-20T14:38:00,demo_final_january_week,rulebased,22.26715571623797,19.029205988146686,18.692372291593582,18.890609084899634,19.65125526899362,0.0,0.0,0.0,0.0,0.0,0.55,18.3,28.0,0.09183615471624539,58.49366958547744,0.0,578.6528390885549
1986-01-20T14:53:00,demo_final_january_week,rulebased,22.60693689064159,19.041625734970484,18.69419767406207,19.00709686855352,19.703368018821287,0.0,0.0,0.0,0.0,0.0,0.8250000000000001,18.3,28.0,0.09183615471624539,58.58550574019369,0.0,578.6528390885549
1986-01-20T15:00:00,demo_final_january_week,rulebased,22.819031301236258,19.044632279152825,18.69206930063191,19.11606021380957,19.742808542803548,0.0,0.0,0.0,0.0,0.0,1.1,18.3,28.0,0.09183615471624539,58.67734189490994,0.0,578.6528390885549
1986-01-20T15:15:00,demo_final_january_week,rulebased,23.0197361100555,19.052354455799303,18.69161947267269,19.266633912924878,19.79110497134047,0.0,0.0,0.0,0.0,0.0,1.25,18.3,28.0,0.09183615471624539,58.769178049626184,0.0,578.6528390885549
1986-01-20T15:30:00,demo_final_january_week,rulebased,23.16831108162376,19.056024880851535,18.68650868895458,19.43270724941791,19.838948616788205,0.0,0.0,0.0,0.0,0.0,1.4,18.3,28.0,0.09183615471624539,58.86101420434243,0.0,578.6528390885549
1986-01-20T15:45:00,demo_final_january_week,rulebased,23.16243275112887,19.055043490219195,18.677145251984534,19.576332757094143,19.88475310822572,0.0,0.0,0.0,0.0,0.0,1.5499999999999998,18.3,28.0,0.09183615471624539,58.95285035905868,0.0,578.6528390885549
1986-01-20T16:00:00,demo_final_january_week,rulebased,22.99761298059663,19.045592897868012,18.665037435730135,19.677456359929447,19.92539464976646,0.0,0.0,0.0,0.0,0.0,1.7,18.3,28.0,0.09183615471624539,59.04468651377493,0.0,578.6528390885549
1986-01-20T16:23:00,demo_final_january_week,rulebased,22.59614008671422,19.003832922204598,18.61483253827604,19.702172282075427,19.953908019671537,0.0,0.0,0.0,0.0,0.0,1.125,18.3,28.0,0.09183615471624539,59.136522668491175,0.0,578.6528390885549
1986-01-20T16:38:00,demo_final_january_week,rulebased,22.020502863957034,18.945206892899304,18.553357043896156,19.593306978066416,19.958884912865717,0.0,0.0,0.0,0.0,0.0,0.55,18.3,28.0,0.09183615471624539,59.22835882320742,0.0,578.6528390885549
1986-01-20T16:50:00,demo_final_january_week,rulebased,21.296853579569028,18.841039448600142,18.447748561566815,19.352278352937756,19.943927899067475,0.0,0.0,0.0,0.0,0.0,-0.024999999999999967,18.3,28.0,0.09183615471624539,59.32019497792367,0.0,578.6528390885549
1986-01-20T17:08:00,demo_final_january_week,rulebased,20.825869733942863,18.752430466874063,18.364527694465803,19.193818074704136,19.91324414771862,0.0,0.0,0.0,0.0,0.0,-0.6,18.3,28.0,0.09183615471624539,59.41203113263992,0.0,578.6528390885549
1986-01-20T17:23:00,demo_final_january_week,rulebased,20.427500442184837,18.678096435115407,18.303086175336333,19.068458877078253,19.887669978469,0.0,0.0,0.0,0.0,0.0,-1.0,18.3,28.0,0.09183615471624539,59.503867287356165,0.0,578.6528390885549
1986-01-20T17:38:00,demo_final_january_week,rulebased,20.092363569039883,18.605148746812485,18.299759909331733,18.94924209492164,19.863450555262613,0.0,0.0,0.0,0.0,0.0,-1.4000000000000001,18.3,28.0,0.09183615471624539,59.59570344207241,0.01974624919624984,578.6725853377511
1986-01-20T17:53:00,demo_final_january_week,rulebased,19.79045444900665,18.53214521695621,18.300105773530245,18.834098546157463,19.837565576530263,0.0,0.0,0.0,0.0,0.0,-1.8,18.3,28.0,0.09183615471624539,59.68753959678866,0.0347176395933702,578.7073029773445
1986-01-20T18:00:00,demo_final_january_week,rulebased,19.5725834692835,18.476329383612207,18.299935948868605,18.747450033916678,19.817540406194908,0.0,0.0,0.0,0.0,0.0,-2.2,18.3,28.0,0.09183615471624539,59.77937575150491,0.04735754431651321,578.754660521661
1986-01-20T18:15:00,demo_final_january_week,rulebased,19.33979729080765,18.411376673015074,18.30002475988681,18.649727428750875,19.788141492112146,0.0,0.0,0.0,0.0,0.0,-2.2,18.3,28.0,0.09183615471624539,59.871211906221156,0.05993694429173664,578.8145974659527
1986-01-20T18:30:00,demo_final_january_week,rulebased,19.13265585231083,18.34773217097543,18.29996969123475,18.556841986175165,19.75477497428783,0.0,0.0,0.0,0.0,0.0,-2.2,18.3,28.0,0.09183615471624539,59.9630480609374,0.07177637125547837,578.8863738372082
1986-01-20T18:45:00,demo_final_january_week,rulebased,18.944779696397198,18.30295990052875,18.299610854760576,18.46762093418062,19.71959931558713,0.0,0.0,0.0,0.0,0.0,-2.2,18.3,28.0,0.09183615471624539,60.05488421565365,0.08729385635517166,578.9736676935634
1986-01-20T19:00:00,demo_final_january_week,rulebased,18.775342598873305,18.300922282909994,18.30072627839995,18.38283275355689,19.684007897502454,0.0,0.0,0.0,0.0,0.0,-2.2,18.3,28.0,0.09183615471624539,60.1467203703699,0.11190988061072905,579.0855775741741
1986-01-20T19:15:00,demo_final_january_week,rulebased,18.62408909081097,18.299316983787755,18.29929493838702,18.30629681793117,19.64859308002988,0.0,0.0,0.0,0.0,0.0,-2.2,18.3,28.0,0.09183615471624539,60.238556525086146,0.12729819872919104,579.2128757729032
1986-01-20T19:30:00,demo_final_january_week,rulebased,18.489378590407036,18.300015267704257,18.299098505833662,18.301846438675085,19.61381410952653,0.0,0.0,0.0,0.0,0.0,-2.2,18.3,28.0,0.09183615471624539,60.330392679802394,0.16325205699131476,579.3761278298945
1986-01-20T19:45:00,demo_final_january_week,rulebased,18.36915014744459,18.29922866548612,18.299385776614827,18.298680520282286,19.579891293690256,0.0,0.0,0.0,0.0,0.0,-2.2,18.3,28.0,0.09183615471624539,60.42222883451864,0.18463854956417555,579.5607663794586
1986-01-20T20:00:00,demo_final_january_week,rulebased,18.302971063630093,18.299030510804513,18.300479039421482,18.29952432487731,19.547116584483483,0.0,0.0,0.0,0.0,0.0,-2.2,18.3,28.0,0.09183615471624539,60.51406498923489,0.23110314095115997,579.7918695204098
1986-01-20T20:15:00,demo_final_january_week,rulebased,18.299686113149875,18.301068956547386,18.30024635121684,18.301497768071833,19.513249085704178,0.0,0.0,0.0,0.0,0.0,-1.9250000000000003,18.3,28.0,0.09183615471624539,60.60590114395114,0.2833738182444269,580.0752433386542
1986-01-20T20:30:00,demo_final_january_week,rulebased,18.300469445258596,18.29972332788603,18.299748825739766,18.300848629010556,19.479742708192532,0.0,0.0,0.0,0.0,0.0,-1.6500000000000001,18.3,28.0,0.09183615471624539,60.697737298667384,0.3130057415441123,580.3882490801983
1986-01-20T20:45:00,demo_final_january_week,rulebased,18.30048722499547,18.300960334318344,18.300555745688506,18.301528813405962,19.44780424434101,0.0,0.0,0.0,0.0,0.0,-1.375,18.3,28.0,0.09183615471624539,60.78957345338363,0.3445801970522001,580.7328292772505
1986-01-20T21:00:00,demo_final_january_week,rulebased,18.300225631872546,18.300061146830295,18.300028956311987,18.29978124546366,19.417816365523393,0.0,0.0,0.0,0.0,0.0,-1.1,18.3,28.0,0.09183615471624539,60.88140960809988,0.3642111041142881,581.0970403813648
1986-01-20T21:15:00,demo_final_january_week,rulebased,18.2998750783754,18.29966203085288,18.30062314412581,18.29935781196562,19.385399638664694,0.0,0.0,0.0,0.0,0.0,-1.1,18.3,28.0,0.09183615471624539,60.97324576281613,0.40170361642965874,581.4987439977945
1986-01-20T21:30:00,demo_final_january_week,rulebased,18.299645080186483,18.30049382818078,18.300550842638845,18.30103706755474,19.351456710890147,0.0,0.0,0.0,0.0,0.0,-1.1,18.3,28.0,0.09183615471624539,61.065081917532375,0.43551788674619446,581.9342618845407
1986-01-20T21:45:00,demo_final_january_week,rulebased,18.29980800116953,18.29975432720376,18.30014579072485,18.298845529052798,19.317749010167738,0.0,0.0,0.0,0.0,0.0,-1.1,18.3,28.0,0.09183615471624539,61.15691807224862,0.4671060615271076,582.4013679460678
1986-01-20T22:00:00,demo_final_january_week,rulebased,18.300106218080757,18.30109731218864,18.29973134127294,18.30047258894709,19.284965449844915,0.0,0.0,0.0,0.0,0.0,-1.1,18.3,28.0,0.09183615471624539,61.24875422696487,0.49452724248044666,582.8958951885483
1986-01-20T22:15:00,demo_final_january_week,rulebased,18.299947425144545,18.30154218768432,18.299581179282658,18.300041606200747,19.256394594930867,0.0,0.0,0.0,0.0,0.0,-1.1,18.3,28.0,0.09183615471624539,61.34059038168112,0.5126130306697316,583.408508219218
1986-01-20T22:30:00,demo_final_january_week,rulebased,18.300617665647216,18.301410974976033,18.29987594054237,18.300938985925246,19.231149496593112,0.0,0.0,0.0,0.0,0.0,-1.1,18.3,28.0,0.09183615471624539,61.432426536397365,0.5301764630210078,583.938684682239
1986-01-20T22:45:00,demo_final_january_week,rulebased,18.299748524452,18.29877746985189,18.300519382827733,18.300977044904617,19.207752832206683,0.0,0.0,0.0,0.0,0.0,-1.1,18.3,28.0,0.09183615471624539,61.52426269111361,0.5453473989548637,584.4840320811938
1986-01-20T23:00:00,demo_final_january_week,rulebased,18.30008744522447,18.30069209985725,18.300110338418985,18.300638666140117,19.185574401457796,0.0,0.0,0.0,0.0,0.0,-1.1,18.3,28.0,0.09183615471624539,61.61609884582986,0.5602824637625243,585.0443145449564
1986-01-20T23:15:00,demo_final_january_week,rulebased,18.3000368966137,18.300337140341632,18.299898779607062,18.300550083532155,19.15736547448237,0.0,0.0,0.0,0.0,0.0,-1.1,18.3,28.0,0.09183615471624539,61.70793500054611,0.5873754452367376,585.6316899901931
1986-01-20T23:30:00,demo_final_january_week,rulebased,18.29986602096526,18.300598928672162,18.30016541996497,18.30097398029772,19.125010381585515,0.0,0.0,0.0,0.0,0.0,-1.1,18.3,28.0,0.09183615471624539,61.799771155262356,0.6117920391642063,586.2434820293573
1986-01-20T23:45:00,demo_final_january_week,rulebased,18.29993276609093,18.299251022121275,18.299078786123655,18.299044629819367,19.091376315184316,0.0,0.0,0.0,0.0,0.0,-1.1,18.3,28.0,0.09183615471624539,61.8916073099786,0.637019576603152,586.8805016059605
1986-01-21T00:00:00,demo_final_january_week,rulebased,18.300300143564577,18.299390543782195,18.29974173749816,18.301003468376685,19.057601167452965,0.0,0.0,0.0,0.0,0.0,-1.1,18.3,28.0,0.09183615471624539,61.98344346469485,0.6614469667298937,587.5419485726903
