timestamp,run_id,mode,zone_temp_c_SPACE1-1,zone_temp_c_SPACE2-1,zone_temp_c_SPACE3-1,zone_temp_c_SPACE4-1,zone_temp_c_SPACE5-1,zone_occupant_count_SPACE1-1,zone_occupant_count_SPACE2-1,zone_occupant_count_SPACE3-1,zone_occupant_count_SPACE4-1,zone_occupant_count_SPACE5-1,outdoor_temp_c,heating_setpoint_c,cooling_setpoint_c,hvac_electricity_interval_kwh,hvac_electricity_cumulative_kwh,hvac_gas_interval_kwh,hvac_gas_cumulative_kwh
1986-07-14T00:15:00,demo_final_july_week,rulebased,21.364269521732513,21.35819223872294,21.348155285767742,21.501239952372018,21.524457811040985,0.0,0.0,0.0,0.0,0.0,20.025000000000002,18.0,27.0,0.0,0.0,0.0,0.0
1986-07-14T00:30:00,demo_final_july_week,rulebased,21.292757646896344,21.2938799492873,21.27394235304583,21.418131845172567,21.48290213757891,0.0,0.0,0.0,0.0,0.0,19.450000000000003,18.3,28.0,0.0,0.0,0.0,0.0
1986-07-14T00:45:00,demo_final_july_week,rulebased,21.211705451462404,21.221657381900318,21.18887279638627,21.32956978117241,21.443563071577554,0.0,0.0,0.0,0.0,0.0,18.875,18.3,28.0,0.0,0.0,0.0,0.0
1986-07-14T01:00:00,demo_final_july_week,rulebased,21.126275758772934,21.145188734542252,21.09869356879237,21.23890173098825,21.405646842756404,0.0,0.0,0.0,0.0,0.0,18.3,18.3,28.0,0.0,0.0,0.0,0.0
1986-07-14T01:15:00,demo_final_july_week,rulebased,21.053884417603694,21.07941666611457,21.022711000929498,21.160576826941842,21.36868795198187,0.0,0.0,0.0,0.0,0.0,18.175,18.3,28.0,0.0,0.0,0.0,0.0
1986-07-14T01:30:00,demo_final_july_week,rulebased,20.99317102353061,21.022477397990865,20.960162506163957,21.09317008658091,21.332453746351675,0.0,0.0,0.0,0.0,0.0,18.05,18.3,28.0,0.0,0.0,0.0,0.0
1986-07-14T01:45:00,demo_final_july_week,rulebased,20.938124265196123,20.969389588525456,20.903641026354443,21.03064883955915,21.297000179106593,0.0,0.0,0.0,0.0,0.0,17.925,18.3,28.0,0.0,0.0,0.0,0.0
1986-07-14T02:00:00,demo_final_july_week,rulebased,20.885274700321673,20.917838383818378,20.849644992384956,20.970987422652676,21.262505054483704,0.0,0.0,0.0,0.0,0.0,17.8,18.3,28.0,0.0,0.0,0.0,0.0
1986-07-14T02:15:00,demo_final_july_week,rulebased,20.83325273149563,20.86705144938134,20.79680762689874,20.913240809249533,21.22910560102338,0.0,0.0,0.0,0.0,0.0,17.650000000000002,18.3,28.0,0.0,0.0,0.0,0.0
1986-07-14T02:30:00,demo_final_july_week,rulebased,20.782500198957223,20.817573650479645,20.745486452153095,20.857718629051657,21.196837035864554,0.0,0.0,0.0,0.0,0.0,17.5,18.3,28.0,0.0,0.0,0.0,0.0
1986-07-14T02:45:00,demo_final_july_week,rulebased,20.73335309220213,20.769657810517394,20.695943259157584,20.804533440515772,21.165662207620148,0.0,0.0,0.0,0.0,0.0,17.349999999999998,18.3,28.0,0.0,0.0,0.0,0.0
1986-07-14T03:00:00,demo_final_july_week,rulebased,20.692098795828507,20.723189082587485,20.659027464028476,20.75348080980094,21.135518681127923,0.0,0.0,0.0,0.0,0.0,17.2,18.3,28.0,0.0,0.0,0.0,0.0
1986-07-14T03:15:00,demo_final_july_week,rulebased,20.659806849297564,20.682048023744272,20.629880144591883,20.708546784130746,21.106378647053276,0.0,0.0,0.0,0.0,0.0,17.2,18.3,28.0,0.0,0.0,0.0,0.0
1986-07-14T03:30:00,demo_final_july_week,rulebased,20.632694395145254,20.654561026921993,20.60421196488181,20.676933724771636,21.078312718292043,0.0,0.0,0.0,0.0,0.0,17.2,18.3,28.0,0.0,0.0,0.0,0.0
1986-07-14T03:45:00,demo_final_july_week,rulebased,20.608127981138892,20.63091181488833,20.580724930890916,20.650135752911922,21.051441977431946,0.0,0.0,0.0,0.0,0.0,17.2,18.3,28.0,0.0,0.0,0.0,0.0
1986-07-14T04:00:00,demo_final_july_week,rulebased,20.58564318084812,20.608107342271953,20.55941097631853,20.62449876971081,21.02586532420471,0.0,0.0,0.0,0.0,0.0,17.2,18.3,28.0,0.0,0.0,0.0,0.0
1986-07-14T04:15:00,demo_final_july_week,rulebased,20.571257580764474,20.59124742593327,20.54584061418757,20.605451249242297,21.001643596780323,0.0,0.0,0.0,0.0,0.0,17.474999999999998,18.3,28.0,0.0,0.0,0.0,0.0
1986-07-14T04:30:00,demo_final_july_week,rulebased,20.563686306299033,20.58004648982758,20.538863469647474,20.592441882589316,20.978863402143183,0.0,0.0,0.0,0.0,0.0,17.75,18.3,28.0,0.0,0.0,0.0,0.0
1986-07-14T04:45:00,demo_final_july_week,rulebased,20.572870800989417,20.638792052470496,20.63868001785737,20.602640289753456,20.95852787335605,0.0,0.0,0.0,0.0,0.0,18.025000000000002,18.3,28.0,0.0,0.0,0.0,0.0
1986-07-14T05:00:00,demo_final_july_week,rulebased,20.594600187528115,20.75927807206129,20.820236811811085,20.630632474138658,20.943569717426435,0.0,0.0,0.0,0.0,0.0,18.3,18.3,28.0,0.0,0.0,0.0,0.0
1986-07-14T05:15:00,demo_final_july_week,rulebased,20.62443779862516,20.920952487264767,21.038371213871173,20.67006149954241,20.934502053171393,0.0,0.0,0.0,0.0,0.0,18.575000000000003,18.3,28.0,0.0,0.0,0.0,0.0
1986-07-14T05:30:00,demo_final_july_week,rulebased,20.665314827955832,21.14192091887679,21.305964462466722,20.721947476493042,20.9323618283816,0.0,0.0,0.0,0.0,0.0,18.85,18.3,28.0,0.0,0.0,0.0,0.0
1986-07-14T05:45:00,demo_final_july_week,rulebased,20.72524618651556,21.365280270632223,21.54639839034304,20.80717354632337,20.93749409007184,0.0,0.0,0.0,0.0,0.0,19.125,18.3,28.0,0.0,0.0,0.0,0.0
1986-07-14T06:00:00,demo_final_july_week,rulebased,20.80337156426336,21.597592681516534,21.76926762859839,20.916652813533478,20.949136997400174,0.0,0.0,0.0,0.0,0.0,19.4,18.3,28.0,0.0,0.0,0.0,0.0
1986-07-14T06:20:00,demo_final_july_week,rulebased,20.19908484523886,20.54190407678769,21.26364806263446,19.711385552335646,20.597512650201775,0.0,0.0,0.0,0.0,0.0,19.7,18.3,28.0,0.09183615471624539,0.09183615471624539,0.0,0.0
1986-07-14T06:38:00,demo_final_july_week,rulebased,20.23656565582006,20.640669830659444,21.276512186184185,19.780531668778984,20.460007779475553,0.0,0.0,0.0,0.0,0.0,20.0,18.3,28.0,0.09183615471624539,0.18367230943249077,0.0,0.0
1986-07-14T06:45:00,demo_final_july_week,rulebased,20.258962928783905,20.752299258912426,21.35392938837253,19.8000090388926,20.40914174413798,0.0,0.0,0.0,0.0,0.0,20.3,18.3,28.0,0.09183615471624539,0.27550846414873614,0.0,0.0
1986-07-14T07:00:00,demo_final_july_week,rulebased,20.30131298238508,20.934941077159888,21.491743227651607,19.83320259003834,20.37961440430911,0.0,0.0,0.0,0.0,0.0,20.6,18.3,28.0,0.09183615471624539,0.36734461886498154,0.0,0.0
1986-07-14T07:15:00,demo_final_july_week,rulebased,20.357663471905624,21.180899332839886,21.6694169066698,19.871012879560347,20.374536479615863,0.0,0.0,0.0,0.0,0.0,20.875,18.3,28.0,0.09183615471624539,0.45918077358122694,0.0,0.0
1986-07-14T07:30:00,demo_final_july_week,rulebased,20.42440912153078,21.45535660636826,21.840594530668643,19.923775752899935,20.375435767853148,0.0,0.0,0.0,0.0,0.0,21.15,18.3,28.0,0.09183615471624539,0.5510169282974723,0.0,0.0
1986-07-14T07:45:00,demo_final_july_week,rulebased,20.50133603892003,21.70368412362775,21.973352742753455,19.995995309419833,20.381276657852485,0.0,0.0,0.0,0.0,0.0,21.424999999999997,18.3,28.0,0.09183615471624539,0.6428530830137177,0.0,0.0
1986-07-14T08:00:00,demo_final_july_week,rulebased,20.57942344794097,21.884734408916593,22.079654541914497,20.082238823203397,20.392914249205134,0.0,0.0,0.0,0.0,0.0,21.7,18.3,28.0,0.09183615471624539,0.7346892377299631,0.0,0.0
1986-07-14T08:19:00,demo_final_july_week,rulebased,21.81078307546427,23.078392976885116,23.565750002475973,21.22929564271017,21.788657049401895,11.0,5.0,11.0,5.0,20.0,21.974999999999998,18.3,28.0,0.09183615471624539,0.8265253924462085,0.0,0.0
1986-07-14T08:34:00,demo_final_july_week,rulebased,22.51038635065261,23.68433783359453,24.103427724638227,21.676774998632858,22.677980158667527,11.0,5.0,11.0,5.0,20.0,22.25,21.0,25.0,0.09183615471624539,0.9183615471624539,0.0,0.0
1986-07-14T08:53:00,demo_final_july_week,rulebased,22.91016053127169,23.992178339828257,23.999297872102773,22.00205353028402,23.015732778555204,11.0,5.0,11.0,5.0,20.0,22.525000000000002,21.0,24.0,0.09373915409619454,1.0121007012586485,0.0,0.0
1986-07-14T09:08:00,demo_final_july_week,rulebased,23.251981651325252,23.998671461988398,23.999202505427437,22.277682966611703,23.297257668068035,11.0,5.0,11.0,5.0,20.0,22.8,21.0,24.0,0.09470996138209448,1.106810662640743,0.0,0.0
1986-07-14T09:20:00,demo_final_july_week,rulebased,23.99383603990529,23.999100747464215,23.999166935075614,22.946929532138565,23.996743314061746,11.0,5.0,11.0,5.0,20.0,22.925,21.0,24.0,0.09880850700579422,1.2056191696465373,0.0,0.0
1986-07-14T09:38:00,demo_final_july_week,rulebased,23.998365394085585,23.99870055604542,23.99882253402084,23.22744503241065,23.99885931000286,11.0,5.0,11.0,5.0,20.0,23.05,21.0,24.0,0.10595650186297732,1.3115756715095146,0.0,0.0
1986-07-14T09:53:00,demo_final_july_week,rulebased,23.99889039958763,23.998724997337348,23.998789551567988,23.48466909143495,23.99903156669538,11.0,5.0,11.0,5.0,20.0,23.175,21.0,24.0,0.10951448438610047,1.421090155895615,0.0,0.0
1986-07-14T10:00:00,demo_final_july_week,rulebased,23.998291894334265,23.998233468405235,23.99824705780704,23.664087682951624,23.99850637534246,11.0,5.0,11.0,5.0,20.0,23.3,21.0,24.0,0.11297317328837789,1.534063329183993,0.0,0.0
1986-07-14T10:15:00,demo_final_july_week,rulebased,23.998049972120192,23.998424189362133,23.998131538559864,23.864189373101325,23.997879362192517,11.0,5.0,11.0,5.0,20.0,23.450000000000003,21.0,24.0,0.11687821222859898,1.6509415414125919,0.0,0.0
1986-07-14T10:30:00,demo_final_july_week,rulebased,23.99794859175664,23.998486383531105,23.99809348416609,23.982520365084973,23.997732180971283,11.0,5.0,11.0,5.0,20.0,23.6,21.0,24.0,0.12035994260096552,1.7713014840135575,0.0,0.0
1986-07-14T10:45:00,demo_final_july_week,rulebased,23.99795253067896,23.998551186849067,23.99811256610638,23.996256191078462,23.997681500515252,11.0,5.0,11.0,5.0,20.0,23.749999999999996,21.0,24.0,0.12257883800091322,1.8938803220144707,0.0,0.0
1986-07-14T11:00:00,demo_final_july_week,rulebased,23.99800239552845,23.998611672299145,23.998146762639692,23.99793732961943,23.99767316595162,11.0,5.0,11.0,5.0,20.0,23.9,21.0,24.0,0.12371855594436966,2.0175988779588403,0.0,0.0
1986-07-14T11:15:00,demo_final_july_week,rulebased,23.998199216678838,23.998746023180416,23.998306688906293,23.998278425087488,23.99791479892124,8.8,4.0,8.8,4.0,16.0,24.025,21.0,24.0,0.11795486747855453,2.1355537454373947,0.0,0.0
1986-07-14T11:30:00,demo_final_july_week,rulebased,23.998303472489148,23.998610125582214,23.998393144295925,23.99837878838368,23.997980207658472,8.8,4.0,8.8,4.0,16.0,24.15,21.0,24.0,0.11779775506844323,2.253351500505838,0.0,0.0
1986-07-14T11:45:00,demo_final_july_week,rulebased,23.998390422841545,23.998656175124772,23.998467052489865,23.998461687868655,23.998042842945797,8.8,4.0,8.8,4.0,16.0,24.275,21.0,24.0,0.11787641235427393,2.371227912860112,0.0,0.0
1986-07-14T12:00:00,demo_final_july_week,rulebased,23.998455300257493,23.998705846664684,23.998518761238262,23.998522260166602,23.99809933709315,8.8,4.0,8.8,4.0,16.0,24.4,21.0,24.0,0.11794060177368988,2.489168514633802,0.0,0.0
1986-07-14T12:15:00,demo_final_july_week,rulebased,23.998751569890032,23.998935417653126,23.998787681398888,23.998797062940383,23.998561930722186,4.4,2.0,4.4,2.0,8.0,24.549999999999997,21.0,24.0,0.10749948456462526,2.596667999198427,0.0,0.0
1986-07-14T12:30:00,demo_final_july_week,rulebased,23.998870187719348,23.99906196556555,23.998902718621103,23.998917804956317,23.998671210751024,4.4,2.0,4.4,2.0,8.0,24.7,21.0,24.0,0.1067408860532172,2.7034088852516445,0.0,0.0
1986-07-14T12:45:00,demo_final_july_week,rulebased,23.9990085889049,23.99921718133168,23.999051699657848,23.992747987265606,23.998777836760382,4.4,2.0,4.4,2.0,8.0,24.85,21.0,24.0,0.10606824061081205,2.8094771258624567,0.0,0.0
1986-07-14T13:00:00,demo_final_july_week,rulebased,23.999113193271157,23.99930752778509,23.999160158449232,23.998452158075096,23.99886674414851,4.4,2.0,4.4,2.0,8.0,25.0,21.0,24.0,0.10578055611412704,2.9152576819765836,0.0,0.0
1986-07-14T13:15:00,demo_final_july_week,rulebased,23.998992335154952,23.99918169101101,23.99904382477997,23.998937177262242,23.998616771622853,8.8,4.0,8.8,4.0,16.0,24.85,21.0,24.0,0.11475576699031868,3.030013448966902,0.0,0.0
1986-07-14T13:30:00,demo_final_july_week,rulebased,23.998939857010175,23.999086068232653,23.998982816000698,23.998922088152515,23.998591657077135,8.8,4.0,8.8,4.0,16.0,24.7,21.0,24.0,0.11546750863027967,3.145480957597182,0.0,0.0
1986-07-14T13:45:00,demo_final_july_week,rulebased,23.998815934275967,23.99892644754798,23.998848654126036,23.998750953896803,23.99852516019464,8.8,4.0,8.8,4.0,16.0,24.549999999999997,21.0,24.0,0.11640817680058389,3.261889134397766,0.0,0.0
1986-07-14T14:00:00,demo_final_july_week,rulebased,23.998702467846293,23.998801874587294,23.99873417861457,23.998583779650346,23.998455978884447,8.8,4.0,8.8,4.0,16.0,24.4,21.0,24.0,0.11746785545150876,3.3793569898492746,0.0,0.0
1986-07-14T14:15:00,demo_final_july_week,rulebased,23.998578472291154,23.99867857422004,23.998607862908713,23.998424513968956,23.998329926872994,11.0,5.0,11.0,5.0,20.0,24.275,21.0,24.0,0.12172793111927933,3.501084920968554,0.0,0.0
1986-07-14T14:30:00,demo_final_july_week,rulebased,23.99846256563087,23.998559029439708,23.998487595870667,23.998280202186262,23.99822734429957,11.0,5.0,11.0,5.0,20.0,24.15,21.0,24.0,0.12408637623846713,3.625171297207021,0.0,0.0
1986-07-14T14:45:00,demo_final_july_week,rulebased,23.998364455410577,23.998460256035404,23.998390117995136,23.998171526044842,23.9981255380447,11.0,5.0,11.0,5.0,20.0,24.025,21.0,24.0,0.1257247265897606,3.750896023796782,0.0,0.0
1986-07-14T15:00:00,demo_final_july_week,rulebased,23.99830216504274,23.998400663269344,23.998330626292574,23.998120148930514,23.9980451362621,11.0,5.0,11.0,5.0,20.0,23.9,21.0,24.0,0.1270523870425071,3.8779484108392888,0.0,0.0
1986-07-14T15:15:00,demo_final_july_week,rulebased,23.998349212036302,23.99844452109187,23.998381299993028,23.998434583858355,23.99811678720281,11.0,5.0,11.0,5.0,20.0,23.749999999999996,21.0,24.0,0.12402321112773669,4.001971621967026,0.0,0.0
1986-07-14T15:30:00,demo_final_july_week,rulebased,23.998329795239144,23.99842669878458,23.99836396066974,23.998470516227695,23.99807576316328,11.0,5.0,11.0,5.0,20.0,23.6,21.0,24.0,0.12497854345154925,4.126950165418575,0.0,0.0
1986-07-14T15:45:00,demo_final_july_week,rulebased,23.998330284607306,23.9984166755446,23.99835441705175,23.99852099163649,23.998033498572568,11.0,5.0,11.0,5.0,20.0,23.450000000000003,21.0,24.0,0.1245920158069429,4.251542181225518,0.0,0.0
1986-07-14T16:00:00,demo_final_july_week,rulebased,23.9983376247578,23.998412908073497,23.998350819996745,23.99857853005588,23.998003864016184,11.0,5.0,11.0,5.0,20.0,23.3,21.0,24.0,0.12391405513664878,4.375456236362167,0.0,0.0
1986-07-14T16:15:00,demo_final_july_week,rulebased,23.998522928774925,23.99857443192056,23.998527866532115,23.998754075908252,23.99826029109979,11.0,5.0,11.0,5.0,20.0,23.025000000000002,21.0,24.0,0.1150204907178325,4.49047672708,0.0,0.0
1986-07-14T16:30:00,demo_final_july_week,rulebased,23.998542852901252,23.99856768628599,23.998524483684996,23.998794648308497,23.998240650851823,11.0,5.0,11.0,5.0,20.0,22.75,21.0,24.0,0.11290128155051146,4.603378008630512,0.0,0.0
1986-07-14T16:45:00,demo_final_july_week,rulebased,23.9985173220438,23.998540408701693,23.99849887383099,23.998745231205973,23.998187713301366,11.0,5.0,11.0,5.0,20.0,22.474999999999998,21.0,24.0,0.11160309359803039,4.714981102228542,0.0,0.0
1986-07-14T17:00:00,demo_final_july_week,rulebased,23.99849786007311,23.99852617779893,23.998485115737335,23.998693074381542,23.998141171102223,11.0,5.0,11.0,5.0,20.0,22.2,21.0,24.0,0.11038187711014841,4.82536297933869,0.0,0.0
1986-07-14T17:15:00,demo_final_july_week,rulebased,23.998474936993613,23.973505563597058,23.99847622788531,23.998629875419095,23.998103679159144,11.0,5.0,11.0,5.0,20.0,21.924999999999997,21.0,24.0,0.10975326891118156,4.935116248249872,0.0,0.0
1986-07-14T17:30:00,demo_final_july_week,rulebased,23.998480468426024,23.908027437940394,23.998486526534858,23.998613278052886,23.998081271205272,11.0,5.0,11.0,5.0,20.0,21.65,21.0,24.0,0.10892851082076585,5.044044759070638,0.0,0.0
1986-07-14T17:45:00,demo_final_july_week,rulebased,23.998506602526707,23.8191183297598,23.998506862501213,23.998665658772055,23.998071085399307,11.0,5.0,11.0,5.0,20.0,21.375,21.0,24.0,0.10753281234885233,5.15157757141949,0.0,0.0
1986-07-14T18:00:00,demo_final_july_week,rulebased,23.998534901792812,23.720930701456048,23.998529570654636,23.998726788051403,23.998067417853992,11.0,5.0,11.0,5.0,20.0,21.1,21.0,24.0,0.10597406442084914,5.257551635840339,0.0,0.0
1986-07-14T18:23:00,demo_final_july_week,rulebased,23.902304124187573,23.08188883395827,23.890354320543143,23.999380039646507,23.99941240447139,5.5,2.5,5.5,2.5,10.0,20.975,21.0,24.0,0.09380666065568609,5.351358296496025,0.0,0.0
1986-07-14T18:38:00,demo_final_july_week,rulebased,23.73516173745829,22.747753101602044,23.71955098628917,23.999434047329537,23.999439121332884,5.5,2.5,5.5,2.5,10.0,20.85,21.0,24.0,0.09300649412493657,5.444364790620962,0.0,0.0
1986-07-14T18:45:00,demo_final_july_week,rulebased,23.598917389519688,22.5499032535277,23.583458138319315,23.99929833744609,23.966798226729093,5.5,2.5,5.5,2.5,10.0,20.725,21.0,24.0,0.09251534174299735,5.536880132363959,0.0,0.0
1986-07-14T19:00:00,demo_final_july_week,rulebased,23.434002135261764,22.375036672505537,23.422875637980642,23.999349146839744,23.905185800333573,5.5,2.5,5.5,2.5,10.0,20.6,21.0,24.0,0.09192287212789362,5.628803004491853,0.0,0.0
1986-07-14T19:23:00,demo_final_july_week,rulebased,22.839220804169816,21.774446536138463,22.834960527281932,23.350304411464382,23.34653966263217,0.0,0.0,0.0,0.0,0.0,20.6,21.0,24.0,0.09183615471624539,5.720639159208098,0.0,0.0
1986-07-14T19:38:00,demo_final_july_week,rulebased,22.453353848740758,21.48805976998135,22.447659216507265,22.797948452811433,22.933350026466776,0.0,0.0,0.0,0.0,0.0,20.6,18.3,27.0,0.09183615471624539,5.812475313924343,0.0,0.0
1986-07-14T19:53:00,demo_final_july_week,rulebased,22.20745311813874,21.298429609287698,22.20357278063614,22.41008788644537,22.699467145664112,0.0,0.0,0.0,0.0,0.0,20.6,18.3,28.0,0.09183615471624539,5.9043114686405875,0.0,0.0
1986-07-14T20:08:00,demo_final_july_week,rulebased,21.990147334510105,21.12118362906705,21.99098561456892,22.069747645653468,22.506458203302667,0.0,0.0,0.0,0.0,0.0,20.6,18.3,28.0,0.09183615471624539,5.9961476233568325,0.0,0.0
1986-07-14T20:23:00,demo_final_july_week,rulebased,22.318679281933065,21.79686588402733,22.28547732578641,22.824731694122267,22.571563952278037,0.0,0.0,0.0,0.0,0.0,20.3,18.3,28.0,0.0,5.9961476233568325,0.0,0.0
1986-07-14T20:38:00,demo_final_july_week,rulebased,22.445781030843467,22.09957874540481,22.40181905339294,23.098329825482942,22.653282110264378,0.0,0.0,0.0,0.0,0.0,20.0,18.3,28.0,0.0,5.9961476233568325,0.0,0.0
1986-07-14T20:45:00,demo_final_july_week,rulebased,22.438953602620412,22.167095282095932,22.39315652654051,23.101869530463127,22.656199183095545,0.0,0.0,0.0,0.0,0.0,19.7,18.3,28.0,0.0,5.9961476233568325,0.0,0.0
1986-07-14T21:00:00,demo_final_july_week,rulebased,22.340042338787168,22.12469803375744,22.29800678374442,22.953372714086054,22.603509081129545,0.0,0.0,0.0,0.0,0.0,19.4,18.3,28.0,0.0,5.9961476233568325,0.0,0.0
1986-07-14T21:15:00,demo_final_july_week,rulebased,22.21782918342043,22.04653792715215,22.17936932398004,22.77583715573192,22.49966618447668,0.0,0.0,0.0,0.0,0.0,19.549999999999997,18.3,28.0,0.0,5.9961476233568325,0.0,0.0
1986-07-14T21:30:00,demo_final_july_week,rulebased,22.075937052958224,21.94490549723347,22.04002542364742,22.588023946450257,22.34339306592704,0.0,0.0,0.0,0.0,0.0,19.7,18.3,28.0,0.0,5.9961476233568325,0.0,0.0
1986-07-14T21:45:00,demo_final_july_week,rulebased,21.958584334744188,21.860229415688316,21.92497375643549,22.426574728115163,22.200486163697217,0.0,0.0,0.0,0.0,0.0,19.85,18.3,28.0,0.0,5.9961476233568325,0.0,0.0
1986-07-14T22:00:00,demo_final_july_week,rulebased,21.869463861907533,21.794189662969938,21.83806968396794,22.29100024182394,22.09056584962672,0.0,0.0,0.0,0.0,0.0,20.0,18.3,28.0,0.0,5.9961476233568325,0.0,0.0
1986-07-14T22:15:00,demo_final_july_week,rulebased,21.791983417132364,21.73328277481686,21.762746371056878,22.167730982091935,22.003102297220924,0.0,0.0,0.0,0.0,0.0,20.0,18.3,28.0,0.0,5.9961476233568325,0.0,0.0
1986-07-14T22:30:00,demo_final_july_week,rulebased,21.718684329539293,21.673174104001276,21.691577492370715,22.05238628138734,21.926052477507252,0.0,0.0,0.0,0.0,0.0,20.0,18.3,28.0,0.0,5.9961476233568325,0.0,0.0
1986-07-14T22:45:00,demo_final_july_week,rulebased,21.64984038853468,21.61532576001163,21.624756065917953,21.945938489409805,21.854491897324486,0.0,0.0,0.0,0.0,0.0,20.0,18.3,28.0,0.0,5.9961476233568325,0.0,0.0
1986-07-14T23:00:00,demo_final_july_week,rulebased,21.58654121543995,21.561069899284824,21.563427265056962,21.8491060810441,21.787799653134822,0.0,0.0,0.0,0.0,0.0,20.0,18.3,28.0,0.0,5.9961476233568325,0.0,0.0
1986-07-14T23:15:00,demo_final_july_week,rulebased,21.53250513197507,21.513951133767634,21.511654526363277,21.76461716315823,21.72615517026139,0.0,0.0,0.0,0.0,0.0,20.15,18.3,28.0,0.0,5.9961476233568325,0.0,0.0
1986-07-14T23:30:00,demo_final_july_week,rulebased,21.487602872527894,21.473382694639,21.468654724242338,21.691360819316532,21.66938055145053,0.0,0.0,0.0,0.0,0.0,20.3,18.3,28.0,0.0,5.9961476233568325,0.0,0.0
1986-07-14T23:45:00,demo_final_july_week,rulebased,21.449469918249708,21.437810233493316,21.432211824634507,21.62728661584707,21.61706364093194,0.0,0.0,0.0,0.0,0.0,20.450000000000003,18.3,28.0,0.0,5.9961476233568325,0.0,0.0
1986-07-15T00:00:00,demo_final_july_week,rulebased,21.416598756433068,21.4064726383213,21.40099835945026,21.57112991418316,21.56881781558132,0.0,0.0,0.0,0.0,0.0,20.6,18.3,28.0,0.0,5.9961476233568325,0.0,0.0
1986-07-15T00:15:00,demo_final_july_week,rulebased,21.37891239406184,21.371023660828286,21.364277841782307,21.514089157956345,21.524416822596603,0.0,0.0,0.0,0.0,0.0,20.450000000000003,18.3,28.0,0.0,5.9961476233568325,0.0,0.0
1986-07-15T00:30:00,demo_final_july_week,rulebased,21.33628401769754,21.331639335764876,21.32186750154169,21.45592674509422,21.48338319467544,0.0,0.0,0.0,0.0,0.0,20.3,18.3,28.0,0.0,5.9961476233568325,0.0,0.0
1986-07-15T00:45:00,demo_final_july_week,rulebased,21.2921847817648,21.29117963888532,21.277491074760768,21.399140853186314,21.445203121579983,0.0,0.0,0.0,0.0,0.0,20.15,18.3,28.0,0.0,5.9961476233568325,0.0,0.0
1986-07-15T01:00:00,demo_final_july_week,rulebased,21.24848324005205,21.250942833964608,21.23320363940433,21.344715212913727,21.40942351107177,0.0,0.0,0.0,0.0,0.0,20.0,18.3,28.0,0.0,5.9961476233568325,0.0,0.0
1986-07-15T01:15:00,demo_final_july_week,rulebased,21.210329352826815,21.21530694641761,21.194714197240355,21.29678553269069,21.37569924416331,0.0,0.0,0.0,0.0,0.0,20.0,18.3,28.0,0.0,5.9961476233568325,0.0,0.0
1986-07-15T01:30:00,demo_final_july_week,rulebased,21.177188747597416,21.183713296269808,21.1615561035308,21.25451024702524,21.343831379274654,0.0,0.0,0.0,0.0,0.0,20.0,18.3,28.0,0.0,5.9961476233568325,0.0,0.0
1986-07-15T01:45:00,demo_final_july_week,rulebased,21.14699771417496,21.15445946809,21.13150517976897,21.21595971786165,21.31372066021171,0.0,0.0,0.0,0.0,0.0,20.0,18.3,28.0,0.0,5.9961476233568325,0.0,0.0
1986-07-15T02:00:00,demo_final_july_week,rulebased,21.118718450405606,21.126809326665363,21.103409397774058,21.18022174332596,21.28530497046216,0.0,0.0,0.0,0.0,0.0,20.0,18.3,28.0,0.0,5.9961476233568325,0.0,0.0
1986-07-15T02:15:00,demo_final_july_week,rulebased,21.086618379983882,21.09556866755937,21.07062492720562,21.14192386655657,21.25849490853969,0.0,0.0,0.0,0.0,0.0,19.85,18.3,28.0,0.0,5.9961476233568325,0.0,0.0
1986-07-15T02:30:00,demo_final_july_week,rulebased,21.050954724236867,21.061028328118397,21.033315116364793,21.10125953713747,21.233111996704658,0.0,0.0,0.0,0.0,0.0,19.7,18.3,28.0,0.0,5.9961476233568325,0.0,0.0
1986-07-15T02:45:00,demo_final_july_week,rulebased,21.013853252249827,21.02507870308058,20.993947489892758,21.06000630643287,21.208924214207563,0.0,0.0,0.0,0.0,0.0,19.549999999999997,18.3,28.0,0.0,5.9961476233568325,0.0,0.0
1986-07-15T03:00:00,demo_final_july_week,rulebased,20.976414057445627,20.988591952438153,20.953870364081126,21.01892148238975,21.18570357906396,0.0,0.0,0.0,0.0,0.0,19.4,18.3,28.0,0.0,5.9961476233568325,0.0,0.0
1986-07-15T03:15:00,demo_final_july_week,rulebased,20.940277295310157,20.953387699986752,20.915493937200395,20.979725273032923,21.163271838933067,0.0,0.0,0.0,0.0,0.0,19.275,18.3,28.0,0.0,5.9961476233568325,0.0,0.0
1986-07-15T03:30:00,demo_final_july_week,rulebased,20.905347696404274,20.919335463348197,20.878757209458517,20.942206607832198,21.141524296442217,0.0,0.0,0.0,0.0,0.0,19.15,18.3,28.0,0.0,5.9961476233568325,0.0,0.0
1986-07-15T03:45:00,demo_final_july_week,rulebased,20.871033291937152,20.88578750174958,20.84282349418699,20.90564944691851,21.120408302794026,0.0,0.0,0.0,0.0,0.0,19.025,18.3,28.0,0.0,5.9961476233568325,0.0,0.0
1986-07-15T04:00:00,demo_final_july_week,rulebased,20.837037456745595,20.852458656097504,20.807251670907323,20.869708662463047,21.099891721965523,0.0,0.0,0.0,0.0,0.0,18.9,18.3,28.0,0.0,5.9961476233568325,0.0,0.0
1986-07-15T04:15:00,demo_final_july_week,rulebased,20.80757909572963,20.822828782125296,20.77642712530377,20.837819999985047,21.079958372808413,0.0,0.0,0.0,0.0,0.0,18.9,18.3,28.0,0.0,5.9961476233568325,0.0,0.0
1986-07-15T04:30:00,demo_final_july_week,rulebased,20.78256481840076,20.79674230855862,20.750263645093213,20.80977552831072,21.060739727604094,0.0,0.0,0.0,0.0,0.0,18.9,18.3,28.0,0.0,5.9961476233568325,0.0,0.0
1986-07-15T04:45:00,demo_final_july_week,rulebased,20.775600455702783,20.86686260562621,20.875613192727347,20.807274286727115,21.04322372471375,0.0,0.0,0.0,0.0,0.0,18.9,18.3,28.0,0.0,5.9961476233568325,0.0,0.0
1986-07-15T05:00:00,demo_final_july_week,rulebased,20.785922719676417,21.047239245332847,21.155909120908692,20.827965038940288,21.031249665137597,0.0,0.0,0.0,0.0,0.0,18.9,18.3,28.0,0.0,5.9961476233568325,0.0,0.0
1986-07-15T05:23:00,demo_final_july_week,rulebased,20.826808673347436,21.338101801950913,21.549475638747936,20.882772139344976,21.02929572892918,0.0,0.0,0.0,0.0,0.0,19.325,18.3,28.0,0.0,5.9961476233568325,0.0,0.0
1986-07-15T05:38:00,demo_final_july_week,rulebased,20.886165193526367,21.641546213208684,21.91217394382474,20.95545628973913,21.039617688303323,0.0,0.0,0.0,0.0,0.0,19.75,18.3,28.0,0.0,5.9961476233568325,0.0,0.0
1986-07-15T05:53:00,demo_final_july_week,rulebased,20.969299781661814,22.055581730433357,22.360983371165176,21.050254123373918,21.060042890848937,0.0,0.0,0.0,0.0,0.0,20.175,18.3,28.0,0.0,5.9961476233568325,0.0,0.0
1986-07-15T06:08:00,demo_final_july_week,rulebased,21.068660236771542,22.527462139317947,22.826703897018636,21.163570788973004,21.085922276863524,0.0,0.0,0.0,0.0,0.0,20.6,18.3,28.0,0.0,5.9961476233568325,0.0,0.0
1986-07-15T06:20:00,demo_final_july_week,rulebased,20.44206762231339,21.528180280614077,22.415258476956158,19.899847415034785,20.742295749179753,0.0,0.0,0.0,0.0,0.0,21.0,18.3,28.0,0.09183615471624539,6.0879837780730774,0.0,0.0
1986-07-15T06:38:00,demo_final_july_week,rulebased,20.45482355474121,21.80406349248074,22.557290011160966,19.940339036516033,20.58463581922928,0.0,0.0,0.0,0.0,0.0,21.4,18.3,28.0,0.09183615471624539,6.179819932789322,0.0,0.0
1986-07-15T06:45:00,demo_final_july_week,rulebased,20.476397747937582,21.965227707379697,22.643167592284048,19.954217354884317,20.5355865042712,0.0,0.0,0.0,0.0,0.0,21.799999999999997,18.3,28.0,0.09183615471624539,6.271656087505567,0.0,0.0
1986-07-15T07:00:00,demo_final_july_week,rulebased,20.52167456527504,22.1225886497132,22.723330643436185,19.98368952908691,20.514565076849376,0.0,0.0,0.0,0.0,0.0,22.2,18.3,28.0,0.09183615471624539,6.363492242221812,0.0,0.0
1986-07-15T07:15:00,demo_final_july_week,rulebased,20.567927398927132,22.179968699533994,22.722202980248984,20.01457799947356,20.51848791188935,0.0,0.0,0.0,0.0,0.0,22.75,18.3,28.0,0.09183615471624539,6.455328396938057,0.0,0.0
1986-07-15T07:30:00,demo_final_july_week,rulebased,20.620151546954204,22.198874747444474,22.68379967344066,20.056693250388832,20.52185776060892,0.0,0.0,0.0,0.0,0.0,23.299999999999997,18.3,28.0,0.09183615471624539,6.547164551654302,0.0,0.0
1986-07-15T07:45:00,demo_final_july_week,rulebased,20.696572890363402,22.28256312997851,22.693580336640803,20.129133764091392,20.523669901120137,0.0,0.0,0.0,0.0,0.0,23.849999999999998,18.3,28.0,0.09183615471624539,6.639000706370547,0.0,0.0
1986-07-15T08:00:00,demo_final_july_week,rulebased,20.788317673043775,22.382371425314474,22.730065658890382,20.22676293821247,20.528841994204328,0.0,0.0,0.0,0.0,0.0,24.4,18.3,28.0,0.09183615471624539,6.730836861086792,0.0,0.0
1986-07-15T08:20:00,demo_final_july_week,rulebased,22.0158362282468,23.49934255802343,24.09596260715185,21.383006650783344,21.877723212252338,11.0,5.0,11.0,5.0,20.0,24.699999999999996,18.3,28.0,0.09183615471624539,6.822673015803037,0.0,0.0
1986-07-15T08:34:00,demo_final_july_week,rulebased,22.765405130057907,24.116502046387314,24.59974019556405,21.873678587309506,22.731649604367366,11.0,5.0,11.0,5.0,20.0,25.0,21.0,25.0,0.09183615471624539,6.914509170519282,0.0,0.0
1986-07-15T08:50:00,demo_final_july_week,rulebased,23.20737996652361,24.60261632706122,24.951832735322494,22.231749785669738,23.125709260405493,11.0,5.0,11.0,5.0,20.0,25.300000000000004,21.0,25.0,0.09183615471624539,7.006345325235527,0.0,0.0
1986-07-15T09:05:00,demo_final_july_week,rulebased,23.59285344617724,23.99961553080524,24.000171678554747,22.549360204978033,23.45390516295398,11.0,5.0,11.0,5.0,20.0,25.6,21.0,24.0,0.09911469790906517,7.105460023144592,0.0,0.0
1986-07-15T09:23:00,demo_final_july_week,rulebased,23.996339563282238,23.998959858205207,23.999575848886277,23.18544534854991,23.992624152344607,11.0,5.0,11.0,5.0,20.0,26.150000000000002,21.0,24.0,0.1046293644702799,7.210089387614872,0.0,0.0
1986-07-15T09:38:00,demo_final_july_week,rulebased,23.998878926115818,23.998737357407943,23.99878687840295,23.56669536920409,23.999000355987306,11.0,5.0,11.0,5.0,20.0,26.700000000000003,21.0,24.0,0.11310543820706859,7.323194825821941,0.0,0.0
1986-07-15T09:53:00,demo_final_july_week,rulebased,23.99878019098994,23.998744469290507,23.998758073449647,23.83247511506569,23.99897399049834,11.0,5.0,11.0,5.0,20.0,27.25,21.0,24.0,0.1181246714102817,7.4413194972322225,0.0,0.0
1986-07-15T10:00:00,demo_final_july_week,rulebased,23.998137517759098,23.998498139596283,23.99821894798949,23.97926104581245,23.998054013030426,11.0,5.0,11.0,5.0,20.0,27.8,21.0,24.0,0.12219240689973729,7.56351190413196,0.0,0.0
1986-07-15T10:15:00,demo_final_july_week,rulebased,23.99796600014572,23.99845676937853,23.99811655626594,23.995742997697505,23.99782629932717,11.0,5.0,11.0,5.0,20.0,28.075000000000003,21.0,24.0,0.12781501373943444,7.691326917871394,0.0,0.0
1986-07-15T10:30:00,demo_final_july_week,rulebased,23.997933705067553,23.99848444129086,23.998098774850984,23.99778860641124,23.99773244807123,11.0,5.0,11.0,5.0,20.0,28.35,21.0,24.0,0.13176031971694988,7.823087237588344,0.0,0.0
1986-07-15T10:45:00,demo_final_july_week,rulebased,23.997946189183068,23.998517727857354,23.99810178572686,23.998018985503503,23.99768996213364,11.0,5.0,11.0,5.0,20.0,28.624999999999996,21.0,24.0,0.13536907733082862,7.9584563149191725,0.0,0.0
1986-07-15T11:00:00,demo_final_july_week,rulebased,23.997978950081915,23.99854809221293,23.998110718706094,23.998060245364368,23.997674437876864,11.0,5.0,11.0,5.0,20.0,28.9,21.0,24.0,0.1383412192019736,8.096797534121146,0.0,0.0
1986-07-15T11:15:00,demo_final_july_week,rulebased,23.998138823518453,23.99866386807975,23.998237705553365,23.998210648572535,23.997899497023283,8.8,4.0,8.8,4.0,16.0,29.324999999999996,21.0,24.0,0.13243627221311655,8.229233806334262,0.0,0.0
1986-07-15T11:30:00,demo_final_july_week,rulebased,23.99824932712577,23.99877674947268,23.998338279494575,23.998327268848488,23.997967961999272,8.8,4.0,8.8,4.0,16.0,29.75,21.0,24.0,0.13339950086938032,8.362633307203643,0.0,0.0
1986-07-15T11:45:00,demo_final_july_week,rulebased,23.998341875464483,23.9988706950568,23.998414685414442,23.998416508620664,23.99802788460369,8.8,4.0,8.8,4.0,16.0,30.175000000000004,21.0,24.0,0.13484744745945418,8.497480754663098,0.0,0.0
1986-07-15T12:00:00,demo_final_july_week,rulebased,23.998417366055296,23.998929043834522,23.998473499583778,23.998484976473772,23.998085680074425,8.8,4.0,8.8,4.0,16.0,30.6,21.0,24.0,0.1356301828006561,8.633110937463753,0.0,0.0
1986-07-15T12:15:00,demo_final_july_week,rulebased,23.998694286817884,23.99893174232589,23.99872674065748,23.99874311711857,23.99852913089725,4.4,2.0,4.4,2.0,8.0,30.875000000000004,21.0,24.0,0.12104957813969046,8.754160515603443,0.0,0.0
1986-07-15T12:30:00,demo_final_july_week,rulebased,23.998859248114876,23.999057722048086,23.998886994360088,23.998907382968397,23.998654020193886,4.4,2.0,4.4,2.0,8.0,31.15,21.0,24.0,0.12052543280631264,8.874685948409756,0.0,0.0
1986-07-15T12:45:00,demo_final_july_week,rulebased,23.99901940264629,23.99920626764763,23.999045211181457,23.99906824005517,23.998762802801583,4.4,2.0,4.4,2.0,8.0,31.424999999999997,21.0,24.0,0.12036200995615405,8.995047958365909,0.0,0.0
1986-07-15T13:00:00,demo_final_july_week,rulebased,23.999134020067995,23.999289573113987,23.999155515700313,23.999167056415526,23.998853170624233,4.4,2.0,4.4,2.0,8.0,31.7,21.0,24.0,0.12073521691210817,9.115783175278017,0.0,0.0
1986-07-15T13:15:00,demo_final_july_week,rulebased,23.99902814119634,23.999157398689736,23.999044554186018,23.99904090871509,23.998622055604258,8.8,4.0,8.8,4.0,16.0,31.7,21.0,24.0,0.1359108178192653,9.251693993097282,0.0,0.0
1986-07-15T13:30:00,demo_final_july_week,rulebased,23.99891771592181,23.999005004320626,23.998923986926833,23.99889530267899,23.998571485493187,8.8,4.0,8.8,4.0,16.0,31.7,21.0,24.0,0.13779613205116187,9.389490125148445,0.0,0.0
1986-07-15T13:45:00,demo_final_july_week,rulebased,23.998768564562198,23.99883365806999,23.99876898757092,23.99871296832696,23.998496577692265,8.8,4.0,8.8,4.0,16.0,31.7,21.0,24.0,0.13936433637058884,9.528854461519034,0.0,0.0
1986-07-15T14:00:00,demo_final_july_week,rulebased,23.998661979487522,23.998726469777683,23.998662288290078,23.99858613524887,23.99842899248773,8.8,4.0,8.8,4.0,16.0,31.7,21.0,24.0,0.14089341703404185,9.669747878553075,0.0,0.0
1986-07-15T14:15:00,demo_final_july_week,rulebased,23.998564580376275,23.998637526936115,23.998568454944568,23.998481547139658,23.998310297521392,11.0,5.0,11.0,5.0,20.0,31.7,21.0,24.0,0.14653051166874861,9.816278390221823,0.0,0.0
1986-07-15T14:30:00,demo_final_july_week,rulebased,23.998458475702414,23.998533359072848,23.998464601885214,23.99836277533414,23.99820918530941,11.0,5.0,11.0,5.0,20.0,31.7,21.0,24.0,0.14855957959628643,9.96483796981811,0.0,0.0
1986-07-15T14:45:00,demo_final_july_week,rulebased,23.998364316768406,23.998442114513722,23.99837479123072,23.998260403698605,23.998112570258858,11.0,5.0,11.0,5.0,20.0,31.7,21.0,24.0,0.149825996090854,10.114663965908964,0.0,0.0
1986-07-15T15:00:00,demo_final_july_week,rulebased,23.998306820230866,23.99839056029687,23.998323028885533,23.99820561425387,23.99803873082668,11.0,5.0,11.0,5.0,20.0,31.7,21.0,24.0,0.15061990090993863,10.265283866818903,0.0,0.0
1986-07-15T15:15:00,demo_final_july_week,rulebased,23.998351186763664,23.998436579413294,23.99837242391692,23.99825511046877,23.998113502280667,11.0,5.0,11.0,5.0,20.0,31.825,21.0,24.0,0.14487894788114905,10.410162814700053,0.0,0.0
1986-07-15T15:30:00,demo_final_july_week,rulebased,23.998337211034144,23.998427477643062,23.99836321247137,23.998483492031426,23.99808158466865,11.0,5.0,11.0,5.0,20.0,31.950000000000003,21.0,24.0,0.1460733813855751,10.556236196085628,0.0,0.0
1986-07-15T15:45:00,demo_final_july_week,rulebased,23.99833223925925,23.998417755035515,23.998353580442032,23.998562649916693,23.998044456321743,11.0,5.0,11.0,5.0,20.0,32.075,21.0,24.0,0.14481872536268173,10.701054921448309,0.0,0.0
1986-07-15T16:00:00,demo_final_july_week,rulebased,23.998358780414744,23.998425966042138,23.99836233836455,23.99866175529192,23.998024131927767,11.0,5.0,11.0,5.0,20.0,32.2,21.0,24.0,0.1418088375713316,10.842863759019641,0.0,0.0
1986-07-15T16:15:00,demo_final_july_week,rulebased,23.998532920880592,23.9985778356859,23.998525068274624,23.998849113798546,23.998274727569903,11.0,5.0,11.0,5.0,20.0,32.2,21.0,24.0,0.12825620782223732,10.97111996684188,0.0,0.0
1986-07-15T16:30:00,demo_final_july_week,rulebased,23.99855488959433,23.99858054697127,23.998530388636688,23.998909862269937,23.998268361209696,11.0,5.0,11.0,5.0,20.0,32.2,21.0,24.0,0.12450173108462724,11.095621697926507,0.0,0.0
1986-07-15T16:45:00,demo_final_july_week,rulebased,23.998540515222984,23.998557351428484,23.998508113833594,23.99891826756042,23.99822617331324,11.0,5.0,11.0,5.0,20.0,32.2,21.0,24.0,0.12088215034706827,11.216503848273575,0.0,0.0
1986-07-15T17:00:00,demo_final_july_week,rulebased,23.99851856528327,23.99853845782717,23.998488919770505,23.998675157542593,23.998185416114154,11.0,5.0,11.0,5.0,20.0,32.2,21.0,24.0,0.11803323872886919,11.334537087002445,0.0,0.0
1986-07-15T17:15:00,demo_final_july_week,rulebased,23.99853013324555,23.998551704761216,23.998505246582177,23.99864561928222,23.998160687023805,11.0,5.0,11.0,5.0,20.0,31.5,21.0,24.0,0.11456560098166034,11.449102687984105,0.0,0.0
1986-07-15T17:30:00,demo_final_july_week,rulebased,23.998555042901703,23.998576284396755,23.998533303934604,23.998681984269624,23.998147544301744,11.0,5.0,11.0,5.0,20.0,30.8,21.0,24.0,0.11113052717128373,11.560233215155389,0.0,0.0
1986-07-15T17:45:00,demo_final_july_week,rulebased,23.99855653870228,23.998577192074492,23.998536111790603,23.998676090526192,23.998135159137902,11.0,5.0,11.0,5.0,20.0,30.099999999999998,21.0,24.0,0.10868460912019309,11.668917824275582,0.0,0.0
1986-07-15T18:00:00,demo_final_july_week,rulebased,23.998551345695354,23.998571203327657,23.998531382717335,23.998656610866778,23.998124358010365,11.0,5.0,11.0,5.0,20.0,29.4,21.0,24.0,0.10661164312950197,11.775529467405084,0.0,0.0
1986-07-15T18:23:00,demo_final_july_week,rulebased,23.999344818869695,23.53527767963212,23.999332509150655,23.61502560407486,23.999396082338702,5.5,2.5,5.5,2.5,10.0,29.275,21.0,24.0,0.09414539388528304,11.869674861290367,0.0,0.0
1986-07-15T18:38:00,demo_final_july_week,rulebased,23.99941869077925,23.27573148072109,23.999410519818003,23.344216275030426,23.999443808192872,5.5,2.5,5.5,2.5,10.0,29.15,21.0,24.0,0.093013296902417,11.962688158192783,0.0,0.0
1986-07-15T18:45:00,demo_final_july_week,rulebased,23.9992477128596,23.1238769803473,23.999239270244445,23.170417880181294,23.984971394892355,5.5,2.5,5.5,2.5,10.0,29.025,21.0,24.0,0.0922967956049861,12.054984953797769,0.0,0.0
1986-07-15T19:00:00,demo_final_july_week,rulebased,23.96550562227373,22.985695979235615,23.99927694002671,22.997861089174087,23.943208771715963,5.5,2.5,5.5,2.5,10.0,28.9,21.0,24.0,0.0919329130337754,12.146917866831544,0.0,0.0
1986-07-15T19:23:00,demo_final_july_week,rulebased,23.414144881718954,22.393519103332345,23.500012029493718,22.372396697061298,23.402890993856875,0.0,0.0,0.0,0.0,0.0,27.224999999999998,21.0,24.0,0.09183615471624539,12.23875402154779,0.0,0.0
1986-07-15T19:38:00,demo_final_july_week,rulebased,23.003481289162462,22.011637481847007,23.096699941335828,21.96509955148485,23.006782737419567,0.0,0.0,0.0,0.0,0.0,25.549999999999997,18.3,27.0,0.09183615471624539,12.330590176264035,0.0,0.0
1986-07-15T19:53:00,demo_final_july_week,rulebased,22.70550346131765,21.731932806350642,22.797935544717,21.7308964195745,22.79036474106197,0.0,0.0,0.0,0.0,0.0,23.875,18.3,28.0,0.09183615471624539,12.422426330980281,0.0,0.0
1986-07-15T20:00:00,demo_final_july_week,rulebased,22.484965684132515,21.56536784724808,22.577061024270147,21.545034581918067,22.659723240668463,0.0,0.0,0.0,0.0,0.0,22.2,18.3,28.0,0.09183615471624539,12.514262485696527,0.0,0.0
1986-07-15T20:23:00,demo_final_july_week,rulebased,22.79004637323456,22.245282277521397,22.84829765429562,22.307267690675292,22.716706405686853,0.0,0.0,0.0,0.0,0.0,22.349999999999998,18.3,28.0,0.0,12.514262485696527,0.0,0.0
1986-07-15T20:38:00,demo_final_july_week,rulebased,22.943373072159332,22.64168533354631,22.98595894871581,22.712485950525057,22.805046554372403,0.0,0.0,0.0,0.0,0.0,22.5,18.3,28.0,0.0,12.514262485696527,0.0,0.0
1986-07-15T20:45:00,demo_final_july_week,rulebased,22.956471874121785,22.74402276532844,22.991851350139196,22.81488526681859,22.81043950811632,0.0,0.0,0.0,0.0,0.0,22.650000000000002,18.3,28.0,0.0,12.514262485696527,0.0,0.0
1986-07-15T21:00:00,demo_final_july_week,rulebased,22.888646500683166,22.73044992240309,22.92009568647817,22.7930207347937,22.76754434178295,0.0,0.0,0.0,0.0,0.0,22.8,18.3,28.0,0.0,12.514262485696527,0.0,0.0
1986-07-15T21:15:00,demo_final_july_week,rulebased,22.79009900018458,22.662640468899824,22.815585853844645,22.718989693533878,22.67496944123538,0.0,0.0,0.0,0.0,0.0,23.075000000000003,18.3,28.0,0.0,12.514262485696527,0.0,0.0
1986-07-15T21:30:00,demo_final_july_week,rulebased,22.663693713326197,22.56412741947747,22.680424390117693,22.61572305725738,22.528750477698424,0.0,0.0,0.0,0.0,0.0,23.35,18.3,28.0,0.0,12.514262485696527,0.0,0.0
1986-07-15T21:45:00,demo_final_july_week,rulebased,22.558343033227807,22.480826238487268,22.565275152259545,22.527663034713022,22.394703620210034,0.0,0.0,0.0,0.0,0.0,23.624999999999996,18.3,28.0,0.0,12.514262485696527,0.0,0.0
1986-07-15T22:00:00,demo_final_july_week,rulebased,22.48018227483603,22.415324745023725,22.47731149705104,22.45725496954499,22.29291412589216,0.0,0.0,0.0,0.0,0.0,23.9,18.3,28.0,0.0,12.514262485696527,0.0,0.0
1986-07-15T22:15:00,demo_final_july_week,rulebased,22.42346666606758,22.363235176722412,22.41201110575126,22.400455568146533,22.213073647192147,0.0,0.0,0.0,0.0,0.0,24.324999999999996,18.3,28.0,0.0,12.514262485696527,0.0,0.0
1986-07-15T22:30:00,demo_final_july_week,rulebased,22.380587182654775,22.3198699549127,22.361584918843665,22.352779639005263,22.143324399176645,0.0,0.0,0.0,0.0,0.0,24.75,18.3,28.0,0.0,12.514262485696527,0.0,0.0
1986-07-15T22:45:00,demo_final_july_week,rulebased,22.347787009702493,22.283562591931762,22.321791255952224,22.312583391213103,22.079016172057138,0.0,0.0,0.0,0.0,0.0,25.175000000000004,18.3,28.0,0.0,12.514262485696527,0.0,0.0
1986-07-15T23:00:00,demo_final_july_week,rulebased,22.324006855764264,22.254267986514527,22.291341697072866,22.27979129834766,22.0198414895974,0.0,0.0,0.0,0.0,0.0,25.6,18.3,28.0,0.0,12.514262485696527,0.0,0.0
1986-07-15T23:15:00,demo_final_july_week,rulebased,22.298115466871735,22.225445125571827,22.261473571826635,22.247840856356966,21.96619356474038,0.0,0.0,0.0,0.0,0.0,25.6,18.3,28.0,0.0,12.514262485696527,0.0,0.0
1986-07-15T23:30:00,demo_final_july_week,rulebased,22.269811558644697,22.197254752936697,22.231800767235057,22.21686968796597,21.91797175177489,0.0,0.0,0.0,0.0,0.0,25.6,18.3,28.0,0.0,12.514262485696527,0.0,0.0
1986-07-15T23:45:00,demo_final_july_week,rulebased,22.242540086885167,22.171507379648165,22.204578171482254,22.188660860069295,21.874477885327124,0.0,0.0,0.0,0.0,0.0,25.6,18.3,28.0,0.0,12.514262485696527,0.0,0.0
1986-07-16T00:00:00,demo_final_july_week,rulebased,22.217811815103907,22.148732086098597,22.18073986271129,22.16371468634345,21.835010043785356,0.0,0.0,0.0,0.0,0.0,25.6,18.3,28.0,0.0,12.514262485696527,0.0,0.0
1986-07-16T00:15:00,demo_final_july_week,rulebased,22.173124527104097,22.10957624265357,22.136331307932497,22.12264880498644,21.798961003554208,0.0,0.0,0.0,0.0,0.0,24.900000000000002,18.3,28.0,0.0,12.514262485696527,0.0,0.0
1986-07-16T00:30:00,demo_final_july_week,rulebased,22.108902761303955,22.054810367472605,22.071609499080605,22.066208036278987,21.76557847913858,0.0,0.0,0.0,0.0,0.0,24.200000000000003,18.3,28.0,0.0,12.514262485696527,0.0,0.0
1986-07-16T00:45:00,demo_final_july_week,rulebased,22.033942167981717,21.991419447848234,21.995701782228267,22.001351696368047,21.734008188124964,0.0,0.0,0.0,0.0,0.0,23.5,18.3,28.0,0.0,12.514262485696527,0.0,0.0
1986-07-16T01:00:00,demo_final_july_week,rulebased,21.953270537270992,21.92274335662348,21.91383534478045,21.931395058485524,21.703442361003127,0.0,0.0,0.0,0.0,0.0,22.8,18.3,28.0,0.0,12.514262485696527,0.0,0.0
1986-07-16T01:15:00,demo_final_july_week,rulebased,21.883616659873518,21.861345652429698,21.84232984157878,21.86887961622675,21.673294274375174,0.0,0.0,0.0,0.0,0.0,22.650000000000002,18.3,28.0,0.0,12.514262485696527,0.0,0.0
1986-07-16T01:30:00,demo_final_july_week,rulebased,21.824151441302206,21.806095760524464,21.78043118287725,21.81265473205576,21.643358311020172,0.0,0.0,0.0,0.0,0.0,22.5,18.3,28.0,0.0,12.514262485696527,0.0,0.0
1986-07-16T01:45:00,demo_final_july_week,rulebased,21.768854009975566,21.752629174116016,21.722342390136077,21.758338261028054,21.613692820395137,0.0,0.0,0.0,0.0,0.0,22.349999999999998,18.3,28.0,0.0,12.514262485696527,0.0,0.0
1986-07-16T02:00:00,demo_final_july_week,rulebased,21.714759023776775,21.699289332482927,21.665218416513177,21.704258101285735,21.584443638449127,0.0,0.0,0.0,0.0,0.0,22.2,18.3,28.0,0.0,12.514262485696527,0.0,0.0
1986-07-16T02:15:00,demo_final_july_week,rulebased,21.678899817468725,21.66072108399587,21.626660890196668,21.665044150466013,21.555790843201333,0.0,0.0,0.0,0.0,0.0,22.625,18.3,28.0,0.0,12.514262485696527,0.0,0.0
1986-07-16T02:30:00,demo_final_july_week,rulebased,21.6611882288594,21.6365629784502,21.606659522122694,21.64032303194642,21.52806081705897,0.0,0.0,0.0,0.0,0.0,23.049999999999997,18.3,28.0,0.0,12.514262485696527,0.0,0.0
1986-07-16T02:45:00,demo_final_july_week,rulebased,21.654886214116697,21.62149351116615,21.598308713561895,21.624763155258677,21.501666947436235,0.0,0.0,0.0,0.0,0.0,23.474999999999998,18.3,28.0,0.0,12.514262485696527,0.0,0.0
1986-07-16T03:00:00,demo_final_july_week,rulebased,21.655976851897346,21.612848146344216,21.59746591080544,21.615690890751228,21.477004357394318,0.0,0.0,0.0,0.0,0.0,23.9,18.3,28.0,0.0,12.514262485696527,0.0,0.0
1986-07-16T03:15:00,demo_final_july_week,rulebased,21.650971007537134,21.600653118417192,21.59105009671157,21.603125788685354,21.454324505857688,0.0,0.0,0.0,0.0,0.0,23.9,18.3,28.0,0.0,12.514262485696527,0.0,0.0
1986-07-16T03:30:00,demo_final_july_week,rulebased,21.640054619404438,21.585475853818714,21.579200577784217,21.58762680600884,21.433612937650857,0.0,0.0,0.0,0.0,0.0,23.9,18.3,28.0,0.0,12.514262485696527,0.0,0.0
1986-07-16T03:45:00,demo_final_july_week,rulebased,21.627799205029557,21.57064923898561,21.56628932391337,21.572520067150663,21.414772388622662,0.0,0.0,0.0,0.0,0.0,23.9,18.3,28.0,0.0,12.514262485696527,0.0,0.0
1986-07-16T04:00:00,demo_final_july_week,rulebased,21.616360534765853,21.557324730172155,21.554355723188444,21.558951559964452,21.397474598969996,0.0,0.0,0.0,0.0,0.0,23.9,18.3,28.0,0.0,12.514262485696527,0.0,0.0
1986-07-16T04:15:00,demo_final_july_week,rulebased,21.60569628660849,21.545096049834257,21.543272753423235,21.546510482727708,21.38144808629408,0.0,0.0,0.0,0.0,0.0,23.9,18.3,28.0,0.0,12.514262485696527,0.0,0.0
1986-07-16T04:30:00,demo_final_july_week,rulebased,21.59544022389962,21.53354380168384,21.532641700989675,21.53477346156058,21.366530341860166,0.0,0.0,0.0,0.0,0.0,23.9,18.3,28.0,0.0,12.514262485696527,0.0,0.0
1986-07-16T04:45:00,demo_final_july_week,rulebased,21.601251373542432,21.638141529291048,21.70939624342834,21.546400039438016,21.35385953939745,0.0,0.0,0.0,0.0,0.0,23.9,18.3,28.0,0.0,12.514262485696527,0.0,0.0
1986-07-16T05:08:00,demo_final_july_week,rulebased,21.629128693236087,21.93929746767296,22.166848915213173,21.58794677686652,21.348303810515617,0.0,0.0,0.0,0.0,0.0,23.9,18.3,28.0,0.0,12.514262485696527,0.0,0.0
1986-07-16T05:23:00,demo_final_july_week,rulebased,21.684244505731193,22.291949718985833,22.64314038974277,21.65558357093643,21.356499420381237,0.0,0.0,0.0,0.0,0.0,24.324999999999996,18.3,28.0,0.0,12.514262485696527,0.0,0.0
1986-07-16T05:38:00,demo_final_july_week,rulebased,21.759685929535735,22.681862301062736,23.10088321829316,21.743926780188406,21.37799012828255,0.0,0.0,0.0,0.0,0.0,24.75,18.3,28.0,0.0,12.514262485696527,0.0,0.0
1986-07-16T05:53:00,demo_final_july_week,rulebased,21.85062194121505,23.125160355535463,23.567054868994752,21.84926858358494,21.41123429227139,0.0,0.0,0.0,0.0,0.0,25.175000000000004,18.3,28.0,0.0,12.514262485696527,0.0,0.0
1986-07-16T06:08:00,demo_final_july_week,rulebased,21.967148518233106,23.650847690138736,24.069879021597202,21.979516360899467,21.45514747764821,0.0,0.0,0.0,0.0,0.0,25.6,18.3,28.0,0.0,12.514262485696527,0.0,0.0
1986-07-16T06:20:00,demo_final_july_week,rulebased,21.263801846963283,22.51797883640373,23.57428579743193,20.580529029823055,20.982364437566257,0.0,0.0,0.0,0.0,0.0,25.875000000000004,18.3,28.0,0.09183615471624539,12.606098640412773,0.0,0.0
1986-07-16T06:38:00,demo_final_july_week,rulebased,21.152433806264103,22.70102266588555,23.699015092459636,20.507984430029694,20.84459667593867,0.0,0.0,0.0,0.0,0.0,26.15,18.3,28.0,0.09183615471624539,12.697934795129019,0.0,0.0
1986-07-16T06:45:00,demo_final_july_week,rulebased,21.127387390742975,22.93295920992467,23.8373265055851,20.490746959434897,20.796309758511384,0.0,0.0,0.0,0.0,0.0,26.424999999999997,18.3,28.0,0.09183615471624539,12.789770949845265,0.0,0.0
1986-07-16T07:08:00,demo_final_july_week,rulebased,21.1568133804267,23.319946436802685,24.05913819447273,20.495898390548298,20.773398013538213,0.0,0.0,0.0,0.0,0.0,26.7,18.3,28.0,0.09183615471624539,12.88160710456151,0.0,0.0
1986-07-16T07:23:00,demo_final_july_week,rulebased,21.21973963234381,23.670445859352235,24.235151722453452,20.53173666171432,20.782985130061583,0.0,0.0,0.0,0.0,0.0,27.099999999999998,18.3,28.0,0.09183615471624539,12.973443259277756,0.0,0.0
1986-07-16T07:38:00,demo_final_july_week,rulebased,21.30903442354771,24.02405967643867,24.369442726858143,20.58012776155116,20.793449831052712,0.0,0.0,0.0,0.0,0.0,27.5,18.3,28.0,0.09183615471624539,13.065279413994002,0.0,0.0
1986-07-16T07:53:00,demo_final_july_week,rulebased,21.411682122717796,24.352498706696323,24.451721413369718,20.63865719848313,20.809934149587974,0.0,0.0,0.0,0.0,0.0,27.900000000000002,18.3,28.0,0.09183615471624539,13.157115568710248,0.0,0.0
1986-07-16T08:08:00,demo_final_july_week,rulebased,21.521822853283656,24.656891573160863,24.485434285231086,20.704736567005828,20.830525769090453,0.0,0.0,0.0,0.0,0.0,28.3,18.3,28.0,0.09183615471624539,13.248951723426494,0.0,0.0
1986-07-16T08:19:00,demo_final_july_week,rulebased,23.029048868799446,25.852375909576228,25.738653026779414,21.794962163988743,22.21556790887759,11.0,5.0,11.0,5.0,20.0,28.725,18.3,28.0,0.09183615471624539,13.34078787814274,0.0,0.0
1986-07-16T08:34:00,demo_final_july_week,rulebased,23.59594177504015,26.586358678189992,26.11391915039916,22.291450165782727,23.20117810473759,11.0,5.0,11.0,5.0,20.0,29.15,18.3,28.0,0.09183615471624539,13.432624032858985,0.0,0.0
1986-07-16T08:49:00,demo_final_july_week,rulebased,24.01006624695084,24.99921416946141,24.999286089311042,22.641309317705293,23.629032331515017,11.0,5.0,11.0,5.0,20.0,29.575,21.0,25.0,0.10142426073621688,13.534048293595202,0.0,0.0
1986-07-16T09:04:00,demo_final_july_week,rulebased,23.99949996176078,23.999854168942907,24.000190853786638,22.93025806956352,23.932439670345534,11.0,5.0,11.0,5.0,20.0,30.0,21.0,24.0,0.11185068121884363,13.645898974814045,0.0,0.0
1986-07-16T09:23:00,demo_final_july_week,rulebased,23.998691859814773,24.002721855253128,24.010520172384805,23.531874429127008,23.998568501732347,11.0,5.0,11.0,5.0,20.0,30.275,21.0,24.0,0.13224920762382542,13.77814818243787,0.0,0.0
1986-07-16T09:38:00,demo_final_july_week,rulebased,23.998634060903466,23.999370147110728,23.999171379264286,23.871800223175725,23.998666525730986,11.0,5.0,11.0,5.0,20.0,30.55,21.0,24.0,0.13584370870026713,13.913991891138139,0.0,0.0
1986-07-16T09:45:00,demo_final_july_week,rulebased,23.998013077675598,23.99873885146991,23.998243841235972,23.983200495130117,23.997902735521563,11.0,5.0,11.0,5.0,20.0,30.825000000000003,21.0,24.0,0.13898594310044948,14.052977834238588,0.0,0.0
1986-07-16T10:00:00,demo_final_july_week,rulebased,23.997940756077355,23.998650813292212,23.99821031887209,23.996316603956295,23.997741398506616,11.0,5.0,11.0,5.0,20.0,31.1,21.0,24.0,0.14190077452528818,14.194878608763876,0.0,0.0
1986-07-16T10:15:00,demo_final_july_week,rulebased,23.997972372235736,23.99862602778202,23.998237132655586,23.99789967523078,23.99768425378318,11.0,5.0,11.0,5.0,20.0,31.250000000000004,21.0,24.0,0.14471226463871184,14.339590873402587,0.0,0.0
1986-07-16T10:30:00,demo_final_july_week,rulebased,23.99801695431469,23.998616527269796,23.998233538694006,23.99807129618004,23.99767525065779,11.0,5.0,11.0,5.0,20.0,31.4,21.0,24.0,0.14665929159160773,14.486250164994194,0.0,0.0
1986-07-16T10:45:00,demo_final_july_week,rulebased,23.998058122345235,23.99863218644756,23.998223888433728,23.99810752638136,23.997687935906484,11.0,5.0,11.0,5.0,20.0,31.549999999999997,21.0,24.0,0.1478790821263926,14.634129247120587,0.0,0.0
1986-07-16T11:00:00,demo_final_july_week,rulebased,23.99809418357454,23.99866121099591,23.99822171803449,23.99814123998285,23.99771527350613,11.0,5.0,11.0,5.0,20.0,31.7,21.0,24.0,0.14848449770028518,14.782613744820871,0.0,0.0
1986-07-16T11:15:00,demo_final_july_week,rulebased,23.99824141140259,23.99876747555869,23.9983335596419,23.99828745671979,23.997949165021886,8.8,4.0,8.8,4.0,16.0,31.825,21.0,24.0,0.13915008578716617,14.921763830608038,0.0,0.0
1986-07-16T11:30:00,demo_final_july_week,rulebased,23.998340164578575,23.998870576048866,23.998416227185498,23.998387315658928,23.998029816425372,8.8,4.0,8.8,4.0,16.0,31.950000000000003,21.0,24.0,0.13875073277020303,15.060514563378241,0.0,0.0
1986-07-16T11:45:00,demo_final_july_week,rulebased,23.99842645143613,23.998948220853958,23.998486739754142,23.998470381543918,23.998094910188286,8.8,4.0,8.8,4.0,16.0,32.075,21.0,24.0,0.13841794454002188,15.198932507918263,0.0,0.0
1986-07-16T12:00:00,demo_final_july_week,rulebased,23.998487716148365,23.998987262041386,23.998531759222608,23.99852627475492,23.998148079720952,8.8,4.0,8.8,4.0,16.0,32.2,21.0,24.0,0.13816047666808787,15.33709298458635,0.0,0.0
1986-07-16T12:15:00,demo_final_july_week,rulebased,23.998737581057885,23.999158256224625,23.998768897233873,23.99877320138849,23.998569286172156,4.4,2.0,4.4,2.0,8.0,32.35,21.0,24.0,0.12222134892043988,15.459314333506791,0.0,0.0
1986-07-16T12:30:00,demo_final_july_week,rulebased,23.998889917787178,23.999285684089735,23.998915909777768,23.99892534891802,23.998692232155946,4.4,2.0,4.4,2.0,8.0,32.5,21.0,24.0,0.12136052293490222,15.580674856441693,0.0,0.0
1986-07-16T12:45:00,demo_final_july_week,rulebased,23.99903880525073,23.999264117814846,23.999060092300226,23.99907327121475,23.99879713489137,4.4,2.0,4.4,2.0,8.0,32.65,21.0,24.0,0.12128824100958298,15.701963097451276,0.0,0.0
1986-07-16T13:00:00,demo_final_july_week,rulebased,23.999146129855287,23.999307007363726,23.9991617624565,23.999165613543695,23.998883906093045,4.4,2.0,4.4,2.0,8.0,32.8,21.0,24.0,0.12160019361775846,15.823563291069036,0.0,0.0
1986-07-16T13:15:00,demo_final_july_week,rulebased,23.999031882429435,23.999160783497626,23.999042334886617,23.999030395706423,23.99865742635986,8.8,4.0,8.8,4.0,16.0,32.925,21.0,24.0,0.13736255570348754,15.960925846772524,0.0,0.0
1986-07-16T13:30:00,demo_final_july_week,rulebased,23.99890866344194,23.99899870602395,23.998912864877592,23.99887343784129,23.998597618197188,8.8,4.0,8.8,4.0,16.0,33.05,21.0,24.0,0.1396896102663875,16.100615457038913,0.0,0.0
1986-07-16T13:45:00,demo_final_july_week,rulebased,23.998757822359757,23.998830796999368,23.99876055416878,23.99868941537191,23.998517460695798,8.8,4.0,8.8,4.0,16.0,33.175,21.0,24.0,0.14170376343500007,16.242319220473913,0.0,0.0
1986-07-16T14:00:00,demo_final_july_week,rulebased,23.99864772509652,23.99872262587267,23.99865216321516,23.99855612990506,23.998442792159988,8.8,4.0,8.8,4.0,16.0,33.3,21.0,24.0,0.14371823263423794,16.386037453108152,0.0,0.0
1986-07-16T14:15:00,demo_final_july_week,rulebased,23.99854897342719,23.998631642880813,23.99855610975728,23.99844635455018,23.99831930013792,11.0,5.0,11.0,5.0,20.0,33.3,21.0,24.0,0.15008916171466646,16.53612661482282,0.0,0.0
1986-07-16T14:30:00,demo_final_july_week,rulebased,23.99844369038589,23.998525462747445,23.998450714547655,23.99832911632872,23.998214260390274,11.0,5.0,11.0,5.0,20.0,33.3,21.0,24.0,0.15274265753910435,16.688869272361924,0.0,0.0
1986-07-16T14:45:00,demo_final_july_week,rulebased,23.99834613974592,23.998433911864698,23.998361557688515,23.99822254982257,23.998113212760433,11.0,5.0,11.0,5.0,20.0,33.3,21.0,24.0,0.154617798044313,16.843487070406237,0.0,0.0
1986-07-16T15:00:00,demo_final_july_week,rulebased,23.998288856548367,23.998384659841683,23.998312950708605,23.998168425069718,23.998036268232546,11.0,5.0,11.0,5.0,20.0,33.3,21.0,24.0,0.15578333761689075,16.99927040802313,0.0,0.0
1986-07-16T15:15:00,demo_final_july_week,rulebased,23.99833945014257,23.998437230614982,23.998371237934503,23.998453413009447,23.998107169196896,11.0,5.0,11.0,5.0,20.0,33.175,21.0,24.0,0.15033619322940356,17.149606601252533,0.0,0.0
1986-07-16T15:30:00,demo_final_july_week,rulebased,23.99834112616776,23.998442780672264,23.99837857573408,23.99850860813331,23.99807832143687,11.0,5.0,11.0,5.0,20.0,33.05,21.0,24.0,0.15059489596902667,17.300201497221558,0.0,0.0
1986-07-16T15:45:00,demo_final_july_week,rulebased,23.99832357598656,23.99842501390238,23.998361175843602,23.99851901992742,23.998038268885598,11.0,5.0,11.0,5.0,20.0,32.925,21.0,24.0,0.1508731226293767,17.451074619850935,0.0,0.0
1986-07-16T16:00:00,demo_final_july_week,rulebased,23.99831165838602,23.998410410790825,23.998346586833975,23.998530413761213,23.998007027586066,11.0,5.0,11.0,5.0,20.0,32.8,21.0,24.0,0.15088783626339544,17.601962456114332,0.0,0.0
1986-07-16T16:15:00,demo_final_july_week,rulebased,23.998450464517738,23.998537861151743,23.998483582146562,23.99865852077766,23.998241740414816,11.0,5.0,11.0,5.0,20.0,32.8,21.0,24.0,0.1385121217754317,17.740474577889763,0.0,0.0
1986-07-16T16:30:00,demo_final_july_week,rulebased,23.998444119270065,23.998525138561174,23.998471792847692,23.9986572772299,23.998221928457607,11.0,5.0,11.0,5.0,20.0,32.8,21.0,24.0,0.13799826612488353,17.878472844014645,0.0,0.0
1986-07-16T16:45:00,demo_final_july_week,rulebased,23.998414050524957,23.99848808174774,23.998433713419306,23.998638235100433,23.998166988458394,11.0,5.0,11.0,5.0,20.0,32.8,21.0,24.0,0.13672899057244692,18.015201834587092,0.0,0.0
1986-07-16T17:00:00,demo_final_july_week,rulebased,23.998399200187038,23.998464808843913,23.998408884436163,23.998644395292768,23.998119725236183,11.0,5.0,11.0,5.0,20.0,32.8,21.0,24.0,0.13508054812876327,18.150282382715854,0.0,0.0
1986-07-16T17:15:00,demo_final_july_week,rulebased,23.998407794409143,23.998462495984583,23.998406390424442,23.99867206382373,23.99808865022281,11.0,5.0,11.0,5.0,20.0,32.525,21.0,24.0,0.13281761061651073,18.283099993332364,0.0,0.0
1986-07-16T17:30:00,demo_final_july_week,rulebased,23.998424378829956,23.99846883595829,23.998413336645683,23.99870112829437,23.99807070605894,11.0,5.0,11.0,5.0,20.0,32.25,21.0,24.0,0.1303335558222224,18.413433549154586,0.0,0.0
1986-07-16T17:45:00,demo_final_july_week,rulebased,23.998455601206384,23.998489634371733,23.998435746995284,23.998751843676725,23.998065072942033,11.0,5.0,11.0,5.0,20.0,31.974999999999998,21.0,24.0,0.12671598150153365,18.54014953065612,0.0,0.0
1986-07-16T18:00:00,demo_final_july_week,rulebased,23.998478380597653,23.998506587389986,23.998454130063735,23.998793807503485,23.99806641381457,11.0,5.0,11.0,5.0,20.0,31.7,21.0,24.0,0.12334381666488763,18.66349334732101,0.0,0.0
1986-07-16T18:15:00,demo_final_july_week,rulebased,23.999012782677436,23.79089057743895,23.99901248017634,23.9992217885902,23.99900463213018,5.5,2.5,5.5,2.5,10.0,31.424999999999997,21.0,24.0,0.10144321330349167,18.7649365606245,0.0,0.0
1986-07-16T18:30:00,demo_final_july_week,rulebased,23.999115227645074,23.552025843604763,23.99911547615238,23.999306422910188,23.999097097914472,5.5,2.5,5.5,2.5,10.0,31.15,21.0,24.0,0.09866038274558561,18.863596943370084,0.0,0.0
1986-07-16T18:45:00,demo_final_july_week,rulebased,23.99920350175034,23.36763248740731,23.9992012361849,23.99939225374852,23.99914670622609,5.5,2.5,5.5,2.5,10.0,30.875000000000004,21.0,24.0,0.09669142789523416,18.960288371265317,0.0,0.0
1986-07-16T19:00:00,demo_final_july_week,rulebased,23.999280070866835,23.2191423782327,23.999272709256015,23.999484247570592,23.999183434577347,5.5,2.5,5.5,2.5,10.0,30.6,21.0,24.0,0.09483199377337251,19.05512036503869,0.0,0.0
1986-07-16T19:23:00,demo_final_july_week,rulebased,23.751982858209104,22.668514326810673,23.714225267741554,23.93752346095295,23.519483616249698,0.0,0.0,0.0,0.0,0.0,30.450000000000003,21.0,24.0,0.09183615471624539,19.146956519754934,0.0,0.0
1986-07-16T19:38:00,demo_final_july_week,rulebased,23.506487621969885,22.338528584436606,23.45340165052264,23.50321013430255,23.156263244975115,0.0,0.0,0.0,0.0,0.0,30.3,18.3,27.0,0.09183615471624539,19.238792674471178,0.0,0.0
1986-07-16T19:53:00,demo_final_july_week,rulebased,23.312872339114975,22.12347401821301,23.261121488630007,23.105270011872836,22.95579915265302,0.0,0.0,0.0,0.0,0.0,30.15,18.3,28.0,0.09183615471624539,19.33062882918742,0.0,0.0
1986-07-16T20:08:00,demo_final_july_week,rulebased,23.13715012695831,21.931878696227404,23.08953970603935,22.80437834078883,22.7924340926874,0.0,0.0,0.0,0.0,0.0,30.0,18.3,28.0,0.09183615471624539,19.422464983903666,0.0,0.0
1986-07-16T20:20:00,demo_final_july_week,rulebased,23.672536102404788,23.050464840099067,23.577079330631165,23.779796304246698,22.93499031320861,0.0,0.0,0.0,0.0,0.0,29.725,18.3,28.0,0.0,19.422464983903666,0.0,0.0
1986-07-16T20:35:00,demo_final_july_week,rulebased,23.82223106106319,23.3368827706068,23.718192683319973,24.20499307318527,23.032119743748602,0.0,0.0,0.0,0.0,0.0,29.45,18.3,28.0,0.0,19.422464983903666,0.0,0.0
1986-07-16T20:45:00,demo_final_july_week,rulebased,23.85853944191046,23.454640803040878,23.751656828207782,24.278842465605305,23.0495744158752,0.0,0.0,0.0,0.0,0.0,29.174999999999997,18.3,28.0,0.0,19.422464983903666,0.0,0.0
1986-07-16T21:00:00,demo_final_july_week,rulebased,23.804773956155177,23.44358881773024,23.701662661959887,24.217673625389025,23.02580262668707,0.0,0.0,0.0,0.0,0.0,28.9,18.3,28.0,0.0,19.422464983903666,0.0,0.0
1986-07-16T21:15:00,demo_final_july_week,rulebased,23.70839915248528,23.39003767165244,23.60996583150462,24.08271852067821,22.950706986793822,0.0,0.0,0.0,0.0,0.0,28.624999999999996,18.3,28.0,0.0,19.422464983903666,0.0,0.0
1986-07-16T21:30:00,demo_final_july_week,rulebased,23.575249332698256,23.304946490638603,23.48096252130489,23.916821187386866,22.820035121223242,0.0,0.0,0.0,0.0,0.0,28.35,18.3,28.0,0.0,19.422464983903666,0.0,0.0
1986-07-16T21:45:00,demo_final_july_week,rulebased,23.45579092416706,23.22789820735836,23.36563215553458,23.768293536486826,22.699486852882025,0.0,0.0,0.0,0.0,0.0,28.075000000000003,18.3,28.0,0.0,19.422464983903666,0.0,0.0
1986-07-16T22:00:00,demo_final_july_week,rulebased,23.357067714784808,23.161758773632123,23.271332968148634,23.638302520112862,22.60916228321089,0.0,0.0,0.0,0.0,0.0,27.8,18.3,28.0,0.0,19.422464983903666,0.0,0.0
1986-07-16T22:15:00,demo_final_july_week,rulebased,23.270291204782662,23.099085550848233,23.188388751236744,23.517726061956033,22.538754493240067,0.0,0.0,0.0,0.0,0.0,27.650000000000002,18.3,28.0,0.0,19.422464983903666,0.0,0.0
1986-07-16T22:30:00,demo_final_july_week,rulebased,23.188501289405718,23.0360879726284,23.109657703778144,23.40256536861415,22.476321171980484,0.0,0.0,0.0,0.0,0.0,27.5,18.3,28.0,0.0,19.422464983903666,0.0,0.0
1986-07-16T22:45:00,demo_final_july_week,rulebased,23.10989051009846,22.972977410301976,23.033556159029896,23.293057355068825,22.4170899690108,0.0,0.0,0.0,0.0,0.0,27.349999999999998,18.3,28.0,0.0,19.422464983903666,0.0,0.0
1986-07-16T23:00:00,demo_final_july_week,rulebased,23.034691861546772,22.91077645704597,22.960503128093023,23.189925085144584,22.360654833826747,0.0,0.0,0.0,0.0,0.0,27.2,18.3,28.0,0.0,19.422464983903666,0.0,0.0
1986-07-16T23:15:00,demo_final_july_week,rulebased,22.959435392298897,22.847322056013926,22.88735938801124,23.090506722714387,22.307385724235917,0.0,0.0,0.0,0.0,0.0,26.924999999999997,18.3,28.0,0.0,19.422464983903666,0.0,0.0
1986-07-16T23:30:00,demo_final_july_week,rulebased,22.883959544053134,22.782833889824904,22.813960482620377,22.99449625904476,22.257173671432792,0.0,0.0,0.0,0.0,0.0,26.65,18.3,28.0,0.0,19.422464983903666,0.0,0.0
1986-07-16T23:45:00,demo_final_july_week,rulebased,22.809360702575464,22.71830915223287,22.741307737327343,22.902403466396,22.209582402337762,0.0,0.0,0.0,0.0,0.0,26.375000000000004,18.3,28.0,0.0,19.422464983903666,0.0,0.0
1986-07-17T00:00:00,demo_final_july_week,rulebased,22.736186552800902,22.654230200437663,22.6699126091903,22.81426328564311,22.164178061018283,0.0,0.0,0.0,0.0,0.0,26.1,18.3,28.0,0.0,19.422464983903666,0.0,0.0
1986-07-17T00:15:00,demo_final_july_week,rulebased,22.669001470739005,22.593757600821018,22.60368177609807,22.732810117166498,22.12066296063813,0.0,0.0,0.0,0.0,0.0,25.975,18.3,28.0,0.0,19.422464983903666,0.0,0.0
1986-07-17T00:30:00,demo_final_july_week,rulebased,22.60708490887643,22.536686194944448,22.542358553932175,22.657465325463566,22.078883944870423,0.0,0.0,0.0,0.0,0.0,25.85,18.3,28.0,0.0,19.422464983903666,0.0,0.0
1986-07-17T00:45:00,demo_final_july_week,rulebased,22.54892947535206,22.48192958138469,22.484358064360443,22.586814365437583,22.038870169133226,0.0,0.0,0.0,0.0,0.0,25.725,18.3,28.0,0.0,19.422464983903666,0.0,0.0
1986-07-17T01:00:00,demo_final_july_week,rulebased,22.493070520810626,22.42886497818257,22.428640939133953,22.51993172123946,22.000496932718256,0.0,0.0,0.0,0.0,0.0,25.6,18.3,28.0,0.0,19.422464983903666,0.0,0.0
1986-07-17T01:15:00,demo_final_july_week,rulebased,22.438503804475033,22.376987517606928,22.37437769753125,22.45604965448868,21.9636467587365,0.0,0.0,0.0,0.0,0.0,25.450000000000003,18.3,28.0,0.0,19.422464983903666,0.0,0.0
1986-07-17T01:30:00,demo_final_july_week,rulebased,22.38524298234823,22.326320495693015,22.32150332346453,22.394956629262577,21.928227081049574,0.0,0.0,0.0,0.0,0.0,25.3,18.3,28.0,0.0,19.422464983903666,0.0,0.0
1986-07-17T01:45:00,demo_final_july_week,rulebased,22.333474190961116,22.276957361484765,22.27011801250877,22.33653991460513,21.89415118998481,0.0,0.0,0.0,0.0,0.0,25.15,18.3,28.0,0.0,19.422464983903666,0.0,0.0
1986-07-17T02:00:00,demo_final_july_week,rulebased,22.283192898599527,22.22887265824657,22.22019366517416,22.280594990093757,21.861331388625448,0.0,0.0,0.0,0.0,0.0,25.0,18.3,28.0,0.0,19.422464983903666,0.0,0.0
1986-07-17T02:15:00,demo_final_july_week,rulebased,22.234017967307274,22.181684229418966,22.171241593111475,22.226584946601164,21.82968179592222,0.0,0.0,0.0,0.0,0.0,24.85,18.3,28.0,0.0,19.422464983903666,0.0,0.0
1986-07-17T02:30:00,demo_final_july_week,rulebased,22.18583240630044,22.135317981411045,22.12314972335356,22.17429939550511,21.799119597447152,0.0,0.0,0.0,0.0,0.0,24.7,18.3,28.0,0.0,19.422464983903666,0.0,0.0
1986-07-17T02:45:00,demo_final_july_week,rulebased,22.13864727007507,22.089818643435525,22.07597510231729,22.123663795750968,21.769567127813886,0.0,0.0,0.0,0.0,0.0,24.549999999999997,18.3,28.0,0.0,19.422464983903666,0.0,0.0
1986-07-17T03:00:00,demo_final_july_week,rulebased,22.09244803867819,22.045186531726,22.029731662801787,22.074574833596728,21.740953256990895,0.0,0.0,0.0,0.0,0.0,24.4,18.3,28.0,0.0,19.422464983903666,0.0,0.0
1986-07-17T03:15:00,demo_final_july_week,rulebased,22.04869180982882,22.00273485379083,21.986057729907234,22.02825584868554,21.71322012765614,0.0,0.0,0.0,0.0,0.0,24.275,18.3,28.0,0.0,19.422464983903666,0.0,0.0
1986-07-17T03:30:00,demo_final_july_week,rulebased,22.007023119401484,21.962142449969996,21.944623604786347,21.984305824523204,21.686335179626436,0.0,0.0,0.0,0.0,0.0,24.15,18.3,28.0,0.0,19.422464983903666,0.0,0.0
1986-07-17T03:45:00,demo_final_july_week,rulebased,21.966740574539056,21.922819340928058,21.904666252853403,21.942067215032036,21.66027959462944,0.0,0.0,0.0,0.0,0.0,24.025,18.3,28.0,0.0,19.422464983903666,0.0,0.0
1986-07-17T04:00:00,demo_final_july_week,rulebased,21.92750647095137,21.88451226086624,21.865801465347875,21.90122880060744,21.63503449941244,0.0,0.0,0.0,0.0,0.0,23.9,18.3,28.0,0.0,19.422464983903666,0.0,0.0
1986-07-17T04:15:00,demo_final_july_week,rulebased,21.88783491666402,21.845943532833154,21.82641753635163,21.860462269339326,21.61056941464022,0.0,0.0,0.0,0.0,0.0,23.749999999999996,18.3,28.0,0.0,19.422464983903666,0.0,0.0
1986-07-17T04:30:00,demo_final_july_week,rulebased,21.847993379326454,21.807356663264287,21.786753781734912,21.81996818859613,21.586826910263763,0.0,0.0,0.0,0.0,0.0,23.6,18.3,28.0,0.0,19.422464983903666,0.0,0.0
1986-07-17T04:45:00,demo_final_july_week,rulebased,21.823053901361444,21.839523278392775,21.852870316299942,21.802855915282105,21.564703090729903,0.0,0.0,0.0,0.0,0.0,23.450000000000003,18.3,28.0,0.0,19.422464983903666,0.0,0.0
1986-07-17T05:00:00,demo_final_july_week,rulebased,21.810997088637105,21.926399851070638,21.98986561406974,21.805937426261018,21.546774681452366,0.0,0.0,0.0,0.0,0.0,23.3,18.3,28.0,0.0,19.422464983903666,0.0,0.0
1986-07-17T05:15:00,demo_final_july_week,rulebased,21.82326752738909,22.042546618664275,22.146109942162834,21.83455668458783,21.53475542092072,0.0,0.0,0.0,0.0,0.0,23.725,18.3,28.0,0.0,19.422464983903666,0.0,0.0
1986-07-17T05:30:00,demo_final_july_week,rulebased,21.861863050814808,22.20154476998293,22.33466591180067,21.88827934850339,21.529036332918277,0.0,0.0,0.0,0.0,0.0,24.15,18.3,28.0,0.0,19.422464983903666,0.0,0.0
1986-07-17T05:45:00,demo_final_july_week,rulebased,21.922034040296285,22.42780916256953,22.584171078117926,21.964964665653525,21.53012909593379,0.0,0.0,0.0,0.0,0.0,24.575,18.3,28.0,0.0,19.422464983903666,0.0,0.0
1986-07-17T06:08:00,demo_final_july_week,rulebased,22.015987681479743,22.78447547367487,22.94805527078683,22.08312140434125,21.541221369588825,0.0,0.0,0.0,0.0,0.0,25.0,18.3,28.0,0.0,19.422464983903666,0.0,0.0
1986-07-17T06:20:00,demo_final_july_week,rulebased,21.303131104178416,21.666522375388254,22.483107142769327,20.66359575421381,21.032011644921273,0.0,0.0,0.0,0.0,0.0,25.55,18.3,28.0,0.09183615471624539,19.51430113861991,0.0,0.0
1986-07-17T06:38:00,demo_final_july_week,rulebased,21.189138961155944,21.772818056997725,22.581549502138614,20.5868563285025,20.866727594116657,0.0,0.0,0.0,0.0,0.0,26.1,18.3,28.0,0.09183615471624539,19.606137293336154,0.0,0.0
1986-07-17T06:45:00,demo_final_july_week,rulebased,21.165907043058528,21.945477836053925,22.71934269767091,20.57285980128099,20.803121709687503,0.0,0.0,0.0,0.0,0.0,26.65,18.3,28.0,0.09183615471624539,19.697973448052398,0.0,0.0
1986-07-17T07:00:00,demo_final_july_week,rulebased,21.193050455554104,22.214966174365593,22.932077315088232,20.596115972422126,20.763665015991396,0.0,0.0,0.0,0.0,0.0,27.2,18.3,28.0,0.09183615471624539,19.789809602768642,0.0,0.0
1986-07-17T07:15:00,demo_final_july_week,rulebased,21.262851813821406,22.506506780831483,23.148781093292513,20.634633667380253,20.758398138566175,0.0,0.0,0.0,0.0,0.0,27.75,18.3,28.0,0.09183615471624539,19.881645757484886,0.0,0.0
1986-07-17T07:38:00,demo_final_july_week,rulebased,21.381833226070654,22.93478455945394,23.430070397880346,20.70370336960186,20.757519930331327,0.0,0.0,0.0,0.0,0.0,28.299999999999997,18.3,28.0,0.09183615471624539,19.97348191220113,0.0,0.0
1986-07-17T07:53:00,demo_final_july_week,rulebased,21.505835026956174,23.287693668104467,23.636714801354273,20.781473831065618,20.767398428265647,0.0,0.0,0.0,0.0,0.0,28.849999999999998,18.3,28.0,0.09183615471624539,20.065318066917374,0.0,0.0
1986-07-17T08:08:00,demo_final_july_week,rulebased,21.63771444107329,23.626203051200765,23.793930246422047,20.869652786084007,20.78492347472537,0.0,0.0,0.0,0.0,0.0,29.4,18.3,28.0,0.09183615471624539,20.15715422163362,0.0,0.0
1986-07-17T08:19:00,demo_final_july_week,rulebased,23.156767982245725,25.137648394421443,25.21204079481826,21.97595824572036,22.17037758560207,11.0,5.0,11.0,5.0,20.0,29.824999999999996,18.3,28.0,0.09183615471624539,20.248990376349862,0.0,0.0
1986-07-17T08:34:00,demo_final_july_week,rulebased,23.744471664590932,25.7953510008298,25.7211106268661,22.518418011278452,23.141966928055,11.0,5.0,11.0,5.0,20.0,30.25,18.3,28.0,0.09183615471624539,20.340826531066106,0.0,0.0
1986-07-17T08:50:00,demo_final_july_week,rulebased,24.16617953930036,24.999510421960416,24.999320008867958,22.881745290085174,23.553782061808157,11.0,5.0,11.0,5.0,20.0,30.675000000000004,21.0,25.0,0.09834050736187236,20.43916703842798,0.0,0.0
1986-07-17T09:05:00,demo_final_july_week,rulebased,23.99933852933037,24.001314849782695,24.00267467767138,23.18165041944265,23.87240137479756,11.0,5.0,11.0,5.0,20.0,31.1,21.0,24.0,0.10975361278950929,20.548920651217486,0.0,0.0
1986-07-17T09:23:00,demo_final_july_week,rulebased,23.998658240856237,24.00014084202595,24.001147062963312,23.801966340646587,23.998515252955286,11.0,5.0,11.0,5.0,20.0,31.250000000000004,21.0,24.0,0.1291836009271806,20.678104252144667,0.0,0.0
1986-07-17T09:38:00,demo_final_july_week,rulebased,23.998621563462972,23.999030333691742,24.00364381831151,23.99614993095523,23.998697654081486,11.0,5.0,11.0,5.0,20.0,31.4,21.0,24.0,0.13525254721096622,20.813356799355635,0.0,0.0
1986-07-17T09:45:00,demo_final_july_week,rulebased,23.998006288444213,23.99859992213232,23.998954947424266,23.997903971242277,23.997941998010006,11.0,5.0,11.0,5.0,20.0,31.549999999999997,21.0,24.0,0.14056366480239688,20.95392046415803,0.0,0.0
1986-07-17T10:00:00,demo_final_july_week,rulebased,23.99794242225931,23.99858256663102,23.99828609018768,23.998094864668964,23.997754165346517,11.0,5.0,11.0,5.0,20.0,31.7,21.0,24.0,0.1440455746740207,21.097966038832052,0.0,0.0
1986-07-17T10:15:00,demo_final_july_week,rulebased,23.997974098070117,23.998584747655297,23.998204584583863,23.99805719724862,23.99767906087225,11.0,5.0,11.0,5.0,20.0,31.825,21.0,24.0,0.1484190547055793,21.246385093537633,0.0,0.0
1986-07-17T10:30:00,demo_final_july_week,rulebased,23.998015296171033,23.998581243576677,24.00121608473988,23.998062282957694,23.997661060056167,11.0,5.0,11.0,5.0,20.0,31.950000000000003,21.0,24.0,0.15129477856310863,21.397679872100742,0.0,0.0
1986-07-17T10:45:00,demo_final_july_week,rulebased,23.998052420935974,23.998597909273332,24.02097961181702,23.998092757019666,23.997674325322226,11.0,5.0,11.0,5.0,20.0,32.075,21.0,24.0,0.1532072902548811,21.55088716235562,0.0,0.0
1986-07-17T11:00:00,demo_final_july_week,rulebased,23.998086280861813,23.998627020722388,24.052502416486984,23.998128725171856,23.997697666473485,11.0,5.0,11.0,5.0,20.0,32.2,21.0,24.0,0.15462585699970344,21.705513019355326,0.0,0.0
1986-07-17T11:15:00,demo_final_july_week,rulebased,23.998216564700105,23.99871919066721,24.007342863835426,23.998256082486165,23.997923478850165,8.8,4.0,8.8,4.0,16.0,32.475,21.0,24.0,0.14743514141083022,21.852948160766157,0.0,0.0
1986-07-17T11:30:00,demo_final_july_week,rulebased,23.998315919716962,23.99882047057305,23.999865382176086,23.99835723901861,23.998003987365134,8.8,4.0,8.8,4.0,16.0,32.75,21.0,24.0,0.14757002775155997,22.000518188517717,0.0,0.0
1986-07-17T11:45:00,demo_final_july_week,rulebased,23.99840695456686,23.99890156941168,24.013231710438646,23.998453903704068,23.99807189194779,8.8,4.0,8.8,4.0,16.0,33.025,21.0,24.0,0.14812878897486456,22.148646977492582,0.0,0.0
1986-07-17T12:00:00,demo_final_july_week,rulebased,23.998471735612977,23.998945983570874,24.03641997813254,23.998521641803436,23.998129143465793,8.8,4.0,8.8,4.0,16.0,33.3,21.0,24.0,0.14821467549242315,22.296861652985005,0.0,0.0
1986-07-17T12:15:00,demo_final_july_week,rulebased,23.998722415875328,23.999121487552532,24.00471756484486,23.9987631330181,23.99854834979861,4.4,2.0,4.4,2.0,8.0,33.3,21.0,24.0,0.13052174995578558,22.42738340294079,0.0,0.0
1986-07-17T12:30:00,demo_final_july_week,rulebased,23.998902257301214,23.999131171100746,23.99985444579047,23.99894677018251,23.998684411630187,4.4,2.0,4.4,2.0,8.0,33.3,21.0,24.0,0.12916210842725653,22.556545511368046,0.0,0.0
1986-07-17T12:45:00,demo_final_july_week,rulebased,23.999069309169702,23.99925190071981,23.999232730666275,23.99911411842598,23.99879806785501,4.4,2.0,4.4,2.0,8.0,33.3,21.0,24.0,0.12835335866935663,22.684898870037404,0.0,0.0
1986-07-17T13:00:00,demo_final_july_week,rulebased,23.99918718907882,23.999327081159574,23.999225852499375,23.999216739874342,23.998893170416828,4.4,2.0,4.4,2.0,8.0,33.3,21.0,24.0,0.12794341751618635,22.81284228755359,0.0,0.0
1986-07-17T13:15:00,demo_final_july_week,rulebased,23.999083142410345,23.99919169894614,24.002531405496836,23.999092601162108,23.998681815183485,8.8,4.0,8.8,4.0,16.0,33.3,21.0,24.0,0.14475252394875535,22.957594811502346,0.0,0.0
1986-07-17T13:30:00,demo_final_july_week,rulebased,23.99894946929542,23.99901947657394,24.010738654599315,23.998925188863016,23.99862118065905,8.8,4.0,8.8,4.0,16.0,33.3,21.0,24.0,0.1458531159039439,23.10344792740629,0.0,0.0
1986-07-17T13:45:00,demo_final_july_week,rulebased,23.99878723725114,23.99884176373017,24.021062880886184,23.998731284745602,23.99853840746739,8.8,4.0,8.8,4.0,16.0,33.3,21.0,24.0,0.14716888877251283,23.250616816178802,0.0,0.0
1986-07-17T14:00:00,demo_final_july_week,rulebased,23.99867225054395,23.998731143256563,24.030759706659847,23.99859634411502,23.998462162817177,8.8,4.0,8.8,4.0,16.0,33.3,21.0,24.0,0.14862068655804017,23.39923750273684,0.0,0.0
1986-07-17T14:15:00,demo_final_july_week,rulebased,23.998572994531578,23.998643585311843,24.08082815088028,23.998490735026238,23.99834130775457,11.0,5.0,11.0,5.0,20.0,33.449999999999996,21.0,24.0,0.15407821646181055,23.553315719198654,0.0,0.0
1986-07-17T14:30:00,demo_final_july_week,rulebased,23.998456342940223,23.998530201353883,24.126380463996416,23.99836138889152,23.998232309663933,11.0,5.0,11.0,5.0,20.0,33.599999999999994,21.0,24.0,0.1566251997922694,23.709940918990924,0.0,0.0
1986-07-17T14:45:00,demo_final_july_week,rulebased,23.998354680810703,23.998430932320385,24.143938151743257,23.998256108785306,23.998127661773385,11.0,5.0,11.0,5.0,20.0,33.75,21.0,24.0,0.1584646298104886,23.868405548801412,0.0,0.0
1986-07-17T15:00:00,demo_final_july_week,rulebased,23.99829386135933,23.998374472212724,24.140992096084595,23.998205348951963,23.99804688805124,11.0,5.0,11.0,5.0,20.0,33.9,21.0,24.0,0.1598900722495348,24.028295621050948,0.0,0.0
1986-07-17T15:15:00,demo_final_july_week,rulebased,23.99833560585593,23.998413928412848,24.06592986695966,23.998492819754023,23.998108624860325,11.0,5.0,11.0,5.0,20.0,33.75,21.0,24.0,0.15564240157342107,24.183938022624368,0.0,0.0
1986-07-17T15:30:00,demo_final_july_week,rulebased,23.998336358292153,23.998415214984146,24.009547527913025,23.998550088654287,23.998076991422643,11.0,5.0,11.0,5.0,20.0,33.599999999999994,21.0,24.0,0.15579455616031498,24.339732578784684,0.0,0.0
1986-07-17T15:45:00,demo_final_july_week,rulebased,23.99834320191175,23.99841209452903,24.000152500448976,23.998594233323594,23.998042862648855,11.0,5.0,11.0,5.0,20.0,33.449999999999996,21.0,24.0,0.15393568523866263,24.493668264023345,0.0,0.0
1986-07-17T16:00:00,demo_final_july_week,rulebased,23.99834764864723,23.998411859431073,23.998624060421395,23.99862303653815,23.998018684595685,11.0,5.0,11.0,5.0,20.0,33.3,21.0,24.0,0.1524100793914142,24.64607834341476,0.0,0.0
1986-07-17T16:15:00,demo_final_july_week,rulebased,23.998496188662553,23.998549143594758,23.99853396562337,23.998754587522946,23.99825814463951,11.0,5.0,11.0,5.0,20.0,33.175,21.0,24.0,0.13808151021538922,24.78415985363015,0.0,0.0
1986-07-17T16:30:00,demo_final_july_week,rulebased,23.99849664233223,23.99854508432838,23.99850108738301,23.99875825842187,23.998245202634322,11.0,5.0,11.0,5.0,20.0,33.05,21.0,24.0,0.13590709823118705,24.920066951861337,0.0,0.0
1986-07-17T16:45:00,demo_final_july_week,rulebased,23.998469920510882,23.99851710094129,23.998469892290544,23.998736281947775,23.998195825198906,11.0,5.0,11.0,5.0,20.0,32.925,21.0,24.0,0.13314333527234376,25.05321028713368,0.0,0.0
1986-07-17T17:00:00,demo_final_july_week,rulebased,23.998456768729753,23.998503628777343,23.998455187461193,23.998735161086593,23.99815313713518,11.0,5.0,11.0,5.0,20.0,32.8,21.0,24.0,0.1301472956572227,25.183357582790904,0.0,0.0
1986-07-17T17:15:00,demo_final_july_week,rulebased,23.998469363370962,23.998514158828137,23.998466283242664,23.998758780948343,23.998126958444136,11.0,5.0,11.0,5.0,20.0,32.375,21.0,24.0,0.1266177212787718,25.309975304069678,0.0,0.0
1986-07-17T17:30:00,demo_final_july_week,rulebased,23.99849017456195,23.998532789398343,23.99848612308458,23.99878764983865,23.99811342351825,11.0,5.0,11.0,5.0,20.0,31.95,21.0,24.0,0.12302651029148039,25.43300181436116,0.0,0.0
1986-07-17T17:45:00,demo_final_july_week,rulebased,23.998508575518343,23.998547499744937,23.998501992483718,23.99882189439003,23.998107775054454,11.0,5.0,11.0,5.0,20.0,31.525000000000002,21.0,24.0,0.11947906109558543,25.552480875456745,0.0,0.0
1986-07-17T18:00:00,demo_final_july_week,rulebased,23.998531778113033,23.99856407473599,23.998519961888352,23.998880389264347,23.998108999922266,11.0,5.0,11.0,5.0,20.0,31.1,21.0,24.0,0.11565184829940114,25.668132723756145,0.0,0.0
1986-07-17T18:15:00,demo_final_july_week,rulebased,23.999069583443514,23.7969016217355,23.999064516257913,23.999297838803617,23.999045327601984,5.5,2.5,5.5,2.5,10.0,31.1,21.0,24.0,0.09752141964866264,25.765654143404806,0.0,0.0
1986-07-17T18:30:00,demo_final_july_week,rulebased,23.999141496644004,23.551553921297177,23.999138303930604,23.999223700395586,23.999124951046337,5.5,2.5,5.5,2.5,10.0,31.1,21.0,24.0,0.09519357749221014,25.860847720897016,0.0,0.0
1986-07-17T18:45:00,demo_final_july_week,rulebased,23.999200388068267,23.360297120882816,23.999199812281066,23.990656804801265,23.99916930341557,5.5,2.5,5.5,2.5,10.0,31.1,21.0,24.0,0.09377736077346907,25.954625081670486,0.0,0.0
1986-07-17T19:00:00,demo_final_july_week,rulebased,23.999216468484438,23.210308323819447,23.999219026648046,23.860038168232936,23.99545660776066,5.5,2.5,5.5,2.5,10.0,31.1,21.0,24.0,0.09300740362617833,26.047632485296663,0.0,0.0
1986-07-17T19:23:00,demo_final_july_week,rulebased,23.672025489739763,22.650628425892176,23.692283541779318,23.233379180270013,23.485470865144798,0.0,0.0,0.0,0.0,0.0,30.675000000000004,21.0,24.0,0.09183615471624539,26.139468640012907,0.0,0.0
1986-07-17T19:38:00,demo_final_july_week,rulebased,23.39261062300666,22.31143491259309,23.412080261143835,22.76756356801822,23.104531741185358,0.0,0.0,0.0,0.0,0.0,30.25,18.3,27.0,0.09183615471624539,26.23130479472915,0.0,0.0
1986-07-17T19:53:00,demo_final_july_week,rulebased,23.18523963811932,22.083197300227788,23.200330601804318,22.44258498819506,22.898151173478976,0.0,0.0,0.0,0.0,0.0,29.824999999999996,18.3,28.0,0.09183615471624539,26.323140949445396,0.0,0.0
1986-07-17T20:00:00,demo_final_july_week,rulebased,23.037072868419425,21.92562625613301,23.049378497112485,22.247372883639134,22.77519855456315,0.0,0.0,0.0,0.0,0.0,29.4,18.3,28.0,0.09183615471624539,26.41497710416164,0.0,0.0
1986-07-17T20:20:00,demo_final_july_week,rulebased,23.530321011596882,22.994312339641223,23.493826173132717,23.1672569320188,22.875827383558565,0.0,0.0,0.0,0.0,0.0,29.4,18.3,28.0,0.0,26.41497710416164,0.0,0.0
1986-07-17T20:35:00,demo_final_july_week,rulebased,23.689790116652354,23.280490244251546,23.63911495484673,23.605604058261278,22.96666123435581,0.0,0.0,0.0,0.0,0.0,29.4,18.3,28.0,0.0,26.41497710416164,0.0,0.0
1986-07-17T20:45:00,demo_final_july_week,rulebased,23.738154137685758,23.402076102449826,23.67999005958084,23.715243432846197,22.981104509932013,0.0,0.0,0.0,0.0,0.0,29.4,18.3,28.0,0.0,26.41497710416164,0.0,0.0
1986-07-17T21:00:00,demo_final_july_week,rulebased,23.70542495272475,23.400583907483743,23.644339604891478,23.714886880041384,22.955201865203804,0.0,0.0,0.0,0.0,0.0,29.4,18.3,28.0,0.0,26.41497710416164,0.0,0.0
1986-07-17T21:15:00,demo_final_july_week,rulebased,23.61354534876694,23.344490354927594,23.551451074717544,23.62923929653395,22.879813669938066,0.0,0.0,0.0,0.0,0.0,28.724999999999998,18.3,28.0,0.0,26.41497710416164,0.0,0.0
1986-07-17T21:30:00,demo_final_july_week,rulebased,23.468418991279467,23.245253619810985,23.40569693531929,23.496499992079347,22.749786437307375,0.0,0.0,0.0,0.0,0.0,28.049999999999997,18.3,28.0,0.0,26.41497710416164,0.0,0.0
1986-07-17T21:45:00,demo_final_july_week,rulebased,23.328359071466124,23.14833808786439,23.26557913702155,23.370835265707314,22.63019472907099,0.0,0.0,0.0,0.0,0.0,27.375,18.3,28.0,0.0,26.41497710416164,0.0,0.0
1986-07-17T22:00:00,demo_final_july_week,rulebased,23.204703455007966,23.059254073514886,23.142622303272837,23.256652830607965,22.540688293860285,0.0,0.0,0.0,0.0,0.0,26.7,18.3,28.0,0.0,26.41497710416164,0.0,0.0
1986-07-17T22:15:00,demo_final_july_week,rulebased,23.101950079571633,22.98056886584608,23.04027937794845,23.154954032296242,22.470659897047057,0.0,0.0,0.0,0.0,0.0,26.549999999999997,18.3,28.0,0.0,26.41497710416164,0.0,0.0
1986-07-17T22:30:00,demo_final_july_week,rulebased,23.012214963744686,22.907345588500696,22.950560896958162,23.060630234325018,22.408100362317178,0.0,0.0,0.0,0.0,0.0,26.4,18.3,28.0,0.0,26.41497710416164,0.0,0.0
1986-07-17T22:45:00,demo_final_july_week,rulebased,22.928732581480155,22.83607558354558,22.8669770163175,22.970395847062683,22.348341628182492,0.0,0.0,0.0,0.0,0.0,26.250000000000004,18.3,28.0,0.0,26.41497710416164,0.0,0.0
1986-07-17T23:00:00,demo_final_july_week,rulebased,22.849310807997863,22.766300806910753,22.78749798009982,22.883802629110438,22.291137191025225,0.0,0.0,0.0,0.0,0.0,26.1,18.3,28.0,0.0,26.41497710416164,0.0,0.0
1986-07-17T23:15:00,demo_final_july_week,rulebased,22.77817492130018,22.701884907093874,22.71608899018747,22.804430375710353,22.237011182986567,0.0,0.0,0.0,0.0,0.0,26.1,18.3,28.0,0.0,26.41497710416164,0.0,0.0
1986-07-17T23:30:00,demo_final_july_week,rulebased,22.715154014161275,22.642815815583543,22.65260178871646,22.73218824552515,22.18604682474033,0.0,0.0,0.0,0.0,0.0,26.1,18.3,28.0,0.0,26.41497710416164,0.0,0.0
1986-07-17T23:45:00,demo_final_july_week,rulebased,22.658062933038895,22.587853190067555,22.594990177078078,22.665802599823852,22.138018627906238,0.0,0.0,0.0,0.0,0.0,26.1,18.3,28.0,0.0,26.41497710416164,0.0,0.0
1986-07-18T00:00:00,demo_final_july_week,rulebased,22.60549608148126,22.53636139712379,22.541923643441006,22.604329371385383,22.092686191447232,0.0,0.0,0.0,0.0,0.0,26.1,18.3,28.0,0.0,26.41497710416164,0.0,0.0
1986-07-18T00:15:00,demo_final_july_week,rulebased,22.553859323132826,22.48599712985106,22.490097173129012,22.545171231763998,22.049975102956903,0.0,0.0,0.0,0.0,0.0,25.975,18.3,28.0,0.0,26.41497710416164,0.0,0.0
1986-07-18T00:30:00,demo_final_july_week,rulebased,22.502820999065552,22.436608410192793,22.43913703137928,22.488072876894183,22.00963791098381,0.0,0.0,0.0,0.0,0.0,25.85,18.3,28.0,0.0,26.41497710416164,0.0,0.0
1986-07-18T00:45:00,demo_final_july_week,rulebased,22.453268923764718,22.388801926310748,22.389803807094975,22.43354207209033,21.97142922649928,0.0,0.0,0.0,0.0,0.0,25.725,18.3,28.0,0.0,26.41497710416164,0.0,0.0
1986-07-18T01:00:00,demo_final_july_week,rulebased,22.405607947355286,22.34278652926684,22.342437500041648,22.381671210672508,21.935146159373048,0.0,0.0,0.0,0.0,0.0,25.6,18.3,28.0,0.0,26.41497710416164,0.0,0.0
1986-07-18T01:15:00,demo_final_july_week,rulebased,22.3580250340698,22.296975750025254,22.29508297535455,22.330762144873713,21.900615150897476,0.0,0.0,0.0,0.0,0.0,25.450000000000003,18.3,28.0,0.0,26.41497710416164,0.0,0.0
1986-07-18T01:30:00,demo_final_july_week,rulebased,22.310626796675606,22.251475897139173,22.247810131180163,22.280827186667555,21.86766215217719,0.0,0.0,0.0,0.0,0.0,25.3,18.3,28.0,0.0,26.41497710416164,0.0,0.0
1986-07-18T01:45:00,demo_final_july_week,rulebased,22.263955572515577,22.20671879336899,22.20120334015692,22.232214370317454,21.8361197776214,0.0,0.0,0.0,0.0,0.0,25.15,18.3,28.0,0.0,26.41497710416164,0.0,0.0
1986-07-18T02:00:00,demo_final_july_week,rulebased,22.218211988822503,22.162822921657128,22.155498933946916,22.184967738194906,21.80583870192361,0.0,0.0,0.0,0.0,0.0,25.0,18.3,28.0,0.0,26.41497710416164,0.0,0.0
1986-07-18T02:15:00,demo_final_july_week,rulebased,22.178030177535433,22.123326157188817,22.11518501537881,22.14256808836054,21.77671064999919,0.0,0.0,0.0,0.0,0.0,25.0,18.3,28.0,0.0,26.41497710416164,0.0,0.0
1986-07-18T02:30:00,demo_final_july_week,rulebased,22.143009503849594,22.08782349867803,22.07990256016989,22.104544319250717,21.748704715438,0.0,0.0,0.0,0.0,0.0,25.0,18.3,28.0,0.0,26.41497710416164,0.0,0.0
1986-07-18T02:45:00,demo_final_july_week,rulebased,22.111213284579858,22.054919018072813,22.047798231885853,22.06944667738254,21.72183955089553,0.0,0.0,0.0,0.0,0.0,25.0,18.3,28.0,0.0,26.41497710416164,0.0,0.0
1986-07-18T03:00:00,demo_final_july_week,rulebased,22.081598653939714,22.023981976510566,22.01786898968249,22.036602418790466,21.696143387419937,0.0,0.0,0.0,0.0,0.0,25.0,18.3,28.0,0.0,26.41497710416164,0.0,0.0
1986-07-18T03:15:00,demo_final_july_week,rulebased,22.049598266908085,21.991650850756564,21.98578343423998,22.002607027007823,21.671611049661678,0.0,0.0,0.0,0.0,0.0,24.85,18.3,28.0,0.0,26.41497710416164,0.0,0.0
1986-07-18T03:30:00,demo_final_july_week,rulebased,22.01540983344977,21.9581708741095,21.951703689393323,21.967681982025603,21.648162296840095,0.0,0.0,0.0,0.0,0.0,24.7,18.3,28.0,0.0,26.41497710416164,0.0,0.0
1986-07-18T03:45:00,demo_final_july_week,rulebased,21.980635878421168,21.924659533501437,21.91712767131812,21.9329184766604,21.625668505311317,0.0,0.0,0.0,0.0,0.0,24.549999999999997,18.3,28.0,0.0,26.41497710416164,0.0,0.0
1986-07-18T04:00:00,demo_final_july_week,rulebased,21.946047194862942,21.891525920113814,21.882773752460178,21.89869887688306,21.603993467690326,0.0,0.0,0.0,0.0,0.0,24.4,18.3,28.0,0.0,26.41497710416164,0.0,0.0
1986-07-18T04:15:00,demo_final_july_week,rulebased,21.912495545009673,21.85928454188963,21.84932226640763,21.865515264116198,21.583023707438358,0.0,0.0,0.0,0.0,0.0,24.275,18.3,28.0,0.0,26.41497710416164,0.0,0.0
1986-07-18T04:30:00,demo_final_july_week,rulebased,21.87951862193007,21.827333543415822,21.816348331997805,21.832745664083472,21.562680386383875,0.0,0.0,0.0,0.0,0.0,24.15,18.3,28.0,0.0,26.41497710416164,0.0,0.0
1986-07-18T04:45:00,demo_final_july_week,rulebased,21.860758981587093,21.867715594498826,21.893100468341977,21.821710023657044,21.5438589208439,0.0,0.0,0.0,0.0,0.0,24.025,18.3,28.0,0.0,26.41497710416164,0.0,0.0
1986-07-18T05:00:00,demo_final_july_week,rulebased,21.854092316296896,21.968072851100253,22.049581710527796,21.828756257999085,21.529223189447308,0.0,0.0,0.0,0.0,0.0,23.9,18.3,28.0,0.0,26.41497710416164,0.0,0.0
1986-07-18T05:15:00,demo_final_july_week,rulebased,21.870880415191188,22.106848907617465,22.237846976431634,21.85991286741747,21.52068817900183,0.0,0.0,0.0,0.0,0.0,24.324999999999996,18.3,28.0,0.0,26.41497710416164,0.0,0.0
1986-07-18T05:30:00,demo_final_july_week,rulebased,21.90966458340779,22.26937929194782,22.43189917241335,21.912372790147707,21.51861679207147,0.0,0.0,0.0,0.0,0.0,24.75,18.3,28.0,0.0,26.41497710416164,0.0,0.0
1986-07-18T05:45:00,demo_final_july_week,rulebased,21.97205959892124,22.525033189664992,22.714251406754887,21.987505988092156,21.52318013463913,0.0,0.0,0.0,0.0,0.0,25.175000000000004,18.3,28.0,0.0,26.41497710416164,0.0,0.0
1986-07-18T06:08:00,demo_final_july_week,rulebased,22.069246796586228,22.930480428251496,23.128278001231827,22.10342296169089,21.538773729574892,0.0,0.0,0.0,0.0,0.0,25.6,18.3,28.0,0.0,26.41497710416164,0.0,0.0
1986-07-18T06:20:00,demo_final_july_week,rulebased,21.338524736359574,21.77234236277799,22.62038544790689,20.669030259193313,21.033887500912947,0.0,0.0,0.0,0.0,0.0,26.000000000000004,18.3,28.0,0.09183615471624539,26.506813258877884,0.0,0.0
1986-07-18T06:38:00,demo_final_july_week,rulebased,21.222526840558388,21.924931091675578,22.756404351395737,20.583270710996867,20.8714308076462,0.0,0.0,0.0,0.0,0.0,26.4,18.3,28.0,0.09183615471624539,26.598649413594128,0.0,0.0
1986-07-18T06:45:00,demo_final_july_week,rulebased,21.196455463624982,22.1319743366512,22.91786474339974,20.56426483475428,20.808774939597313,0.0,0.0,0.0,0.0,0.0,26.799999999999997,18.3,28.0,0.09183615471624539,26.690485568310372,0.0,0.0
1986-07-18T07:08:00,demo_final_july_week,rulebased,21.225038357333577,22.495284840126438,23.192746486615253,20.574427720410856,20.769062307374487,0.0,0.0,0.0,0.0,0.0,27.2,18.3,28.0,0.09183615471624539,26.782321723026616,0.0,0.0
1986-07-18T07:23:00,demo_final_july_week,rulebased,21.30038182686204,22.845791621345153,23.43697088763234,20.616696040908444,20.768936508697564,0.0,0.0,0.0,0.0,0.0,27.625,18.3,28.0,0.09183615471624539,26.87415787774286,0.0,0.0
1986-07-18T07:38:00,demo_final_july_week,rulebased,21.391289796052558,23.216008971747087,23.65335390694298,20.67440695267176,20.772189706433075,0.0,0.0,0.0,0.0,0.0,28.049999999999997,18.3,28.0,0.09183615471624539,26.965994032459104,0.0,0.0
1986-07-18T07:53:00,demo_final_july_week,rulebased,21.495682924187573,23.563541251518547,23.820132882936562,20.74453627134844,20.783890514913626,0.0,0.0,0.0,0.0,0.0,28.474999999999998,18.3,28.0,0.09183615471624539,27.057830187175348,0.0,0.0
1986-07-18T08:08:00,demo_final_july_week,rulebased,21.613806885443285,23.89501770521577,23.942612544718497,20.821585760871507,20.801987144403213,0.0,0.0,0.0,0.0,0.0,28.9,18.3,28.0,0.09183615471624539,27.149666341891592,0.0,0.0
1986-07-18T08:19:00,demo_final_july_week,rulebased,23.112572528474995,25.149160872179394,25.31169636341815,21.919129588076512,22.18643987730487,11.0,5.0,11.0,5.0,20.0,29.174999999999997,18.3,28.0,0.09183615471624539,27.241502496607836,0.0,0.0
1986-07-18T08:34:00,demo_final_july_week,rulebased,23.68077926341621,25.961325851113074,25.777112441123347,22.436020311250505,23.160463506586623,11.0,5.0,11.0,5.0,20.0,29.45,18.3,28.0,0.09183615471624539,27.33333865132408,0.0,0.0
1986-07-18T08:50:00,demo_final_july_week,rulebased,24.093598989904834,24.999881560295425,24.99944064737677,22.786394185843502,23.570807898111042,11.0,5.0,11.0,5.0,20.0,29.725,21.0,25.0,0.09897810810000024,27.43231675942408,0.0,0.0
1986-07-18T09:05:00,demo_final_july_week,rulebased,23.999417391111646,24.001618995617157,24.002666315001864,23.068779626730727,23.886441862345094,11.0,5.0,11.0,5.0,20.0,30.0,21.0,24.0,0.10937697547528916,27.54169373489937,0.0,0.0
1986-07-18T09:23:00,demo_final_july_week,rulebased,23.99875342318407,24.000348955820353,24.001147957284388,23.68524562419154,23.99857880006801,11.0,5.0,11.0,5.0,20.0,30.425,21.0,24.0,0.1296061092433244,27.67129984414269,0.0,0.0
1986-07-18T09:38:00,demo_final_july_week,rulebased,23.998675293559018,23.999074626808845,23.99881576282458,23.992202842192917,23.998736045309695,11.0,5.0,11.0,5.0,20.0,30.85,21.0,24.0,0.13471429463155113,27.80601413877424,0.0,0.0
1986-07-18T09:45:00,demo_final_july_week,rulebased,23.998057686379855,23.998628683124053,23.998180313990787,23.997472313816733,23.997995287354552,11.0,5.0,11.0,5.0,20.0,31.275,21.0,24.0,0.14020860017134382,27.946222738945586,0.0,0.0
1986-07-18T10:00:00,demo_final_july_week,rulebased,23.997964122330018,23.998599617840757,23.99817269835817,23.998092476632515,23.997804169744374,11.0,5.0,11.0,5.0,20.0,31.7,21.0,24.0,0.14386224484074125,28.090084983786326,0.0,0.0
1986-07-18T10:15:00,demo_final_july_week,rulebased,23.997979672370565,23.998595971362082,23.998198244036686,23.998083174508878,23.99771896172193,11.0,5.0,11.0,5.0,20.0,31.825,21.0,24.0,0.14798547115650346,28.23807045494283,0.0,0.0
1986-07-18T10:30:00,demo_final_july_week,rulebased,23.99801663892883,23.998589929863265,23.99819638162828,23.99807459212918,23.99769159033724,11.0,5.0,11.0,5.0,20.0,31.950000000000003,21.0,24.0,0.15073535143809355,28.388805806380923,0.0,0.0
1986-07-18T10:45:00,demo_final_july_week,rulebased,23.998057140184876,23.998606519386808,23.9981936224171,23.99810385117795,23.99769817715255,11.0,5.0,11.0,5.0,20.0,32.075,21.0,24.0,0.15250752106053694,28.54131332744146,0.0,0.0
1986-07-18T11:00:00,demo_final_july_week,rulebased,23.998094641831027,23.998637963084523,23.998198641669692,23.998144507750446,23.997717314767467,11.0,5.0,11.0,5.0,20.0,32.2,21.0,24.0,0.15369280669087568,28.69500613413234,0.0,0.0
1986-07-18T11:15:00,demo_final_july_week,rulebased,23.998238045155954,23.9987473898631,23.998313598986705,23.998289248229103,23.997946718877326,8.8,4.0,8.8,4.0,16.0,32.475,21.0,24.0,0.1442664043437289,28.839272538476067,0.0,0.0
1986-07-18T11:30:00,demo_final_july_week,rulebased,23.998338080623554,23.99885321958461,23.998401706020907,23.998391637013363,23.998026999525244,8.8,4.0,8.8,4.0,16.0,32.75,21.0,24.0,0.1442987460567718,28.98357128453284,0.0,0.0
1986-07-18T11:45:00,demo_final_july_week,rulebased,23.998431884284077,23.99893943786494,23.99848526523411,23.99848501796292,23.998095552157313,8.8,4.0,8.8,4.0,16.0,33.025,21.0,24.0,0.14402353414438485,29.127594818677224,0.0,0.0
1986-07-18T12:00:00,demo_final_july_week,rulebased,23.998498517184725,23.99898505168008,23.998540744767343,23.998548708263932,23.99815273356528,8.8,4.0,8.8,4.0,16.0,33.3,21.0,24.0,0.14366410552388018,29.271258924201103,0.0,0.0
1986-07-18T12:15:00,demo_final_july_week,rulebased,23.998752736938226,23.99916047744501,23.99877972281776,23.998792518809374,23.998571762187836,4.4,2.0,4.4,2.0,8.0,33.3,21.0,24.0,0.125835499266355,29.397094423467458,0.0,0.0
1986-07-18T12:30:00,demo_final_july_week,rulebased,23.998918182409756,23.999297820484674,23.998941098075285,23.99895682515107,23.998700491818827,4.4,2.0,4.4,2.0,8.0,33.3,21.0,24.0,0.12440027403274753,29.521494697500206,0.0,0.0
1986-07-18T12:45:00,demo_final_july_week,rulebased,23.999070608411355,23.99928095287069,23.999090614237463,23.99910851701304,23.998808417869636,4.4,2.0,4.4,2.0,8.0,33.3,21.0,24.0,0.12381408437650086,29.645308781876707,0.0,0.0
1986-07-18T13:00:00,demo_final_july_week,rulebased,23.99917652591651,23.999323939623334,23.999192520266963,23.99920077981668,23.998897213062033,4.4,2.0,4.4,2.0,8.0,33.3,21.0,24.0,0.12358646418154398,29.76889524605825,0.0,0.0
1986-07-18T13:15:00,demo_final_july_week,rulebased,23.999067616691118,23.999185086550728,23.999079873988936,23.999072278196287,23.998680134247845,8.8,4.0,8.8,4.0,16.0,33.3,21.0,24.0,0.1393550980145064,29.908250344072755,0.0,0.0
1986-07-18T13:30:00,demo_final_july_week,rulebased,23.9989425142104,23.999025765842465,23.998950432468536,23.998914295746467,23.998622028564718,8.8,4.0,8.8,4.0,16.0,33.3,21.0,24.0,0.14099495573294862,30.049245299805705,0.0,0.0
1986-07-18T13:45:00,demo_final_july_week,rulebased,23.998788114902304,23.998857069074287,23.99879496815111,23.998725751018426,23.99854107423735,8.8,4.0,8.8,4.0,16.0,33.3,21.0,24.0,0.14245563291996763,30.191700932725674,0.0,0.0
1986-07-18T14:00:00,demo_final_july_week,rulebased,23.998677444056657,23.998749549108698,23.99868592386933,23.998589937052973,23.998465997126942,8.8,4.0,8.8,4.0,16.0,33.3,21.0,24.0,0.14393901960584782,30.335639952331523,0.0,0.0
1986-07-18T14:15:00,demo_final_july_week,rulebased,23.998574132099005,23.99865469060557,23.99858489389,23.99847267763166,23.998340557505838,11.0,5.0,11.0,5.0,20.0,33.3,21.0,24.0,0.14998234724255854,30.485622299574082,0.0,0.0
1986-07-18T14:30:00,demo_final_july_week,rulebased,23.998459878814717,23.998542831467354,23.99847271621034,23.99834192547561,23.998231184942135,11.0,5.0,11.0,5.0,20.0,33.3,21.0,24.0,0.15240470895511435,30.638027008529196,0.0,0.0
1986-07-18T14:45:00,demo_final_july_week,rulebased,23.998353639565877,23.998438300783466,23.998368685133308,23.998226350191647,23.9981245486056,11.0,5.0,11.0,5.0,20.0,33.3,21.0,24.0,0.1543392533180571,30.792366261847253,0.0,0.0
1986-07-18T15:00:00,demo_final_july_week,rulebased,23.99828625777909,23.998373585903007,23.99830279461746,23.99842068229885,23.99804142646132,11.0,5.0,11.0,5.0,20.0,33.3,21.0,24.0,0.1565846145928215,30.948950876440072,0.0,0.0
1986-07-18T15:15:00,demo_final_july_week,rulebased,23.99832377585009,23.998409741119367,23.998341839420082,23.99850263986573,23.998107439681803,11.0,5.0,11.0,5.0,20.0,33.449999999999996,21.0,24.0,0.15167417988175727,31.100625056321828,0.0,0.0
1986-07-18T15:30:00,demo_final_july_week,rulebased,23.998320032982356,23.99840425292711,23.998336201766833,23.998526677262287,23.998074873703146,11.0,5.0,11.0,5.0,20.0,33.599999999999994,21.0,24.0,0.15281480557697097,31.253439861898798,0.0,0.0
1986-07-18T15:45:00,demo_final_july_week,rulebased,23.998303380465472,23.998387294563813,23.998319320812023,23.998534345304243,23.998032554051544,11.0,5.0,11.0,5.0,20.0,33.75,21.0,24.0,0.15344857422784994,31.406888436126646,0.0,0.0
1986-07-18T16:00:00,demo_final_july_week,rulebased,23.99829484419187,23.99837778627425,23.99831019349665,23.998548038625774,23.998000994570532,11.0,5.0,11.0,5.0,20.0,33.9,21.0,24.0,0.15365607404068682,31.560544510167333,0.0,0.0
1986-07-18T16:15:00,demo_final_july_week,rulebased,23.99845351673671,23.998523095496296,23.998468021571437,23.998688945670423,23.998239121984565,11.0,5.0,11.0,5.0,20.0,33.474999999999994,21.0,24.0,0.13989076712040302,31.700435277287735,0.0,0.0
1986-07-18T16:30:00,demo_final_july_week,rulebased,23.998466055565764,23.998526695672037,23.998475766145,23.99870139813848,23.998223841905833,11.0,5.0,11.0,5.0,20.0,33.05,21.0,24.0,0.1382710243665339,31.83870630165427,0.0,0.0
1986-07-18T16:45:00,demo_final_july_week,rulebased,23.998451653226,23.99850490605879,23.99845543815764,23.99869304422483,23.998174928853786,11.0,5.0,11.0,5.0,20.0,32.625,21.0,24.0,0.13585475409986836,31.974561055754137,0.0,0.0
1986-07-18T17:00:00,demo_final_july_week,rulebased,23.998446627169027,23.99849293642973,23.998443554949432,23.998702905417883,23.998132568921704,11.0,5.0,11.0,5.0,20.0,32.2,21.0,24.0,0.13301801268270877,32.10757906843685,0.0,0.0
1986-07-18T17:15:00,demo_final_july_week,rulebased,23.998446637109748,23.99848786136073,23.998437054114405,23.99872232414304,23.998103477308288,11.0,5.0,11.0,5.0,20.0,32.075,21.0,24.0,0.13024891792584145,32.23782798636269,0.0,0.0
1986-07-18T17:30:00,demo_final_july_week,rulebased,23.998455263930683,23.9984920027771,23.998440124905375,23.998747601057126,23.998087975793418,11.0,5.0,11.0,5.0,20.0,31.950000000000003,21.0,24.0,0.1273210685533786,32.36514905491607,0.0,0.0
1986-07-18T17:45:00,demo_final_july_week,rulebased,23.998482455264178,23.998510361900856,23.99845863346309,23.99880791379259,23.99808539293188,11.0,5.0,11.0,5.0,20.0,31.825,21.0,24.0,0.12336840443003287,32.4885174593461,0.0,0.0
1986-07-18T18:00:00,demo_final_july_week,rulebased,23.998498690267038,23.998523845349,23.998472817840085,23.998848392482515,23.998086865048812,11.0,5.0,11.0,5.0,20.0,31.7,21.0,24.0,0.11984419690857386,32.60836165625467,0.0,0.0
1986-07-18T18:15:00,demo_final_july_week,rulebased,23.999040559013828,23.805776831852413,23.999032833912118,23.999267324261375,23.999024693820243,5.5,2.5,5.5,2.5,10.0,31.424999999999997,21.0,24.0,0.09945061620829726,32.70781227246297,0.0,0.0
1986-07-18T18:30:00,demo_final_july_week,rulebased,23.99914077079826,23.568470135445736,23.999134310406017,23.999362741594275,23.999114720044346,5.5,2.5,5.5,2.5,10.0,31.15,21.0,24.0,0.09659335798595756,32.804405630448926,0.0,0.0
1986-07-18T18:45:00,demo_final_july_week,rulebased,23.999220661069113,23.37562811281101,23.999216290897134,23.999435020891728,23.999162867463486,5.5,2.5,5.5,2.5,10.0,30.875000000000004,21.0,24.0,0.09480075987166346,32.899206390320586,0.0,0.0
1986-07-18T19:00:00,demo_final_july_week,rulebased,23.99928034769862,23.21743322172167,23.999277836754775,23.999362119522974,23.99919744304565,5.5,2.5,5.5,2.5,10.0,30.6,21.0,24.0,0.09344065874747925,32.99264704906807,0.0,0.0
1986-07-18T19:23:00,demo_final_july_week,rulebased,23.695418952535125,22.65453216094883,23.69119512955765,23.535134422072453,23.50268634902727,0.0,0.0,0.0,0.0,0.0,30.300000000000004,21.0,24.0,0.09183615471624539,33.084483203784316,0.0,0.0
1986-07-18T19:38:00,demo_final_july_week,rulebased,23.42510414800604,22.315842200351216,23.41505661373751,23.05442805832165,23.128692540521833,0.0,0.0,0.0,0.0,0.0,30.0,18.3,27.0,0.09183615471624539,33.176319358500564,0.0,0.0
1986-07-18T19:53:00,demo_final_july_week,rulebased,23.22167672987746,22.091274761656948,23.210975513816308,22.717128781560817,22.923628023285392,0.0,0.0,0.0,0.0,0.0,29.699999999999996,18.3,28.0,0.09183615471624539,33.26815551321681,0.0,0.0
1986-07-18T20:00:00,demo_final_july_week,rulebased,23.076839266253668,21.93830160612935,23.067519576885324,22.489358457828068,22.800524797856394,0.0,0.0,0.0,0.0,0.0,29.4,18.3,28.0,0.09183615471624539,33.35999166793306,0.0,0.0
1986-07-18T20:20:00,demo_final_july_week,rulebased,23.57332368843302,23.011950662039343,23.518019950472638,23.411191331379687,22.90308633259514,0.0,0.0,0.0,0.0,0.0,29.275,18.3,28.0,0.0,33.35999166793306,0.0,0.0
1986-07-18T20:35:00,demo_final_july_week,rulebased,23.72817072411135,23.29767124168892,23.663148785253412,23.838652372680333,22.99440394358359,0.0,0.0,0.0,0.0,0.0,29.15,18.3,28.0,0.0,33.35999166793306,0.0,0.0
1986-07-18T20:45:00,demo_final_july_week,rulebased,23.771920250811544,23.418208315262678,23.70317102813295,23.93327414029173,23.00891865104872,0.0,0.0,0.0,0.0,0.0,29.025,18.3,28.0,0.0,33.35999166793306,0.0,0.0
1986-07-18T21:00:00,demo_final_july_week,rulebased,23.73122076282129,23.41428661059702,23.664627477038316,23.90915085967717,22.982513152865533,0.0,0.0,0.0,0.0,0.0,28.9,18.3,28.0,0.0,33.35999166793306,0.0,0.0
1986-07-18T21:15:00,demo_final_july_week,rulebased,23.637664848269733,23.359284994847915,23.57283380092366,23.80369991143145,22.90627790377157,0.0,0.0,0.0,0.0,0.0,28.474999999999998,18.3,28.0,0.0,33.35999166793306,0.0,0.0
1986-07-18T21:30:00,demo_final_july_week,rulebased,23.497417629466312,23.2644286139197,23.432533127819845,23.656474261326245,22.775221478461155,0.0,0.0,0.0,0.0,0.0,28.049999999999997,18.3,28.0,0.0,33.35999166793306,0.0,0.0
1986-07-18T21:45:00,demo_final_july_week,rulebased,23.365788074462863,23.17363389365064,23.3002476391187,23.520038881654767,22.654590416542295,0.0,0.0,0.0,0.0,0.0,27.625,18.3,28.0,0.0,33.35999166793306,0.0,0.0
1986-07-18T22:00:00,demo_final_july_week,rulebased,23.25249213609004,23.0920059980789,23.186568662054082,23.39815284277178,22.564166144403565,0.0,0.0,0.0,0.0,0.0,27.2,18.3,28.0,0.0,33.35999166793306,0.0,0.0
1986-07-18T22:15:00,demo_final_july_week,rulebased,23.159038467782114,23.021306375739666,23.09393008306315,23.29087946984529,22.493457279267343,0.0,0.0,0.0,0.0,0.0,27.075,18.3,28.0,0.0,33.35999166793306,0.0,0.0
1986-07-18T22:30:00,demo_final_july_week,rulebased,23.07780063815062,22.95681140577916,23.014520721349566,23.193251304770605,22.430543339468354,0.0,0.0,0.0,0.0,0.0,26.95,18.3,28.0,0.0,33.35999166793306,0.0,0.0
1986-07-18T22:45:00,demo_final_july_week,rulebased,23.002970931865573,22.895127911434773,22.94201863506457,23.101996649863842,22.370806892018532,0.0,0.0,0.0,0.0,0.0,26.825,18.3,28.0,0.0,33.35999166793306,0.0,0.0
1986-07-18T23:00:00,demo_final_july_week,rulebased,22.932661028984732,22.835599289029552,22.874242385359082,23.01632907112336,22.314014522125206,0.0,0.0,0.0,0.0,0.0,26.7,18.3,28.0,0.0,33.35999166793306,0.0,0.0
1986-07-18T23:15:00,demo_final_july_week,rulebased,22.864506239307524,22.77643029123689,22.808202159771664,22.93412807354276,22.26064683534793,0.0,0.0,0.0,0.0,0.0,26.549999999999997,18.3,28.0,0.0,33.35999166793306,0.0,0.0
1986-07-18T23:30:00,demo_final_july_week,rulebased,22.798562431555823,22.71799929937277,22.743879363558626,22.85545125340827,22.210655588305254,0.0,0.0,0.0,0.0,0.0,26.4,18.3,28.0,0.0,33.35999166793306,0.0,0.0
1986-07-18T23:45:00,demo_final_july_week,rulebased,22.735292974311385,22.66106240754356,22.681959604372643,22.780757993648038,22.16363320908644,0.0,0.0,0.0,0.0,0.0,26.250000000000004,18.3,28.0,0.0,33.35999166793306,0.0,0.0
1986-07-19T00:00:00,demo_final_july_week,rulebased,22.6747128352257,22.605873486367884,22.622615695189804,22.71002851764003,22.119160547124228,0.0,0.0,0.0,0.0,0.0,26.1,18.3,28.0,0.0,33.35999166793306,0.0,0.0
1986-07-19T00:15:00,demo_final_july_week,rulebased,22.732219709511718,22.659427815215892,22.681427428937738,22.75003157897812,22.21753892012719,0.0,0.0,0.0,0.0,0.0,25.975,18.3,28.0,0.0,33.35999166793306,0.0,0.0
1986-07-19T00:30:00,demo_final_july_week,rulebased,22.779638267214334,22.698697945446572,22.73044583243987,22.7774739420184,22.32208927135762,0.0,0.0,0.0,0.0,0.0,25.85,18.3,28.0,0.0,33.35999166793306,0.0,0.0
1986-07-19T00:45:00,demo_final_july_week,rulebased,22.77895289447021,22.693445467267264,22.73090070725798,22.76190165577437,22.370280629329727,0.0,0.0,0.0,0.0,0.0,25.725,18.3,28.0,0.0,33.35999166793306,0.0,0.0
1986-07-19T01:00:00,demo_final_july_week,rulebased,22.753760266061867,22.66901347955623,22.706724962178388,22.728257518814,22.376593998034714,0.0,0.0,0.0,0.0,0.0,25.6,18.3,28.0,0.0,33.35999166793306,0.0,0.0
1986-07-19T01:15:00,demo_final_july_week,rulebased,22.720053164151356,22.63932547553987,22.674134550783585,22.690775622712977,22.368059136621465,0.0,0.0,0.0,0.0,0.0,25.300000000000004,18.3,28.0,0.0,33.35999166793306,0.0,0.0
1986-07-19T01:30:00,demo_final_july_week,rulebased,22.682903285832026,22.607246923475465,22.638151642889223,22.652003650232004,22.357362070684847,0.0,0.0,0.0,0.0,0.0,25.0,18.3,28.0,0.0,33.35999166793306,0.0,0.0
1986-07-19T01:45:00,demo_final_july_week,rulebased,22.64266632379807,22.572261674428244,22.5990383617014,22.61117080785749,22.34610837806935,0.0,0.0,0.0,0.0,0.0,24.699999999999996,18.3,28.0,0.0,33.35999166793306,0.0,0.0
1986-07-19T02:00:00,demo_final_july_week,rulebased,22.59933621231501,22.534256775014896,22.556748313635982,22.568054147987176,22.333097137108133,0.0,0.0,0.0,0.0,0.0,24.4,18.3,28.0,0.0,33.35999166793306,0.0,0.0
1986-07-19T02:15:00,demo_final_july_week,rulebased,22.562212967392043,22.500502047576813,22.520281410710346,22.529865729994917,22.317299904370955,0.0,0.0,0.0,0.0,0.0,24.4,18.3,28.0,0.0,33.35999166793306,0.0,0.0
1986-07-19T02:30:00,demo_final_july_week,rulebased,22.53143718517558,22.470995785728906,22.489869859380544,22.49651221698679,22.298903549983457,0.0,0.0,0.0,0.0,0.0,24.4,18.3,28.0,0.0,33.35999166793306,0.0,0.0
1986-07-19T02:45:00,demo_final_july_week,rulebased,22.503904013896808,22.44352045732355,22.462572895476587,22.465691722554627,22.27893019335809,0.0,0.0,0.0,0.0,0.0,24.4,18.3,28.0,0.0,33.35999166793306,0.0,0.0
1986-07-19T03:00:00,demo_final_july_week,rulebased,22.47792823700567,22.417114618361303,22.436778720177426,22.4363764130173,22.258236264558782,0.0,0.0,0.0,0.0,0.0,24.4,18.3,28.0,0.0,33.35999166793306,0.0,0.0
1986-07-19T03:15:00,demo_final_july_week,rulebased,22.449646774709233,22.389015579031728,22.408711183649316,22.40574026256062,22.23730431747689,0.0,0.0,0.0,0.0,0.0,24.275,18.3,28.0,0.0,33.35999166793306,0.0,0.0
1986-07-19T03:30:00,demo_final_july_week,rulebased,22.419026585768044,22.35914040724243,22.37811317884261,22.37366061451064,22.216361802542295,0.0,0.0,0.0,0.0,0.0,24.15,18.3,28.0,0.0,33.35999166793306,0.0,0.0
1986-07-19T03:45:00,demo_final_july_week,rulebased,22.39018433443172,22.329041610276562,22.346918012364355,22.341652016797987,22.19552393665524,0.0,0.0,0.0,0.0,0.0,24.025,18.3,28.0,0.0,33.35999166793306,0.0,0.0
1986-07-19T04:00:00,demo_final_july_week,rulebased,22.358814248498728,22.298878416928005,22.315523447366555,22.309831798734045,22.174859208968826,0.0,0.0,0.0,0.0,0.0,23.9,18.3,28.0,0.0,33.35999166793306,0.0,0.0
1986-07-19T04:15:00,demo_final_july_week,rulebased,22.328156031880805,22.269536087826886,22.285091381725096,22.27905097527852,22.15440445837519,0.0,0.0,0.0,0.0,0.0,23.749999999999996,18.3,28.0,0.0,33.35999166793306,0.0,0.0
1986-07-19T04:30:00,demo_final_july_week,rulebased,22.297667423044143,22.240815230533876,22.257745744328542,22.249080614681393,22.134210167286405,0.0,0.0,0.0,0.0,0.0,23.6,18.3,28.0,0.0,33.35999166793306,0.0,0.0
1986-07-19T04:45:00,demo_final_july_week,rulebased,22.2835214420107,22.290507202808712,22.347315876157477,22.241462196392355,22.115296752730377,0.0,0.0,0.0,0.0,0.0,23.450000000000003,18.3,28.0,0.0,33.35999166793306,0.0,0.0
1986-07-19T05:00:00,demo_final_july_week,rulebased,22.281365413712813,22.43019511668952,22.557552973958337,22.257685122792893,22.10066134157115,0.0,0.0,0.0,0.0,0.0,23.3,18.3,28.0,0.0,33.35999166793306,0.0,0.0
1986-07-19T05:15:00,demo_final_july_week,rulebased,22.301317094059616,22.620420591930817,22.811479602740878,22.2997608534051,22.092803614066778,0.0,0.0,0.0,0.0,0.0,23.575000000000003,18.3,28.0,0.0,33.35999166793306,0.0,0.0
1986-07-19T05:30:00,demo_final_july_week,rulebased,22.342354242352055,22.825565852686925,23.051315810172603,22.363636019787748,22.092208801206564,0.0,0.0,0.0,0.0,0.0,23.85,18.3,28.0,0.0,33.35999166793306,0.0,0.0
1986-07-19T05:45:00,demo_final_july_week,rulebased,22.40039240949909,23.086185411553235,23.329054329573232,22.445274388171732,22.098432682875078,0.0,0.0,0.0,0.0,0.0,24.124999999999996,18.3,28.0,0.0,33.35999166793306,0.0,0.0
1986-07-19T06:08:00,demo_final_july_week,rulebased,22.49655649610654,23.54464972168223,23.78781574180666,22.568886860183017,22.115421050379204,0.0,0.0,0.0,0.0,0.0,24.4,18.3,28.0,0.0,33.35999166793306,0.0,0.0
1986-07-19T06:23:00,demo_final_july_week,rulebased,22.617525407321406,24.043506185088194,24.254387287559855,22.710488807105616,22.142090898059614,0.0,0.0,0.0,0.0,0.0,25.099999999999998,18.3,28.0,0.0,33.35999166793306,0.0,0.0
1986-07-19T06:38:00,demo_final_july_week,rulebased,22.772148020445297,24.651615812785188,24.775079214263677,22.879758336878236,22.179813704889135,0.0,0.0,0.0,0.0,0.0,25.799999999999997,18.3,28.0,0.0,33.35999166793306,0.0,0.0
1986-07-19T06:53:00,demo_final_july_week,rulebased,22.93546755186653,25.205560525367858,25.19605890600391,23.05792759733511,22.22855298310989,0.0,0.0,0.0,0.0,0.0,26.5,18.3,28.0,0.0,33.35999166793306,0.0,0.0
1986-07-19T07:08:00,demo_final_july_week,rulebased,23.104947773425053,25.71089675465824,25.528870868655325,23.242757923908563,22.28601347104566,0.0,0.0,0.0,0.0,0.0,27.2,18.3,28.0,0.0,33.35999166793306,0.0,0.0
1986-07-19T07:23:00,demo_final_july_week,rulebased,23.265760011752043,26.180437765070803,25.79445130748028,23.42197481021642,22.349640385318928,0.0,0.0,0.0,0.0,0.0,27.474999999999998,18.3,28.0,0.0,33.35999166793306,0.0,0.0
1986-07-19T07:38:00,demo_final_july_week,rulebased,23.423808456948308,26.617188620922388,26.0037353018965,23.5992602549351,22.417039957909108,0.0,0.0,0.0,0.0,0.0,27.75,18.3,28.0,0.0,33.35999166793306,0.0,0.0
1986-07-19T07:53:00,demo_final_july_week,rulebased,23.569097081449367,26.93359129955085,26.114663136940447,23.775960773627947,22.486084743273548,0.0,0.0,0.0,0.0,0.0,28.025000000000002,18.3,28.0,0.0,33.35999166793306,0.0,0.0
1986-07-19T08:00:00,demo_final_july_week,rulebased,23.68572579992856,27.16185940132683,26.17885900209421,23.916468965933127,22.5401290828044,0.0,0.0,0.0,0.0,0.0,28.3,18.3,28.0,0.0,33.35999166793306,0.0,0.0
1986-07-19T08:15:00,demo_final_july_week,rulebased,23.84161983687661,27.421597694242664,26.24335509853232,24.096870166498753,22.604552276100055,0.0,0.0,0.0,0.0,0.0,28.875,18.3,28.0,0.0,33.35999166793306,0.0,0.0
1986-07-19T08:30:00,demo_final_july_week,rulebased,24.006200962749038,27.65467937564719,26.294863964197678,24.280606003623596,22.66746226700971,0.0,0.0,0.0,0.0,0.0,29.450000000000003,18.3,28.0,0.0,33.35999166793306,0.0,0.0
1986-07-19T08:45:00,demo_final_july_week,rulebased,24.185037151813326,27.887074208096323,26.35220145886716,24.479338443993274,22.730663404411363,0.0,0.0,0.0,0.0,0.0,30.025000000000002,18.3,28.0,0.0,33.35999166793306,0.0,0.0
1986-07-19T09:00:00,demo_final_july_week,rulebased,24.376326442891603,28.120005002132658,26.417551910091234,24.690887315933075,22.79495866439784,0.0,0.0,0.0,0.0,0.0,30.6,18.3,28.0,0.0,33.35999166793306,0.0,0.0
1986-07-19T09:15:00,demo_final_july_week,rulebased,24.56056307978577,28.296217888940717,26.476388297650253,24.91441622651942,22.860671874427833,0.0,0.0,0.0,0.0,0.0,30.875000000000004,18.3,28.0,0.0,33.35999166793306,0.0,0.0
1986-07-19T09:30:00,demo_final_july_week,rulebased,24.740188126611407,28.448528273127785,26.53302907531078,25.13794166711029,22.9276522279515,0.0,0.0,0.0,0.0,0.0,31.15,18.3,28.0,0.0,33.35999166793306,0.0,0.0
1986-07-19T09:45:00,demo_final_july_week,rulebased,24.91687401633814,28.594560898143172,26.58385306143404,25.354978323497814,22.997662414426856,0.0,0.0,0.0,0.0,0.0,31.424999999999997,18.3,28.0,0.0,33.35999166793306,0.0,0.0
1986-07-19T10:00:00,demo_final_july_week,rulebased,25.091293947256872,28.731544988406405,26.635184641234858,25.560885922290048,23.06964280841855,0.0,0.0,0.0,0.0,0.0,31.7,18.3,28.0,0.0,33.35999166793306,0.0,0.0
1986-07-19T10:15:00,demo_final_july_week,rulebased,25.2662318973781,28.85522785017983,26.705096547019558,25.764742128310367,23.143033443647383,0.0,0.0,0.0,0.0,0.0,31.974999999999998,18.3,28.0,0.0,33.35999166793306,0.0,0.0
1986-07-19T10:30:00,demo_final_july_week,rulebased,25.441741341598398,28.963392480903053,26.794672026143516,25.963730560759746,23.217487267699834,0.0,0.0,0.0,0.0,0.0,32.25,18.3,28.0,0.0,33.35999166793306,0.0,0.0
1986-07-19T10:45:00,demo_final_july_week,rulebased,25.60150609980336,29.013103581628013,26.87856525544433,26.144223681266837,23.29302756910568,0.0,0.0,0.0,0.0,0.0,32.525,18.3,28.0,0.0,33.35999166793306,0.0,0.0
1986-07-19T11:00:00,demo_final_july_week,rulebased,25.74171511482506,29.002985874469957,26.948897746207294,26.298446923082953,23.368707380067065,0.0,0.0,0.0,0.0,0.0,32.8,18.3,28.0,0.0,33.35999166793306,0.0,0.0
1986-07-19T11:15:00,demo_final_july_week,rulebased,25.85778653907426,28.942825400156035,27.00025258435876,26.42848750286982,23.44462428868157,0.0,0.0,0.0,0.0,0.0,32.8,18.3,28.0,0.0,33.35999166793306,0.0,0.0
1986-07-19T11:30:00,demo_final_july_week,rulebased,25.953347911431344,28.84707186054459,27.03697426975604,26.534876093088613,23.515559538787194,0.0,0.0,0.0,0.0,0.0,32.8,18.3,28.0,0.0,33.35999166793306,0.0,0.0
1986-07-19T11:45:00,demo_final_july_week,rulebased,26.052113170411555,28.76311013483512,27.060962473802835,26.62338608357547,23.579981663152502,0.0,0.0,0.0,0.0,0.0,32.8,18.3,28.0,0.0,33.35999166793306,0.0,0.0
1986-07-19T12:00:00,demo_final_july_week,rulebased,26.16112584369976,28.6854288100802,27.10078026092349,26.71505518689854,23.639367141400395,0.0,0.0,0.0,0.0,0.0,32.8,18.3,28.0,0.0,33.35999166793306,0.0,0.0
1986-07-19T12:15:00,demo_final_july_week,rulebased,26.279567623853325,28.599463804203385,27.15944095384785,26.82146720306335,23.69575966633058,0.0,0.0,0.0,0.0,0.0,32.925,18.3,28.0,0.0,33.35999166793306,0.0,0.0
1986-07-19T12:30:00,demo_final_july_week,rulebased,26.4023499511279,28.48863360773385,27.21446568537985,26.915891309844504,23.750514992894047,0.0,0.0,0.0,0.0,0.0,33.05,18.3,28.0,0.0,33.35999166793306,0.0,0.0
1986-07-19T12:45:00,demo_final_july_week,rulebased,26.50428952445949,28.34336984809548,27.246019204368103,26.98654420966092,23.80353837558217,0.0,0.0,0.0,0.0,0.0,33.175,18.3,28.0,0.0,33.35999166793306,0.0,0.0
1986-07-19T13:00:00,demo_final_july_week,rulebased,26.581053929912713,28.200705331940657,27.258881845857466,27.06396805696349,23.853880102234477,0.0,0.0,0.0,0.0,0.0,33.3,18.3,28.0,0.0,33.35999166793306,0.0,0.0
1986-07-19T13:15:00,demo_final_july_week,rulebased,26.643813848420848,28.078352460376212,27.26360433784125,27.170668454453473,23.900958568630664,0.0,0.0,0.0,0.0,0.0,33.574999999999996,18.3,28.0,0.0,33.35999166793306,0.0,0.0
1986-07-19T13:30:00,demo_final_july_week,rulebased,26.69905471208355,27.971992140039116,27.263023283908677,27.303983103565443,23.94469197435873,0.0,0.0,0.0,0.0,0.0,33.849999999999994,18.3,28.0,0.0,33.35999166793306,0.0,0.0
1986-07-19T13:45:00,demo_final_july_week,rulebased,26.76298570515579,27.88532028568986,27.272189822926425,27.481866646240977,23.98541290002027,0.0,0.0,0.0,0.0,0.0,34.125,18.3,28.0,0.0,33.35999166793306,0.0,0.0
1986-07-19T14:00:00,demo_final_july_week,rulebased,26.838506521290196,27.819851079801833,27.293261639867147,27.71121203091618,24.024109540582675,0.0,0.0,0.0,0.0,0.0,34.4,18.3,28.0,0.0,33.35999166793306,0.0,0.0
1986-07-19T14:15:00,demo_final_july_week,rulebased,26.918807284729063,27.76828636488295,27.318879997076387,27.986085183027384,24.061934844659334,0.0,0.0,0.0,0.0,0.0,34.55,18.3,28.0,0.0,33.35999166793306,0.0,0.0
1986-07-19T14:38:00,demo_final_july_week,rulebased,27.016782634943272,27.718262407166115,27.349822160671927,28.376225995845925,24.106018997311743,0.0,0.0,0.0,0.0,0.0,34.7,18.3,28.0,0.0,33.35999166793306,0.0,0.0
1986-07-19T14:53:00,demo_final_july_week,rulebased,27.082883203075426,27.66444763187658,27.357095812090026,28.696781825132412,24.146749247882465,0.0,0.0,0.0,0.0,0.0,34.85,18.3,28.0,0.0,33.35999166793306,0.0,0.0
1986-07-19T15:00:00,demo_final_july_week,rulebased,27.12269182446521,27.615704150924678,27.351525131739507,28.930859925546986,24.177455691174963,0.0,0.0,0.0,0.0,0.0,35.0,18.3,28.0,0.0,33.35999166793306,0.0,0.0
1986-07-19T15:15:00,demo_final_july_week,rulebased,27.141523115174603,27.53931981132289,27.31787476352006,29.17138388860856,24.212214944836603,0.0,0.0,0.0,0.0,0.0,34.725,18.3,28.0,0.0,33.35999166793306,0.0,0.0
1986-07-19T15:30:00,demo_final_july_week,rulebased,27.132063130536395,27.446500359849843,27.25913959852541,29.365548356320378,24.242136577435073,0.0,0.0,0.0,0.0,0.0,34.45,18.3,28.0,0.0,33.35999166793306,0.0,0.0
1986-07-19T15:45:00,demo_final_july_week,rulebased,27.115440405984213,27.354377688502293,27.196160240108846,29.5620014891531,24.26743266534704,0.0,0.0,0.0,0.0,0.0,34.175,18.3,28.0,0.0,33.35999166793306,0.0,0.0
1986-07-19T16:00:00,demo_final_july_week,rulebased,27.097256972433517,27.26740203665975,27.13540841122954,29.769008168820278,24.28829736478451,0.0,0.0,0.0,0.0,0.0,33.9,18.3,28.0,0.0,33.35999166793306,0.0,0.0
1986-07-19T16:15:00,demo_final_july_week,rulebased,27.05893821501859,27.180386249457683,27.072151161142617,29.929854255753703,24.304979017240214,0.0,0.0,0.0,0.0,0.0,33.625,18.3,28.0,0.0,33.35999166793306,0.0,0.0
1986-07-19T16:30:00,demo_final_july_week,rulebased,27.00911692593809,27.092228756080374,27.005222345070038,30.077782879736315,24.31729735847323,0.0,0.0,0.0,0.0,0.0,33.349999999999994,18.3,28.0,0.0,33.35999166793306,0.0,0.0
1986-07-19T16:45:00,demo_final_july_week,rulebased,26.930321862547398,26.986877656984316,26.917772298008085,30.1193639283659,24.32497487111133,0.0,0.0,0.0,0.0,0.0,33.074999999999996,18.3,28.0,0.0,33.35999166793306,0.0,0.0
1986-07-19T17:00:00,demo_final_july_week,rulebased,26.808224384601996,26.85948370454541,26.804600314068644,29.976897608854223,24.326578690135833,0.0,0.0,0.0,0.0,0.0,32.8,18.3,28.0,0.0,33.35999166793306,0.0,0.0
1986-07-19T17:15:00,demo_final_july_week,rulebased,26.66231806343669,26.719526007053418,26.676426211382584,29.708403419587597,24.32016748324772,0.0,0.0,0.0,0.0,0.0,32.525,18.3,28.0,0.0,33.35999166793306,0.0,0.0
1986-07-19T17:38:00,demo_final_july_week,rulebased,26.463502718582653,26.538763527005873,26.508266654445386,29.21881260068853,24.301010357524483,0.0,0.0,0.0,0.0,0.0,32.25,18.3,28.0,0.0,33.35999166793306,0.0,0.0
1986-07-19T17:53:00,demo_final_july_week,rulebased,26.277450983396363,26.35970584475732,26.33534251753366,28.768971443989994,24.271306753636672,0.0,0.0,0.0,0.0,0.0,31.974999999999998,18.3,28.0,0.0,33.35999166793306,0.0,0.0
1986-07-19T18:08:00,demo_final_july_week,rulebased,26.088752146723028,26.166834387422675,26.14690689831446,28.31285614281778,24.232207952931745,0.0,0.0,0.0,0.0,0.0,31.7,18.3,28.0,0.0,33.35999166793306,0.0,0.0
1986-07-19T18:23:00,demo_final_july_week,rulebased,25.889295616997863,25.95681816364643,25.93927443597817,27.825749988362954,24.183738551402303,0.0,0.0,0.0,0.0,0.0,31.424999999999997,18.3,28.0,0.0,33.35999166793306,0.0,0.0
1986-07-19T18:38:00,demo_final_july_week,rulebased,25.681110417819543,25.72842462907163,25.7113462065803,27.344394229771954,24.12632657792402,0.0,0.0,0.0,0.0,0.0,31.15,18.3,28.0,0.0,33.35999166793306,0.0,0.0
1986-07-19T18:53:00,demo_final_july_week,rulebased,25.494594820312987,25.52873960698287,25.51366566041102,26.932259095749288,24.06164141828102,0.0,0.0,0.0,0.0,0.0,30.875000000000004,18.3,28.0,0.0,33.35999166793306,0.0,0.0
1986-07-19T19:08:00,demo_final_july_week,rulebased,25.325240833797388,25.351032602494893,25.340277029302595,26.57005105237642,23.992518297324647,0.0,0.0,0.0,0.0,0.0,30.6,18.3,28.0,0.0,33.35999166793306,0.0,0.0
1986-07-19T19:23:00,demo_final_july_week,rulebased,25.12594252415187,25.153391520416086,25.13956420370462,26.208965759559,23.9211741736166,0.0,0.0,0.0,0.0,0.0,29.35,18.3,28.0,0.0,33.35999166793306,0.0,0.0
1986-07-19T19:38:00,demo_final_july_week,rulebased,24.9087980151925,24.942804872687773,24.91950825029956,25.853607365671007,23.84857754674056,0.0,0.0,0.0,0.0,0.0,28.1,18.3,28.0,0.0,33.35999166793306,0.0,0.0
1986-07-19T19:53:00,demo_final_july_week,rulebased,24.690750593096013,24.7355926355281,24.700759347553458,25.52201020758445,23.774665584067478,0.0,0.0,0.0,0.0,0.0,26.85,18.3,28.0,0.0,33.35999166793306,0.0,0.0
1986-07-19T20:08:00,demo_final_july_week,rulebased,24.471791646164743,24.530192188554132,24.483025867240713,25.209536451758993,23.699414381282786,0.0,0.0,0.0,0.0,0.0,25.6,18.3,28.0,0.0,33.35999166793306,0.0,0.0
1986-07-19T20:15:00,demo_final_july_week,rulebased,24.329644840904425,24.391106350097356,24.340450179127075,24.996739790115356,23.640434538375214,0.0,0.0,0.0,0.0,0.0,25.450000000000003,18.3,28.0,0.0,33.35999166793306,0.0,0.0
1986-07-19T20:30:00,demo_final_july_week,rulebased,24.172975927090235,24.23439756215227,24.18220483119551,24.759380375181482,23.56547130973846,0.0,0.0,0.0,0.0,0.0,25.3,18.3,28.0,0.0,33.35999166793306,0.0,0.0
1986-07-19T20:45:00,demo_final_july_week,rulebased,24.0334514781738,24.091067606918745,24.04052058710003,24.54709706968624,23.491660152179012,0.0,0.0,0.0,0.0,0.0,25.15,18.3,28.0,0.0,33.35999166793306,0.0,0.0
1986-07-19T21:00:00,demo_final_july_week,rulebased,23.901791782483443,23.95454482709005,23.906528636289192,24.35057743698268,23.418869646265023,0.0,0.0,0.0,0.0,0.0,25.0,18.3,28.0,0.0,33.35999166793306,0.0,0.0
1986-07-19T21:15:00,demo_final_july_week,rulebased,23.77711127715427,23.824928988782208,23.779561688483305,24.168579720466084,23.347307676660517,0.0,0.0,0.0,0.0,0.0,24.85,18.3,28.0,0.0,33.35999166793306,0.0,0.0
1986-07-19T21:30:00,demo_final_july_week,rulebased,23.659916573542798,23.70280413259884,23.660115761155797,24.000909572034292,23.277315586620794,0.0,0.0,0.0,0.0,0.0,24.7,18.3,28.0,0.0,33.35999166793306,0.0,0.0
1986-07-19T21:45:00,demo_final_july_week,rulebased,23.54992429151056,23.58786974739695,23.54786168463394,23.84649497255575,23.20926731230168,0.0,0.0,0.0,0.0,0.0,24.549999999999997,18.3,28.0,0.0,33.35999166793306,0.0,0.0
1986-07-19T22:00:00,demo_final_july_week,rulebased,23.446220145897108,23.479303345572138,23.44187831876992,23.70371405986327,23.143246060205836,0.0,0.0,0.0,0.0,0.0,24.4,18.3,28.0,0.0,33.35999166793306,0.0,0.0
1986-07-19T22:15:00,demo_final_july_week,rulebased,23.353313845383056,23.380911559269563,23.347071872751297,23.575648372613028,23.079301496616488,0.0,0.0,0.0,0.0,0.0,24.4,18.3,28.0,0.0,33.35999166793306,0.0,0.0
1986-07-19T22:30:00,demo_final_july_week,rulebased,23.270361476298802,23.291905062197152,23.262640463249195,23.46088406616084,23.0175529501643,0.0,0.0,0.0,0.0,0.0,24.4,18.3,28.0,0.0,33.35999166793306,0.0,0.0
1986-07-19T22:45:00,demo_final_july_week,rulebased,23.1947755090913,23.210130153951106,23.185851502324972,23.356749983732275,22.958146148993958,0.0,0.0,0.0,0.0,0.0,24.4,18.3,28.0,0.0,33.35999166793306,0.0,0.0
1986-07-19T23:00:00,demo_final_july_week,rulebased,23.124971246322506,23.134339453805403,23.115080236095835,23.261554506147252,22.901195061748666,0.0,0.0,0.0,0.0,0.0,24.4,18.3,28.0,0.0,33.35999166793306,0.0,0.0
1986-07-19T23:15:00,demo_final_july_week,rulebased,23.06250008447066,23.064807930879844,23.05039510205918,23.175191905173097,22.846760013842694,0.0,0.0,0.0,0.0,0.0,24.549999999999997,18.3,28.0,0.0,33.35999166793306,0.0,0.0
1986-07-19T23:30:00,demo_final_july_week,rulebased,23.007174544181836,23.00124913012398,22.991592709495652,23.097033776092744,22.794862878472166,0.0,0.0,0.0,0.0,0.0,24.7,18.3,28.0,0.0,33.35999166793306,0.0,0.0
1986-07-19T23:45:00,demo_final_july_week,rulebased,22.95780062187505,22.94308450813122,22.938078773584444,23.026202652338473,22.74550384872996,0.0,0.0,0.0,0.0,0.0,24.85,18.3,28.0,0.0,33.35999166793306,0.0,0.0
1986-07-20T00:00:00,demo_final_july_week,rulebased,22.913459664756576,22.8898709836089,22.88931620076898,22.961998889012364,22.69867078521598,0.0,0.0,0.0,0.0,0.0,25.0,18.3,28.0,0.0,33.35999166793306,0.0,0.0
1986-07-20T00:15:00,demo_final_july_week,rulebased,22.867716728259488,22.83781059200159,22.840630750232304,22.9003982883453,22.654320324630426,0.0,0.0,0.0,0.0,0.0,24.85,18.3,28.0,0.0,33.35999166793306,0.0,0.0
1986-07-20T00:30:00,demo_final_july_week,rulebased,22.819619446686758,22.7862000493782,22.791073928906446,22.840502060504207,22.612332114656954,0.0,0.0,0.0,0.0,0.0,24.7,18.3,28.0,0.0,33.35999166793306,0.0,0.0
1986-07-20T00:45:00,demo_final_july_week,rulebased,22.77142369308519,22.73640207497196,22.74238112087598,22.783269137262018,22.57252176379576,0.0,0.0,0.0,0.0,0.0,24.549999999999997,18.3,28.0,0.0,33.35999166793306,0.0,0.0
1986-07-20T01:00:00,demo_final_july_week,rulebased,22.72437171079265,22.68828199437998,22.69494579896505,22.728930354969386,22.53468247737366,0.0,0.0,0.0,0.0,0.0,24.4,18.3,28.0,0.0,33.35999166793306,0.0,0.0
1986-07-20T01:15:00,demo_final_july_week,rulebased,22.678560875511565,22.64157660448836,22.648576408658776,22.676925294261434,22.49872279571936,0.0,0.0,0.0,0.0,0.0,24.275,18.3,28.0,0.0,33.35999166793306,0.0,0.0
1986-07-20T01:30:00,demo_final_july_week,rulebased,22.633695148409167,22.596046933653014,22.603082046983445,22.62676841249526,22.46685237803749,0.0,0.0,0.0,0.0,0.0,24.15,18.3,28.0,0.0,33.35999166793306,0.0,0.0
1986-07-20T01:45:00,demo_final_july_week,rulebased,22.589650717946014,22.551593113585536,22.55844646553684,22.578265892272487,22.43421480887163,0.0,0.0,0.0,0.0,0.0,24.025,18.3,28.0,0.0,33.35999166793306,0.0,0.0
1986-07-20T02:00:00,demo_final_july_week,rulebased,22.54641523016726,22.508152327148302,22.514675243276134,22.531304229862783,22.401314981781468,0.0,0.0,0.0,0.0,0.0,23.9,18.3,28.0,0.0,33.35999166793306,0.0,0.0
1986-07-20T02:15:00,demo_final_july_week,rulebased,22.503296554149674,22.46516535768823,22.471122956179407,22.48526559531447,22.36882285637123,0.0,0.0,0.0,0.0,0.0,23.749999999999996,18.3,28.0,0.0,33.35999166793306,0.0,0.0
1986-07-20T02:30:00,demo_final_july_week,rulebased,22.460300027286802,22.422598777559877,22.427771806310304,22.440053475005207,22.33703211299961,0.0,0.0,0.0,0.0,0.0,23.6,18.3,28.0,0.0,33.35999166793306,0.0,0.0
1986-07-20T02:45:00,demo_final_july_week,rulebased,22.417670471254556,22.380581223355815,22.38482812826223,22.395740330855357,22.30600916815089,0.0,0.0,0.0,0.0,0.0,23.450000000000003,18.3,28.0,0.0,33.35999166793306,0.0,0.0
1986-07-20T03:00:00,demo_final_july_week,rulebased,22.37553096596313,22.339149303105277,22.342393060884334,22.35231581267594,22.27575276712269,0.0,0.0,0.0,0.0,0.0,23.3,18.3,28.0,0.0,33.35999166793306,0.0,0.0
1986-07-20T03:15:00,demo_final_july_week,rulebased,22.33515382002965,22.299336816334044,22.301762553494182,22.310773449292892,22.24625632757727,0.0,0.0,0.0,0.0,0.0,23.175,18.3,28.0,0.0,33.35999166793306,0.0,0.0
1986-07-20T03:30:00,demo_final_july_week,rulebased,22.296114168753885,22.2608272400231,22.26254132510481,22.270522529958072,22.217518085970017,0.0,0.0,0.0,0.0,0.0,23.05,18.3,28.0,0.0,33.35999166793306,0.0,0.0
1986-07-20T03:45:00,demo_final_july_week,rulebased,22.258022380231882,22.22292216425659,22.224030468580466,22.231556320481825,22.189531945194183,0.0,0.0,0.0,0.0,0.0,22.925,18.3,28.0,0.0,33.35999166793306,0.0,0.0
1986-07-20T04:00:00,demo_final_july_week,rulebased,22.220510706219425,22.18594767448305,22.18641761226704,22.193302978475618,22.162284342426222,0.0,0.0,0.0,0.0,0.0,22.8,18.3,28.0,0.0,33.35999166793306,0.0,0.0
1986-07-20T04:15:00,demo_final_july_week,rulebased,22.181700407058226,22.14764114495335,22.14702108796604,22.15398826254624,22.135744456529636,0.0,0.0,0.0,0.0,0.0,22.650000000000002,18.3,28.0,0.0,33.35999166793306,0.0,0.0
1986-07-20T04:30:00,demo_final_july_week,rulebased,22.141876644909942,22.108195470126248,22.105948941293857,22.113747094976,22.10985367306123,0.0,0.0,0.0,0.0,0.0,22.5,18.3,28.0,0.0,33.35999166793306,0.0,0.0
1986-07-20T04:45:00,demo_final_july_week,rulebased,22.122197915543126,22.14674461781748,22.18419552781544,22.094434340364643,22.085600021798044,0.0,0.0,0.0,0.0,0.0,22.349999999999998,18.3,28.0,0.0,33.35999166793306,0.0,0.0
1986-07-20T05:00:00,demo_final_july_week,rulebased,22.10684073405327,22.248461265229782,22.34668808223532,22.09276482019657,22.065492113178337,0.0,0.0,0.0,0.0,0.0,22.2,18.3,28.0,0.0,33.35999166793306,0.0,0.0
1986-07-20T05:15:00,demo_final_july_week,rulebased,22.107156599691027,22.388006129867975,22.53871232562529,22.111345246642994,22.051100237271346,0.0,0.0,0.0,0.0,0.0,22.349999999999998,18.3,28.0,0.0,33.35999166793306,0.0,0.0
1986-07-20T05:30:00,demo_final_july_week,rulebased,22.128647240100637,22.578365364447077,22.76760990365012,22.149821856179706,22.042919075300517,0.0,0.0,0.0,0.0,0.0,22.5,18.3,28.0,0.0,33.35999166793306,0.0,0.0
1986-07-20T05:45:00,demo_final_july_week,rulebased,22.170636862765654,22.836761653392546,23.04929597757471,22.21080942777157,22.04158446977295,0.0,0.0,0.0,0.0,0.0,22.650000000000002,18.3,28.0,0.0,33.35999166793306,0.0,0.0
1986-07-20T06:08:00,demo_final_july_week,rulebased,22.242631072313362,23.229170820765713,23.438140528874307,22.3112994296967,22.050121008644847,0.0,0.0,0.0,0.0,0.0,22.8,18.3,28.0,0.0,33.35999166793306,0.0,0.0
1986-07-20T06:23:00,demo_final_july_week,rulebased,22.329275315545512,23.642580087574718,23.81475707852395,22.424614724315614,22.06818539326041,0.0,0.0,0.0,0.0,0.0,23.075000000000003,18.3,28.0,0.0,33.35999166793306,0.0,0.0
1986-07-20T06:38:00,demo_final_july_week,rulebased,22.431344273929593,24.097277272328505,24.189626934191292,22.55451410798037,22.09546850733743,0.0,0.0,0.0,0.0,0.0,23.35,18.3,28.0,0.0,33.35999166793306,0.0,0.0
1986-07-20T06:53:00,demo_final_july_week,rulebased,22.550644738529666,24.58007548799444,24.54942304032224,22.70485425098039,22.1314157153481,0.0,0.0,0.0,0.0,0.0,23.624999999999996,18.3,28.0,0.0,33.35999166793306,0.0,0.0
1986-07-20T07:08:00,demo_final_july_week,rulebased,22.684973026616387,25.08438602066781,24.88794888613318,22.872201865276683,22.17556189176176,0.0,0.0,0.0,0.0,0.0,23.9,18.3,28.0,0.0,33.35999166793306,0.0,0.0
1986-07-20T07:23:00,demo_final_july_week,rulebased,22.83884654647684,25.61120677182126,25.208543308440476,23.058481935276788,22.227270123414353,0.0,0.0,0.0,0.0,0.0,24.324999999999996,18.3,28.0,0.0,33.35999166793306,0.0,0.0
1986-07-20T07:38:00,demo_final_july_week,rulebased,23.008397071004985,26.15217263991807,25.50407518310726,23.25938153288067,22.285972635611955,0.0,0.0,0.0,0.0,0.0,24.75,18.3,28.0,0.0,33.35999166793306,0.0,0.0
1986-07-20T07:53:00,demo_final_july_week,rulebased,23.192544922741067,26.73082801533734,25.78024562577931,23.45809844586965,22.350909041467926,0.0,0.0,0.0,0.0,0.0,25.175000000000004,18.3,28.0,0.0,33.35999166793306,0.0,0.0
1986-07-20T08:08:00,demo_final_july_week,rulebased,23.376117669882266,27.27433613236695,25.99239214304905,23.65154188190752,22.42127309671565,0.0,0.0,0.0,0.0,0.0,25.6,18.3,28.0,0.0,33.35999166793306,0.0,0.0
1986-07-20T08:23:00,demo_final_july_week,rulebased,23.553402688081885,27.77802706342201,26.140094917490494,23.837818261024047,22.49527018106223,0.0,0.0,0.0,0.0,0.0,25.875000000000004,18.3,28.0,0.0,33.35999166793306,0.0,0.0
1986-07-20T08:38:00,demo_final_july_week,rulebased,23.729624180487352,28.251723381081568,26.23721356977931,24.01986076628229,22.5712477944896,0.0,0.0,0.0,0.0,0.0,26.15,18.3,28.0,0.0,33.35999166793306,0.0,0.0
1986-07-20T08:53:00,demo_final_july_week,rulebased,23.904601262667597,28.66032928445824,26.28504754692802,24.199862173884775,22.648008316046923,0.0,0.0,0.0,0.0,0.0,26.424999999999997,18.3,28.0,0.0,33.35999166793306,0.0,0.0
1986-07-20T09:08:00,demo_final_july_week,rulebased,24.077524066754258,29.009042152711007,26.295485702747694,24.376548045243496,22.72462644857326,0.0,0.0,0.0,0.0,0.0,26.7,18.3,28.0,0.0,33.35999166793306,0.0,0.0
1986-07-20T09:23:00,demo_final_july_week,rulebased,24.248669388269203,29.30586156073828,26.281790417852662,24.549812761554765,22.800470693722556,0.0,0.0,0.0,0.0,0.0,26.974999999999998,18.3,28.0,0.0,33.35999166793306,0.0,0.0
1986-07-20T09:30:00,demo_final_july_week,rulebased,24.38109252819887,29.501629832022466,26.259917761509474,24.683549493451217,22.85937817944891,0.0,0.0,0.0,0.0,0.0,27.25,18.3,28.0,0.0,33.35999166793306,0.0,0.0
1986-07-20T09:45:00,demo_final_july_week,rulebased,24.540375002266217,29.693751205723824,26.22268464947194,24.838708160062176,22.929105768961595,0.0,0.0,0.0,0.0,0.0,27.525000000000002,18.3,28.0,0.0,33.35999166793306,0.0,0.0
1986-07-20T10:00:00,demo_final_july_week,rulebased,24.69303869495731,29.827176255756267,26.190657834471956,24.98611229145904,22.99866089523467,0.0,0.0,0.0,0.0,0.0,27.8,18.3,28.0,0.0,33.35999166793306,0.0,0.0
1986-07-20T10:15:00,demo_final_july_week,rulebased,24.842885256199406,29.90783502584669,26.181787946262332,25.125934453922376,23.068852673283594,0.0,0.0,0.0,0.0,0.0,28.075000000000003,18.3,28.0,0.0,33.35999166793306,0.0,0.0
1986-07-20T10:30:00,demo_final_july_week,rulebased,24.9908225510013,29.939204442646744,26.193499618180997,25.263096926280966,23.139265081683,0.0,0.0,0.0,0.0,0.0,28.35,18.3,28.0,0.0,33.35999166793306,0.0,0.0
1986-07-20T10:45:00,demo_final_july_week,rulebased,25.134289975816746,29.916866483829757,26.21641106445393,25.39543830664128,23.209643530310018,0.0,0.0,0.0,0.0,0.0,28.624999999999996,18.3,28.0,0.0,33.35999166793306,0.0,0.0
1986-07-20T11:00:00,demo_final_july_week,rulebased,25.272346198393738,29.843174237044355,26.249649603105127,25.52225272567694,23.280209952352212,0.0,0.0,0.0,0.0,0.0,28.9,18.3,28.0,0.0,33.35999166793306,0.0,0.0
1986-07-20T11:15:00,demo_final_july_week,rulebased,25.396810247383076,29.71743645894346,26.278574619804825,25.63827532950176,23.350204652536,0.0,0.0,0.0,0.0,0.0,28.9,18.3,28.0,0.0,33.35999166793306,0.0,0.0
1986-07-20T11:30:00,demo_final_july_week,rulebased,25.50826728652611,29.54688421148836,26.307742905391894,25.74507719787248,23.416215367304137,0.0,0.0,0.0,0.0,0.0,28.9,18.3,28.0,0.0,33.35999166793306,0.0,0.0
1986-07-20T11:45:00,demo_final_july_week,rulebased,25.61188652786958,29.343521903026677,26.334610478533783,25.84386804056278,23.47737966688357,0.0,0.0,0.0,0.0,0.0,28.9,18.3,28.0,0.0,33.35999166793306,0.0,0.0
1986-07-20T12:00:00,demo_final_july_week,rulebased,25.70093439930029,29.102179584211882,26.34856538391673,25.92164206464957,23.534250875421353,0.0,0.0,0.0,0.0,0.0,28.9,18.3,28.0,0.0,33.35999166793306,0.0,0.0
1986-07-20T12:15:00,demo_final_july_week,rulebased,25.78367067434664,28.836215029094546,26.360865820339836,25.990794066203275,23.587159884006624,0.0,0.0,0.0,0.0,0.0,28.9,18.3,28.0,0.0,33.35999166793306,0.0,0.0
1986-07-20T12:30:00,demo_final_july_week,rulebased,25.865821119526426,28.561578549607173,26.37775400479095,26.05892032576587,23.63643978913274,0.0,0.0,0.0,0.0,0.0,28.9,18.3,28.0,0.0,33.35999166793306,0.0,0.0
1986-07-20T12:45:00,demo_final_july_week,rulebased,25.938346149302724,28.290468547518604,26.39253968118958,26.12015142928086,23.682433408347467,0.0,0.0,0.0,0.0,0.0,28.9,18.3,28.0,0.0,33.35999166793306,0.0,0.0
1986-07-20T13:00:00,demo_final_july_week,rulebased,25.998552081942186,28.05336507009231,26.402660345798747,26.200259883048428,23.725357370820312,0.0,0.0,0.0,0.0,0.0,28.9,18.3,28.0,0.0,33.35999166793306,0.0,0.0
1986-07-20T13:15:00,demo_final_july_week,rulebased,26.051969201438688,27.856070395188986,26.412697461969103,26.32458496097636,23.765622822941694,0.0,0.0,0.0,0.0,0.0,29.025,18.3,28.0,0.0,33.35999166793306,0.0,0.0
1986-07-20T13:30:00,demo_final_july_week,rulebased,26.106777357703532,27.69839518729185,26.43308307637122,26.499722369086943,23.803962420277998,0.0,0.0,0.0,0.0,0.0,29.15,18.3,28.0,0.0,33.35999166793306,0.0,0.0
1986-07-20T13:45:00,demo_final_july_week,rulebased,26.163131239383556,27.560179659010707,26.45451835655424,26.716473547801044,23.84115406051874,0.0,0.0,0.0,0.0,0.0,29.275,18.3,28.0,0.0,33.35999166793306,0.0,0.0
1986-07-20T14:00:00,demo_final_july_week,rulebased,26.21938123644552,27.435999236822685,26.471546492565846,26.969945130310414,23.87753355507376,0.0,0.0,0.0,0.0,0.0,29.4,18.3,28.0,0.0,33.35999166793306,0.0,0.0
1986-07-20T14:15:00,demo_final_july_week,rulebased,26.27168527632764,27.322726720442652,26.481945710495243,27.25591394439449,23.913155307324267,0.0,0.0,0.0,0.0,0.0,29.4,18.3,28.0,0.0,33.35999166793306,0.0,0.0
1986-07-20T14:38:00,demo_final_july_week,rulebased,26.328529429900186,27.19961180567223,26.48737120460202,27.635775809541954,23.953467735932662,0.0,0.0,0.0,0.0,0.0,29.4,18.3,28.0,0.0,33.35999166793306,0.0,0.0
1986-07-20T14:53:00,demo_final_july_week,rulebased,26.373103498291808,27.102544234545473,26.487248778086617,27.98558835677819,23.98943490191069,0.0,0.0,0.0,0.0,0.0,29.4,18.3,28.0,0.0,33.35999166793306,0.0,0.0
1986-07-20T15:08:00,demo_final_july_week,rulebased,26.411800254046668,27.015113722914318,26.483499975044495,28.336065492180577,24.022759631886053,0.0,0.0,0.0,0.0,0.0,29.4,18.3,28.0,0.0,33.35999166793306,0.0,0.0
1986-07-20T15:23:00,demo_final_july_week,rulebased,26.441416353850595,26.929966362703446,26.47113491802138,28.679785239062216,24.053915939018903,0.0,0.0,0.0,0.0,0.0,29.275,18.3,28.0,0.0,33.35999166793306,0.0,0.0
1986-07-20T15:38:00,demo_final_july_week,rulebased,26.46344184756727,26.848007576604306,26.452438224215136,29.012649936094707,24.082777608218887,0.0,0.0,0.0,0.0,0.0,29.15,18.3,28.0,0.0,33.35999166793306,0.0,0.0
1986-07-20T15:45:00,demo_final_july_week,rulebased,26.468360642214243,26.777513202486983,26.425802032858282,29.242690482508323,24.103113583602045,0.0,0.0,0.0,0.0,0.0,29.025,18.3,28.0,0.0,33.35999166793306,0.0,0.0
1986-07-20T16:00:00,demo_final_july_week,rulebased,26.461293198653223,26.684680281451115,26.380923605759882,29.489390356553532,24.1258679351385,0.0,0.0,0.0,0.0,0.0,28.9,18.3,28.0,0.0,33.35999166793306,0.0,0.0
1986-07-20T16:15:00,demo_final_july_week,rulebased,26.427868664751816,26.580369267566457,26.31612770603118,29.679282636392742,24.144080866266506,0.0,0.0,0.0,0.0,0.0,28.474999999999998,18.3,28.0,0.0,33.35999166793306,0.0,0.0
1986-07-20T16:30:00,demo_final_july_week,rulebased,26.353122451390995,26.461390158885322,26.229764305609557,29.769041410333642,24.15712419982453,0.0,0.0,0.0,0.0,0.0,28.049999999999997,18.3,28.0,0.0,33.35999166793306,0.0,0.0
1986-07-20T16:45:00,demo_final_july_week,rulebased,26.248502850114377,26.328007565289166,26.123616473988125,29.78080064724086,24.163744832387202,0.0,0.0,0.0,0.0,0.0,27.625,18.3,28.0,0.0,33.35999166793306,0.0,0.0
1986-07-20T17:00:00,demo_final_july_week,rulebased,26.12253379050799,26.181687356783424,26.00036464910921,29.730187721018122,24.16280519586814,0.0,0.0,0.0,0.0,0.0,27.2,18.3,28.0,0.0,33.35999166793306,0.0,0.0
1986-07-20T17:15:00,demo_final_july_week,rulebased,25.986334282683885,26.029493052834063,25.869530244760853,29.62587816815975,24.153707471157727,0.0,0.0,0.0,0.0,0.0,27.075,18.3,28.0,0.0,33.35999166793306,0.0,0.0
1986-07-20T17:30:00,demo_final_july_week,rulebased,25.84040339198817,25.871610022735247,25.7318519282289,29.464740016470262,24.136200470232147,0.0,0.0,0.0,0.0,0.0,26.95,18.3,28.0,0.0,33.35999166793306,0.0,0.0
1986-07-20T17:45:00,demo_final_july_week,rulebased,25.683394874047476,25.705991730266806,25.584692241986623,29.241800642190455,24.11040470247611,0.0,0.0,0.0,0.0,0.0,26.825,18.3,28.0,0.0,33.35999166793306,0.0,0.0
1986-07-20T18:08:00,demo_final_july_week,rulebased,25.474797323475265,25.494569720958747,25.393187148354485,28.83607421417206,24.070196557613002,0.0,0.0,0.0,0.0,0.0,26.7,18.3,28.0,0.0,33.35999166793306,0.0,0.0
1986-07-20T18:23:00,demo_final_july_week,rulebased,25.273009560463404,25.29423575851743,25.203164012069795,28.41438672081527,24.022749660317086,0.0,0.0,0.0,0.0,0.0,26.275,18.3,28.0,0.0,33.35999166793306,0.0,0.0
1986-07-20T18:38:00,demo_final_july_week,rulebased,25.070689780927985,25.09024479900521,25.006647339390067,27.961967938269424,23.968437068247933,0.0,0.0,0.0,0.0,0.0,25.85,18.3,28.0,0.0,33.35999166793306,0.0,0.0
1986-07-20T18:53:00,demo_final_july_week,rulebased,24.87288234123424,24.888117759378154,24.810215530679166,27.555516260726456,23.9070407078155,0.0,0.0,0.0,0.0,0.0,25.425,18.3,28.0,0.0,33.35999166793306,0.0,0.0
1986-07-20T19:08:00,demo_final_july_week,rulebased,24.67178293065461,24.68519048243682,24.611433696401033,27.105295286204363,23.83967474684172,0.0,0.0,0.0,0.0,0.0,25.0,18.3,28.0,0.0,33.35999166793306,0.0,0.0
1986-07-20T19:23:00,demo_final_july_week,rulebased,24.47655062536174,24.486828809116894,24.416760835664082,26.644100853681596,23.767181674828983,0.0,0.0,0.0,0.0,0.0,24.725,18.3,28.0,0.0,33.35999166793306,0.0,0.0
1986-07-20T19:38:00,demo_final_july_week,rulebased,24.281451581457326,24.285260475559195,24.217719141262105,26.12357606911148,23.690275456848116,0.0,0.0,0.0,0.0,0.0,24.45,18.3,28.0,0.0,33.35999166793306,0.0,0.0
1986-07-20T19:53:00,demo_final_july_week,rulebased,24.101718509424867,24.102483617036594,24.037261751871956,25.679863528765505,23.60965591867747,0.0,0.0,0.0,0.0,0.0,24.174999999999997,18.3,28.0,0.0,33.35999166793306,0.0,0.0
1986-07-20T20:08:00,demo_final_july_week,rulebased,23.93539921243868,23.935302457816714,23.8727034409994,25.30110645735069,23.52715190589,0.0,0.0,0.0,0.0,0.0,23.9,18.3,28.0,0.0,33.35999166793306,0.0,0.0
1986-07-20T20:23:00,demo_final_july_week,rulebased,23.77327876899825,23.775027330234302,23.713787685281567,24.95635236433968,23.444528836811962,0.0,0.0,0.0,0.0,0.0,23.474999999999998,18.3,28.0,0.0,33.35999166793306,0.0,0.0
1986-07-20T20:38:00,demo_final_july_week,rulebased,23.61654567763606,23.62195685966752,23.56093179935908,24.64364137914965,23.36280162391491,0.0,0.0,0.0,0.0,0.0,23.049999999999997,18.3,28.0,0.0,33.35999166793306,0.0,0.0
1986-07-20T20:45:00,demo_final_july_week,rulebased,23.49805297287155,23.506340134425145,23.445673528394103,24.41768250761409,23.300559809799264,0.0,0.0,0.0,0.0,0.0,22.625,18.3,28.0,0.0,33.35999166793306,0.0,0.0
1986-07-20T21:00:00,demo_final_july_week,rulebased,23.355661362792002,23.36893386831099,23.307222342495926,24.15942789314779,23.22322215475499,0.0,0.0,0.0,0.0,0.0,22.2,18.3,28.0,0.0,33.35999166793306,0.0,0.0
1986-07-20T21:15:00,demo_final_july_week,rulebased,23.219975577929763,23.237982017550504,23.17484571910974,23.924938907650713,23.14857799135216,0.0,0.0,0.0,0.0,0.0,21.799999999999997,18.3,28.0,0.0,33.35999166793306,0.0,0.0
1986-07-20T21:30:00,demo_final_july_week,rulebased,23.08840345775091,23.11078267795843,23.045949780647817,23.707451501426107,23.075745529723207,0.0,0.0,0.0,0.0,0.0,21.4,18.3,28.0,0.0,33.35999166793306,0.0,0.0
1986-07-20T21:45:00,demo_final_july_week,rulebased,22.960270413132655,22.98683617127305,22.92002796861766,23.50460545066295,23.00441566671282,0.0,0.0,0.0,0.0,0.0,21.0,18.3,28.0,0.0,33.35999166793306,0.0,0.0
1986-07-20T22:00:00,demo_final_july_week,rulebased,22.835607793799095,22.866227496927753,22.79721411162382,23.315357767163015,22.934613980164716,0.0,0.0,0.0,0.0,0.0,20.6,18.3,28.0,0.0,33.35999166793306,0.0,0.0
1986-07-20T22:15:00,demo_final_july_week,rulebased,22.72140532954233,22.754326108021314,22.68435927383173,23.14392063028353,22.866434565237306,0.0,0.0,0.0,0.0,0.0,20.450000000000003,18.3,28.0,0.0,33.35999166793306,0.0,0.0
1986-07-20T22:30:00,demo_final_july_week,rulebased,22.61730723385788,22.650675591246983,22.581183545304587,22.988662069569948,22.800101036012432,0.0,0.0,0.0,0.0,0.0,20.3,18.3,28.0,0.0,33.35999166793306,0.0,0.0
1986-07-20T22:45:00,demo_final_july_week,rulebased,22.52013691835536,22.55287565450302,22.48464319985226,22.846115976616897,22.73567291219879,0.0,0.0,0.0,0.0,0.0,20.15,18.3,28.0,0.0,33.35999166793306,0.0,0.0
1986-07-20T23:00:00,demo_final_july_week,rulebased,22.427995962820138,22.45967644192862,22.392919624730013,22.714120195334573,22.67321688102126,0.0,0.0,0.0,0.0,0.0,20.0,18.3,28.0,0.0,33.35999166793306,0.0,0.0
1986-07-20T23:15:00,demo_final_july_week,rulebased,22.343820259405703,22.373566197214004,22.308805559870326,22.59436476946334,22.612824039535706,0.0,0.0,0.0,0.0,0.0,20.0,18.3,28.0,0.0,33.35999166793306,0.0,0.0
1986-07-20T23:30:00,demo_final_july_week,rulebased,22.26721386156513,22.294185490495277,22.231961486334395,22.485792457073035,22.55458739228926,0.0,0.0,0.0,0.0,0.0,20.0,18.3,28.0,0.0,33.35999166793306,0.0,0.0
1986-07-20T23:45:00,demo_final_july_week,rulebased,22.19650604574954,22.220245169598332,22.160835828351512,22.386523754766557,22.498579872861548,0.0,0.0,0.0,0.0,0.0,20.0,18.3,28.0,0.0,33.35999166793306,0.0,0.0
1986-07-21T00:00:00,demo_final_july_week,rulebased,22.130602112612305,22.15097763589,22.094408357357256,22.295280794236877,22.444845184470356,0.0,0.0,0.0,0.0,0.0,20.0,18.3,28.0,0.0,33.35999166793306,0.0,0.0
